Command line invocation:
    /Applications/Xcode-26.3.app/Contents/Developer/usr/bin/xcodebuild test -project ProjectProfit.xcodeproj -scheme ProjectProfit -configuration Debug -destination "platform=iOS Simulator,name=iPhone 17 Pro" -derivedDataPath /Users/yutaro/project-profit-ios/artifacts/release-quality/canonical-e2e/DerivedData -resultBundlePath /Users/yutaro/project-profit-ios/artifacts/release-quality/canonical-e2e/canonical-e2e.xcresult -parallel-testing-enabled NO "-only-testing:ProjectProfitTests/CanonicalFlowE2ETests" "-only-testing:ProjectProfitTests/DataStoreAccountingTests" "-only-testing:ProjectProfitTests/RecurringPreviewTests" "-only-testing:ProjectProfitTests/DistributionTemplateApplicationUseCaseTests"

Resolve Package Graph

Fetching from https://github.com/jmcnamara/libxlsxwriter (cached)

Creating working copy of package ‘libxlsxwriter’

Checking out 1.2.4 of package ‘libxlsxwriter’


Resolved source packages:
  libxlsxwriter: https://github.com/jmcnamara/libxlsxwriter @ 1.2.4

Writing result bundle at path:
	/Users/yutaro/project-profit-ios/artifacts/release-quality/canonical-e2e/canonical-e2e.xcresult

ComputePackagePrebuildTargetDependencyGraph

Prepare packages

CreateBuildRequest

SendProjectDescription

CreateBuildOperation

ComputeTargetDependencyGraph
note: Building targets in dependency order
note: Target dependency graph (6 targets)
    Target 'ProjectProfitUITests' in project 'ProjectProfit'
        ➜ Explicit dependency on target 'ProjectProfit' in project 'ProjectProfit'
    Target 'ProjectProfitTests' in project 'ProjectProfit'
        ➜ Explicit dependency on target 'ProjectProfit' in project 'ProjectProfit'
    Target 'ProjectProfit' in project 'ProjectProfit'
        ➜ Explicit dependency on target 'ProjectProfitShareExtension' in project 'ProjectProfit'
        ➜ Explicit dependency on target 'libxlsxwriter' in project 'libxlsxwriter'
    Target 'libxlsxwriter' in project 'libxlsxwriter'
        ➜ Explicit dependency on target 'libxlsxwriter' in project 'libxlsxwriter'
    Target 'libxlsxwriter' in project 'libxlsxwriter' (no dependencies)
    Target 'ProjectProfitShareExtension' in project 'ProjectProfit' (no dependencies)

GatherProvisioningInputs

CreateBuildDescription

ExecuteExternalTool /Applications/Xcode-26.3.app/Contents/Developer/Toolchains/XcodeDefault.xctoolchain/usr/bin/swiftc --version

ExecuteExternalTool /Applications/Xcode-26.3.app/Contents/Developer/Toolchains/XcodeDefault.xctoolchain/usr/bin/clang -v -E -dM -arch arm64 -isysroot /Applications/Xcode-26.3.app/Contents/Developer/Platforms/iPhoneSimulator.platform/Developer/SDKs/iPhoneSimulator26.2.sdk -x c -c /dev/null

ExecuteExternalTool /Applications/Xcode-26.3.app/Contents/Developer/Toolchains/XcodeDefault.xctoolchain/usr/bin/clang -v -E -dM -isysroot /Applications/Xcode-26.3.app/Contents/Developer/Platforms/iPhoneSimulator.platform/Developer/SDKs/iPhoneSimulator26.2.sdk -x c -c /dev/null

ExecuteExternalTool /Applications/Xcode-26.3.app/Contents/Developer/usr/bin/actool --print-asset-tag-combinations --output-format xml1 /Users/yutaro/project-profit-ios/ProjectProfit/Assets.xcassets /Users/yutaro/project-profit-ios/ProjectProfit/Preview Content/Preview Assets.xcassets

ExecuteExternalTool /Applications/Xcode-26.3.app/Contents/Developer/Toolchains/XcodeDefault.xctoolchain/usr/bin/ld -version_details

ExecuteExternalTool /Applications/Xcode-26.3.app/Contents/Developer/usr/bin/actool --version --output-format xml1

Build description signature: 102dacb2b1d90426a76328d50383c54d
Build description path: /Users/yutaro/project-profit-ios/artifacts/release-quality/canonical-e2e/DerivedData/Build/Intermediates.noindex/XCBuildData/102dacb2b1d90426a76328d50383c54d.xcbuilddata
ClangStatCache /Applications/Xcode-26.3.app/Contents/Developer/Toolchains/XcodeDefault.xctoolchain/usr/bin/clang-stat-cache /Applications/Xcode-26.3.app/Contents/Developer/Platforms/iPhoneSimulator.platform/Developer/SDKs/iPhoneSimulator26.2.sdk /Users/yutaro/project-profit-ios/artifacts/release-quality/canonical-e2e/DerivedData/SDKStatCaches.noindex/iphonesimulator26.2-23C57-91db6bf2b9df79783d042ed3cc29a58e.sdkstatcache
    cd /Users/yutaro/project-profit-ios/ProjectProfit.xcodeproj
    /Applications/Xcode-26.3.app/Contents/Developer/Toolchains/XcodeDefault.xctoolchain/usr/bin/clang-stat-cache /Applications/Xcode-26.3.app/Contents/Developer/Platforms/iPhoneSimulator.platform/Developer/SDKs/iPhoneSimulator26.2.sdk -o /Users/yutaro/project-profit-ios/artifacts/release-quality/canonical-e2e/DerivedData/SDKStatCaches.noindex/iphonesimulator26.2-23C57-91db6bf2b9df79783d042ed3cc29a58e.sdkstatcache

CreateBuildDirectory /Users/yutaro/project-profit-ios/artifacts/release-quality/canonical-e2e/DerivedData/Build/Products
    cd /Users/yutaro/project-profit-ios/ProjectProfit.xcodeproj
    builtin-create-build-directory /Users/yutaro/project-profit-ios/artifacts/release-quality/canonical-e2e/DerivedData/Build/Products

CreateBuildDirectory /Users/yutaro/project-profit-ios/artifacts/release-quality/canonical-e2e/DerivedData/Build/Intermediates.noindex
    cd /Users/yutaro/project-profit-ios/ProjectProfit.xcodeproj
    builtin-create-build-directory /Users/yutaro/project-profit-ios/artifacts/release-quality/canonical-e2e/DerivedData/Build/Intermediates.noindex

CreateBuildDirectory /Users/yutaro/project-profit-ios/artifacts/release-quality/canonical-e2e/DerivedData/Build/Intermediates.noindex/SwiftExplicitPrecompiledModules
    cd /Users/yutaro/project-profit-ios/ProjectProfit.xcodeproj
    builtin-create-build-directory /Users/yutaro/project-profit-ios/artifacts/release-quality/canonical-e2e/DerivedData/Build/Intermediates.noindex/SwiftExplicitPrecompiledModules

CreateBuildDirectory /Users/yutaro/project-profit-ios/artifacts/release-quality/canonical-e2e/DerivedData/Build/Intermediates.noindex/ExplicitPrecompiledModules
    cd /Users/yutaro/project-profit-ios/ProjectProfit.xcodeproj
    builtin-create-build-directory /Users/yutaro/project-profit-ios/artifacts/release-quality/canonical-e2e/DerivedData/Build/Intermediates.noindex/ExplicitPrecompiledModules

CreateBuildDirectory /Users/yutaro/project-profit-ios/artifacts/release-quality/canonical-e2e/DerivedData/Build/Intermediates.noindex/EagerLinkingTBDs/Debug-iphonesimulator
    cd /Users/yutaro/project-profit-ios/ProjectProfit.xcodeproj
    builtin-create-build-directory /Users/yutaro/project-profit-ios/artifacts/release-quality/canonical-e2e/DerivedData/Build/Intermediates.noindex/EagerLinkingTBDs/Debug-iphonesimulator

WriteAuxiliaryFile /Users/yutaro/project-profit-ios/artifacts/release-quality/canonical-e2e/DerivedData/Build/Intermediates.noindex/ProjectProfit.build/Debug-iphonesimulator/ProjectProfit-bc30635a8cb06e5d3ecf94d8d93f544c-VFS-iphonesimulator/all-product-headers.yaml
    cd /Users/yutaro/project-profit-ios/ProjectProfit.xcodeproj
    write-file /Users/yutaro/project-profit-ios/artifacts/release-quality/canonical-e2e/DerivedData/Build/Intermediates.noindex/ProjectProfit.build/Debug-iphonesimulator/ProjectProfit-bc30635a8cb06e5d3ecf94d8d93f544c-VFS-iphonesimulator/all-product-headers.yaml

CreateBuildDirectory /Users/yutaro/project-profit-ios/artifacts/release-quality/canonical-e2e/DerivedData/Build/Products/Debug-iphonesimulator
    cd /Users/yutaro/project-profit-ios/ProjectProfit.xcodeproj
    builtin-create-build-directory /Users/yutaro/project-profit-ios/artifacts/release-quality/canonical-e2e/DerivedData/Build/Products/Debug-iphonesimulator

CreateBuildDirectory /Users/yutaro/project-profit-ios/artifacts/release-quality/canonical-e2e/DerivedData/Build/Products/Debug-iphonesimulator/PackageFrameworks
    cd /Users/yutaro/project-profit-ios/ProjectProfit.xcodeproj
    builtin-create-build-directory /Users/yutaro/project-profit-ios/artifacts/release-quality/canonical-e2e/DerivedData/Build/Products/Debug-iphonesimulator/PackageFrameworks

WriteAuxiliaryFile /Users/yutaro/project-profit-ios/artifacts/release-quality/canonical-e2e/DerivedData/Build/Intermediates.noindex/libxlsxwriter.build/Debug-iphonesimulator/libxlsxwriter.build/libxlsxwriter.DependencyStaticMetadataFileList (in target 'libxlsxwriter' from project 'libxlsxwriter')
    cd /Users/yutaro/project-profit-ios/artifacts/release-quality/canonical-e2e/DerivedData/SourcePackages/checkouts/libxlsxwriter
    write-file /Users/yutaro/project-profit-ios/artifacts/release-quality/canonical-e2e/DerivedData/Build/Intermediates.noindex/libxlsxwriter.build/Debug-iphonesimulator/libxlsxwriter.build/libxlsxwriter.DependencyStaticMetadataFileList

WriteAuxiliaryFile /Users/yutaro/project-profit-ios/artifacts/release-quality/canonical-e2e/DerivedData/Build/Intermediates.noindex/libxlsxwriter.build/Debug-iphonesimulator/libxlsxwriter.build/libxlsxwriter.DependencyMetadataFileList (in target 'libxlsxwriter' from project 'libxlsxwriter')
    cd /Users/yutaro/project-profit-ios/artifacts/release-quality/canonical-e2e/DerivedData/SourcePackages/checkouts/libxlsxwriter
    write-file /Users/yutaro/project-profit-ios/artifacts/release-quality/canonical-e2e/DerivedData/Build/Intermediates.noindex/libxlsxwriter.build/Debug-iphonesimulator/libxlsxwriter.build/libxlsxwriter.DependencyMetadataFileList

WriteAuxiliaryFile /Users/yutaro/project-profit-ios/artifacts/release-quality/canonical-e2e/DerivedData/Build/Intermediates.noindex/libxlsxwriter.build/Debug-iphonesimulator/libxlsxwriter.build/libxlsxwriter.modulemap (in target 'libxlsxwriter' from project 'libxlsxwriter')
    cd /Users/yutaro/project-profit-ios/artifacts/release-quality/canonical-e2e/DerivedData/SourcePackages/checkouts/libxlsxwriter
    write-file /Users/yutaro/project-profit-ios/artifacts/release-quality/canonical-e2e/DerivedData/Build/Intermediates.noindex/libxlsxwriter.build/Debug-iphonesimulator/libxlsxwriter.build/libxlsxwriter.modulemap

WriteAuxiliaryFile /Users/yutaro/project-profit-ios/artifacts/release-quality/canonical-e2e/DerivedData/Build/Intermediates.noindex/libxlsxwriter.build/Debug-iphonesimulator/libxlsxwriter.build/Objects-normal/arm64/7187679823f38a2a940e0043cdf9d637-common-args.resp (in target 'libxlsxwriter' from project 'libxlsxwriter')
    cd /Users/yutaro/project-profit-ios/artifacts/release-quality/canonical-e2e/DerivedData/SourcePackages/checkouts/libxlsxwriter
    write-file /Users/yutaro/project-profit-ios/artifacts/release-quality/canonical-e2e/DerivedData/Build/Intermediates.noindex/libxlsxwriter.build/Debug-iphonesimulator/libxlsxwriter.build/Objects-normal/arm64/7187679823f38a2a940e0043cdf9d637-common-args.resp
-target arm64-apple-ios12.0-simulator -fmodules -gmodules '-fmodules-cache-path=/Users/yutaro/project-profit-ios/artifacts/release-quality/canonical-e2e/DerivedData/ModuleCache.noindex' '-fmodule-name=libxlsxwriter' -fpascal-strings -O0 -DSWIFT_PACKAGE '-DDEBUG=1' -isysroot /Applications/Xcode-26.3.app/Contents/Developer/Platforms/iPhoneSimulator.platform/Developer/SDKs/iPhoneSimulator26.2.sdk -g -fprofile-instr-generate -fcoverage-mapping -I/Users/yutaro/project-profit-ios/artifacts/release-quality/canonical-e2e/DerivedData/Build/Products/Debug-iphonesimulator/include -I/Users/yutaro/project-profit-ios/artifacts/release-quality/canonical-e2e/DerivedData/SourcePackages/checkouts/libxlsxwriter/include -I/Users/yutaro/project-profit-ios/artifacts/release-quality/canonical-e2e/DerivedData/Build/Intermediates.noindex/libxlsxwriter.build/Debug-iphonesimulator/libxlsxwriter.build/DerivedSources-normal/arm64 -I/Users/yutaro/project-profit-ios/artifacts/release-quality/canonical-e2e/DerivedData/Build/Intermediates.noindex/libxlsxwriter.build/Debug-iphonesimulator/libxlsxwriter.build/DerivedSources/arm64 -I/Users/yutaro/project-profit-ios/artifacts/release-quality/canonical-e2e/DerivedData/Build/Intermediates.noindex/libxlsxwriter.build/Debug-iphonesimulator/libxlsxwriter.build/DerivedSources -F/Users/yutaro/project-profit-ios/artifacts/release-quality/canonical-e2e/DerivedData/Build/Products/Debug-iphonesimulator -iframework /Applications/Xcode-26.3.app/Contents/Developer/Platforms/iPhoneSimulator.platform/Developer/Library/Frameworks -iframework /Applications/Xcode-26.3.app/Contents/Developer/Platforms/iPhoneSimulator.platform/Developer/SDKs/iPhoneSimulator26.2.sdk/Developer/Library/Frameworks -DXcode

WriteAuxiliaryFile /Users/yutaro/project-profit-ios/artifacts/release-quality/canonical-e2e/DerivedData/Build/Intermediates.noindex/libxlsxwriter.build/Debug-iphonesimulator/libxlsxwriter.build/Objects-normal/arm64/libxlsxwriter.LinkFileList (in target 'libxlsxwriter' from project 'libxlsxwriter')
    cd /Users/yutaro/project-profit-ios/artifacts/release-quality/canonical-e2e/DerivedData/SourcePackages/checkouts/libxlsxwriter
    write-file /Users/yutaro/project-profit-ios/artifacts/release-quality/canonical-e2e/DerivedData/Build/Intermediates.noindex/libxlsxwriter.build/Debug-iphonesimulator/libxlsxwriter.build/Objects-normal/arm64/libxlsxwriter.LinkFileList

WriteAuxiliaryFile /Users/yutaro/project-profit-ios/artifacts/release-quality/canonical-e2e/DerivedData/Build/Intermediates.noindex/ProjectProfit.build/Debug-iphonesimulator/ProjectProfitUITests.build/empty-ProjectProfitUITests.plist (in target 'ProjectProfitUITests' from project 'ProjectProfit')
    cd /Users/yutaro/project-profit-ios
    write-file /Users/yutaro/project-profit-ios/artifacts/release-quality/canonical-e2e/DerivedData/Build/Intermediates.noindex/ProjectProfit.build/Debug-iphonesimulator/ProjectProfitUITests.build/empty-ProjectProfitUITests.plist

WriteAuxiliaryFile /Users/yutaro/project-profit-ios/artifacts/release-quality/canonical-e2e/DerivedData/Build/Intermediates.noindex/ProjectProfit.build/Debug-iphonesimulator/ProjectProfitUITests.build/ProjectProfitUITests.hmap (in target 'ProjectProfitUITests' from project 'ProjectProfit')
    cd /Users/yutaro/project-profit-ios
    write-file /Users/yutaro/project-profit-ios/artifacts/release-quality/canonical-e2e/DerivedData/Build/Intermediates.noindex/ProjectProfit.build/Debug-iphonesimulator/ProjectProfitUITests.build/ProjectProfitUITests.hmap

WriteAuxiliaryFile /Users/yutaro/project-profit-ios/artifacts/release-quality/canonical-e2e/DerivedData/Build/Intermediates.noindex/ProjectProfit.build/Debug-iphonesimulator/ProjectProfitUITests.build/ProjectProfitUITests.DependencyStaticMetadataFileList (in target 'ProjectProfitUITests' from project 'ProjectProfit')
    cd /Users/yutaro/project-profit-ios
    write-file /Users/yutaro/project-profit-ios/artifacts/release-quality/canonical-e2e/DerivedData/Build/Intermediates.noindex/ProjectProfit.build/Debug-iphonesimulator/ProjectProfitUITests.build/ProjectProfitUITests.DependencyStaticMetadataFileList

WriteAuxiliaryFile /Users/yutaro/project-profit-ios/artifacts/release-quality/canonical-e2e/DerivedData/Build/Intermediates.noindex/ProjectProfit.build/Debug-iphonesimulator/ProjectProfitUITests.build/ProjectProfitUITests.DependencyMetadataFileList (in target 'ProjectProfitUITests' from project 'ProjectProfit')
    cd /Users/yutaro/project-profit-ios
    write-file /Users/yutaro/project-profit-ios/artifacts/release-quality/canonical-e2e/DerivedData/Build/Intermediates.noindex/ProjectProfit.build/Debug-iphonesimulator/ProjectProfitUITests.build/ProjectProfitUITests.DependencyMetadataFileList

WriteAuxiliaryFile /Users/yutaro/project-profit-ios/artifacts/release-quality/canonical-e2e/DerivedData/Build/Intermediates.noindex/ProjectProfit.build/Debug-iphonesimulator/ProjectProfitUITests.build/ProjectProfitUITests-project-headers.hmap (in target 'ProjectProfitUITests' from project 'ProjectProfit')
    cd /Users/yutaro/project-profit-ios
    write-file /Users/yutaro/project-profit-ios/artifacts/release-quality/canonical-e2e/DerivedData/Build/Intermediates.noindex/ProjectProfit.build/Debug-iphonesimulator/ProjectProfitUITests.build/ProjectProfitUITests-project-headers.hmap

Copy /Users/yutaro/project-profit-ios/artifacts/release-quality/canonical-e2e/DerivedData/Build/Intermediates.noindex/GeneratedModuleMaps-iphonesimulator/libxlsxwriter.modulemap /Users/yutaro/project-profit-ios/artifacts/release-quality/canonical-e2e/DerivedData/Build/Intermediates.noindex/libxlsxwriter.build/Debug-iphonesimulator/libxlsxwriter.build/libxlsxwriter.modulemap (in target 'libxlsxwriter' from project 'libxlsxwriter')
    cd /Users/yutaro/project-profit-ios/artifacts/release-quality/canonical-e2e/DerivedData/SourcePackages/checkouts/libxlsxwriter
    builtin-copy -exclude .DS_Store -exclude CVS -exclude .svn -exclude .git -exclude .hg -resolve-src-symlinks /Users/yutaro/project-profit-ios/artifacts/release-quality/canonical-e2e/DerivedData/Build/Intermediates.noindex/libxlsxwriter.build/Debug-iphonesimulator/libxlsxwriter.build/libxlsxwriter.modulemap /Users/yutaro/project-profit-ios/artifacts/release-quality/canonical-e2e/DerivedData/Build/Intermediates.noindex/GeneratedModuleMaps-iphonesimulator

WriteAuxiliaryFile /Users/yutaro/project-profit-ios/artifacts/release-quality/canonical-e2e/DerivedData/Build/Intermediates.noindex/ProjectProfit.build/Debug-iphonesimulator/ProjectProfitUITests.build/ProjectProfitUITests-own-target-headers.hmap (in target 'ProjectProfitUITests' from project 'ProjectProfit')
    cd /Users/yutaro/project-profit-ios
    write-file /Users/yutaro/project-profit-ios/artifacts/release-quality/canonical-e2e/DerivedData/Build/Intermediates.noindex/ProjectProfit.build/Debug-iphonesimulator/ProjectProfitUITests.build/ProjectProfitUITests-own-target-headers.hmap

WriteAuxiliaryFile /Users/yutaro/project-profit-ios/artifacts/release-quality/canonical-e2e/DerivedData/Build/Intermediates.noindex/ProjectProfit.build/Debug-iphonesimulator/ProjectProfitUITests.build/ProjectProfitUITests-generated-files.hmap (in target 'ProjectProfitUITests' from project 'ProjectProfit')
    cd /Users/yutaro/project-profit-ios
    write-file /Users/yutaro/project-profit-ios/artifacts/release-quality/canonical-e2e/DerivedData/Build/Intermediates.noindex/ProjectProfit.build/Debug-iphonesimulator/ProjectProfitUITests.build/ProjectProfitUITests-generated-files.hmap

WriteAuxiliaryFile /Users/yutaro/project-profit-ios/artifacts/release-quality/canonical-e2e/DerivedData/Build/Intermediates.noindex/ProjectProfit.build/Debug-iphonesimulator/ProjectProfitUITests.build/ProjectProfitUITests-all-target-headers.hmap (in target 'ProjectProfitUITests' from project 'ProjectProfit')
    cd /Users/yutaro/project-profit-ios
    write-file /Users/yutaro/project-profit-ios/artifacts/release-quality/canonical-e2e/DerivedData/Build/Intermediates.noindex/ProjectProfit.build/Debug-iphonesimulator/ProjectProfitUITests.build/ProjectProfitUITests-all-target-headers.hmap

WriteAuxiliaryFile /Users/yutaro/project-profit-ios/artifacts/release-quality/canonical-e2e/DerivedData/Build/Intermediates.noindex/ProjectProfit.build/Debug-iphonesimulator/ProjectProfitUITests.build/ProjectProfitUITests-all-non-framework-target-headers.hmap (in target 'ProjectProfitUITests' from project 'ProjectProfit')
    cd /Users/yutaro/project-profit-ios
    write-file /Users/yutaro/project-profit-ios/artifacts/release-quality/canonical-e2e/DerivedData/Build/Intermediates.noindex/ProjectProfit.build/Debug-iphonesimulator/ProjectProfitUITests.build/ProjectProfitUITests-all-non-framework-target-headers.hmap

WriteAuxiliaryFile /Users/yutaro/project-profit-ios/artifacts/release-quality/canonical-e2e/DerivedData/Build/Intermediates.noindex/ProjectProfit.build/Debug-iphonesimulator/ProjectProfitUITests.build/ProductTypeInfoPlistAdditions.plist (in target 'ProjectProfitUITests' from project 'ProjectProfit')
    cd /Users/yutaro/project-profit-ios
    write-file /Users/yutaro/project-profit-ios/artifacts/release-quality/canonical-e2e/DerivedData/Build/Intermediates.noindex/ProjectProfit.build/Debug-iphonesimulator/ProjectProfitUITests.build/ProductTypeInfoPlistAdditions.plist

WriteAuxiliaryFile /Users/yutaro/project-profit-ios/artifacts/release-quality/canonical-e2e/DerivedData/Build/Intermediates.noindex/ProjectProfit.build/Debug-iphonesimulator/ProjectProfitUITests.build/Objects-normal/arm64/ProjectProfitUITests.SwiftFileList (in target 'ProjectProfitUITests' from project 'ProjectProfit')
    cd /Users/yutaro/project-profit-ios
    write-file /Users/yutaro/project-profit-ios/artifacts/release-quality/canonical-e2e/DerivedData/Build/Intermediates.noindex/ProjectProfit.build/Debug-iphonesimulator/ProjectProfitUITests.build/Objects-normal/arm64/ProjectProfitUITests.SwiftFileList

WriteAuxiliaryFile /Users/yutaro/project-profit-ios/artifacts/release-quality/canonical-e2e/DerivedData/Build/Intermediates.noindex/ProjectProfit.build/Debug-iphonesimulator/ProjectProfitUITests.build/Objects-normal/arm64/ProjectProfitUITests_const_extract_protocols.json (in target 'ProjectProfitUITests' from project 'ProjectProfit')
    cd /Users/yutaro/project-profit-ios
    write-file /Users/yutaro/project-profit-ios/artifacts/release-quality/canonical-e2e/DerivedData/Build/Intermediates.noindex/ProjectProfit.build/Debug-iphonesimulator/ProjectProfitUITests.build/Objects-normal/arm64/ProjectProfitUITests_const_extract_protocols.json

WriteAuxiliaryFile /Users/yutaro/project-profit-ios/artifacts/release-quality/canonical-e2e/DerivedData/Build/Intermediates.noindex/ProjectProfit.build/Debug-iphonesimulator/ProjectProfitUITests.build/Objects-normal/arm64/ProjectProfitUITests.SwiftConstValuesFileList (in target 'ProjectProfitUITests' from project 'ProjectProfit')
    cd /Users/yutaro/project-profit-ios
    write-file /Users/yutaro/project-profit-ios/artifacts/release-quality/canonical-e2e/DerivedData/Build/Intermediates.noindex/ProjectProfit.build/Debug-iphonesimulator/ProjectProfitUITests.build/Objects-normal/arm64/ProjectProfitUITests.SwiftConstValuesFileList

WriteAuxiliaryFile /Users/yutaro/project-profit-ios/artifacts/release-quality/canonical-e2e/DerivedData/Build/Intermediates.noindex/ProjectProfit.build/Debug-iphonesimulator/ProjectProfitUITests.build/Objects-normal/arm64/ProjectProfitUITests.LinkFileList (in target 'ProjectProfitUITests' from project 'ProjectProfit')
    cd /Users/yutaro/project-profit-ios
    write-file /Users/yutaro/project-profit-ios/artifacts/release-quality/canonical-e2e/DerivedData/Build/Intermediates.noindex/ProjectProfit.build/Debug-iphonesimulator/ProjectProfitUITests.build/Objects-normal/arm64/ProjectProfitUITests.LinkFileList

WriteAuxiliaryFile /Users/yutaro/project-profit-ios/artifacts/release-quality/canonical-e2e/DerivedData/Build/Intermediates.noindex/ProjectProfit.build/Debug-iphonesimulator/ProjectProfitUITests.build/Objects-normal/arm64/ProjectProfitUITests-OutputFileMap.json (in target 'ProjectProfitUITests' from project 'ProjectProfit')
    cd /Users/yutaro/project-profit-ios
    write-file /Users/yutaro/project-profit-ios/artifacts/release-quality/canonical-e2e/DerivedData/Build/Intermediates.noindex/ProjectProfit.build/Debug-iphonesimulator/ProjectProfitUITests.build/Objects-normal/arm64/ProjectProfitUITests-OutputFileMap.json

WriteAuxiliaryFile /Users/yutaro/project-profit-ios/artifacts/release-quality/canonical-e2e/DerivedData/Build/Intermediates.noindex/ProjectProfit.build/Debug-iphonesimulator/ProjectProfitUITests.build/DerivedSources/Entitlements-Simulated.plist (in target 'ProjectProfitUITests' from project 'ProjectProfit')
    cd /Users/yutaro/project-profit-ios
    write-file /Users/yutaro/project-profit-ios/artifacts/release-quality/canonical-e2e/DerivedData/Build/Intermediates.noindex/ProjectProfit.build/Debug-iphonesimulator/ProjectProfitUITests.build/DerivedSources/Entitlements-Simulated.plist

WriteAuxiliaryFile /Users/yutaro/project-profit-ios/artifacts/release-quality/canonical-e2e/DerivedData/Build/Intermediates.noindex/ProjectProfit.build/Debug-iphonesimulator/ProjectProfitTests.build/empty-ProjectProfitTests.plist (in target 'ProjectProfitTests' from project 'ProjectProfit')
    cd /Users/yutaro/project-profit-ios
    write-file /Users/yutaro/project-profit-ios/artifacts/release-quality/canonical-e2e/DerivedData/Build/Intermediates.noindex/ProjectProfit.build/Debug-iphonesimulator/ProjectProfitTests.build/empty-ProjectProfitTests.plist

WriteAuxiliaryFile /Users/yutaro/project-profit-ios/artifacts/release-quality/canonical-e2e/DerivedData/Build/Intermediates.noindex/ProjectProfit.build/Debug-iphonesimulator/ProjectProfitTests.build/ProjectProfitTests.hmap (in target 'ProjectProfitTests' from project 'ProjectProfit')
    cd /Users/yutaro/project-profit-ios
    write-file /Users/yutaro/project-profit-ios/artifacts/release-quality/canonical-e2e/DerivedData/Build/Intermediates.noindex/ProjectProfit.build/Debug-iphonesimulator/ProjectProfitTests.build/ProjectProfitTests.hmap

WriteAuxiliaryFile /Users/yutaro/project-profit-ios/artifacts/release-quality/canonical-e2e/DerivedData/Build/Intermediates.noindex/ProjectProfit.build/Debug-iphonesimulator/ProjectProfitTests.build/ProjectProfitTests.DependencyStaticMetadataFileList (in target 'ProjectProfitTests' from project 'ProjectProfit')
    cd /Users/yutaro/project-profit-ios
    write-file /Users/yutaro/project-profit-ios/artifacts/release-quality/canonical-e2e/DerivedData/Build/Intermediates.noindex/ProjectProfit.build/Debug-iphonesimulator/ProjectProfitTests.build/ProjectProfitTests.DependencyStaticMetadataFileList

WriteAuxiliaryFile /Users/yutaro/project-profit-ios/artifacts/release-quality/canonical-e2e/DerivedData/Build/Intermediates.noindex/ProjectProfit.build/Debug-iphonesimulator/ProjectProfitTests.build/ProjectProfitTests.DependencyMetadataFileList (in target 'ProjectProfitTests' from project 'ProjectProfit')
    cd /Users/yutaro/project-profit-ios
    write-file /Users/yutaro/project-profit-ios/artifacts/release-quality/canonical-e2e/DerivedData/Build/Intermediates.noindex/ProjectProfit.build/Debug-iphonesimulator/ProjectProfitTests.build/ProjectProfitTests.DependencyMetadataFileList

WriteAuxiliaryFile /Users/yutaro/project-profit-ios/artifacts/release-quality/canonical-e2e/DerivedData/Build/Intermediates.noindex/ProjectProfit.build/Debug-iphonesimulator/ProjectProfitTests.build/ProjectProfitTests-project-headers.hmap (in target 'ProjectProfitTests' from project 'ProjectProfit')
    cd /Users/yutaro/project-profit-ios
    write-file /Users/yutaro/project-profit-ios/artifacts/release-quality/canonical-e2e/DerivedData/Build/Intermediates.noindex/ProjectProfit.build/Debug-iphonesimulator/ProjectProfitTests.build/ProjectProfitTests-project-headers.hmap

WriteAuxiliaryFile /Users/yutaro/project-profit-ios/artifacts/release-quality/canonical-e2e/DerivedData/Build/Intermediates.noindex/ProjectProfit.build/Debug-iphonesimulator/ProjectProfitTests.build/ProjectProfitTests-own-target-headers.hmap (in target 'ProjectProfitTests' from project 'ProjectProfit')
    cd /Users/yutaro/project-profit-ios
    write-file /Users/yutaro/project-profit-ios/artifacts/release-quality/canonical-e2e/DerivedData/Build/Intermediates.noindex/ProjectProfit.build/Debug-iphonesimulator/ProjectProfitTests.build/ProjectProfitTests-own-target-headers.hmap

WriteAuxiliaryFile /Users/yutaro/project-profit-ios/artifacts/release-quality/canonical-e2e/DerivedData/Build/Intermediates.noindex/ProjectProfit.build/Debug-iphonesimulator/ProjectProfitTests.build/ProjectProfitTests-generated-files.hmap (in target 'ProjectProfitTests' from project 'ProjectProfit')
    cd /Users/yutaro/project-profit-ios
    write-file /Users/yutaro/project-profit-ios/artifacts/release-quality/canonical-e2e/DerivedData/Build/Intermediates.noindex/ProjectProfit.build/Debug-iphonesimulator/ProjectProfitTests.build/ProjectProfitTests-generated-files.hmap

WriteAuxiliaryFile /Users/yutaro/project-profit-ios/artifacts/release-quality/canonical-e2e/DerivedData/Build/Intermediates.noindex/ProjectProfit.build/Debug-iphonesimulator/ProjectProfitTests.build/ProjectProfitTests-all-target-headers.hmap (in target 'ProjectProfitTests' from project 'ProjectProfit')
    cd /Users/yutaro/project-profit-ios
    write-file /Users/yutaro/project-profit-ios/artifacts/release-quality/canonical-e2e/DerivedData/Build/Intermediates.noindex/ProjectProfit.build/Debug-iphonesimulator/ProjectProfitTests.build/ProjectProfitTests-all-target-headers.hmap

WriteAuxiliaryFile /Users/yutaro/project-profit-ios/artifacts/release-quality/canonical-e2e/DerivedData/Build/Intermediates.noindex/ProjectProfit.build/Debug-iphonesimulator/ProjectProfitTests.build/ProjectProfitTests-all-non-framework-target-headers.hmap (in target 'ProjectProfitTests' from project 'ProjectProfit')
    cd /Users/yutaro/project-profit-ios
    write-file /Users/yutaro/project-profit-ios/artifacts/release-quality/canonical-e2e/DerivedData/Build/Intermediates.noindex/ProjectProfit.build/Debug-iphonesimulator/ProjectProfitTests.build/ProjectProfitTests-all-non-framework-target-headers.hmap

WriteAuxiliaryFile /Users/yutaro/project-profit-ios/artifacts/release-quality/canonical-e2e/DerivedData/Build/Intermediates.noindex/ProjectProfit.build/Debug-iphonesimulator/ProjectProfitTests.build/Objects-normal/arm64/ProjectProfitTests_const_extract_protocols.json (in target 'ProjectProfitTests' from project 'ProjectProfit')
    cd /Users/yutaro/project-profit-ios
    write-file /Users/yutaro/project-profit-ios/artifacts/release-quality/canonical-e2e/DerivedData/Build/Intermediates.noindex/ProjectProfit.build/Debug-iphonesimulator/ProjectProfitTests.build/Objects-normal/arm64/ProjectProfitTests_const_extract_protocols.json

WriteAuxiliaryFile /Users/yutaro/project-profit-ios/artifacts/release-quality/canonical-e2e/DerivedData/Build/Intermediates.noindex/ProjectProfit.build/Debug-iphonesimulator/ProjectProfitTests.build/Objects-normal/arm64/ProjectProfitTests.SwiftFileList (in target 'ProjectProfitTests' from project 'ProjectProfit')
    cd /Users/yutaro/project-profit-ios
    write-file /Users/yutaro/project-profit-ios/artifacts/release-quality/canonical-e2e/DerivedData/Build/Intermediates.noindex/ProjectProfit.build/Debug-iphonesimulator/ProjectProfitTests.build/Objects-normal/arm64/ProjectProfitTests.SwiftFileList

WriteAuxiliaryFile /Users/yutaro/project-profit-ios/artifacts/release-quality/canonical-e2e/DerivedData/Build/Intermediates.noindex/ProjectProfit.build/Debug-iphonesimulator/ProjectProfitTests.build/Objects-normal/arm64/ProjectProfitTests.SwiftConstValuesFileList (in target 'ProjectProfitTests' from project 'ProjectProfit')
    cd /Users/yutaro/project-profit-ios
    write-file /Users/yutaro/project-profit-ios/artifacts/release-quality/canonical-e2e/DerivedData/Build/Intermediates.noindex/ProjectProfit.build/Debug-iphonesimulator/ProjectProfitTests.build/Objects-normal/arm64/ProjectProfitTests.SwiftConstValuesFileList

WriteAuxiliaryFile /Users/yutaro/project-profit-ios/artifacts/release-quality/canonical-e2e/DerivedData/Build/Intermediates.noindex/ProjectProfit.build/Debug-iphonesimulator/ProjectProfitTests.build/Objects-normal/arm64/ProjectProfitTests.LinkFileList (in target 'ProjectProfitTests' from project 'ProjectProfit')
    cd /Users/yutaro/project-profit-ios
    write-file /Users/yutaro/project-profit-ios/artifacts/release-quality/canonical-e2e/DerivedData/Build/Intermediates.noindex/ProjectProfit.build/Debug-iphonesimulator/ProjectProfitTests.build/Objects-normal/arm64/ProjectProfitTests.LinkFileList

WriteAuxiliaryFile /Users/yutaro/project-profit-ios/artifacts/release-quality/canonical-e2e/DerivedData/Build/Intermediates.noindex/ProjectProfit.build/Debug-iphonesimulator/ProjectProfitTests.build/Objects-normal/arm64/ProjectProfitTests-OutputFileMap.json (in target 'ProjectProfitTests' from project 'ProjectProfit')
    cd /Users/yutaro/project-profit-ios
    write-file /Users/yutaro/project-profit-ios/artifacts/release-quality/canonical-e2e/DerivedData/Build/Intermediates.noindex/ProjectProfit.build/Debug-iphonesimulator/ProjectProfitTests.build/Objects-normal/arm64/ProjectProfitTests-OutputFileMap.json

WriteAuxiliaryFile /Users/yutaro/project-profit-ios/artifacts/release-quality/canonical-e2e/DerivedData/Build/Intermediates.noindex/ProjectProfit.build/Debug-iphonesimulator/ProjectProfitShareExtension.build/ProjectProfitShareExtension.hmap (in target 'ProjectProfitShareExtension' from project 'ProjectProfit')
    cd /Users/yutaro/project-profit-ios
    write-file /Users/yutaro/project-profit-ios/artifacts/release-quality/canonical-e2e/DerivedData/Build/Intermediates.noindex/ProjectProfit.build/Debug-iphonesimulator/ProjectProfitShareExtension.build/ProjectProfitShareExtension.hmap

WriteAuxiliaryFile /Users/yutaro/project-profit-ios/artifacts/release-quality/canonical-e2e/DerivedData/Build/Intermediates.noindex/ProjectProfit.build/Debug-iphonesimulator/ProjectProfitShareExtension.build/ProjectProfitShareExtension.DependencyStaticMetadataFileList (in target 'ProjectProfitShareExtension' from project 'ProjectProfit')
    cd /Users/yutaro/project-profit-ios
    write-file /Users/yutaro/project-profit-ios/artifacts/release-quality/canonical-e2e/DerivedData/Build/Intermediates.noindex/ProjectProfit.build/Debug-iphonesimulator/ProjectProfitShareExtension.build/ProjectProfitShareExtension.DependencyStaticMetadataFileList

WriteAuxiliaryFile /Users/yutaro/project-profit-ios/artifacts/release-quality/canonical-e2e/DerivedData/Build/Intermediates.noindex/ProjectProfit.build/Debug-iphonesimulator/ProjectProfitShareExtension.build/ProjectProfitShareExtension.DependencyMetadataFileList (in target 'ProjectProfitShareExtension' from project 'ProjectProfit')
    cd /Users/yutaro/project-profit-ios
    write-file /Users/yutaro/project-profit-ios/artifacts/release-quality/canonical-e2e/DerivedData/Build/Intermediates.noindex/ProjectProfit.build/Debug-iphonesimulator/ProjectProfitShareExtension.build/ProjectProfitShareExtension.DependencyMetadataFileList

WriteAuxiliaryFile /Users/yutaro/project-profit-ios/artifacts/release-quality/canonical-e2e/DerivedData/Build/Intermediates.noindex/ProjectProfit.build/Debug-iphonesimulator/ProjectProfitShareExtension.build/ProjectProfitShareExtension-project-headers.hmap (in target 'ProjectProfitShareExtension' from project 'ProjectProfit')
    cd /Users/yutaro/project-profit-ios
    write-file /Users/yutaro/project-profit-ios/artifacts/release-quality/canonical-e2e/DerivedData/Build/Intermediates.noindex/ProjectProfit.build/Debug-iphonesimulator/ProjectProfitShareExtension.build/ProjectProfitShareExtension-project-headers.hmap

WriteAuxiliaryFile /Users/yutaro/project-profit-ios/artifacts/release-quality/canonical-e2e/DerivedData/Build/Intermediates.noindex/ProjectProfit.build/Debug-iphonesimulator/ProjectProfitShareExtension.build/ProjectProfitShareExtension-own-target-headers.hmap (in target 'ProjectProfitShareExtension' from project 'ProjectProfit')
    cd /Users/yutaro/project-profit-ios
    write-file /Users/yutaro/project-profit-ios/artifacts/release-quality/canonical-e2e/DerivedData/Build/Intermediates.noindex/ProjectProfit.build/Debug-iphonesimulator/ProjectProfitShareExtension.build/ProjectProfitShareExtension-own-target-headers.hmap

WriteAuxiliaryFile /Users/yutaro/project-profit-ios/artifacts/release-quality/canonical-e2e/DerivedData/Build/Intermediates.noindex/ProjectProfit.build/Debug-iphonesimulator/ProjectProfitShareExtension.build/ProjectProfitShareExtension-generated-files.hmap (in target 'ProjectProfitShareExtension' from project 'ProjectProfit')
    cd /Users/yutaro/project-profit-ios
    write-file /Users/yutaro/project-profit-ios/artifacts/release-quality/canonical-e2e/DerivedData/Build/Intermediates.noindex/ProjectProfit.build/Debug-iphonesimulator/ProjectProfitShareExtension.build/ProjectProfitShareExtension-generated-files.hmap

WriteAuxiliaryFile /Users/yutaro/project-profit-ios/artifacts/release-quality/canonical-e2e/DerivedData/Build/Intermediates.noindex/ProjectProfit.build/Debug-iphonesimulator/ProjectProfitShareExtension.build/ProjectProfitShareExtension-all-target-headers.hmap (in target 'ProjectProfitShareExtension' from project 'ProjectProfit')
    cd /Users/yutaro/project-profit-ios
    write-file /Users/yutaro/project-profit-ios/artifacts/release-quality/canonical-e2e/DerivedData/Build/Intermediates.noindex/ProjectProfit.build/Debug-iphonesimulator/ProjectProfitShareExtension.build/ProjectProfitShareExtension-all-target-headers.hmap

WriteAuxiliaryFile /Users/yutaro/project-profit-ios/artifacts/release-quality/canonical-e2e/DerivedData/Build/Intermediates.noindex/ProjectProfit.build/Debug-iphonesimulator/ProjectProfitShareExtension.build/ProjectProfitShareExtension-all-non-framework-target-headers.hmap (in target 'ProjectProfitShareExtension' from project 'ProjectProfit')
    cd /Users/yutaro/project-profit-ios
    write-file /Users/yutaro/project-profit-ios/artifacts/release-quality/canonical-e2e/DerivedData/Build/Intermediates.noindex/ProjectProfit.build/Debug-iphonesimulator/ProjectProfitShareExtension.build/ProjectProfitShareExtension-all-non-framework-target-headers.hmap

WriteAuxiliaryFile /Users/yutaro/project-profit-ios/artifacts/release-quality/canonical-e2e/DerivedData/Build/Intermediates.noindex/ProjectProfit.build/Debug-iphonesimulator/ProjectProfitShareExtension.build/ProjectProfitShareExtension-DebugEntryPoint-normal-arm64.txt (in target 'ProjectProfitShareExtension' from project 'ProjectProfit')
    cd /Users/yutaro/project-profit-ios
    write-file /Users/yutaro/project-profit-ios/artifacts/release-quality/canonical-e2e/DerivedData/Build/Intermediates.noindex/ProjectProfit.build/Debug-iphonesimulator/ProjectProfitShareExtension.build/ProjectProfitShareExtension-DebugEntryPoint-normal-arm64.txt

WriteAuxiliaryFile /Users/yutaro/project-profit-ios/artifacts/release-quality/canonical-e2e/DerivedData/Build/Intermediates.noindex/ProjectProfit.build/Debug-iphonesimulator/ProjectProfitShareExtension.build/ProjectProfitShareExtension-DebugDylibPath-normal-arm64.txt (in target 'ProjectProfitShareExtension' from project 'ProjectProfit')
    cd /Users/yutaro/project-profit-ios
    write-file /Users/yutaro/project-profit-ios/artifacts/release-quality/canonical-e2e/DerivedData/Build/Intermediates.noindex/ProjectProfit.build/Debug-iphonesimulator/ProjectProfitShareExtension.build/ProjectProfitShareExtension-DebugDylibPath-normal-arm64.txt

WriteAuxiliaryFile /Users/yutaro/project-profit-ios/artifacts/release-quality/canonical-e2e/DerivedData/Build/Intermediates.noindex/ProjectProfit.build/Debug-iphonesimulator/ProjectProfitShareExtension.build/ProjectProfitShareExtension-DebugDylibInstallName-normal-arm64.txt (in target 'ProjectProfitShareExtension' from project 'ProjectProfit')
    cd /Users/yutaro/project-profit-ios
    write-file /Users/yutaro/project-profit-ios/artifacts/release-quality/canonical-e2e/DerivedData/Build/Intermediates.noindex/ProjectProfit.build/Debug-iphonesimulator/ProjectProfitShareExtension.build/ProjectProfitShareExtension-DebugDylibInstallName-normal-arm64.txt

WriteAuxiliaryFile /Users/yutaro/project-profit-ios/artifacts/release-quality/canonical-e2e/DerivedData/Build/Intermediates.noindex/ProjectProfit.build/Debug-iphonesimulator/ProjectProfitShareExtension.build/Objects-normal/arm64/ProjectProfitShareExtension_const_extract_protocols.json (in target 'ProjectProfitShareExtension' from project 'ProjectProfit')
    cd /Users/yutaro/project-profit-ios
    write-file /Users/yutaro/project-profit-ios/artifacts/release-quality/canonical-e2e/DerivedData/Build/Intermediates.noindex/ProjectProfit.build/Debug-iphonesimulator/ProjectProfitShareExtension.build/Objects-normal/arm64/ProjectProfitShareExtension_const_extract_protocols.json

WriteAuxiliaryFile /Users/yutaro/project-profit-ios/artifacts/release-quality/canonical-e2e/DerivedData/Build/Intermediates.noindex/ProjectProfit.build/Debug-iphonesimulator/ProjectProfitShareExtension.build/Objects-normal/arm64/ProjectProfitShareExtension.SwiftFileList (in target 'ProjectProfitShareExtension' from project 'ProjectProfit')
    cd /Users/yutaro/project-profit-ios
    write-file /Users/yutaro/project-profit-ios/artifacts/release-quality/canonical-e2e/DerivedData/Build/Intermediates.noindex/ProjectProfit.build/Debug-iphonesimulator/ProjectProfitShareExtension.build/Objects-normal/arm64/ProjectProfitShareExtension.SwiftFileList

WriteAuxiliaryFile /Users/yutaro/project-profit-ios/artifacts/release-quality/canonical-e2e/DerivedData/Build/Intermediates.noindex/ProjectProfit.build/Debug-iphonesimulator/ProjectProfitShareExtension.build/Objects-normal/arm64/ProjectProfitShareExtension.SwiftConstValuesFileList (in target 'ProjectProfitShareExtension' from project 'ProjectProfit')
    cd /Users/yutaro/project-profit-ios
    write-file /Users/yutaro/project-profit-ios/artifacts/release-quality/canonical-e2e/DerivedData/Build/Intermediates.noindex/ProjectProfit.build/Debug-iphonesimulator/ProjectProfitShareExtension.build/Objects-normal/arm64/ProjectProfitShareExtension.SwiftConstValuesFileList

WriteAuxiliaryFile /Users/yutaro/project-profit-ios/artifacts/release-quality/canonical-e2e/DerivedData/Build/Intermediates.noindex/ProjectProfit.build/Debug-iphonesimulator/ProjectProfitShareExtension.build/Objects-normal/arm64/ProjectProfitShareExtension.LinkFileList (in target 'ProjectProfitShareExtension' from project 'ProjectProfit')
    cd /Users/yutaro/project-profit-ios
    write-file /Users/yutaro/project-profit-ios/artifacts/release-quality/canonical-e2e/DerivedData/Build/Intermediates.noindex/ProjectProfit.build/Debug-iphonesimulator/ProjectProfitShareExtension.build/Objects-normal/arm64/ProjectProfitShareExtension.LinkFileList

WriteAuxiliaryFile /Users/yutaro/project-profit-ios/artifacts/release-quality/canonical-e2e/DerivedData/Build/Intermediates.noindex/ProjectProfit.build/Debug-iphonesimulator/ProjectProfitShareExtension.build/Objects-normal/arm64/ProjectProfitShareExtension-OutputFileMap.json (in target 'ProjectProfitShareExtension' from project 'ProjectProfit')
    cd /Users/yutaro/project-profit-ios
    write-file /Users/yutaro/project-profit-ios/artifacts/release-quality/canonical-e2e/DerivedData/Build/Intermediates.noindex/ProjectProfit.build/Debug-iphonesimulator/ProjectProfitShareExtension.build/Objects-normal/arm64/ProjectProfitShareExtension-OutputFileMap.json

WriteAuxiliaryFile /Users/yutaro/project-profit-ios/artifacts/release-quality/canonical-e2e/DerivedData/Build/Intermediates.noindex/ProjectProfit.build/Debug-iphonesimulator/ProjectProfitShareExtension.build/DerivedSources/Entitlements-Simulated.plist (in target 'ProjectProfitShareExtension' from project 'ProjectProfit')
    cd /Users/yutaro/project-profit-ios
    write-file /Users/yutaro/project-profit-ios/artifacts/release-quality/canonical-e2e/DerivedData/Build/Intermediates.noindex/ProjectProfit.build/Debug-iphonesimulator/ProjectProfitShareExtension.build/DerivedSources/Entitlements-Simulated.plist

WriteAuxiliaryFile /Users/yutaro/project-profit-ios/artifacts/release-quality/canonical-e2e/DerivedData/Build/Intermediates.noindex/ProjectProfit.build/Debug-iphonesimulator/ProjectProfit.build/empty-ProjectProfit.plist (in target 'ProjectProfit' from project 'ProjectProfit')
    cd /Users/yutaro/project-profit-ios
    write-file /Users/yutaro/project-profit-ios/artifacts/release-quality/canonical-e2e/DerivedData/Build/Intermediates.noindex/ProjectProfit.build/Debug-iphonesimulator/ProjectProfit.build/empty-ProjectProfit.plist

WriteAuxiliaryFile /Users/yutaro/project-profit-ios/artifacts/release-quality/canonical-e2e/DerivedData/Build/Intermediates.noindex/ProjectProfit.build/Debug-iphonesimulator/ProjectProfit.build/ProjectProfit.hmap (in target 'ProjectProfit' from project 'ProjectProfit')
    cd /Users/yutaro/project-profit-ios
    write-file /Users/yutaro/project-profit-ios/artifacts/release-quality/canonical-e2e/DerivedData/Build/Intermediates.noindex/ProjectProfit.build/Debug-iphonesimulator/ProjectProfit.build/ProjectProfit.hmap

WriteAuxiliaryFile /Users/yutaro/project-profit-ios/artifacts/release-quality/canonical-e2e/DerivedData/Build/Intermediates.noindex/ProjectProfit.build/Debug-iphonesimulator/ProjectProfit.build/ProjectProfit.DependencyStaticMetadataFileList (in target 'ProjectProfit' from project 'ProjectProfit')
    cd /Users/yutaro/project-profit-ios
    write-file /Users/yutaro/project-profit-ios/artifacts/release-quality/canonical-e2e/DerivedData/Build/Intermediates.noindex/ProjectProfit.build/Debug-iphonesimulator/ProjectProfit.build/ProjectProfit.DependencyStaticMetadataFileList

WriteAuxiliaryFile /Users/yutaro/project-profit-ios/artifacts/release-quality/canonical-e2e/DerivedData/Build/Intermediates.noindex/ProjectProfit.build/Debug-iphonesimulator/ProjectProfit.build/ProjectProfit.DependencyMetadataFileList (in target 'ProjectProfit' from project 'ProjectProfit')
    cd /Users/yutaro/project-profit-ios
    write-file /Users/yutaro/project-profit-ios/artifacts/release-quality/canonical-e2e/DerivedData/Build/Intermediates.noindex/ProjectProfit.build/Debug-iphonesimulator/ProjectProfit.build/ProjectProfit.DependencyMetadataFileList

WriteAuxiliaryFile /Users/yutaro/project-profit-ios/artifacts/release-quality/canonical-e2e/DerivedData/Build/Intermediates.noindex/ProjectProfit.build/Debug-iphonesimulator/ProjectProfit.build/ProjectProfit-project-headers.hmap (in target 'ProjectProfit' from project 'ProjectProfit')
    cd /Users/yutaro/project-profit-ios
    write-file /Users/yutaro/project-profit-ios/artifacts/release-quality/canonical-e2e/DerivedData/Build/Intermediates.noindex/ProjectProfit.build/Debug-iphonesimulator/ProjectProfit.build/ProjectProfit-project-headers.hmap

WriteAuxiliaryFile /Users/yutaro/project-profit-ios/artifacts/release-quality/canonical-e2e/DerivedData/Build/Intermediates.noindex/ProjectProfit.build/Debug-iphonesimulator/ProjectProfit.build/ProjectProfit-own-target-headers.hmap (in target 'ProjectProfit' from project 'ProjectProfit')
    cd /Users/yutaro/project-profit-ios
    write-file /Users/yutaro/project-profit-ios/artifacts/release-quality/canonical-e2e/DerivedData/Build/Intermediates.noindex/ProjectProfit.build/Debug-iphonesimulator/ProjectProfit.build/ProjectProfit-own-target-headers.hmap

WriteAuxiliaryFile /Users/yutaro/project-profit-ios/artifacts/release-quality/canonical-e2e/DerivedData/Build/Intermediates.noindex/ProjectProfit.build/Debug-iphonesimulator/ProjectProfit.build/ProjectProfit-generated-files.hmap (in target 'ProjectProfit' from project 'ProjectProfit')
    cd /Users/yutaro/project-profit-ios
    write-file /Users/yutaro/project-profit-ios/artifacts/release-quality/canonical-e2e/DerivedData/Build/Intermediates.noindex/ProjectProfit.build/Debug-iphonesimulator/ProjectProfit.build/ProjectProfit-generated-files.hmap

WriteAuxiliaryFile /Users/yutaro/project-profit-ios/artifacts/release-quality/canonical-e2e/DerivedData/Build/Intermediates.noindex/ProjectProfit.build/Debug-iphonesimulator/ProjectProfit.build/ProjectProfit-all-target-headers.hmap (in target 'ProjectProfit' from project 'ProjectProfit')
    cd /Users/yutaro/project-profit-ios
    write-file /Users/yutaro/project-profit-ios/artifacts/release-quality/canonical-e2e/DerivedData/Build/Intermediates.noindex/ProjectProfit.build/Debug-iphonesimulator/ProjectProfit.build/ProjectProfit-all-target-headers.hmap

WriteAuxiliaryFile /Users/yutaro/project-profit-ios/artifacts/release-quality/canonical-e2e/DerivedData/Build/Intermediates.noindex/ProjectProfit.build/Debug-iphonesimulator/ProjectProfit.build/ProjectProfit-all-non-framework-target-headers.hmap (in target 'ProjectProfit' from project 'ProjectProfit')
    cd /Users/yutaro/project-profit-ios
    write-file /Users/yutaro/project-profit-ios/artifacts/release-quality/canonical-e2e/DerivedData/Build/Intermediates.noindex/ProjectProfit.build/Debug-iphonesimulator/ProjectProfit.build/ProjectProfit-all-non-framework-target-headers.hmap

WriteAuxiliaryFile /Users/yutaro/project-profit-ios/artifacts/release-quality/canonical-e2e/DerivedData/Build/Intermediates.noindex/ProjectProfit.build/Debug-iphonesimulator/ProjectProfit.build/ProjectProfit-DebugDylibPath-normal-arm64.txt (in target 'ProjectProfit' from project 'ProjectProfit')
    cd /Users/yutaro/project-profit-ios
    write-file /Users/yutaro/project-profit-ios/artifacts/release-quality/canonical-e2e/DerivedData/Build/Intermediates.noindex/ProjectProfit.build/Debug-iphonesimulator/ProjectProfit.build/ProjectProfit-DebugDylibPath-normal-arm64.txt

WriteAuxiliaryFile /Users/yutaro/project-profit-ios/artifacts/release-quality/canonical-e2e/DerivedData/Build/Intermediates.noindex/ProjectProfit.build/Debug-iphonesimulator/ProjectProfit.build/ProjectProfit-DebugDylibInstallName-normal-arm64.txt (in target 'ProjectProfit' from project 'ProjectProfit')
    cd /Users/yutaro/project-profit-ios
    write-file /Users/yutaro/project-profit-ios/artifacts/release-quality/canonical-e2e/DerivedData/Build/Intermediates.noindex/ProjectProfit.build/Debug-iphonesimulator/ProjectProfit.build/ProjectProfit-DebugDylibInstallName-normal-arm64.txt

WriteAuxiliaryFile /Users/yutaro/project-profit-ios/artifacts/release-quality/canonical-e2e/DerivedData/Build/Intermediates.noindex/ProjectProfit.build/Debug-iphonesimulator/ProjectProfit.build/Objects-normal/arm64/ProjectProfit.SwiftFileList (in target 'ProjectProfit' from project 'ProjectProfit')
    cd /Users/yutaro/project-profit-ios
    write-file /Users/yutaro/project-profit-ios/artifacts/release-quality/canonical-e2e/DerivedData/Build/Intermediates.noindex/ProjectProfit.build/Debug-iphonesimulator/ProjectProfit.build/Objects-normal/arm64/ProjectProfit.SwiftFileList

WriteAuxiliaryFile /Users/yutaro/project-profit-ios/artifacts/release-quality/canonical-e2e/DerivedData/Build/Intermediates.noindex/ProjectProfit.build/Debug-iphonesimulator/ProjectProfit.build/Objects-normal/arm64/ProjectProfit_const_extract_protocols.json (in target 'ProjectProfit' from project 'ProjectProfit')
    cd /Users/yutaro/project-profit-ios
    write-file /Users/yutaro/project-profit-ios/artifacts/release-quality/canonical-e2e/DerivedData/Build/Intermediates.noindex/ProjectProfit.build/Debug-iphonesimulator/ProjectProfit.build/Objects-normal/arm64/ProjectProfit_const_extract_protocols.json

WriteAuxiliaryFile /Users/yutaro/project-profit-ios/artifacts/release-quality/canonical-e2e/DerivedData/Build/Intermediates.noindex/ProjectProfit.build/Debug-iphonesimulator/ProjectProfit.build/Objects-normal/arm64/ProjectProfit.SwiftConstValuesFileList (in target 'ProjectProfit' from project 'ProjectProfit')
    cd /Users/yutaro/project-profit-ios
    write-file /Users/yutaro/project-profit-ios/artifacts/release-quality/canonical-e2e/DerivedData/Build/Intermediates.noindex/ProjectProfit.build/Debug-iphonesimulator/ProjectProfit.build/Objects-normal/arm64/ProjectProfit.SwiftConstValuesFileList

WriteAuxiliaryFile /Users/yutaro/project-profit-ios/artifacts/release-quality/canonical-e2e/DerivedData/Build/Intermediates.noindex/ProjectProfit.build/Debug-iphonesimulator/ProjectProfit.build/Objects-normal/arm64/ProjectProfit.LinkFileList (in target 'ProjectProfit' from project 'ProjectProfit')
    cd /Users/yutaro/project-profit-ios
    write-file /Users/yutaro/project-profit-ios/artifacts/release-quality/canonical-e2e/DerivedData/Build/Intermediates.noindex/ProjectProfit.build/Debug-iphonesimulator/ProjectProfit.build/Objects-normal/arm64/ProjectProfit.LinkFileList

WriteAuxiliaryFile /Users/yutaro/project-profit-ios/artifacts/release-quality/canonical-e2e/DerivedData/Build/Intermediates.noindex/ProjectProfit.build/Debug-iphonesimulator/ProjectProfit.build/Objects-normal/arm64/ProjectProfit-OutputFileMap.json (in target 'ProjectProfit' from project 'ProjectProfit')
    cd /Users/yutaro/project-profit-ios
    write-file /Users/yutaro/project-profit-ios/artifacts/release-quality/canonical-e2e/DerivedData/Build/Intermediates.noindex/ProjectProfit.build/Debug-iphonesimulator/ProjectProfit.build/Objects-normal/arm64/ProjectProfit-OutputFileMap.json

WriteAuxiliaryFile /Users/yutaro/project-profit-ios/artifacts/release-quality/canonical-e2e/DerivedData/Build/Intermediates.noindex/ProjectProfit.build/Debug-iphonesimulator/ProjectProfit.build/DerivedSources/Entitlements-Simulated.plist (in target 'ProjectProfit' from project 'ProjectProfit')
    cd /Users/yutaro/project-profit-ios
    write-file /Users/yutaro/project-profit-ios/artifacts/release-quality/canonical-e2e/DerivedData/Build/Intermediates.noindex/ProjectProfit.build/Debug-iphonesimulator/ProjectProfit.build/DerivedSources/Entitlements-Simulated.plist

MkDir /Users/yutaro/project-profit-ios/artifacts/release-quality/canonical-e2e/DerivedData/Build/Products/Debug-iphonesimulator/ProjectProfitUITests-Runner.app/PlugIns/ProjectProfitUITests.xctest (in target 'ProjectProfitUITests' from project 'ProjectProfit')
    cd /Users/yutaro/project-profit-ios
    /bin/mkdir -p /Users/yutaro/project-profit-ios/artifacts/release-quality/canonical-e2e/DerivedData/Build/Products/Debug-iphonesimulator/ProjectProfitUITests-Runner.app/PlugIns/ProjectProfitUITests.xctest

MkDir /Users/yutaro/project-profit-ios/artifacts/release-quality/canonical-e2e/DerivedData/Build/Products/Debug-iphonesimulator/ProjectProfitShareExtension.appex (in target 'ProjectProfitShareExtension' from project 'ProjectProfit')
    cd /Users/yutaro/project-profit-ios
    /bin/mkdir -p /Users/yutaro/project-profit-ios/artifacts/release-quality/canonical-e2e/DerivedData/Build/Products/Debug-iphonesimulator/ProjectProfitShareExtension.appex

MkDir /Users/yutaro/project-profit-ios/artifacts/release-quality/canonical-e2e/DerivedData/Build/Products/Debug-iphonesimulator/ProjectProfit.app/PlugIns/ProjectProfitTests.xctest (in target 'ProjectProfitTests' from project 'ProjectProfit')
    cd /Users/yutaro/project-profit-ios
    /bin/mkdir -p /Users/yutaro/project-profit-ios/artifacts/release-quality/canonical-e2e/DerivedData/Build/Products/Debug-iphonesimulator/ProjectProfit.app/PlugIns/ProjectProfitTests.xctest

MkDir /Users/yutaro/project-profit-ios/artifacts/release-quality/canonical-e2e/DerivedData/Build/Products/Debug-iphonesimulator/ProjectProfit.app/PlugIns (in target 'ProjectProfit' from project 'ProjectProfit')
    cd /Users/yutaro/project-profit-ios
    /bin/mkdir -p /Users/yutaro/project-profit-ios/artifacts/release-quality/canonical-e2e/DerivedData/Build/Products/Debug-iphonesimulator/ProjectProfit.app/PlugIns

MkDir /Users/yutaro/project-profit-ios/artifacts/release-quality/canonical-e2e/DerivedData/Build/Products/Debug-iphonesimulator/ProjectProfit.app/Frameworks (in target 'ProjectProfit' from project 'ProjectProfit')
    cd /Users/yutaro/project-profit-ios
    /bin/mkdir -p /Users/yutaro/project-profit-ios/artifacts/release-quality/canonical-e2e/DerivedData/Build/Products/Debug-iphonesimulator/ProjectProfit.app/Frameworks

MkDir /Users/yutaro/project-profit-ios/artifacts/release-quality/canonical-e2e/DerivedData/Build/Products/Debug-iphonesimulator/ProjectProfit.app (in target 'ProjectProfit' from project 'ProjectProfit')
    cd /Users/yutaro/project-profit-ios
    /bin/mkdir -p /Users/yutaro/project-profit-ios/artifacts/release-quality/canonical-e2e/DerivedData/Build/Products/Debug-iphonesimulator/ProjectProfit.app

ProcessProductPackaging /Users/yutaro/project-profit-ios/ProjectProfitShareExtension/ProjectProfitShareExtension.entitlements /Users/yutaro/project-profit-ios/artifacts/release-quality/canonical-e2e/DerivedData/Build/Intermediates.noindex/ProjectProfit.build/Debug-iphonesimulator/ProjectProfitShareExtension.build/ProjectProfitShareExtension.appex.xcent (in target 'ProjectProfitShareExtension' from project 'ProjectProfit')
    cd /Users/yutaro/project-profit-ios
    
    Entitlements:
    
    {
}
    
    builtin-productPackagingUtility /Users/yutaro/project-profit-ios/ProjectProfitShareExtension/ProjectProfitShareExtension.entitlements -entitlements -format xml -o /Users/yutaro/project-profit-ios/artifacts/release-quality/canonical-e2e/DerivedData/Build/Intermediates.noindex/ProjectProfit.build/Debug-iphonesimulator/ProjectProfitShareExtension.build/ProjectProfitShareExtension.appex.xcent

ProcessProductPackaging /Users/yutaro/project-profit-ios/ProjectProfitShareExtension/ProjectProfitShareExtension.entitlements /Users/yutaro/project-profit-ios/artifacts/release-quality/canonical-e2e/DerivedData/Build/Intermediates.noindex/ProjectProfit.build/Debug-iphonesimulator/ProjectProfitShareExtension.build/ProjectProfitShareExtension.appex-Simulated.xcent (in target 'ProjectProfitShareExtension' from project 'ProjectProfit')
    cd /Users/yutaro/project-profit-ios
    
    Entitlements:
    
    {
    "application-identifier" = "52PPJXD67Z.com.projectprofit.ProjectProfit.ShareExtension";
    "com.apple.security.application-groups" =     (
        "group.com.projectprofit.ProjectProfit"
    );
}
    
    builtin-productPackagingUtility /Users/yutaro/project-profit-ios/ProjectProfitShareExtension/ProjectProfitShareExtension.entitlements -entitlements -format xml -o /Users/yutaro/project-profit-ios/artifacts/release-quality/canonical-e2e/DerivedData/Build/Intermediates.noindex/ProjectProfit.build/Debug-iphonesimulator/ProjectProfitShareExtension.build/ProjectProfitShareExtension.appex-Simulated.xcent

ProcessProductPackagingDER /Users/yutaro/project-profit-ios/artifacts/release-quality/canonical-e2e/DerivedData/Build/Intermediates.noindex/ProjectProfit.build/Debug-iphonesimulator/ProjectProfitShareExtension.build/ProjectProfitShareExtension.appex.xcent /Users/yutaro/project-profit-ios/artifacts/release-quality/canonical-e2e/DerivedData/Build/Intermediates.noindex/ProjectProfit.build/Debug-iphonesimulator/ProjectProfitShareExtension.build/ProjectProfitShareExtension.appex.xcent.der (in target 'ProjectProfitShareExtension' from project 'ProjectProfit')
    cd /Users/yutaro/project-profit-ios
    /usr/bin/derq query -f xml -i /Users/yutaro/project-profit-ios/artifacts/release-quality/canonical-e2e/DerivedData/Build/Intermediates.noindex/ProjectProfit.build/Debug-iphonesimulator/ProjectProfitShareExtension.build/ProjectProfitShareExtension.appex.xcent -o /Users/yutaro/project-profit-ios/artifacts/release-quality/canonical-e2e/DerivedData/Build/Intermediates.noindex/ProjectProfit.build/Debug-iphonesimulator/ProjectProfitShareExtension.build/ProjectProfitShareExtension.appex.xcent.der --raw

ProcessProductPackagingDER /Users/yutaro/project-profit-ios/artifacts/release-quality/canonical-e2e/DerivedData/Build/Intermediates.noindex/ProjectProfit.build/Debug-iphonesimulator/ProjectProfitShareExtension.build/ProjectProfitShareExtension.appex-Simulated.xcent /Users/yutaro/project-profit-ios/artifacts/release-quality/canonical-e2e/DerivedData/Build/Intermediates.noindex/ProjectProfit.build/Debug-iphonesimulator/ProjectProfitShareExtension.build/ProjectProfitShareExtension.appex-Simulated.xcent.der (in target 'ProjectProfitShareExtension' from project 'ProjectProfit')
    cd /Users/yutaro/project-profit-ios
    /usr/bin/derq query -f xml -i /Users/yutaro/project-profit-ios/artifacts/release-quality/canonical-e2e/DerivedData/Build/Intermediates.noindex/ProjectProfit.build/Debug-iphonesimulator/ProjectProfitShareExtension.build/ProjectProfitShareExtension.appex-Simulated.xcent -o /Users/yutaro/project-profit-ios/artifacts/release-quality/canonical-e2e/DerivedData/Build/Intermediates.noindex/ProjectProfit.build/Debug-iphonesimulator/ProjectProfitShareExtension.build/ProjectProfitShareExtension.appex-Simulated.xcent.der --raw

Ld /Users/yutaro/project-profit-ios/artifacts/release-quality/canonical-e2e/DerivedData/Build/Products/Debug-iphonesimulator/ProjectProfitShareExtension.appex/__preview.dylib normal (in target 'ProjectProfitShareExtension' from project 'ProjectProfit')
    cd /Users/yutaro/project-profit-ios
    /Applications/Xcode-26.3.app/Contents/Developer/Toolchains/XcodeDefault.xctoolchain/usr/bin/clang -Xlinker -reproducible -target arm64-apple-ios17.0-simulator -dynamiclib -isysroot /Applications/Xcode-26.3.app/Contents/Developer/Platforms/iPhoneSimulator.platform/Developer/SDKs/iPhoneSimulator26.2.sdk -O0 -L/Users/yutaro/project-profit-ios/artifacts/release-quality/canonical-e2e/DerivedData/Build/Products/Debug-iphonesimulator -F/Users/yutaro/project-profit-ios/artifacts/release-quality/canonical-e2e/DerivedData/Build/Products/Debug-iphonesimulator -install_name @rpath/ProjectProfitShareExtension.debug.dylib -dead_strip -rdynamic -Xlinker -no_deduplicate -Xlinker -objc_abi_version -Xlinker 2 -Xlinker -debug_variant -Xlinker -dependency_info -Xlinker /Users/yutaro/project-profit-ios/artifacts/release-quality/canonical-e2e/DerivedData/Build/Intermediates.noindex/ProjectProfit.build/Debug-iphonesimulator/ProjectProfitShareExtension.build/Objects-normal/arm64/ProjectProfitShareExtension_dependency_info.dat -Xlinker -sectcreate -Xlinker __TEXT -Xlinker __entitlements -Xlinker /Users/yutaro/project-profit-ios/artifacts/release-quality/canonical-e2e/DerivedData/Build/Intermediates.noindex/ProjectProfit.build/Debug-iphonesimulator/ProjectProfitShareExtension.build/ProjectProfitShareExtension.appex-Simulated.xcent -Xlinker -sectcreate -Xlinker __TEXT -Xlinker __ents_der -Xlinker /Users/yutaro/project-profit-ios/artifacts/release-quality/canonical-e2e/DerivedData/Build/Intermediates.noindex/ProjectProfit.build/Debug-iphonesimulator/ProjectProfitShareExtension.build/ProjectProfitShareExtension.appex-Simulated.xcent.der -Xlinker -no_adhoc_codesign -o /Users/yutaro/project-profit-ios/artifacts/release-quality/canonical-e2e/DerivedData/Build/Products/Debug-iphonesimulator/ProjectProfitShareExtension.appex/__preview.dylib

ProcessInfoPlistFile /Users/yutaro/project-profit-ios/artifacts/release-quality/canonical-e2e/DerivedData/Build/Products/Debug-iphonesimulator/ProjectProfitShareExtension.appex/Info.plist /Users/yutaro/project-profit-ios/ProjectProfitShareExtension/Info.plist (in target 'ProjectProfitShareExtension' from project 'ProjectProfit')
    cd /Users/yutaro/project-profit-ios
    builtin-infoPlistUtility /Users/yutaro/project-profit-ios/ProjectProfitShareExtension/Info.plist -producttype com.apple.product-type.app-extension -expandbuildsettings -format binary -platform iphonesimulator -o /Users/yutaro/project-profit-ios/artifacts/release-quality/canonical-e2e/DerivedData/Build/Products/Debug-iphonesimulator/ProjectProfitShareExtension.appex/Info.plist

SwiftDriver ProjectProfitShareExtension normal arm64 com.apple.xcode.tools.swift.compiler (in target 'ProjectProfitShareExtension' from project 'ProjectProfit')
    cd /Users/yutaro/project-profit-ios
    builtin-SwiftDriver -- /Applications/Xcode-26.3.app/Contents/Developer/Toolchains/XcodeDefault.xctoolchain/usr/bin/swiftc -module-name ProjectProfitShareExtension -Onone -enforce-exclusivity\=checked @/Users/yutaro/project-profit-ios/artifacts/release-quality/canonical-e2e/DerivedData/Build/Intermediates.noindex/ProjectProfit.build/Debug-iphonesimulator/ProjectProfitShareExtension.build/Objects-normal/arm64/ProjectProfitShareExtension.SwiftFileList -DDEBUG -enable-bare-slash-regex -enable-experimental-feature DebugDescriptionMacro -sdk /Applications/Xcode-26.3.app/Contents/Developer/Platforms/iPhoneSimulator.platform/Developer/SDKs/iPhoneSimulator26.2.sdk -target arm64-apple-ios17.0-simulator -g -module-cache-path /Users/yutaro/project-profit-ios/artifacts/release-quality/canonical-e2e/DerivedData/ModuleCache.noindex -Xfrontend -serialize-debugging-options -application-extension -profile-coverage-mapping -profile-generate -enable-testing -index-store-path /Users/yutaro/project-profit-ios/artifacts/release-quality/canonical-e2e/DerivedData/Index.noindex/DataStore -Xcc -D_LIBCPP_HARDENING_MODE\=_LIBCPP_HARDENING_MODE_DEBUG -swift-version 5 -I /Users/yutaro/project-profit-ios/artifacts/release-quality/canonical-e2e/DerivedData/Build/Products/Debug-iphonesimulator -F /Users/yutaro/project-profit-ios/artifacts/release-quality/canonical-e2e/DerivedData/Build/Products/Debug-iphonesimulator -c -j8 -enable-batch-mode -incremental -Xcc -ivfsstatcache -Xcc /Users/yutaro/project-profit-ios/artifacts/release-quality/canonical-e2e/DerivedData/SDKStatCaches.noindex/iphonesimulator26.2-23C57-91db6bf2b9df79783d042ed3cc29a58e.sdkstatcache -output-file-map /Users/yutaro/project-profit-ios/artifacts/release-quality/canonical-e2e/DerivedData/Build/Intermediates.noindex/ProjectProfit.build/Debug-iphonesimulator/ProjectProfitShareExtension.build/Objects-normal/arm64/ProjectProfitShareExtension-OutputFileMap.json -use-frontend-parseable-output -save-temps -no-color-diagnostics -explicit-module-build -module-cache-path /Users/yutaro/project-profit-ios/artifacts/release-quality/canonical-e2e/DerivedData/Build/Intermediates.noindex/SwiftExplicitPrecompiledModules -clang-scanner-module-cache-path /Users/yutaro/project-profit-ios/artifacts/release-quality/canonical-e2e/DerivedData/ModuleCache.noindex -sdk-module-cache-path /Users/yutaro/project-profit-ios/artifacts/release-quality/canonical-e2e/DerivedData/ModuleCache.noindex -serialize-diagnostics -emit-dependencies -emit-module -emit-module-path /Users/yutaro/project-profit-ios/artifacts/release-quality/canonical-e2e/DerivedData/Build/Intermediates.noindex/ProjectProfit.build/Debug-iphonesimulator/ProjectProfitShareExtension.build/Objects-normal/arm64/ProjectProfitShareExtension.swiftmodule -validate-clang-modules-once -clang-build-session-file /Users/yutaro/project-profit-ios/artifacts/release-quality/canonical-e2e/DerivedData/ModuleCache.noindex/Session.modulevalidation -Xcc -I/Users/yutaro/project-profit-ios/artifacts/release-quality/canonical-e2e/DerivedData/Build/Intermediates.noindex/ProjectProfit.build/Debug-iphonesimulator/ProjectProfitShareExtension.build/swift-overrides.hmap -emit-const-values -Xfrontend -const-gather-protocols-file -Xfrontend /Users/yutaro/project-profit-ios/artifacts/release-quality/canonical-e2e/DerivedData/Build/Intermediates.noindex/ProjectProfit.build/Debug-iphonesimulator/ProjectProfitShareExtension.build/Objects-normal/arm64/ProjectProfitShareExtension_const_extract_protocols.json -Xcc -iquote -Xcc /Users/yutaro/project-profit-ios/artifacts/release-quality/canonical-e2e/DerivedData/Build/Intermediates.noindex/ProjectProfit.build/Debug-iphonesimulator/ProjectProfitShareExtension.build/ProjectProfitShareExtension-generated-files.hmap -Xcc -I/Users/yutaro/project-profit-ios/artifacts/release-quality/canonical-e2e/DerivedData/Build/Intermediates.noindex/ProjectProfit.build/Debug-iphonesimulator/ProjectProfitShareExtension.build/ProjectProfitShareExtension-own-target-headers.hmap -Xcc -I/Users/yutaro/project-profit-ios/artifacts/release-quality/canonical-e2e/DerivedData/Build/Intermediates.noindex/ProjectProfit.build/Debug-iphonesimulator/ProjectProfitShareExtension.build/ProjectProfitShareExtension-all-non-framework-target-headers.hmap -Xcc -ivfsoverlay -Xcc /Users/yutaro/project-profit-ios/artifacts/release-quality/canonical-e2e/DerivedData/Build/Intermediates.noindex/ProjectProfit.build/Debug-iphonesimulator/ProjectProfit-bc30635a8cb06e5d3ecf94d8d93f544c-VFS-iphonesimulator/all-product-headers.yaml -Xcc -iquote -Xcc /Users/yutaro/project-profit-ios/artifacts/release-quality/canonical-e2e/DerivedData/Build/Intermediates.noindex/ProjectProfit.build/Debug-iphonesimulator/ProjectProfitShareExtension.build/ProjectProfitShareExtension-project-headers.hmap -Xcc -I/Users/yutaro/project-profit-ios/artifacts/release-quality/canonical-e2e/DerivedData/Build/Products/Debug-iphonesimulator/include -Xcc -I/Users/yutaro/project-profit-ios/artifacts/release-quality/canonical-e2e/DerivedData/Build/Intermediates.noindex/ProjectProfit.build/Debug-iphonesimulator/ProjectProfitShareExtension.build/DerivedSources-normal/arm64 -Xcc -I/Users/yutaro/project-profit-ios/artifacts/release-quality/canonical-e2e/DerivedData/Build/Intermediates.noindex/ProjectProfit.build/Debug-iphonesimulator/ProjectProfitShareExtension.build/DerivedSources/arm64 -Xcc -I/Users/yutaro/project-profit-ios/artifacts/release-quality/canonical-e2e/DerivedData/Build/Intermediates.noindex/ProjectProfit.build/Debug-iphonesimulator/ProjectProfitShareExtension.build/DerivedSources -Xcc -DDEBUG\=1 -emit-objc-header -emit-objc-header-path /Users/yutaro/project-profit-ios/artifacts/release-quality/canonical-e2e/DerivedData/Build/Intermediates.noindex/ProjectProfit.build/Debug-iphonesimulator/ProjectProfitShareExtension.build/Objects-normal/arm64/ProjectProfitShareExtension-Swift.h -working-directory /Users/yutaro/project-profit-ios -experimental-emit-module-separately -disable-cmo

ScanDependencies /Users/yutaro/project-profit-ios/artifacts/release-quality/canonical-e2e/DerivedData/Build/Intermediates.noindex/libxlsxwriter.build/Debug-iphonesimulator/libxlsxwriter.build/Objects-normal/arm64/zip.o /Users/yutaro/project-profit-ios/artifacts/release-quality/canonical-e2e/DerivedData/SourcePackages/checkouts/libxlsxwriter/third_party/minizip/zip.c normal arm64 c com.apple.compilers.llvm.clang.1_0.compiler (in target 'libxlsxwriter' from project 'libxlsxwriter')
    cd /Users/yutaro/project-profit-ios/ProjectProfit.xcodeproj
    
    Using response file: /Users/yutaro/project-profit-ios/artifacts/release-quality/canonical-e2e/DerivedData/Build/Intermediates.noindex/libxlsxwriter.build/Debug-iphonesimulator/libxlsxwriter.build/Objects-normal/arm64/7187679823f38a2a940e0043cdf9d637-common-args.resp
    
    builtin-ScanDependencies -o /Users/yutaro/project-profit-ios/artifacts/release-quality/canonical-e2e/DerivedData/Build/Intermediates.noindex/libxlsxwriter.build/Debug-iphonesimulator/libxlsxwriter.build/Objects-normal/arm64/zip.o.scan -- /Applications/Xcode-26.3.app/Contents/Developer/Toolchains/XcodeDefault.xctoolchain/usr/bin/clang -x c -ivfsstatcache /Users/yutaro/project-profit-ios/artifacts/release-quality/canonical-e2e/DerivedData/SDKStatCaches.noindex/iphonesimulator26.2-23C57-91db6bf2b9df79783d042ed3cc29a58e.sdkstatcache -fmessage-length\=0 -fdiagnostics-show-note-include-stack -fmacro-backtrace-limit\=0 -fno-color-diagnostics -fmodules-prune-interval\=86400 -fmodules-prune-after\=345600 -fbuild-session-file\=/Users/yutaro/project-profit-ios/artifacts/release-quality/canonical-e2e/DerivedData/ModuleCache.noindex/Session.modulevalidation -fmodules-validate-once-per-build-session -Wnon-modular-include-in-framework-module -Werror\=non-modular-include-in-framework-module -Wno-trigraphs -Wno-missing-field-initializers -Wno-missing-prototypes -Wno-return-type -Wno-missing-braces -Wparentheses -Wswitch -Wno-unused-function -Wno-unused-label -Wno-unused-parameter -Wno-unused-variable -Wunused-value -Wno-empty-body -Wno-uninitialized -Wno-unknown-pragmas -w -Wno-shadow -Wno-four-char-constants -Wno-conversion -Wno-constant-conversion -Wno-int-conversion -Wno-bool-conversion -Wno-enum-conversion -Wno-float-conversion -Wno-non-literal-null-conversion -Wno-objc-literal-conversion -Wshorten-64-to-32 -Wpointer-sign -Wno-newline-eof -Wno-implicit-fallthrough -fstrict-aliasing -Wdeprecated-declarations -Wno-sign-conversion -Wno-infinite-recursion -Wno-comma -Wno-block-capture-autoreleasing -Wno-strict-prototypes -Wno-semicolon-before-method-body -index-store-path /Users/yutaro/project-profit-ios/artifacts/release-quality/canonical-e2e/DerivedData/Index.noindex/DataStore @/Users/yutaro/project-profit-ios/artifacts/release-quality/canonical-e2e/DerivedData/Build/Intermediates.noindex/libxlsxwriter.build/Debug-iphonesimulator/libxlsxwriter.build/Objects-normal/arm64/7187679823f38a2a940e0043cdf9d637-common-args.resp -MMD -MT dependencies -MF /Users/yutaro/project-profit-ios/artifacts/release-quality/canonical-e2e/DerivedData/Build/Intermediates.noindex/libxlsxwriter.build/Debug-iphonesimulator/libxlsxwriter.build/Objects-normal/arm64/zip.d --serialize-diagnostics /Users/yutaro/project-profit-ios/artifacts/release-quality/canonical-e2e/DerivedData/Build/Intermediates.noindex/libxlsxwriter.build/Debug-iphonesimulator/libxlsxwriter.build/Objects-normal/arm64/zip.dia -c /Users/yutaro/project-profit-ios/artifacts/release-quality/canonical-e2e/DerivedData/SourcePackages/checkouts/libxlsxwriter/third_party/minizip/zip.c -o /Users/yutaro/project-profit-ios/artifacts/release-quality/canonical-e2e/DerivedData/Build/Intermediates.noindex/libxlsxwriter.build/Debug-iphonesimulator/libxlsxwriter.build/Objects-normal/arm64/zip.o -index-unit-output-path /libxlsxwriter.build/Debug-iphonesimulator/libxlsxwriter.build/Objects-normal/arm64/zip.o

ScanDependencies /Users/yutaro/project-profit-ios/artifacts/release-quality/canonical-e2e/DerivedData/Build/Intermediates.noindex/libxlsxwriter.build/Debug-iphonesimulator/libxlsxwriter.build/Objects-normal/arm64/worksheet.o /Users/yutaro/project-profit-ios/artifacts/release-quality/canonical-e2e/DerivedData/SourcePackages/checkouts/libxlsxwriter/src/worksheet.c normal arm64 c com.apple.compilers.llvm.clang.1_0.compiler (in target 'libxlsxwriter' from project 'libxlsxwriter')
    cd /Users/yutaro/project-profit-ios/ProjectProfit.xcodeproj
    
    Using response file: /Users/yutaro/project-profit-ios/artifacts/release-quality/canonical-e2e/DerivedData/Build/Intermediates.noindex/libxlsxwriter.build/Debug-iphonesimulator/libxlsxwriter.build/Objects-normal/arm64/7187679823f38a2a940e0043cdf9d637-common-args.resp
    
    builtin-ScanDependencies -o /Users/yutaro/project-profit-ios/artifacts/release-quality/canonical-e2e/DerivedData/Build/Intermediates.noindex/libxlsxwriter.build/Debug-iphonesimulator/libxlsxwriter.build/Objects-normal/arm64/worksheet.o.scan -- /Applications/Xcode-26.3.app/Contents/Developer/Toolchains/XcodeDefault.xctoolchain/usr/bin/clang -x c -ivfsstatcache /Users/yutaro/project-profit-ios/artifacts/release-quality/canonical-e2e/DerivedData/SDKStatCaches.noindex/iphonesimulator26.2-23C57-91db6bf2b9df79783d042ed3cc29a58e.sdkstatcache -fmessage-length\=0 -fdiagnostics-show-note-include-stack -fmacro-backtrace-limit\=0 -fno-color-diagnostics -fmodules-prune-interval\=86400 -fmodules-prune-after\=345600 -fbuild-session-file\=/Users/yutaro/project-profit-ios/artifacts/release-quality/canonical-e2e/DerivedData/ModuleCache.noindex/Session.modulevalidation -fmodules-validate-once-per-build-session -Wnon-modular-include-in-framework-module -Werror\=non-modular-include-in-framework-module -Wno-trigraphs -Wno-missing-field-initializers -Wno-missing-prototypes -Wno-return-type -Wno-missing-braces -Wparentheses -Wswitch -Wno-unused-function -Wno-unused-label -Wno-unused-parameter -Wno-unused-variable -Wunused-value -Wno-empty-body -Wno-uninitialized -Wno-unknown-pragmas -w -Wno-shadow -Wno-four-char-constants -Wno-conversion -Wno-constant-conversion -Wno-int-conversion -Wno-bool-conversion -Wno-enum-conversion -Wno-float-conversion -Wno-non-literal-null-conversion -Wno-objc-literal-conversion -Wshorten-64-to-32 -Wpointer-sign -Wno-newline-eof -Wno-implicit-fallthrough -fstrict-aliasing -Wdeprecated-declarations -Wno-sign-conversion -Wno-infinite-recursion -Wno-comma -Wno-block-capture-autoreleasing -Wno-strict-prototypes -Wno-semicolon-before-method-body -index-store-path /Users/yutaro/project-profit-ios/artifacts/release-quality/canonical-e2e/DerivedData/Index.noindex/DataStore @/Users/yutaro/project-profit-ios/artifacts/release-quality/canonical-e2e/DerivedData/Build/Intermediates.noindex/libxlsxwriter.build/Debug-iphonesimulator/libxlsxwriter.build/Objects-normal/arm64/7187679823f38a2a940e0043cdf9d637-common-args.resp -MMD -MT dependencies -MF /Users/yutaro/project-profit-ios/artifacts/release-quality/canonical-e2e/DerivedData/Build/Intermediates.noindex/libxlsxwriter.build/Debug-iphonesimulator/libxlsxwriter.build/Objects-normal/arm64/worksheet.d --serialize-diagnostics /Users/yutaro/project-profit-ios/artifacts/release-quality/canonical-e2e/DerivedData/Build/Intermediates.noindex/libxlsxwriter.build/Debug-iphonesimulator/libxlsxwriter.build/Objects-normal/arm64/worksheet.dia -c /Users/yutaro/project-profit-ios/artifacts/release-quality/canonical-e2e/DerivedData/SourcePackages/checkouts/libxlsxwriter/src/worksheet.c -o /Users/yutaro/project-profit-ios/artifacts/release-quality/canonical-e2e/DerivedData/Build/Intermediates.noindex/libxlsxwriter.build/Debug-iphonesimulator/libxlsxwriter.build/Objects-normal/arm64/worksheet.o -index-unit-output-path /libxlsxwriter.build/Debug-iphonesimulator/libxlsxwriter.build/Objects-normal/arm64/worksheet.o

ScanDependencies /Users/yutaro/project-profit-ios/artifacts/release-quality/canonical-e2e/DerivedData/Build/Intermediates.noindex/libxlsxwriter.build/Debug-iphonesimulator/libxlsxwriter.build/Objects-normal/arm64/xmlwriter.o /Users/yutaro/project-profit-ios/artifacts/release-quality/canonical-e2e/DerivedData/SourcePackages/checkouts/libxlsxwriter/src/xmlwriter.c normal arm64 c com.apple.compilers.llvm.clang.1_0.compiler (in target 'libxlsxwriter' from project 'libxlsxwriter')
    cd /Users/yutaro/project-profit-ios/ProjectProfit.xcodeproj
    
    Using response file: /Users/yutaro/project-profit-ios/artifacts/release-quality/canonical-e2e/DerivedData/Build/Intermediates.noindex/libxlsxwriter.build/Debug-iphonesimulator/libxlsxwriter.build/Objects-normal/arm64/7187679823f38a2a940e0043cdf9d637-common-args.resp
    
    builtin-ScanDependencies -o /Users/yutaro/project-profit-ios/artifacts/release-quality/canonical-e2e/DerivedData/Build/Intermediates.noindex/libxlsxwriter.build/Debug-iphonesimulator/libxlsxwriter.build/Objects-normal/arm64/xmlwriter.o.scan -- /Applications/Xcode-26.3.app/Contents/Developer/Toolchains/XcodeDefault.xctoolchain/usr/bin/clang -x c -ivfsstatcache /Users/yutaro/project-profit-ios/artifacts/release-quality/canonical-e2e/DerivedData/SDKStatCaches.noindex/iphonesimulator26.2-23C57-91db6bf2b9df79783d042ed3cc29a58e.sdkstatcache -fmessage-length\=0 -fdiagnostics-show-note-include-stack -fmacro-backtrace-limit\=0 -fno-color-diagnostics -fmodules-prune-interval\=86400 -fmodules-prune-after\=345600 -fbuild-session-file\=/Users/yutaro/project-profit-ios/artifacts/release-quality/canonical-e2e/DerivedData/ModuleCache.noindex/Session.modulevalidation -fmodules-validate-once-per-build-session -Wnon-modular-include-in-framework-module -Werror\=non-modular-include-in-framework-module -Wno-trigraphs -Wno-missing-field-initializers -Wno-missing-prototypes -Wno-return-type -Wno-missing-braces -Wparentheses -Wswitch -Wno-unused-function -Wno-unused-label -Wno-unused-parameter -Wno-unused-variable -Wunused-value -Wno-empty-body -Wno-uninitialized -Wno-unknown-pragmas -w -Wno-shadow -Wno-four-char-constants -Wno-conversion -Wno-constant-conversion -Wno-int-conversion -Wno-bool-conversion -Wno-enum-conversion -Wno-float-conversion -Wno-non-literal-null-conversion -Wno-objc-literal-conversion -Wshorten-64-to-32 -Wpointer-sign -Wno-newline-eof -Wno-implicit-fallthrough -fstrict-aliasing -Wdeprecated-declarations -Wno-sign-conversion -Wno-infinite-recursion -Wno-comma -Wno-block-capture-autoreleasing -Wno-strict-prototypes -Wno-semicolon-before-method-body -index-store-path /Users/yutaro/project-profit-ios/artifacts/release-quality/canonical-e2e/DerivedData/Index.noindex/DataStore @/Users/yutaro/project-profit-ios/artifacts/release-quality/canonical-e2e/DerivedData/Build/Intermediates.noindex/libxlsxwriter.build/Debug-iphonesimulator/libxlsxwriter.build/Objects-normal/arm64/7187679823f38a2a940e0043cdf9d637-common-args.resp -MMD -MT dependencies -MF /Users/yutaro/project-profit-ios/artifacts/release-quality/canonical-e2e/DerivedData/Build/Intermediates.noindex/libxlsxwriter.build/Debug-iphonesimulator/libxlsxwriter.build/Objects-normal/arm64/xmlwriter.d --serialize-diagnostics /Users/yutaro/project-profit-ios/artifacts/release-quality/canonical-e2e/DerivedData/Build/Intermediates.noindex/libxlsxwriter.build/Debug-iphonesimulator/libxlsxwriter.build/Objects-normal/arm64/xmlwriter.dia -c /Users/yutaro/project-profit-ios/artifacts/release-quality/canonical-e2e/DerivedData/SourcePackages/checkouts/libxlsxwriter/src/xmlwriter.c -o /Users/yutaro/project-profit-ios/artifacts/release-quality/canonical-e2e/DerivedData/Build/Intermediates.noindex/libxlsxwriter.build/Debug-iphonesimulator/libxlsxwriter.build/Objects-normal/arm64/xmlwriter.o -index-unit-output-path /libxlsxwriter.build/Debug-iphonesimulator/libxlsxwriter.build/Objects-normal/arm64/xmlwriter.o

ScanDependencies /Users/yutaro/project-profit-ios/artifacts/release-quality/canonical-e2e/DerivedData/Build/Intermediates.noindex/libxlsxwriter.build/Debug-iphonesimulator/libxlsxwriter.build/Objects-normal/arm64/workbook.o /Users/yutaro/project-profit-ios/artifacts/release-quality/canonical-e2e/DerivedData/SourcePackages/checkouts/libxlsxwriter/src/workbook.c normal arm64 c com.apple.compilers.llvm.clang.1_0.compiler (in target 'libxlsxwriter' from project 'libxlsxwriter')
    cd /Users/yutaro/project-profit-ios/ProjectProfit.xcodeproj
    
    Using response file: /Users/yutaro/project-profit-ios/artifacts/release-quality/canonical-e2e/DerivedData/Build/Intermediates.noindex/libxlsxwriter.build/Debug-iphonesimulator/libxlsxwriter.build/Objects-normal/arm64/7187679823f38a2a940e0043cdf9d637-common-args.resp
    
    builtin-ScanDependencies -o /Users/yutaro/project-profit-ios/artifacts/release-quality/canonical-e2e/DerivedData/Build/Intermediates.noindex/libxlsxwriter.build/Debug-iphonesimulator/libxlsxwriter.build/Objects-normal/arm64/workbook.o.scan -- /Applications/Xcode-26.3.app/Contents/Developer/Toolchains/XcodeDefault.xctoolchain/usr/bin/clang -x c -ivfsstatcache /Users/yutaro/project-profit-ios/artifacts/release-quality/canonical-e2e/DerivedData/SDKStatCaches.noindex/iphonesimulator26.2-23C57-91db6bf2b9df79783d042ed3cc29a58e.sdkstatcache -fmessage-length\=0 -fdiagnostics-show-note-include-stack -fmacro-backtrace-limit\=0 -fno-color-diagnostics -fmodules-prune-interval\=86400 -fmodules-prune-after\=345600 -fbuild-session-file\=/Users/yutaro/project-profit-ios/artifacts/release-quality/canonical-e2e/DerivedData/ModuleCache.noindex/Session.modulevalidation -fmodules-validate-once-per-build-session -Wnon-modular-include-in-framework-module -Werror\=non-modular-include-in-framework-module -Wno-trigraphs -Wno-missing-field-initializers -Wno-missing-prototypes -Wno-return-type -Wno-missing-braces -Wparentheses -Wswitch -Wno-unused-function -Wno-unused-label -Wno-unused-parameter -Wno-unused-variable -Wunused-value -Wno-empty-body -Wno-uninitialized -Wno-unknown-pragmas -w -Wno-shadow -Wno-four-char-constants -Wno-conversion -Wno-constant-conversion -Wno-int-conversion -Wno-bool-conversion -Wno-enum-conversion -Wno-float-conversion -Wno-non-literal-null-conversion -Wno-objc-literal-conversion -Wshorten-64-to-32 -Wpointer-sign -Wno-newline-eof -Wno-implicit-fallthrough -fstrict-aliasing -Wdeprecated-declarations -Wno-sign-conversion -Wno-infinite-recursion -Wno-comma -Wno-block-capture-autoreleasing -Wno-strict-prototypes -Wno-semicolon-before-method-body -index-store-path /Users/yutaro/project-profit-ios/artifacts/release-quality/canonical-e2e/DerivedData/Index.noindex/DataStore @/Users/yutaro/project-profit-ios/artifacts/release-quality/canonical-e2e/DerivedData/Build/Intermediates.noindex/libxlsxwriter.build/Debug-iphonesimulator/libxlsxwriter.build/Objects-normal/arm64/7187679823f38a2a940e0043cdf9d637-common-args.resp -MMD -MT dependencies -MF /Users/yutaro/project-profit-ios/artifacts/release-quality/canonical-e2e/DerivedData/Build/Intermediates.noindex/libxlsxwriter.build/Debug-iphonesimulator/libxlsxwriter.build/Objects-normal/arm64/workbook.d --serialize-diagnostics /Users/yutaro/project-profit-ios/artifacts/release-quality/canonical-e2e/DerivedData/Build/Intermediates.noindex/libxlsxwriter.build/Debug-iphonesimulator/libxlsxwriter.build/Objects-normal/arm64/workbook.dia -c /Users/yutaro/project-profit-ios/artifacts/release-quality/canonical-e2e/DerivedData/SourcePackages/checkouts/libxlsxwriter/src/workbook.c -o /Users/yutaro/project-profit-ios/artifacts/release-quality/canonical-e2e/DerivedData/Build/Intermediates.noindex/libxlsxwriter.build/Debug-iphonesimulator/libxlsxwriter.build/Objects-normal/arm64/workbook.o -index-unit-output-path /libxlsxwriter.build/Debug-iphonesimulator/libxlsxwriter.build/Objects-normal/arm64/workbook.o

ScanDependencies /Users/yutaro/project-profit-ios/artifacts/release-quality/canonical-e2e/DerivedData/Build/Intermediates.noindex/libxlsxwriter.build/Debug-iphonesimulator/libxlsxwriter.build/Objects-normal/arm64/vml.o /Users/yutaro/project-profit-ios/artifacts/release-quality/canonical-e2e/DerivedData/SourcePackages/checkouts/libxlsxwriter/src/vml.c normal arm64 c com.apple.compilers.llvm.clang.1_0.compiler (in target 'libxlsxwriter' from project 'libxlsxwriter')
    cd /Users/yutaro/project-profit-ios/ProjectProfit.xcodeproj
    
    Using response file: /Users/yutaro/project-profit-ios/artifacts/release-quality/canonical-e2e/DerivedData/Build/Intermediates.noindex/libxlsxwriter.build/Debug-iphonesimulator/libxlsxwriter.build/Objects-normal/arm64/7187679823f38a2a940e0043cdf9d637-common-args.resp
    
    builtin-ScanDependencies -o /Users/yutaro/project-profit-ios/artifacts/release-quality/canonical-e2e/DerivedData/Build/Intermediates.noindex/libxlsxwriter.build/Debug-iphonesimulator/libxlsxwriter.build/Objects-normal/arm64/vml.o.scan -- /Applications/Xcode-26.3.app/Contents/Developer/Toolchains/XcodeDefault.xctoolchain/usr/bin/clang -x c -ivfsstatcache /Users/yutaro/project-profit-ios/artifacts/release-quality/canonical-e2e/DerivedData/SDKStatCaches.noindex/iphonesimulator26.2-23C57-91db6bf2b9df79783d042ed3cc29a58e.sdkstatcache -fmessage-length\=0 -fdiagnostics-show-note-include-stack -fmacro-backtrace-limit\=0 -fno-color-diagnostics -fmodules-prune-interval\=86400 -fmodules-prune-after\=345600 -fbuild-session-file\=/Users/yutaro/project-profit-ios/artifacts/release-quality/canonical-e2e/DerivedData/ModuleCache.noindex/Session.modulevalidation -fmodules-validate-once-per-build-session -Wnon-modular-include-in-framework-module -Werror\=non-modular-include-in-framework-module -Wno-trigraphs -Wno-missing-field-initializers -Wno-missing-prototypes -Wno-return-type -Wno-missing-braces -Wparentheses -Wswitch -Wno-unused-function -Wno-unused-label -Wno-unused-parameter -Wno-unused-variable -Wunused-value -Wno-empty-body -Wno-uninitialized -Wno-unknown-pragmas -w -Wno-shadow -Wno-four-char-constants -Wno-conversion -Wno-constant-conversion -Wno-int-conversion -Wno-bool-conversion -Wno-enum-conversion -Wno-float-conversion -Wno-non-literal-null-conversion -Wno-objc-literal-conversion -Wshorten-64-to-32 -Wpointer-sign -Wno-newline-eof -Wno-implicit-fallthrough -fstrict-aliasing -Wdeprecated-declarations -Wno-sign-conversion -Wno-infinite-recursion -Wno-comma -Wno-block-capture-autoreleasing -Wno-strict-prototypes -Wno-semicolon-before-method-body -index-store-path /Users/yutaro/project-profit-ios/artifacts/release-quality/canonical-e2e/DerivedData/Index.noindex/DataStore @/Users/yutaro/project-profit-ios/artifacts/release-quality/canonical-e2e/DerivedData/Build/Intermediates.noindex/libxlsxwriter.build/Debug-iphonesimulator/libxlsxwriter.build/Objects-normal/arm64/7187679823f38a2a940e0043cdf9d637-common-args.resp -MMD -MT dependencies -MF /Users/yutaro/project-profit-ios/artifacts/release-quality/canonical-e2e/DerivedData/Build/Intermediates.noindex/libxlsxwriter.build/Debug-iphonesimulator/libxlsxwriter.build/Objects-normal/arm64/vml.d --serialize-diagnostics /Users/yutaro/project-profit-ios/artifacts/release-quality/canonical-e2e/DerivedData/Build/Intermediates.noindex/libxlsxwriter.build/Debug-iphonesimulator/libxlsxwriter.build/Objects-normal/arm64/vml.dia -c /Users/yutaro/project-profit-ios/artifacts/release-quality/canonical-e2e/DerivedData/SourcePackages/checkouts/libxlsxwriter/src/vml.c -o /Users/yutaro/project-profit-ios/artifacts/release-quality/canonical-e2e/DerivedData/Build/Intermediates.noindex/libxlsxwriter.build/Debug-iphonesimulator/libxlsxwriter.build/Objects-normal/arm64/vml.o -index-unit-output-path /libxlsxwriter.build/Debug-iphonesimulator/libxlsxwriter.build/Objects-normal/arm64/vml.o

ScanDependencies /Users/yutaro/project-profit-ios/artifacts/release-quality/canonical-e2e/DerivedData/Build/Intermediates.noindex/libxlsxwriter.build/Debug-iphonesimulator/libxlsxwriter.build/Objects-normal/arm64/utility.o /Users/yutaro/project-profit-ios/artifacts/release-quality/canonical-e2e/DerivedData/SourcePackages/checkouts/libxlsxwriter/src/utility.c normal arm64 c com.apple.compilers.llvm.clang.1_0.compiler (in target 'libxlsxwriter' from project 'libxlsxwriter')
    cd /Users/yutaro/project-profit-ios/ProjectProfit.xcodeproj
    
    Using response file: /Users/yutaro/project-profit-ios/artifacts/release-quality/canonical-e2e/DerivedData/Build/Intermediates.noindex/libxlsxwriter.build/Debug-iphonesimulator/libxlsxwriter.build/Objects-normal/arm64/7187679823f38a2a940e0043cdf9d637-common-args.resp
    
    builtin-ScanDependencies -o /Users/yutaro/project-profit-ios/artifacts/release-quality/canonical-e2e/DerivedData/Build/Intermediates.noindex/libxlsxwriter.build/Debug-iphonesimulator/libxlsxwriter.build/Objects-normal/arm64/utility.o.scan -- /Applications/Xcode-26.3.app/Contents/Developer/Toolchains/XcodeDefault.xctoolchain/usr/bin/clang -x c -ivfsstatcache /Users/yutaro/project-profit-ios/artifacts/release-quality/canonical-e2e/DerivedData/SDKStatCaches.noindex/iphonesimulator26.2-23C57-91db6bf2b9df79783d042ed3cc29a58e.sdkstatcache -fmessage-length\=0 -fdiagnostics-show-note-include-stack -fmacro-backtrace-limit\=0 -fno-color-diagnostics -fmodules-prune-interval\=86400 -fmodules-prune-after\=345600 -fbuild-session-file\=/Users/yutaro/project-profit-ios/artifacts/release-quality/canonical-e2e/DerivedData/ModuleCache.noindex/Session.modulevalidation -fmodules-validate-once-per-build-session -Wnon-modular-include-in-framework-module -Werror\=non-modular-include-in-framework-module -Wno-trigraphs -Wno-missing-field-initializers -Wno-missing-prototypes -Wno-return-type -Wno-missing-braces -Wparentheses -Wswitch -Wno-unused-function -Wno-unused-label -Wno-unused-parameter -Wno-unused-variable -Wunused-value -Wno-empty-body -Wno-uninitialized -Wno-unknown-pragmas -w -Wno-shadow -Wno-four-char-constants -Wno-conversion -Wno-constant-conversion -Wno-int-conversion -Wno-bool-conversion -Wno-enum-conversion -Wno-float-conversion -Wno-non-literal-null-conversion -Wno-objc-literal-conversion -Wshorten-64-to-32 -Wpointer-sign -Wno-newline-eof -Wno-implicit-fallthrough -fstrict-aliasing -Wdeprecated-declarations -Wno-sign-conversion -Wno-infinite-recursion -Wno-comma -Wno-block-capture-autoreleasing -Wno-strict-prototypes -Wno-semicolon-before-method-body -index-store-path /Users/yutaro/project-profit-ios/artifacts/release-quality/canonical-e2e/DerivedData/Index.noindex/DataStore @/Users/yutaro/project-profit-ios/artifacts/release-quality/canonical-e2e/DerivedData/Build/Intermediates.noindex/libxlsxwriter.build/Debug-iphonesimulator/libxlsxwriter.build/Objects-normal/arm64/7187679823f38a2a940e0043cdf9d637-common-args.resp -MMD -MT dependencies -MF /Users/yutaro/project-profit-ios/artifacts/release-quality/canonical-e2e/DerivedData/Build/Intermediates.noindex/libxlsxwriter.build/Debug-iphonesimulator/libxlsxwriter.build/Objects-normal/arm64/utility.d --serialize-diagnostics /Users/yutaro/project-profit-ios/artifacts/release-quality/canonical-e2e/DerivedData/Build/Intermediates.noindex/libxlsxwriter.build/Debug-iphonesimulator/libxlsxwriter.build/Objects-normal/arm64/utility.dia -c /Users/yutaro/project-profit-ios/artifacts/release-quality/canonical-e2e/DerivedData/SourcePackages/checkouts/libxlsxwriter/src/utility.c -o /Users/yutaro/project-profit-ios/artifacts/release-quality/canonical-e2e/DerivedData/Build/Intermediates.noindex/libxlsxwriter.build/Debug-iphonesimulator/libxlsxwriter.build/Objects-normal/arm64/utility.o -index-unit-output-path /libxlsxwriter.build/Debug-iphonesimulator/libxlsxwriter.build/Objects-normal/arm64/utility.o

ScanDependencies /Users/yutaro/project-profit-ios/artifacts/release-quality/canonical-e2e/DerivedData/Build/Intermediates.noindex/libxlsxwriter.build/Debug-iphonesimulator/libxlsxwriter.build/Objects-normal/arm64/tmpfileplus.o /Users/yutaro/project-profit-ios/artifacts/release-quality/canonical-e2e/DerivedData/SourcePackages/checkouts/libxlsxwriter/third_party/tmpfileplus/tmpfileplus.c normal arm64 c com.apple.compilers.llvm.clang.1_0.compiler (in target 'libxlsxwriter' from project 'libxlsxwriter')
    cd /Users/yutaro/project-profit-ios/ProjectProfit.xcodeproj
    
    Using response file: /Users/yutaro/project-profit-ios/artifacts/release-quality/canonical-e2e/DerivedData/Build/Intermediates.noindex/libxlsxwriter.build/Debug-iphonesimulator/libxlsxwriter.build/Objects-normal/arm64/7187679823f38a2a940e0043cdf9d637-common-args.resp
    
    builtin-ScanDependencies -o /Users/yutaro/project-profit-ios/artifacts/release-quality/canonical-e2e/DerivedData/Build/Intermediates.noindex/libxlsxwriter.build/Debug-iphonesimulator/libxlsxwriter.build/Objects-normal/arm64/tmpfileplus.o.scan -- /Applications/Xcode-26.3.app/Contents/Developer/Toolchains/XcodeDefault.xctoolchain/usr/bin/clang -x c -ivfsstatcache /Users/yutaro/project-profit-ios/artifacts/release-quality/canonical-e2e/DerivedData/SDKStatCaches.noindex/iphonesimulator26.2-23C57-91db6bf2b9df79783d042ed3cc29a58e.sdkstatcache -fmessage-length\=0 -fdiagnostics-show-note-include-stack -fmacro-backtrace-limit\=0 -fno-color-diagnostics -fmodules-prune-interval\=86400 -fmodules-prune-after\=345600 -fbuild-session-file\=/Users/yutaro/project-profit-ios/artifacts/release-quality/canonical-e2e/DerivedData/ModuleCache.noindex/Session.modulevalidation -fmodules-validate-once-per-build-session -Wnon-modular-include-in-framework-module -Werror\=non-modular-include-in-framework-module -Wno-trigraphs -Wno-missing-field-initializers -Wno-missing-prototypes -Wno-return-type -Wno-missing-braces -Wparentheses -Wswitch -Wno-unused-function -Wno-unused-label -Wno-unused-parameter -Wno-unused-variable -Wunused-value -Wno-empty-body -Wno-uninitialized -Wno-unknown-pragmas -w -Wno-shadow -Wno-four-char-constants -Wno-conversion -Wno-constant-conversion -Wno-int-conversion -Wno-bool-conversion -Wno-enum-conversion -Wno-float-conversion -Wno-non-literal-null-conversion -Wno-objc-literal-conversion -Wshorten-64-to-32 -Wpointer-sign -Wno-newline-eof -Wno-implicit-fallthrough -fstrict-aliasing -Wdeprecated-declarations -Wno-sign-conversion -Wno-infinite-recursion -Wno-comma -Wno-block-capture-autoreleasing -Wno-strict-prototypes -Wno-semicolon-before-method-body -index-store-path /Users/yutaro/project-profit-ios/artifacts/release-quality/canonical-e2e/DerivedData/Index.noindex/DataStore @/Users/yutaro/project-profit-ios/artifacts/release-quality/canonical-e2e/DerivedData/Build/Intermediates.noindex/libxlsxwriter.build/Debug-iphonesimulator/libxlsxwriter.build/Objects-normal/arm64/7187679823f38a2a940e0043cdf9d637-common-args.resp -MMD -MT dependencies -MF /Users/yutaro/project-profit-ios/artifacts/release-quality/canonical-e2e/DerivedData/Build/Intermediates.noindex/libxlsxwriter.build/Debug-iphonesimulator/libxlsxwriter.build/Objects-normal/arm64/tmpfileplus.d --serialize-diagnostics /Users/yutaro/project-profit-ios/artifacts/release-quality/canonical-e2e/DerivedData/Build/Intermediates.noindex/libxlsxwriter.build/Debug-iphonesimulator/libxlsxwriter.build/Objects-normal/arm64/tmpfileplus.dia -c /Users/yutaro/project-profit-ios/artifacts/release-quality/canonical-e2e/DerivedData/SourcePackages/checkouts/libxlsxwriter/third_party/tmpfileplus/tmpfileplus.c -o /Users/yutaro/project-profit-ios/artifacts/release-quality/canonical-e2e/DerivedData/Build/Intermediates.noindex/libxlsxwriter.build/Debug-iphonesimulator/libxlsxwriter.build/Objects-normal/arm64/tmpfileplus.o -index-unit-output-path /libxlsxwriter.build/Debug-iphonesimulator/libxlsxwriter.build/Objects-normal/arm64/tmpfileplus.o

ScanDependencies /Users/yutaro/project-profit-ios/artifacts/release-quality/canonical-e2e/DerivedData/Build/Intermediates.noindex/libxlsxwriter.build/Debug-iphonesimulator/libxlsxwriter.build/Objects-normal/arm64/theme.o /Users/yutaro/project-profit-ios/artifacts/release-quality/canonical-e2e/DerivedData/SourcePackages/checkouts/libxlsxwriter/src/theme.c normal arm64 c com.apple.compilers.llvm.clang.1_0.compiler (in target 'libxlsxwriter' from project 'libxlsxwriter')
    cd /Users/yutaro/project-profit-ios/ProjectProfit.xcodeproj
    
    Using response file: /Users/yutaro/project-profit-ios/artifacts/release-quality/canonical-e2e/DerivedData/Build/Intermediates.noindex/libxlsxwriter.build/Debug-iphonesimulator/libxlsxwriter.build/Objects-normal/arm64/7187679823f38a2a940e0043cdf9d637-common-args.resp
    
    builtin-ScanDependencies -o /Users/yutaro/project-profit-ios/artifacts/release-quality/canonical-e2e/DerivedData/Build/Intermediates.noindex/libxlsxwriter.build/Debug-iphonesimulator/libxlsxwriter.build/Objects-normal/arm64/theme.o.scan -- /Applications/Xcode-26.3.app/Contents/Developer/Toolchains/XcodeDefault.xctoolchain/usr/bin/clang -x c -ivfsstatcache /Users/yutaro/project-profit-ios/artifacts/release-quality/canonical-e2e/DerivedData/SDKStatCaches.noindex/iphonesimulator26.2-23C57-91db6bf2b9df79783d042ed3cc29a58e.sdkstatcache -fmessage-length\=0 -fdiagnostics-show-note-include-stack -fmacro-backtrace-limit\=0 -fno-color-diagnostics -fmodules-prune-interval\=86400 -fmodules-prune-after\=345600 -fbuild-session-file\=/Users/yutaro/project-profit-ios/artifacts/release-quality/canonical-e2e/DerivedData/ModuleCache.noindex/Session.modulevalidation -fmodules-validate-once-per-build-session -Wnon-modular-include-in-framework-module -Werror\=non-modular-include-in-framework-module -Wno-trigraphs -Wno-missing-field-initializers -Wno-missing-prototypes -Wno-return-type -Wno-missing-braces -Wparentheses -Wswitch -Wno-unused-function -Wno-unused-label -Wno-unused-parameter -Wno-unused-variable -Wunused-value -Wno-empty-body -Wno-uninitialized -Wno-unknown-pragmas -w -Wno-shadow -Wno-four-char-constants -Wno-conversion -Wno-constant-conversion -Wno-int-conversion -Wno-bool-conversion -Wno-enum-conversion -Wno-float-conversion -Wno-non-literal-null-conversion -Wno-objc-literal-conversion -Wshorten-64-to-32 -Wpointer-sign -Wno-newline-eof -Wno-implicit-fallthrough -fstrict-aliasing -Wdeprecated-declarations -Wno-sign-conversion -Wno-infinite-recursion -Wno-comma -Wno-block-capture-autoreleasing -Wno-strict-prototypes -Wno-semicolon-before-method-body -index-store-path /Users/yutaro/project-profit-ios/artifacts/release-quality/canonical-e2e/DerivedData/Index.noindex/DataStore @/Users/yutaro/project-profit-ios/artifacts/release-quality/canonical-e2e/DerivedData/Build/Intermediates.noindex/libxlsxwriter.build/Debug-iphonesimulator/libxlsxwriter.build/Objects-normal/arm64/7187679823f38a2a940e0043cdf9d637-common-args.resp -MMD -MT dependencies -MF /Users/yutaro/project-profit-ios/artifacts/release-quality/canonical-e2e/DerivedData/Build/Intermediates.noindex/libxlsxwriter.build/Debug-iphonesimulator/libxlsxwriter.build/Objects-normal/arm64/theme.d --serialize-diagnostics /Users/yutaro/project-profit-ios/artifacts/release-quality/canonical-e2e/DerivedData/Build/Intermediates.noindex/libxlsxwriter.build/Debug-iphonesimulator/libxlsxwriter.build/Objects-normal/arm64/theme.dia -c /Users/yutaro/project-profit-ios/artifacts/release-quality/canonical-e2e/DerivedData/SourcePackages/checkouts/libxlsxwriter/src/theme.c -o /Users/yutaro/project-profit-ios/artifacts/release-quality/canonical-e2e/DerivedData/Build/Intermediates.noindex/libxlsxwriter.build/Debug-iphonesimulator/libxlsxwriter.build/Objects-normal/arm64/theme.o -index-unit-output-path /libxlsxwriter.build/Debug-iphonesimulator/libxlsxwriter.build/Objects-normal/arm64/theme.o

PrecompileModule /Users/yutaro/project-profit-ios/artifacts/release-quality/canonical-e2e/DerivedData/Build/Intermediates.noindex/ExplicitPrecompiledModules/_Builtin_stdarg-CCC2C4S2VG1TWCBNDVW7IMSV2.scan
    cd /
    builtin-precompileModule /Users/yutaro/project-profit-ios/artifacts/release-quality/canonical-e2e/DerivedData/Build/Intermediates.noindex/ExplicitPrecompiledModules/_Builtin_stdarg-CCC2C4S2VG1TWCBNDVW7IMSV2.scan

PrecompileModule /Users/yutaro/project-profit-ios/artifacts/release-quality/canonical-e2e/DerivedData/Build/Intermediates.noindex/ExplicitPrecompiledModules/_Builtin_stddef-MZCGS5JVAIR0Z24MPWJBNSQ5.scan
    cd /
    builtin-precompileModule /Users/yutaro/project-profit-ios/artifacts/release-quality/canonical-e2e/DerivedData/Build/Intermediates.noindex/ExplicitPrecompiledModules/_Builtin_stddef-MZCGS5JVAIR0Z24MPWJBNSQ5.scan

PrecompileModule /Users/yutaro/project-profit-ios/artifacts/release-quality/canonical-e2e/DerivedData/Build/Intermediates.noindex/ExplicitPrecompiledModules/ptrcheck-ACNQPYO5PVH2JR9ED9XPFJCHP.scan
    cd /
    builtin-precompileModule /Users/yutaro/project-profit-ios/artifacts/release-quality/canonical-e2e/DerivedData/Build/Intermediates.noindex/ExplicitPrecompiledModules/ptrcheck-ACNQPYO5PVH2JR9ED9XPFJCHP.scan

PrecompileModule /Users/yutaro/project-profit-ios/artifacts/release-quality/canonical-e2e/DerivedData/Build/Intermediates.noindex/ExplicitPrecompiledModules/_AvailabilityInternal-30HPH3CQTQABVP2ZN0SH7H28L.scan
    cd /
    builtin-precompileModule /Users/yutaro/project-profit-ios/artifacts/release-quality/canonical-e2e/DerivedData/Build/Intermediates.noindex/ExplicitPrecompiledModules/_AvailabilityInternal-30HPH3CQTQABVP2ZN0SH7H28L.scan

ScanDependencies /Users/yutaro/project-profit-ios/artifacts/release-quality/canonical-e2e/DerivedData/Build/Intermediates.noindex/libxlsxwriter.build/Debug-iphonesimulator/libxlsxwriter.build/Objects-normal/arm64/table.o /Users/yutaro/project-profit-ios/artifacts/release-quality/canonical-e2e/DerivedData/SourcePackages/checkouts/libxlsxwriter/src/table.c normal arm64 c com.apple.compilers.llvm.clang.1_0.compiler (in target 'libxlsxwriter' from project 'libxlsxwriter')
    cd /Users/yutaro/project-profit-ios/ProjectProfit.xcodeproj
    
    Using response file: /Users/yutaro/project-profit-ios/artifacts/release-quality/canonical-e2e/DerivedData/Build/Intermediates.noindex/libxlsxwriter.build/Debug-iphonesimulator/libxlsxwriter.build/Objects-normal/arm64/7187679823f38a2a940e0043cdf9d637-common-args.resp
    
    builtin-ScanDependencies -o /Users/yutaro/project-profit-ios/artifacts/release-quality/canonical-e2e/DerivedData/Build/Intermediates.noindex/libxlsxwriter.build/Debug-iphonesimulator/libxlsxwriter.build/Objects-normal/arm64/table.o.scan -- /Applications/Xcode-26.3.app/Contents/Developer/Toolchains/XcodeDefault.xctoolchain/usr/bin/clang -x c -ivfsstatcache /Users/yutaro/project-profit-ios/artifacts/release-quality/canonical-e2e/DerivedData/SDKStatCaches.noindex/iphonesimulator26.2-23C57-91db6bf2b9df79783d042ed3cc29a58e.sdkstatcache -fmessage-length\=0 -fdiagnostics-show-note-include-stack -fmacro-backtrace-limit\=0 -fno-color-diagnostics -fmodules-prune-interval\=86400 -fmodules-prune-after\=345600 -fbuild-session-file\=/Users/yutaro/project-profit-ios/artifacts/release-quality/canonical-e2e/DerivedData/ModuleCache.noindex/Session.modulevalidation -fmodules-validate-once-per-build-session -Wnon-modular-include-in-framework-module -Werror\=non-modular-include-in-framework-module -Wno-trigraphs -Wno-missing-field-initializers -Wno-missing-prototypes -Wno-return-type -Wno-missing-braces -Wparentheses -Wswitch -Wno-unused-function -Wno-unused-label -Wno-unused-parameter -Wno-unused-variable -Wunused-value -Wno-empty-body -Wno-uninitialized -Wno-unknown-pragmas -w -Wno-shadow -Wno-four-char-constants -Wno-conversion -Wno-constant-conversion -Wno-int-conversion -Wno-bool-conversion -Wno-enum-conversion -Wno-float-conversion -Wno-non-literal-null-conversion -Wno-objc-literal-conversion -Wshorten-64-to-32 -Wpointer-sign -Wno-newline-eof -Wno-implicit-fallthrough -fstrict-aliasing -Wdeprecated-declarations -Wno-sign-conversion -Wno-infinite-recursion -Wno-comma -Wno-block-capture-autoreleasing -Wno-strict-prototypes -Wno-semicolon-before-method-body -index-store-path /Users/yutaro/project-profit-ios/artifacts/release-quality/canonical-e2e/DerivedData/Index.noindex/DataStore @/Users/yutaro/project-profit-ios/artifacts/release-quality/canonical-e2e/DerivedData/Build/Intermediates.noindex/libxlsxwriter.build/Debug-iphonesimulator/libxlsxwriter.build/Objects-normal/arm64/7187679823f38a2a940e0043cdf9d637-common-args.resp -MMD -MT dependencies -MF /Users/yutaro/project-profit-ios/artifacts/release-quality/canonical-e2e/DerivedData/Build/Intermediates.noindex/libxlsxwriter.build/Debug-iphonesimulator/libxlsxwriter.build/Objects-normal/arm64/table.d --serialize-diagnostics /Users/yutaro/project-profit-ios/artifacts/release-quality/canonical-e2e/DerivedData/Build/Intermediates.noindex/libxlsxwriter.build/Debug-iphonesimulator/libxlsxwriter.build/Objects-normal/arm64/table.dia -c /Users/yutaro/project-profit-ios/artifacts/release-quality/canonical-e2e/DerivedData/SourcePackages/checkouts/libxlsxwriter/src/table.c -o /Users/yutaro/project-profit-ios/artifacts/release-quality/canonical-e2e/DerivedData/Build/Intermediates.noindex/libxlsxwriter.build/Debug-iphonesimulator/libxlsxwriter.build/Objects-normal/arm64/table.o -index-unit-output-path /libxlsxwriter.build/Debug-iphonesimulator/libxlsxwriter.build/Objects-normal/arm64/table.o

ScanDependencies /Users/yutaro/project-profit-ios/artifacts/release-quality/canonical-e2e/DerivedData/Build/Intermediates.noindex/libxlsxwriter.build/Debug-iphonesimulator/libxlsxwriter.build/Objects-normal/arm64/styles.o /Users/yutaro/project-profit-ios/artifacts/release-quality/canonical-e2e/DerivedData/SourcePackages/checkouts/libxlsxwriter/src/styles.c normal arm64 c com.apple.compilers.llvm.clang.1_0.compiler (in target 'libxlsxwriter' from project 'libxlsxwriter')
    cd /Users/yutaro/project-profit-ios/ProjectProfit.xcodeproj
    
    Using response file: /Users/yutaro/project-profit-ios/artifacts/release-quality/canonical-e2e/DerivedData/Build/Intermediates.noindex/libxlsxwriter.build/Debug-iphonesimulator/libxlsxwriter.build/Objects-normal/arm64/7187679823f38a2a940e0043cdf9d637-common-args.resp
    
    builtin-ScanDependencies -o /Users/yutaro/project-profit-ios/artifacts/release-quality/canonical-e2e/DerivedData/Build/Intermediates.noindex/libxlsxwriter.build/Debug-iphonesimulator/libxlsxwriter.build/Objects-normal/arm64/styles.o.scan -- /Applications/Xcode-26.3.app/Contents/Developer/Toolchains/XcodeDefault.xctoolchain/usr/bin/clang -x c -ivfsstatcache /Users/yutaro/project-profit-ios/artifacts/release-quality/canonical-e2e/DerivedData/SDKStatCaches.noindex/iphonesimulator26.2-23C57-91db6bf2b9df79783d042ed3cc29a58e.sdkstatcache -fmessage-length\=0 -fdiagnostics-show-note-include-stack -fmacro-backtrace-limit\=0 -fno-color-diagnostics -fmodules-prune-interval\=86400 -fmodules-prune-after\=345600 -fbuild-session-file\=/Users/yutaro/project-profit-ios/artifacts/release-quality/canonical-e2e/DerivedData/ModuleCache.noindex/Session.modulevalidation -fmodules-validate-once-per-build-session -Wnon-modular-include-in-framework-module -Werror\=non-modular-include-in-framework-module -Wno-trigraphs -Wno-missing-field-initializers -Wno-missing-prototypes -Wno-return-type -Wno-missing-braces -Wparentheses -Wswitch -Wno-unused-function -Wno-unused-label -Wno-unused-parameter -Wno-unused-variable -Wunused-value -Wno-empty-body -Wno-uninitialized -Wno-unknown-pragmas -w -Wno-shadow -Wno-four-char-constants -Wno-conversion -Wno-constant-conversion -Wno-int-conversion -Wno-bool-conversion -Wno-enum-conversion -Wno-float-conversion -Wno-non-literal-null-conversion -Wno-objc-literal-conversion -Wshorten-64-to-32 -Wpointer-sign -Wno-newline-eof -Wno-implicit-fallthrough -fstrict-aliasing -Wdeprecated-declarations -Wno-sign-conversion -Wno-infinite-recursion -Wno-comma -Wno-block-capture-autoreleasing -Wno-strict-prototypes -Wno-semicolon-before-method-body -index-store-path /Users/yutaro/project-profit-ios/artifacts/release-quality/canonical-e2e/DerivedData/Index.noindex/DataStore @/Users/yutaro/project-profit-ios/artifacts/release-quality/canonical-e2e/DerivedData/Build/Intermediates.noindex/libxlsxwriter.build/Debug-iphonesimulator/libxlsxwriter.build/Objects-normal/arm64/7187679823f38a2a940e0043cdf9d637-common-args.resp -MMD -MT dependencies -MF /Users/yutaro/project-profit-ios/artifacts/release-quality/canonical-e2e/DerivedData/Build/Intermediates.noindex/libxlsxwriter.build/Debug-iphonesimulator/libxlsxwriter.build/Objects-normal/arm64/styles.d --serialize-diagnostics /Users/yutaro/project-profit-ios/artifacts/release-quality/canonical-e2e/DerivedData/Build/Intermediates.noindex/libxlsxwriter.build/Debug-iphonesimulator/libxlsxwriter.build/Objects-normal/arm64/styles.dia -c /Users/yutaro/project-profit-ios/artifacts/release-quality/canonical-e2e/DerivedData/SourcePackages/checkouts/libxlsxwriter/src/styles.c -o /Users/yutaro/project-profit-ios/artifacts/release-quality/canonical-e2e/DerivedData/Build/Intermediates.noindex/libxlsxwriter.build/Debug-iphonesimulator/libxlsxwriter.build/Objects-normal/arm64/styles.o -index-unit-output-path /libxlsxwriter.build/Debug-iphonesimulator/libxlsxwriter.build/Objects-normal/arm64/styles.o

ScanDependencies /Users/yutaro/project-profit-ios/artifacts/release-quality/canonical-e2e/DerivedData/Build/Intermediates.noindex/libxlsxwriter.build/Debug-iphonesimulator/libxlsxwriter.build/Objects-normal/arm64/shared_strings.o /Users/yutaro/project-profit-ios/artifacts/release-quality/canonical-e2e/DerivedData/SourcePackages/checkouts/libxlsxwriter/src/shared_strings.c normal arm64 c com.apple.compilers.llvm.clang.1_0.compiler (in target 'libxlsxwriter' from project 'libxlsxwriter')
    cd /Users/yutaro/project-profit-ios/ProjectProfit.xcodeproj
    
    Using response file: /Users/yutaro/project-profit-ios/artifacts/release-quality/canonical-e2e/DerivedData/Build/Intermediates.noindex/libxlsxwriter.build/Debug-iphonesimulator/libxlsxwriter.build/Objects-normal/arm64/7187679823f38a2a940e0043cdf9d637-common-args.resp
    
    builtin-ScanDependencies -o /Users/yutaro/project-profit-ios/artifacts/release-quality/canonical-e2e/DerivedData/Build/Intermediates.noindex/libxlsxwriter.build/Debug-iphonesimulator/libxlsxwriter.build/Objects-normal/arm64/shared_strings.o.scan -- /Applications/Xcode-26.3.app/Contents/Developer/Toolchains/XcodeDefault.xctoolchain/usr/bin/clang -x c -ivfsstatcache /Users/yutaro/project-profit-ios/artifacts/release-quality/canonical-e2e/DerivedData/SDKStatCaches.noindex/iphonesimulator26.2-23C57-91db6bf2b9df79783d042ed3cc29a58e.sdkstatcache -fmessage-length\=0 -fdiagnostics-show-note-include-stack -fmacro-backtrace-limit\=0 -fno-color-diagnostics -fmodules-prune-interval\=86400 -fmodules-prune-after\=345600 -fbuild-session-file\=/Users/yutaro/project-profit-ios/artifacts/release-quality/canonical-e2e/DerivedData/ModuleCache.noindex/Session.modulevalidation -fmodules-validate-once-per-build-session -Wnon-modular-include-in-framework-module -Werror\=non-modular-include-in-framework-module -Wno-trigraphs -Wno-missing-field-initializers -Wno-missing-prototypes -Wno-return-type -Wno-missing-braces -Wparentheses -Wswitch -Wno-unused-function -Wno-unused-label -Wno-unused-parameter -Wno-unused-variable -Wunused-value -Wno-empty-body -Wno-uninitialized -Wno-unknown-pragmas -w -Wno-shadow -Wno-four-char-constants -Wno-conversion -Wno-constant-conversion -Wno-int-conversion -Wno-bool-conversion -Wno-enum-conversion -Wno-float-conversion -Wno-non-literal-null-conversion -Wno-objc-literal-conversion -Wshorten-64-to-32 -Wpointer-sign -Wno-newline-eof -Wno-implicit-fallthrough -fstrict-aliasing -Wdeprecated-declarations -Wno-sign-conversion -Wno-infinite-recursion -Wno-comma -Wno-block-capture-autoreleasing -Wno-strict-prototypes -Wno-semicolon-before-method-body -index-store-path /Users/yutaro/project-profit-ios/artifacts/release-quality/canonical-e2e/DerivedData/Index.noindex/DataStore @/Users/yutaro/project-profit-ios/artifacts/release-quality/canonical-e2e/DerivedData/Build/Intermediates.noindex/libxlsxwriter.build/Debug-iphonesimulator/libxlsxwriter.build/Objects-normal/arm64/7187679823f38a2a940e0043cdf9d637-common-args.resp -MMD -MT dependencies -MF /Users/yutaro/project-profit-ios/artifacts/release-quality/canonical-e2e/DerivedData/Build/Intermediates.noindex/libxlsxwriter.build/Debug-iphonesimulator/libxlsxwriter.build/Objects-normal/arm64/shared_strings.d --serialize-diagnostics /Users/yutaro/project-profit-ios/artifacts/release-quality/canonical-e2e/DerivedData/Build/Intermediates.noindex/libxlsxwriter.build/Debug-iphonesimulator/libxlsxwriter.build/Objects-normal/arm64/shared_strings.dia -c /Users/yutaro/project-profit-ios/artifacts/release-quality/canonical-e2e/DerivedData/SourcePackages/checkouts/libxlsxwriter/src/shared_strings.c -o /Users/yutaro/project-profit-ios/artifacts/release-quality/canonical-e2e/DerivedData/Build/Intermediates.noindex/libxlsxwriter.build/Debug-iphonesimulator/libxlsxwriter.build/Objects-normal/arm64/shared_strings.o -index-unit-output-path /libxlsxwriter.build/Debug-iphonesimulator/libxlsxwriter.build/Objects-normal/arm64/shared_strings.o

PrecompileModule /Users/yutaro/project-profit-ios/artifacts/release-quality/canonical-e2e/DerivedData/Build/Intermediates.noindex/ExplicitPrecompiledModules/_Builtin_stdbool-848UYM3IKK1YH8PX87N6HJP8W.scan
    cd /
    builtin-precompileModule /Users/yutaro/project-profit-ios/artifacts/release-quality/canonical-e2e/DerivedData/Build/Intermediates.noindex/ExplicitPrecompiledModules/_Builtin_stdbool-848UYM3IKK1YH8PX87N6HJP8W.scan

ScanDependencies /Users/yutaro/project-profit-ios/artifacts/release-quality/canonical-e2e/DerivedData/Build/Intermediates.noindex/libxlsxwriter.build/Debug-iphonesimulator/libxlsxwriter.build/Objects-normal/arm64/rich_value_types.o /Users/yutaro/project-profit-ios/artifacts/release-quality/canonical-e2e/DerivedData/SourcePackages/checkouts/libxlsxwriter/src/rich_value_types.c normal arm64 c com.apple.compilers.llvm.clang.1_0.compiler (in target 'libxlsxwriter' from project 'libxlsxwriter')
    cd /Users/yutaro/project-profit-ios/ProjectProfit.xcodeproj
    
    Using response file: /Users/yutaro/project-profit-ios/artifacts/release-quality/canonical-e2e/DerivedData/Build/Intermediates.noindex/libxlsxwriter.build/Debug-iphonesimulator/libxlsxwriter.build/Objects-normal/arm64/7187679823f38a2a940e0043cdf9d637-common-args.resp
    
    builtin-ScanDependencies -o /Users/yutaro/project-profit-ios/artifacts/release-quality/canonical-e2e/DerivedData/Build/Intermediates.noindex/libxlsxwriter.build/Debug-iphonesimulator/libxlsxwriter.build/Objects-normal/arm64/rich_value_types.o.scan -- /Applications/Xcode-26.3.app/Contents/Developer/Toolchains/XcodeDefault.xctoolchain/usr/bin/clang -x c -ivfsstatcache /Users/yutaro/project-profit-ios/artifacts/release-quality/canonical-e2e/DerivedData/SDKStatCaches.noindex/iphonesimulator26.2-23C57-91db6bf2b9df79783d042ed3cc29a58e.sdkstatcache -fmessage-length\=0 -fdiagnostics-show-note-include-stack -fmacro-backtrace-limit\=0 -fno-color-diagnostics -fmodules-prune-interval\=86400 -fmodules-prune-after\=345600 -fbuild-session-file\=/Users/yutaro/project-profit-ios/artifacts/release-quality/canonical-e2e/DerivedData/ModuleCache.noindex/Session.modulevalidation -fmodules-validate-once-per-build-session -Wnon-modular-include-in-framework-module -Werror\=non-modular-include-in-framework-module -Wno-trigraphs -Wno-missing-field-initializers -Wno-missing-prototypes -Wno-return-type -Wno-missing-braces -Wparentheses -Wswitch -Wno-unused-function -Wno-unused-label -Wno-unused-parameter -Wno-unused-variable -Wunused-value -Wno-empty-body -Wno-uninitialized -Wno-unknown-pragmas -w -Wno-shadow -Wno-four-char-constants -Wno-conversion -Wno-constant-conversion -Wno-int-conversion -Wno-bool-conversion -Wno-enum-conversion -Wno-float-conversion -Wno-non-literal-null-conversion -Wno-objc-literal-conversion -Wshorten-64-to-32 -Wpointer-sign -Wno-newline-eof -Wno-implicit-fallthrough -fstrict-aliasing -Wdeprecated-declarations -Wno-sign-conversion -Wno-infinite-recursion -Wno-comma -Wno-block-capture-autoreleasing -Wno-strict-prototypes -Wno-semicolon-before-method-body -index-store-path /Users/yutaro/project-profit-ios/artifacts/release-quality/canonical-e2e/DerivedData/Index.noindex/DataStore @/Users/yutaro/project-profit-ios/artifacts/release-quality/canonical-e2e/DerivedData/Build/Intermediates.noindex/libxlsxwriter.build/Debug-iphonesimulator/libxlsxwriter.build/Objects-normal/arm64/7187679823f38a2a940e0043cdf9d637-common-args.resp -MMD -MT dependencies -MF /Users/yutaro/project-profit-ios/artifacts/release-quality/canonical-e2e/DerivedData/Build/Intermediates.noindex/libxlsxwriter.build/Debug-iphonesimulator/libxlsxwriter.build/Objects-normal/arm64/rich_value_types.d --serialize-diagnostics /Users/yutaro/project-profit-ios/artifacts/release-quality/canonical-e2e/DerivedData/Build/Intermediates.noindex/libxlsxwriter.build/Debug-iphonesimulator/libxlsxwriter.build/Objects-normal/arm64/rich_value_types.dia -c /Users/yutaro/project-profit-ios/artifacts/release-quality/canonical-e2e/DerivedData/SourcePackages/checkouts/libxlsxwriter/src/rich_value_types.c -o /Users/yutaro/project-profit-ios/artifacts/release-quality/canonical-e2e/DerivedData/Build/Intermediates.noindex/libxlsxwriter.build/Debug-iphonesimulator/libxlsxwriter.build/Objects-normal/arm64/rich_value_types.o -index-unit-output-path /libxlsxwriter.build/Debug-iphonesimulator/libxlsxwriter.build/Objects-normal/arm64/rich_value_types.o

ScanDependencies /Users/yutaro/project-profit-ios/artifacts/release-quality/canonical-e2e/DerivedData/Build/Intermediates.noindex/libxlsxwriter.build/Debug-iphonesimulator/libxlsxwriter.build/Objects-normal/arm64/rich_value_structure.o /Users/yutaro/project-profit-ios/artifacts/release-quality/canonical-e2e/DerivedData/SourcePackages/checkouts/libxlsxwriter/src/rich_value_structure.c normal arm64 c com.apple.compilers.llvm.clang.1_0.compiler (in target 'libxlsxwriter' from project 'libxlsxwriter')
    cd /Users/yutaro/project-profit-ios/ProjectProfit.xcodeproj
    
    Using response file: /Users/yutaro/project-profit-ios/artifacts/release-quality/canonical-e2e/DerivedData/Build/Intermediates.noindex/libxlsxwriter.build/Debug-iphonesimulator/libxlsxwriter.build/Objects-normal/arm64/7187679823f38a2a940e0043cdf9d637-common-args.resp
    
    builtin-ScanDependencies -o /Users/yutaro/project-profit-ios/artifacts/release-quality/canonical-e2e/DerivedData/Build/Intermediates.noindex/libxlsxwriter.build/Debug-iphonesimulator/libxlsxwriter.build/Objects-normal/arm64/rich_value_structure.o.scan -- /Applications/Xcode-26.3.app/Contents/Developer/Toolchains/XcodeDefault.xctoolchain/usr/bin/clang -x c -ivfsstatcache /Users/yutaro/project-profit-ios/artifacts/release-quality/canonical-e2e/DerivedData/SDKStatCaches.noindex/iphonesimulator26.2-23C57-91db6bf2b9df79783d042ed3cc29a58e.sdkstatcache -fmessage-length\=0 -fdiagnostics-show-note-include-stack -fmacro-backtrace-limit\=0 -fno-color-diagnostics -fmodules-prune-interval\=86400 -fmodules-prune-after\=345600 -fbuild-session-file\=/Users/yutaro/project-profit-ios/artifacts/release-quality/canonical-e2e/DerivedData/ModuleCache.noindex/Session.modulevalidation -fmodules-validate-once-per-build-session -Wnon-modular-include-in-framework-module -Werror\=non-modular-include-in-framework-module -Wno-trigraphs -Wno-missing-field-initializers -Wno-missing-prototypes -Wno-return-type -Wno-missing-braces -Wparentheses -Wswitch -Wno-unused-function -Wno-unused-label -Wno-unused-parameter -Wno-unused-variable -Wunused-value -Wno-empty-body -Wno-uninitialized -Wno-unknown-pragmas -w -Wno-shadow -Wno-four-char-constants -Wno-conversion -Wno-constant-conversion -Wno-int-conversion -Wno-bool-conversion -Wno-enum-conversion -Wno-float-conversion -Wno-non-literal-null-conversion -Wno-objc-literal-conversion -Wshorten-64-to-32 -Wpointer-sign -Wno-newline-eof -Wno-implicit-fallthrough -fstrict-aliasing -Wdeprecated-declarations -Wno-sign-conversion -Wno-infinite-recursion -Wno-comma -Wno-block-capture-autoreleasing -Wno-strict-prototypes -Wno-semicolon-before-method-body -index-store-path /Users/yutaro/project-profit-ios/artifacts/release-quality/canonical-e2e/DerivedData/Index.noindex/DataStore @/Users/yutaro/project-profit-ios/artifacts/release-quality/canonical-e2e/DerivedData/Build/Intermediates.noindex/libxlsxwriter.build/Debug-iphonesimulator/libxlsxwriter.build/Objects-normal/arm64/7187679823f38a2a940e0043cdf9d637-common-args.resp -MMD -MT dependencies -MF /Users/yutaro/project-profit-ios/artifacts/release-quality/canonical-e2e/DerivedData/Build/Intermediates.noindex/libxlsxwriter.build/Debug-iphonesimulator/libxlsxwriter.build/Objects-normal/arm64/rich_value_structure.d --serialize-diagnostics /Users/yutaro/project-profit-ios/artifacts/release-quality/canonical-e2e/DerivedData/Build/Intermediates.noindex/libxlsxwriter.build/Debug-iphonesimulator/libxlsxwriter.build/Objects-normal/arm64/rich_value_structure.dia -c /Users/yutaro/project-profit-ios/artifacts/release-quality/canonical-e2e/DerivedData/SourcePackages/checkouts/libxlsxwriter/src/rich_value_structure.c -o /Users/yutaro/project-profit-ios/artifacts/release-quality/canonical-e2e/DerivedData/Build/Intermediates.noindex/libxlsxwriter.build/Debug-iphonesimulator/libxlsxwriter.build/Objects-normal/arm64/rich_value_structure.o -index-unit-output-path /libxlsxwriter.build/Debug-iphonesimulator/libxlsxwriter.build/Objects-normal/arm64/rich_value_structure.o

ScanDependencies /Users/yutaro/project-profit-ios/artifacts/release-quality/canonical-e2e/DerivedData/Build/Intermediates.noindex/libxlsxwriter.build/Debug-iphonesimulator/libxlsxwriter.build/Objects-normal/arm64/rich_value_rel.o /Users/yutaro/project-profit-ios/artifacts/release-quality/canonical-e2e/DerivedData/SourcePackages/checkouts/libxlsxwriter/src/rich_value_rel.c normal arm64 c com.apple.compilers.llvm.clang.1_0.compiler (in target 'libxlsxwriter' from project 'libxlsxwriter')
    cd /Users/yutaro/project-profit-ios/ProjectProfit.xcodeproj
    
    Using response file: /Users/yutaro/project-profit-ios/artifacts/release-quality/canonical-e2e/DerivedData/Build/Intermediates.noindex/libxlsxwriter.build/Debug-iphonesimulator/libxlsxwriter.build/Objects-normal/arm64/7187679823f38a2a940e0043cdf9d637-common-args.resp
    
    builtin-ScanDependencies -o /Users/yutaro/project-profit-ios/artifacts/release-quality/canonical-e2e/DerivedData/Build/Intermediates.noindex/libxlsxwriter.build/Debug-iphonesimulator/libxlsxwriter.build/Objects-normal/arm64/rich_value_rel.o.scan -- /Applications/Xcode-26.3.app/Contents/Developer/Toolchains/XcodeDefault.xctoolchain/usr/bin/clang -x c -ivfsstatcache /Users/yutaro/project-profit-ios/artifacts/release-quality/canonical-e2e/DerivedData/SDKStatCaches.noindex/iphonesimulator26.2-23C57-91db6bf2b9df79783d042ed3cc29a58e.sdkstatcache -fmessage-length\=0 -fdiagnostics-show-note-include-stack -fmacro-backtrace-limit\=0 -fno-color-diagnostics -fmodules-prune-interval\=86400 -fmodules-prune-after\=345600 -fbuild-session-file\=/Users/yutaro/project-profit-ios/artifacts/release-quality/canonical-e2e/DerivedData/ModuleCache.noindex/Session.modulevalidation -fmodules-validate-once-per-build-session -Wnon-modular-include-in-framework-module -Werror\=non-modular-include-in-framework-module -Wno-trigraphs -Wno-missing-field-initializers -Wno-missing-prototypes -Wno-return-type -Wno-missing-braces -Wparentheses -Wswitch -Wno-unused-function -Wno-unused-label -Wno-unused-parameter -Wno-unused-variable -Wunused-value -Wno-empty-body -Wno-uninitialized -Wno-unknown-pragmas -w -Wno-shadow -Wno-four-char-constants -Wno-conversion -Wno-constant-conversion -Wno-int-conversion -Wno-bool-conversion -Wno-enum-conversion -Wno-float-conversion -Wno-non-literal-null-conversion -Wno-objc-literal-conversion -Wshorten-64-to-32 -Wpointer-sign -Wno-newline-eof -Wno-implicit-fallthrough -fstrict-aliasing -Wdeprecated-declarations -Wno-sign-conversion -Wno-infinite-recursion -Wno-comma -Wno-block-capture-autoreleasing -Wno-strict-prototypes -Wno-semicolon-before-method-body -index-store-path /Users/yutaro/project-profit-ios/artifacts/release-quality/canonical-e2e/DerivedData/Index.noindex/DataStore @/Users/yutaro/project-profit-ios/artifacts/release-quality/canonical-e2e/DerivedData/Build/Intermediates.noindex/libxlsxwriter.build/Debug-iphonesimulator/libxlsxwriter.build/Objects-normal/arm64/7187679823f38a2a940e0043cdf9d637-common-args.resp -MMD -MT dependencies -MF /Users/yutaro/project-profit-ios/artifacts/release-quality/canonical-e2e/DerivedData/Build/Intermediates.noindex/libxlsxwriter.build/Debug-iphonesimulator/libxlsxwriter.build/Objects-normal/arm64/rich_value_rel.d --serialize-diagnostics /Users/yutaro/project-profit-ios/artifacts/release-quality/canonical-e2e/DerivedData/Build/Intermediates.noindex/libxlsxwriter.build/Debug-iphonesimulator/libxlsxwriter.build/Objects-normal/arm64/rich_value_rel.dia -c /Users/yutaro/project-profit-ios/artifacts/release-quality/canonical-e2e/DerivedData/SourcePackages/checkouts/libxlsxwriter/src/rich_value_rel.c -o /Users/yutaro/project-profit-ios/artifacts/release-quality/canonical-e2e/DerivedData/Build/Intermediates.noindex/libxlsxwriter.build/Debug-iphonesimulator/libxlsxwriter.build/Objects-normal/arm64/rich_value_rel.o -index-unit-output-path /libxlsxwriter.build/Debug-iphonesimulator/libxlsxwriter.build/Objects-normal/arm64/rich_value_rel.o

ScanDependencies /Users/yutaro/project-profit-ios/artifacts/release-quality/canonical-e2e/DerivedData/Build/Intermediates.noindex/libxlsxwriter.build/Debug-iphonesimulator/libxlsxwriter.build/Objects-normal/arm64/rich_value.o /Users/yutaro/project-profit-ios/artifacts/release-quality/canonical-e2e/DerivedData/SourcePackages/checkouts/libxlsxwriter/src/rich_value.c normal arm64 c com.apple.compilers.llvm.clang.1_0.compiler (in target 'libxlsxwriter' from project 'libxlsxwriter')
    cd /Users/yutaro/project-profit-ios/ProjectProfit.xcodeproj
    
    Using response file: /Users/yutaro/project-profit-ios/artifacts/release-quality/canonical-e2e/DerivedData/Build/Intermediates.noindex/libxlsxwriter.build/Debug-iphonesimulator/libxlsxwriter.build/Objects-normal/arm64/7187679823f38a2a940e0043cdf9d637-common-args.resp
    
    builtin-ScanDependencies -o /Users/yutaro/project-profit-ios/artifacts/release-quality/canonical-e2e/DerivedData/Build/Intermediates.noindex/libxlsxwriter.build/Debug-iphonesimulator/libxlsxwriter.build/Objects-normal/arm64/rich_value.o.scan -- /Applications/Xcode-26.3.app/Contents/Developer/Toolchains/XcodeDefault.xctoolchain/usr/bin/clang -x c -ivfsstatcache /Users/yutaro/project-profit-ios/artifacts/release-quality/canonical-e2e/DerivedData/SDKStatCaches.noindex/iphonesimulator26.2-23C57-91db6bf2b9df79783d042ed3cc29a58e.sdkstatcache -fmessage-length\=0 -fdiagnostics-show-note-include-stack -fmacro-backtrace-limit\=0 -fno-color-diagnostics -fmodules-prune-interval\=86400 -fmodules-prune-after\=345600 -fbuild-session-file\=/Users/yutaro/project-profit-ios/artifacts/release-quality/canonical-e2e/DerivedData/ModuleCache.noindex/Session.modulevalidation -fmodules-validate-once-per-build-session -Wnon-modular-include-in-framework-module -Werror\=non-modular-include-in-framework-module -Wno-trigraphs -Wno-missing-field-initializers -Wno-missing-prototypes -Wno-return-type -Wno-missing-braces -Wparentheses -Wswitch -Wno-unused-function -Wno-unused-label -Wno-unused-parameter -Wno-unused-variable -Wunused-value -Wno-empty-body -Wno-uninitialized -Wno-unknown-pragmas -w -Wno-shadow -Wno-four-char-constants -Wno-conversion -Wno-constant-conversion -Wno-int-conversion -Wno-bool-conversion -Wno-enum-conversion -Wno-float-conversion -Wno-non-literal-null-conversion -Wno-objc-literal-conversion -Wshorten-64-to-32 -Wpointer-sign -Wno-newline-eof -Wno-implicit-fallthrough -fstrict-aliasing -Wdeprecated-declarations -Wno-sign-conversion -Wno-infinite-recursion -Wno-comma -Wno-block-capture-autoreleasing -Wno-strict-prototypes -Wno-semicolon-before-method-body -index-store-path /Users/yutaro/project-profit-ios/artifacts/release-quality/canonical-e2e/DerivedData/Index.noindex/DataStore @/Users/yutaro/project-profit-ios/artifacts/release-quality/canonical-e2e/DerivedData/Build/Intermediates.noindex/libxlsxwriter.build/Debug-iphonesimulator/libxlsxwriter.build/Objects-normal/arm64/7187679823f38a2a940e0043cdf9d637-common-args.resp -MMD -MT dependencies -MF /Users/yutaro/project-profit-ios/artifacts/release-quality/canonical-e2e/DerivedData/Build/Intermediates.noindex/libxlsxwriter.build/Debug-iphonesimulator/libxlsxwriter.build/Objects-normal/arm64/rich_value.d --serialize-diagnostics /Users/yutaro/project-profit-ios/artifacts/release-quality/canonical-e2e/DerivedData/Build/Intermediates.noindex/libxlsxwriter.build/Debug-iphonesimulator/libxlsxwriter.build/Objects-normal/arm64/rich_value.dia -c /Users/yutaro/project-profit-ios/artifacts/release-quality/canonical-e2e/DerivedData/SourcePackages/checkouts/libxlsxwriter/src/rich_value.c -o /Users/yutaro/project-profit-ios/artifacts/release-quality/canonical-e2e/DerivedData/Build/Intermediates.noindex/libxlsxwriter.build/Debug-iphonesimulator/libxlsxwriter.build/Objects-normal/arm64/rich_value.o -index-unit-output-path /libxlsxwriter.build/Debug-iphonesimulator/libxlsxwriter.build/Objects-normal/arm64/rich_value.o

ScanDependencies /Users/yutaro/project-profit-ios/artifacts/release-quality/canonical-e2e/DerivedData/Build/Intermediates.noindex/libxlsxwriter.build/Debug-iphonesimulator/libxlsxwriter.build/Objects-normal/arm64/relationships.o /Users/yutaro/project-profit-ios/artifacts/release-quality/canonical-e2e/DerivedData/SourcePackages/checkouts/libxlsxwriter/src/relationships.c normal arm64 c com.apple.compilers.llvm.clang.1_0.compiler (in target 'libxlsxwriter' from project 'libxlsxwriter')
    cd /Users/yutaro/project-profit-ios/ProjectProfit.xcodeproj
    
    Using response file: /Users/yutaro/project-profit-ios/artifacts/release-quality/canonical-e2e/DerivedData/Build/Intermediates.noindex/libxlsxwriter.build/Debug-iphonesimulator/libxlsxwriter.build/Objects-normal/arm64/7187679823f38a2a940e0043cdf9d637-common-args.resp
    
    builtin-ScanDependencies -o /Users/yutaro/project-profit-ios/artifacts/release-quality/canonical-e2e/DerivedData/Build/Intermediates.noindex/libxlsxwriter.build/Debug-iphonesimulator/libxlsxwriter.build/Objects-normal/arm64/relationships.o.scan -- /Applications/Xcode-26.3.app/Contents/Developer/Toolchains/XcodeDefault.xctoolchain/usr/bin/clang -x c -ivfsstatcache /Users/yutaro/project-profit-ios/artifacts/release-quality/canonical-e2e/DerivedData/SDKStatCaches.noindex/iphonesimulator26.2-23C57-91db6bf2b9df79783d042ed3cc29a58e.sdkstatcache -fmessage-length\=0 -fdiagnostics-show-note-include-stack -fmacro-backtrace-limit\=0 -fno-color-diagnostics -fmodules-prune-interval\=86400 -fmodules-prune-after\=345600 -fbuild-session-file\=/Users/yutaro/project-profit-ios/artifacts/release-quality/canonical-e2e/DerivedData/ModuleCache.noindex/Session.modulevalidation -fmodules-validate-once-per-build-session -Wnon-modular-include-in-framework-module -Werror\=non-modular-include-in-framework-module -Wno-trigraphs -Wno-missing-field-initializers -Wno-missing-prototypes -Wno-return-type -Wno-missing-braces -Wparentheses -Wswitch -Wno-unused-function -Wno-unused-label -Wno-unused-parameter -Wno-unused-variable -Wunused-value -Wno-empty-body -Wno-uninitialized -Wno-unknown-pragmas -w -Wno-shadow -Wno-four-char-constants -Wno-conversion -Wno-constant-conversion -Wno-int-conversion -Wno-bool-conversion -Wno-enum-conversion -Wno-float-conversion -Wno-non-literal-null-conversion -Wno-objc-literal-conversion -Wshorten-64-to-32 -Wpointer-sign -Wno-newline-eof -Wno-implicit-fallthrough -fstrict-aliasing -Wdeprecated-declarations -Wno-sign-conversion -Wno-infinite-recursion -Wno-comma -Wno-block-capture-autoreleasing -Wno-strict-prototypes -Wno-semicolon-before-method-body -index-store-path /Users/yutaro/project-profit-ios/artifacts/release-quality/canonical-e2e/DerivedData/Index.noindex/DataStore @/Users/yutaro/project-profit-ios/artifacts/release-quality/canonical-e2e/DerivedData/Build/Intermediates.noindex/libxlsxwriter.build/Debug-iphonesimulator/libxlsxwriter.build/Objects-normal/arm64/7187679823f38a2a940e0043cdf9d637-common-args.resp -MMD -MT dependencies -MF /Users/yutaro/project-profit-ios/artifacts/release-quality/canonical-e2e/DerivedData/Build/Intermediates.noindex/libxlsxwriter.build/Debug-iphonesimulator/libxlsxwriter.build/Objects-normal/arm64/relationships.d --serialize-diagnostics /Users/yutaro/project-profit-ios/artifacts/release-quality/canonical-e2e/DerivedData/Build/Intermediates.noindex/libxlsxwriter.build/Debug-iphonesimulator/libxlsxwriter.build/Objects-normal/arm64/relationships.dia -c /Users/yutaro/project-profit-ios/artifacts/release-quality/canonical-e2e/DerivedData/SourcePackages/checkouts/libxlsxwriter/src/relationships.c -o /Users/yutaro/project-profit-ios/artifacts/release-quality/canonical-e2e/DerivedData/Build/Intermediates.noindex/libxlsxwriter.build/Debug-iphonesimulator/libxlsxwriter.build/Objects-normal/arm64/relationships.o -index-unit-output-path /libxlsxwriter.build/Debug-iphonesimulator/libxlsxwriter.build/Objects-normal/arm64/relationships.o

ScanDependencies /Users/yutaro/project-profit-ios/artifacts/release-quality/canonical-e2e/DerivedData/Build/Intermediates.noindex/libxlsxwriter.build/Debug-iphonesimulator/libxlsxwriter.build/Objects-normal/arm64/packager.o /Users/yutaro/project-profit-ios/artifacts/release-quality/canonical-e2e/DerivedData/SourcePackages/checkouts/libxlsxwriter/src/packager.c normal arm64 c com.apple.compilers.llvm.clang.1_0.compiler (in target 'libxlsxwriter' from project 'libxlsxwriter')
    cd /Users/yutaro/project-profit-ios/ProjectProfit.xcodeproj
    
    Using response file: /Users/yutaro/project-profit-ios/artifacts/release-quality/canonical-e2e/DerivedData/Build/Intermediates.noindex/libxlsxwriter.build/Debug-iphonesimulator/libxlsxwriter.build/Objects-normal/arm64/7187679823f38a2a940e0043cdf9d637-common-args.resp
    
    builtin-ScanDependencies -o /Users/yutaro/project-profit-ios/artifacts/release-quality/canonical-e2e/DerivedData/Build/Intermediates.noindex/libxlsxwriter.build/Debug-iphonesimulator/libxlsxwriter.build/Objects-normal/arm64/packager.o.scan -- /Applications/Xcode-26.3.app/Contents/Developer/Toolchains/XcodeDefault.xctoolchain/usr/bin/clang -x c -ivfsstatcache /Users/yutaro/project-profit-ios/artifacts/release-quality/canonical-e2e/DerivedData/SDKStatCaches.noindex/iphonesimulator26.2-23C57-91db6bf2b9df79783d042ed3cc29a58e.sdkstatcache -fmessage-length\=0 -fdiagnostics-show-note-include-stack -fmacro-backtrace-limit\=0 -fno-color-diagnostics -fmodules-prune-interval\=86400 -fmodules-prune-after\=345600 -fbuild-session-file\=/Users/yutaro/project-profit-ios/artifacts/release-quality/canonical-e2e/DerivedData/ModuleCache.noindex/Session.modulevalidation -fmodules-validate-once-per-build-session -Wnon-modular-include-in-framework-module -Werror\=non-modular-include-in-framework-module -Wno-trigraphs -Wno-missing-field-initializers -Wno-missing-prototypes -Wno-return-type -Wno-missing-braces -Wparentheses -Wswitch -Wno-unused-function -Wno-unused-label -Wno-unused-parameter -Wno-unused-variable -Wunused-value -Wno-empty-body -Wno-uninitialized -Wno-unknown-pragmas -w -Wno-shadow -Wno-four-char-constants -Wno-conversion -Wno-constant-conversion -Wno-int-conversion -Wno-bool-conversion -Wno-enum-conversion -Wno-float-conversion -Wno-non-literal-null-conversion -Wno-objc-literal-conversion -Wshorten-64-to-32 -Wpointer-sign -Wno-newline-eof -Wno-implicit-fallthrough -fstrict-aliasing -Wdeprecated-declarations -Wno-sign-conversion -Wno-infinite-recursion -Wno-comma -Wno-block-capture-autoreleasing -Wno-strict-prototypes -Wno-semicolon-before-method-body -index-store-path /Users/yutaro/project-profit-ios/artifacts/release-quality/canonical-e2e/DerivedData/Index.noindex/DataStore @/Users/yutaro/project-profit-ios/artifacts/release-quality/canonical-e2e/DerivedData/Build/Intermediates.noindex/libxlsxwriter.build/Debug-iphonesimulator/libxlsxwriter.build/Objects-normal/arm64/7187679823f38a2a940e0043cdf9d637-common-args.resp -MMD -MT dependencies -MF /Users/yutaro/project-profit-ios/artifacts/release-quality/canonical-e2e/DerivedData/Build/Intermediates.noindex/libxlsxwriter.build/Debug-iphonesimulator/libxlsxwriter.build/Objects-normal/arm64/packager.d --serialize-diagnostics /Users/yutaro/project-profit-ios/artifacts/release-quality/canonical-e2e/DerivedData/Build/Intermediates.noindex/libxlsxwriter.build/Debug-iphonesimulator/libxlsxwriter.build/Objects-normal/arm64/packager.dia -c /Users/yutaro/project-profit-ios/artifacts/release-quality/canonical-e2e/DerivedData/SourcePackages/checkouts/libxlsxwriter/src/packager.c -o /Users/yutaro/project-profit-ios/artifacts/release-quality/canonical-e2e/DerivedData/Build/Intermediates.noindex/libxlsxwriter.build/Debug-iphonesimulator/libxlsxwriter.build/Objects-normal/arm64/packager.o -index-unit-output-path /libxlsxwriter.build/Debug-iphonesimulator/libxlsxwriter.build/Objects-normal/arm64/packager.o

ScanDependencies /Users/yutaro/project-profit-ios/artifacts/release-quality/canonical-e2e/DerivedData/Build/Intermediates.noindex/libxlsxwriter.build/Debug-iphonesimulator/libxlsxwriter.build/Objects-normal/arm64/metadata.o /Users/yutaro/project-profit-ios/artifacts/release-quality/canonical-e2e/DerivedData/SourcePackages/checkouts/libxlsxwriter/src/metadata.c normal arm64 c com.apple.compilers.llvm.clang.1_0.compiler (in target 'libxlsxwriter' from project 'libxlsxwriter')
    cd /Users/yutaro/project-profit-ios/ProjectProfit.xcodeproj
    
    Using response file: /Users/yutaro/project-profit-ios/artifacts/release-quality/canonical-e2e/DerivedData/Build/Intermediates.noindex/libxlsxwriter.build/Debug-iphonesimulator/libxlsxwriter.build/Objects-normal/arm64/7187679823f38a2a940e0043cdf9d637-common-args.resp
    
    builtin-ScanDependencies -o /Users/yutaro/project-profit-ios/artifacts/release-quality/canonical-e2e/DerivedData/Build/Intermediates.noindex/libxlsxwriter.build/Debug-iphonesimulator/libxlsxwriter.build/Objects-normal/arm64/metadata.o.scan -- /Applications/Xcode-26.3.app/Contents/Developer/Toolchains/XcodeDefault.xctoolchain/usr/bin/clang -x c -ivfsstatcache /Users/yutaro/project-profit-ios/artifacts/release-quality/canonical-e2e/DerivedData/SDKStatCaches.noindex/iphonesimulator26.2-23C57-91db6bf2b9df79783d042ed3cc29a58e.sdkstatcache -fmessage-length\=0 -fdiagnostics-show-note-include-stack -fmacro-backtrace-limit\=0 -fno-color-diagnostics -fmodules-prune-interval\=86400 -fmodules-prune-after\=345600 -fbuild-session-file\=/Users/yutaro/project-profit-ios/artifacts/release-quality/canonical-e2e/DerivedData/ModuleCache.noindex/Session.modulevalidation -fmodules-validate-once-per-build-session -Wnon-modular-include-in-framework-module -Werror\=non-modular-include-in-framework-module -Wno-trigraphs -Wno-missing-field-initializers -Wno-missing-prototypes -Wno-return-type -Wno-missing-braces -Wparentheses -Wswitch -Wno-unused-function -Wno-unused-label -Wno-unused-parameter -Wno-unused-variable -Wunused-value -Wno-empty-body -Wno-uninitialized -Wno-unknown-pragmas -w -Wno-shadow -Wno-four-char-constants -Wno-conversion -Wno-constant-conversion -Wno-int-conversion -Wno-bool-conversion -Wno-enum-conversion -Wno-float-conversion -Wno-non-literal-null-conversion -Wno-objc-literal-conversion -Wshorten-64-to-32 -Wpointer-sign -Wno-newline-eof -Wno-implicit-fallthrough -fstrict-aliasing -Wdeprecated-declarations -Wno-sign-conversion -Wno-infinite-recursion -Wno-comma -Wno-block-capture-autoreleasing -Wno-strict-prototypes -Wno-semicolon-before-method-body -index-store-path /Users/yutaro/project-profit-ios/artifacts/release-quality/canonical-e2e/DerivedData/Index.noindex/DataStore @/Users/yutaro/project-profit-ios/artifacts/release-quality/canonical-e2e/DerivedData/Build/Intermediates.noindex/libxlsxwriter.build/Debug-iphonesimulator/libxlsxwriter.build/Objects-normal/arm64/7187679823f38a2a940e0043cdf9d637-common-args.resp -MMD -MT dependencies -MF /Users/yutaro/project-profit-ios/artifacts/release-quality/canonical-e2e/DerivedData/Build/Intermediates.noindex/libxlsxwriter.build/Debug-iphonesimulator/libxlsxwriter.build/Objects-normal/arm64/metadata.d --serialize-diagnostics /Users/yutaro/project-profit-ios/artifacts/release-quality/canonical-e2e/DerivedData/Build/Intermediates.noindex/libxlsxwriter.build/Debug-iphonesimulator/libxlsxwriter.build/Objects-normal/arm64/metadata.dia -c /Users/yutaro/project-profit-ios/artifacts/release-quality/canonical-e2e/DerivedData/SourcePackages/checkouts/libxlsxwriter/src/metadata.c -o /Users/yutaro/project-profit-ios/artifacts/release-quality/canonical-e2e/DerivedData/Build/Intermediates.noindex/libxlsxwriter.build/Debug-iphonesimulator/libxlsxwriter.build/Objects-normal/arm64/metadata.o -index-unit-output-path /libxlsxwriter.build/Debug-iphonesimulator/libxlsxwriter.build/Objects-normal/arm64/metadata.o

ScanDependencies /Users/yutaro/project-profit-ios/artifacts/release-quality/canonical-e2e/DerivedData/Build/Intermediates.noindex/libxlsxwriter.build/Debug-iphonesimulator/libxlsxwriter.build/Objects-normal/arm64/md5.o /Users/yutaro/project-profit-ios/artifacts/release-quality/canonical-e2e/DerivedData/SourcePackages/checkouts/libxlsxwriter/third_party/md5/md5.c normal arm64 c com.apple.compilers.llvm.clang.1_0.compiler (in target 'libxlsxwriter' from project 'libxlsxwriter')
    cd /Users/yutaro/project-profit-ios/ProjectProfit.xcodeproj
    
    Using response file: /Users/yutaro/project-profit-ios/artifacts/release-quality/canonical-e2e/DerivedData/Build/Intermediates.noindex/libxlsxwriter.build/Debug-iphonesimulator/libxlsxwriter.build/Objects-normal/arm64/7187679823f38a2a940e0043cdf9d637-common-args.resp
    
    builtin-ScanDependencies -o /Users/yutaro/project-profit-ios/artifacts/release-quality/canonical-e2e/DerivedData/Build/Intermediates.noindex/libxlsxwriter.build/Debug-iphonesimulator/libxlsxwriter.build/Objects-normal/arm64/md5.o.scan -- /Applications/Xcode-26.3.app/Contents/Developer/Toolchains/XcodeDefault.xctoolchain/usr/bin/clang -x c -ivfsstatcache /Users/yutaro/project-profit-ios/artifacts/release-quality/canonical-e2e/DerivedData/SDKStatCaches.noindex/iphonesimulator26.2-23C57-91db6bf2b9df79783d042ed3cc29a58e.sdkstatcache -fmessage-length\=0 -fdiagnostics-show-note-include-stack -fmacro-backtrace-limit\=0 -fno-color-diagnostics -fmodules-prune-interval\=86400 -fmodules-prune-after\=345600 -fbuild-session-file\=/Users/yutaro/project-profit-ios/artifacts/release-quality/canonical-e2e/DerivedData/ModuleCache.noindex/Session.modulevalidation -fmodules-validate-once-per-build-session -Wnon-modular-include-in-framework-module -Werror\=non-modular-include-in-framework-module -Wno-trigraphs -Wno-missing-field-initializers -Wno-missing-prototypes -Wno-return-type -Wno-missing-braces -Wparentheses -Wswitch -Wno-unused-function -Wno-unused-label -Wno-unused-parameter -Wno-unused-variable -Wunused-value -Wno-empty-body -Wno-uninitialized -Wno-unknown-pragmas -w -Wno-shadow -Wno-four-char-constants -Wno-conversion -Wno-constant-conversion -Wno-int-conversion -Wno-bool-conversion -Wno-enum-conversion -Wno-float-conversion -Wno-non-literal-null-conversion -Wno-objc-literal-conversion -Wshorten-64-to-32 -Wpointer-sign -Wno-newline-eof -Wno-implicit-fallthrough -fstrict-aliasing -Wdeprecated-declarations -Wno-sign-conversion -Wno-infinite-recursion -Wno-comma -Wno-block-capture-autoreleasing -Wno-strict-prototypes -Wno-semicolon-before-method-body -index-store-path /Users/yutaro/project-profit-ios/artifacts/release-quality/canonical-e2e/DerivedData/Index.noindex/DataStore @/Users/yutaro/project-profit-ios/artifacts/release-quality/canonical-e2e/DerivedData/Build/Intermediates.noindex/libxlsxwriter.build/Debug-iphonesimulator/libxlsxwriter.build/Objects-normal/arm64/7187679823f38a2a940e0043cdf9d637-common-args.resp -MMD -MT dependencies -MF /Users/yutaro/project-profit-ios/artifacts/release-quality/canonical-e2e/DerivedData/Build/Intermediates.noindex/libxlsxwriter.build/Debug-iphonesimulator/libxlsxwriter.build/Objects-normal/arm64/md5.d --serialize-diagnostics /Users/yutaro/project-profit-ios/artifacts/release-quality/canonical-e2e/DerivedData/Build/Intermediates.noindex/libxlsxwriter.build/Debug-iphonesimulator/libxlsxwriter.build/Objects-normal/arm64/md5.dia -c /Users/yutaro/project-profit-ios/artifacts/release-quality/canonical-e2e/DerivedData/SourcePackages/checkouts/libxlsxwriter/third_party/md5/md5.c -o /Users/yutaro/project-profit-ios/artifacts/release-quality/canonical-e2e/DerivedData/Build/Intermediates.noindex/libxlsxwriter.build/Debug-iphonesimulator/libxlsxwriter.build/Objects-normal/arm64/md5.o -index-unit-output-path /libxlsxwriter.build/Debug-iphonesimulator/libxlsxwriter.build/Objects-normal/arm64/md5.o

ScanDependencies /Users/yutaro/project-profit-ios/artifacts/release-quality/canonical-e2e/DerivedData/Build/Intermediates.noindex/libxlsxwriter.build/Debug-iphonesimulator/libxlsxwriter.build/Objects-normal/arm64/ioapi.o /Users/yutaro/project-profit-ios/artifacts/release-quality/canonical-e2e/DerivedData/SourcePackages/checkouts/libxlsxwriter/third_party/minizip/ioapi.c normal arm64 c com.apple.compilers.llvm.clang.1_0.compiler (in target 'libxlsxwriter' from project 'libxlsxwriter')
    cd /Users/yutaro/project-profit-ios/ProjectProfit.xcodeproj
    
    Using response file: /Users/yutaro/project-profit-ios/artifacts/release-quality/canonical-e2e/DerivedData/Build/Intermediates.noindex/libxlsxwriter.build/Debug-iphonesimulator/libxlsxwriter.build/Objects-normal/arm64/7187679823f38a2a940e0043cdf9d637-common-args.resp
    
    builtin-ScanDependencies -o /Users/yutaro/project-profit-ios/artifacts/release-quality/canonical-e2e/DerivedData/Build/Intermediates.noindex/libxlsxwriter.build/Debug-iphonesimulator/libxlsxwriter.build/Objects-normal/arm64/ioapi.o.scan -- /Applications/Xcode-26.3.app/Contents/Developer/Toolchains/XcodeDefault.xctoolchain/usr/bin/clang -x c -ivfsstatcache /Users/yutaro/project-profit-ios/artifacts/release-quality/canonical-e2e/DerivedData/SDKStatCaches.noindex/iphonesimulator26.2-23C57-91db6bf2b9df79783d042ed3cc29a58e.sdkstatcache -fmessage-length\=0 -fdiagnostics-show-note-include-stack -fmacro-backtrace-limit\=0 -fno-color-diagnostics -fmodules-prune-interval\=86400 -fmodules-prune-after\=345600 -fbuild-session-file\=/Users/yutaro/project-profit-ios/artifacts/release-quality/canonical-e2e/DerivedData/ModuleCache.noindex/Session.modulevalidation -fmodules-validate-once-per-build-session -Wnon-modular-include-in-framework-module -Werror\=non-modular-include-in-framework-module -Wno-trigraphs -Wno-missing-field-initializers -Wno-missing-prototypes -Wno-return-type -Wno-missing-braces -Wparentheses -Wswitch -Wno-unused-function -Wno-unused-label -Wno-unused-parameter -Wno-unused-variable -Wunused-value -Wno-empty-body -Wno-uninitialized -Wno-unknown-pragmas -w -Wno-shadow -Wno-four-char-constants -Wno-conversion -Wno-constant-conversion -Wno-int-conversion -Wno-bool-conversion -Wno-enum-conversion -Wno-float-conversion -Wno-non-literal-null-conversion -Wno-objc-literal-conversion -Wshorten-64-to-32 -Wpointer-sign -Wno-newline-eof -Wno-implicit-fallthrough -fstrict-aliasing -Wdeprecated-declarations -Wno-sign-conversion -Wno-infinite-recursion -Wno-comma -Wno-block-capture-autoreleasing -Wno-strict-prototypes -Wno-semicolon-before-method-body -index-store-path /Users/yutaro/project-profit-ios/artifacts/release-quality/canonical-e2e/DerivedData/Index.noindex/DataStore @/Users/yutaro/project-profit-ios/artifacts/release-quality/canonical-e2e/DerivedData/Build/Intermediates.noindex/libxlsxwriter.build/Debug-iphonesimulator/libxlsxwriter.build/Objects-normal/arm64/7187679823f38a2a940e0043cdf9d637-common-args.resp -MMD -MT dependencies -MF /Users/yutaro/project-profit-ios/artifacts/release-quality/canonical-e2e/DerivedData/Build/Intermediates.noindex/libxlsxwriter.build/Debug-iphonesimulator/libxlsxwriter.build/Objects-normal/arm64/ioapi.d --serialize-diagnostics /Users/yutaro/project-profit-ios/artifacts/release-quality/canonical-e2e/DerivedData/Build/Intermediates.noindex/libxlsxwriter.build/Debug-iphonesimulator/libxlsxwriter.build/Objects-normal/arm64/ioapi.dia -c /Users/yutaro/project-profit-ios/artifacts/release-quality/canonical-e2e/DerivedData/SourcePackages/checkouts/libxlsxwriter/third_party/minizip/ioapi.c -o /Users/yutaro/project-profit-ios/artifacts/release-quality/canonical-e2e/DerivedData/Build/Intermediates.noindex/libxlsxwriter.build/Debug-iphonesimulator/libxlsxwriter.build/Objects-normal/arm64/ioapi.o -index-unit-output-path /libxlsxwriter.build/Debug-iphonesimulator/libxlsxwriter.build/Objects-normal/arm64/ioapi.o

ScanDependencies /Users/yutaro/project-profit-ios/artifacts/release-quality/canonical-e2e/DerivedData/Build/Intermediates.noindex/libxlsxwriter.build/Debug-iphonesimulator/libxlsxwriter.build/Objects-normal/arm64/hash_table.o /Users/yutaro/project-profit-ios/artifacts/release-quality/canonical-e2e/DerivedData/SourcePackages/checkouts/libxlsxwriter/src/hash_table.c normal arm64 c com.apple.compilers.llvm.clang.1_0.compiler (in target 'libxlsxwriter' from project 'libxlsxwriter')
    cd /Users/yutaro/project-profit-ios/ProjectProfit.xcodeproj
    
    Using response file: /Users/yutaro/project-profit-ios/artifacts/release-quality/canonical-e2e/DerivedData/Build/Intermediates.noindex/libxlsxwriter.build/Debug-iphonesimulator/libxlsxwriter.build/Objects-normal/arm64/7187679823f38a2a940e0043cdf9d637-common-args.resp
    
    builtin-ScanDependencies -o /Users/yutaro/project-profit-ios/artifacts/release-quality/canonical-e2e/DerivedData/Build/Intermediates.noindex/libxlsxwriter.build/Debug-iphonesimulator/libxlsxwriter.build/Objects-normal/arm64/hash_table.o.scan -- /Applications/Xcode-26.3.app/Contents/Developer/Toolchains/XcodeDefault.xctoolchain/usr/bin/clang -x c -ivfsstatcache /Users/yutaro/project-profit-ios/artifacts/release-quality/canonical-e2e/DerivedData/SDKStatCaches.noindex/iphonesimulator26.2-23C57-91db6bf2b9df79783d042ed3cc29a58e.sdkstatcache -fmessage-length\=0 -fdiagnostics-show-note-include-stack -fmacro-backtrace-limit\=0 -fno-color-diagnostics -fmodules-prune-interval\=86400 -fmodules-prune-after\=345600 -fbuild-session-file\=/Users/yutaro/project-profit-ios/artifacts/release-quality/canonical-e2e/DerivedData/ModuleCache.noindex/Session.modulevalidation -fmodules-validate-once-per-build-session -Wnon-modular-include-in-framework-module -Werror\=non-modular-include-in-framework-module -Wno-trigraphs -Wno-missing-field-initializers -Wno-missing-prototypes -Wno-return-type -Wno-missing-braces -Wparentheses -Wswitch -Wno-unused-function -Wno-unused-label -Wno-unused-parameter -Wno-unused-variable -Wunused-value -Wno-empty-body -Wno-uninitialized -Wno-unknown-pragmas -w -Wno-shadow -Wno-four-char-constants -Wno-conversion -Wno-constant-conversion -Wno-int-conversion -Wno-bool-conversion -Wno-enum-conversion -Wno-float-conversion -Wno-non-literal-null-conversion -Wno-objc-literal-conversion -Wshorten-64-to-32 -Wpointer-sign -Wno-newline-eof -Wno-implicit-fallthrough -fstrict-aliasing -Wdeprecated-declarations -Wno-sign-conversion -Wno-infinite-recursion -Wno-comma -Wno-block-capture-autoreleasing -Wno-strict-prototypes -Wno-semicolon-before-method-body -index-store-path /Users/yutaro/project-profit-ios/artifacts/release-quality/canonical-e2e/DerivedData/Index.noindex/DataStore @/Users/yutaro/project-profit-ios/artifacts/release-quality/canonical-e2e/DerivedData/Build/Intermediates.noindex/libxlsxwriter.build/Debug-iphonesimulator/libxlsxwriter.build/Objects-normal/arm64/7187679823f38a2a940e0043cdf9d637-common-args.resp -MMD -MT dependencies -MF /Users/yutaro/project-profit-ios/artifacts/release-quality/canonical-e2e/DerivedData/Build/Intermediates.noindex/libxlsxwriter.build/Debug-iphonesimulator/libxlsxwriter.build/Objects-normal/arm64/hash_table.d --serialize-diagnostics /Users/yutaro/project-profit-ios/artifacts/release-quality/canonical-e2e/DerivedData/Build/Intermediates.noindex/libxlsxwriter.build/Debug-iphonesimulator/libxlsxwriter.build/Objects-normal/arm64/hash_table.dia -c /Users/yutaro/project-profit-ios/artifacts/release-quality/canonical-e2e/DerivedData/SourcePackages/checkouts/libxlsxwriter/src/hash_table.c -o /Users/yutaro/project-profit-ios/artifacts/release-quality/canonical-e2e/DerivedData/Build/Intermediates.noindex/libxlsxwriter.build/Debug-iphonesimulator/libxlsxwriter.build/Objects-normal/arm64/hash_table.o -index-unit-output-path /libxlsxwriter.build/Debug-iphonesimulator/libxlsxwriter.build/Objects-normal/arm64/hash_table.o

PrecompileModule /Users/yutaro/project-profit-ios/artifacts/release-quality/canonical-e2e/DerivedData/Build/Intermediates.noindex/ExplicitPrecompiledModules/_DarwinFoundation1-3WY18JEJX8LZ6CWTJJ1OPUQET.scan
    cd /
    builtin-precompileModule /Users/yutaro/project-profit-ios/artifacts/release-quality/canonical-e2e/DerivedData/Build/Intermediates.noindex/ExplicitPrecompiledModules/_DarwinFoundation1-3WY18JEJX8LZ6CWTJJ1OPUQET.scan

ScanDependencies /Users/yutaro/project-profit-ios/artifacts/release-quality/canonical-e2e/DerivedData/Build/Intermediates.noindex/libxlsxwriter.build/Debug-iphonesimulator/libxlsxwriter.build/Objects-normal/arm64/format.o /Users/yutaro/project-profit-ios/artifacts/release-quality/canonical-e2e/DerivedData/SourcePackages/checkouts/libxlsxwriter/src/format.c normal arm64 c com.apple.compilers.llvm.clang.1_0.compiler (in target 'libxlsxwriter' from project 'libxlsxwriter')
    cd /Users/yutaro/project-profit-ios/ProjectProfit.xcodeproj
    
    Using response file: /Users/yutaro/project-profit-ios/artifacts/release-quality/canonical-e2e/DerivedData/Build/Intermediates.noindex/libxlsxwriter.build/Debug-iphonesimulator/libxlsxwriter.build/Objects-normal/arm64/7187679823f38a2a940e0043cdf9d637-common-args.resp
    
    builtin-ScanDependencies -o /Users/yutaro/project-profit-ios/artifacts/release-quality/canonical-e2e/DerivedData/Build/Intermediates.noindex/libxlsxwriter.build/Debug-iphonesimulator/libxlsxwriter.build/Objects-normal/arm64/format.o.scan -- /Applications/Xcode-26.3.app/Contents/Developer/Toolchains/XcodeDefault.xctoolchain/usr/bin/clang -x c -ivfsstatcache /Users/yutaro/project-profit-ios/artifacts/release-quality/canonical-e2e/DerivedData/SDKStatCaches.noindex/iphonesimulator26.2-23C57-91db6bf2b9df79783d042ed3cc29a58e.sdkstatcache -fmessage-length\=0 -fdiagnostics-show-note-include-stack -fmacro-backtrace-limit\=0 -fno-color-diagnostics -fmodules-prune-interval\=86400 -fmodules-prune-after\=345600 -fbuild-session-file\=/Users/yutaro/project-profit-ios/artifacts/release-quality/canonical-e2e/DerivedData/ModuleCache.noindex/Session.modulevalidation -fmodules-validate-once-per-build-session -Wnon-modular-include-in-framework-module -Werror\=non-modular-include-in-framework-module -Wno-trigraphs -Wno-missing-field-initializers -Wno-missing-prototypes -Wno-return-type -Wno-missing-braces -Wparentheses -Wswitch -Wno-unused-function -Wno-unused-label -Wno-unused-parameter -Wno-unused-variable -Wunused-value -Wno-empty-body -Wno-uninitialized -Wno-unknown-pragmas -w -Wno-shadow -Wno-four-char-constants -Wno-conversion -Wno-constant-conversion -Wno-int-conversion -Wno-bool-conversion -Wno-enum-conversion -Wno-float-conversion -Wno-non-literal-null-conversion -Wno-objc-literal-conversion -Wshorten-64-to-32 -Wpointer-sign -Wno-newline-eof -Wno-implicit-fallthrough -fstrict-aliasing -Wdeprecated-declarations -Wno-sign-conversion -Wno-infinite-recursion -Wno-comma -Wno-block-capture-autoreleasing -Wno-strict-prototypes -Wno-semicolon-before-method-body -index-store-path /Users/yutaro/project-profit-ios/artifacts/release-quality/canonical-e2e/DerivedData/Index.noindex/DataStore @/Users/yutaro/project-profit-ios/artifacts/release-quality/canonical-e2e/DerivedData/Build/Intermediates.noindex/libxlsxwriter.build/Debug-iphonesimulator/libxlsxwriter.build/Objects-normal/arm64/7187679823f38a2a940e0043cdf9d637-common-args.resp -MMD -MT dependencies -MF /Users/yutaro/project-profit-ios/artifacts/release-quality/canonical-e2e/DerivedData/Build/Intermediates.noindex/libxlsxwriter.build/Debug-iphonesimulator/libxlsxwriter.build/Objects-normal/arm64/format.d --serialize-diagnostics /Users/yutaro/project-profit-ios/artifacts/release-quality/canonical-e2e/DerivedData/Build/Intermediates.noindex/libxlsxwriter.build/Debug-iphonesimulator/libxlsxwriter.build/Objects-normal/arm64/format.dia -c /Users/yutaro/project-profit-ios/artifacts/release-quality/canonical-e2e/DerivedData/SourcePackages/checkouts/libxlsxwriter/src/format.c -o /Users/yutaro/project-profit-ios/artifacts/release-quality/canonical-e2e/DerivedData/Build/Intermediates.noindex/libxlsxwriter.build/Debug-iphonesimulator/libxlsxwriter.build/Objects-normal/arm64/format.o -index-unit-output-path /libxlsxwriter.build/Debug-iphonesimulator/libxlsxwriter.build/Objects-normal/arm64/format.o

ScanDependencies /Users/yutaro/project-profit-ios/artifacts/release-quality/canonical-e2e/DerivedData/Build/Intermediates.noindex/libxlsxwriter.build/Debug-iphonesimulator/libxlsxwriter.build/Objects-normal/arm64/drawing.o /Users/yutaro/project-profit-ios/artifacts/release-quality/canonical-e2e/DerivedData/SourcePackages/checkouts/libxlsxwriter/src/drawing.c normal arm64 c com.apple.compilers.llvm.clang.1_0.compiler (in target 'libxlsxwriter' from project 'libxlsxwriter')
    cd /Users/yutaro/project-profit-ios/ProjectProfit.xcodeproj
    
    Using response file: /Users/yutaro/project-profit-ios/artifacts/release-quality/canonical-e2e/DerivedData/Build/Intermediates.noindex/libxlsxwriter.build/Debug-iphonesimulator/libxlsxwriter.build/Objects-normal/arm64/7187679823f38a2a940e0043cdf9d637-common-args.resp
    
    builtin-ScanDependencies -o /Users/yutaro/project-profit-ios/artifacts/release-quality/canonical-e2e/DerivedData/Build/Intermediates.noindex/libxlsxwriter.build/Debug-iphonesimulator/libxlsxwriter.build/Objects-normal/arm64/drawing.o.scan -- /Applications/Xcode-26.3.app/Contents/Developer/Toolchains/XcodeDefault.xctoolchain/usr/bin/clang -x c -ivfsstatcache /Users/yutaro/project-profit-ios/artifacts/release-quality/canonical-e2e/DerivedData/SDKStatCaches.noindex/iphonesimulator26.2-23C57-91db6bf2b9df79783d042ed3cc29a58e.sdkstatcache -fmessage-length\=0 -fdiagnostics-show-note-include-stack -fmacro-backtrace-limit\=0 -fno-color-diagnostics -fmodules-prune-interval\=86400 -fmodules-prune-after\=345600 -fbuild-session-file\=/Users/yutaro/project-profit-ios/artifacts/release-quality/canonical-e2e/DerivedData/ModuleCache.noindex/Session.modulevalidation -fmodules-validate-once-per-build-session -Wnon-modular-include-in-framework-module -Werror\=non-modular-include-in-framework-module -Wno-trigraphs -Wno-missing-field-initializers -Wno-missing-prototypes -Wno-return-type -Wno-missing-braces -Wparentheses -Wswitch -Wno-unused-function -Wno-unused-label -Wno-unused-parameter -Wno-unused-variable -Wunused-value -Wno-empty-body -Wno-uninitialized -Wno-unknown-pragmas -w -Wno-shadow -Wno-four-char-constants -Wno-conversion -Wno-constant-conversion -Wno-int-conversion -Wno-bool-conversion -Wno-enum-conversion -Wno-float-conversion -Wno-non-literal-null-conversion -Wno-objc-literal-conversion -Wshorten-64-to-32 -Wpointer-sign -Wno-newline-eof -Wno-implicit-fallthrough -fstrict-aliasing -Wdeprecated-declarations -Wno-sign-conversion -Wno-infinite-recursion -Wno-comma -Wno-block-capture-autoreleasing -Wno-strict-prototypes -Wno-semicolon-before-method-body -index-store-path /Users/yutaro/project-profit-ios/artifacts/release-quality/canonical-e2e/DerivedData/Index.noindex/DataStore @/Users/yutaro/project-profit-ios/artifacts/release-quality/canonical-e2e/DerivedData/Build/Intermediates.noindex/libxlsxwriter.build/Debug-iphonesimulator/libxlsxwriter.build/Objects-normal/arm64/7187679823f38a2a940e0043cdf9d637-common-args.resp -MMD -MT dependencies -MF /Users/yutaro/project-profit-ios/artifacts/release-quality/canonical-e2e/DerivedData/Build/Intermediates.noindex/libxlsxwriter.build/Debug-iphonesimulator/libxlsxwriter.build/Objects-normal/arm64/drawing.d --serialize-diagnostics /Users/yutaro/project-profit-ios/artifacts/release-quality/canonical-e2e/DerivedData/Build/Intermediates.noindex/libxlsxwriter.build/Debug-iphonesimulator/libxlsxwriter.build/Objects-normal/arm64/drawing.dia -c /Users/yutaro/project-profit-ios/artifacts/release-quality/canonical-e2e/DerivedData/SourcePackages/checkouts/libxlsxwriter/src/drawing.c -o /Users/yutaro/project-profit-ios/artifacts/release-quality/canonical-e2e/DerivedData/Build/Intermediates.noindex/libxlsxwriter.build/Debug-iphonesimulator/libxlsxwriter.build/Objects-normal/arm64/drawing.o -index-unit-output-path /libxlsxwriter.build/Debug-iphonesimulator/libxlsxwriter.build/Objects-normal/arm64/drawing.o

ScanDependencies /Users/yutaro/project-profit-ios/artifacts/release-quality/canonical-e2e/DerivedData/Build/Intermediates.noindex/libxlsxwriter.build/Debug-iphonesimulator/libxlsxwriter.build/Objects-normal/arm64/custom.o /Users/yutaro/project-profit-ios/artifacts/release-quality/canonical-e2e/DerivedData/SourcePackages/checkouts/libxlsxwriter/src/custom.c normal arm64 c com.apple.compilers.llvm.clang.1_0.compiler (in target 'libxlsxwriter' from project 'libxlsxwriter')
    cd /Users/yutaro/project-profit-ios/ProjectProfit.xcodeproj
    
    Using response file: /Users/yutaro/project-profit-ios/artifacts/release-quality/canonical-e2e/DerivedData/Build/Intermediates.noindex/libxlsxwriter.build/Debug-iphonesimulator/libxlsxwriter.build/Objects-normal/arm64/7187679823f38a2a940e0043cdf9d637-common-args.resp
    
    builtin-ScanDependencies -o /Users/yutaro/project-profit-ios/artifacts/release-quality/canonical-e2e/DerivedData/Build/Intermediates.noindex/libxlsxwriter.build/Debug-iphonesimulator/libxlsxwriter.build/Objects-normal/arm64/custom.o.scan -- /Applications/Xcode-26.3.app/Contents/Developer/Toolchains/XcodeDefault.xctoolchain/usr/bin/clang -x c -ivfsstatcache /Users/yutaro/project-profit-ios/artifacts/release-quality/canonical-e2e/DerivedData/SDKStatCaches.noindex/iphonesimulator26.2-23C57-91db6bf2b9df79783d042ed3cc29a58e.sdkstatcache -fmessage-length\=0 -fdiagnostics-show-note-include-stack -fmacro-backtrace-limit\=0 -fno-color-diagnostics -fmodules-prune-interval\=86400 -fmodules-prune-after\=345600 -fbuild-session-file\=/Users/yutaro/project-profit-ios/artifacts/release-quality/canonical-e2e/DerivedData/ModuleCache.noindex/Session.modulevalidation -fmodules-validate-once-per-build-session -Wnon-modular-include-in-framework-module -Werror\=non-modular-include-in-framework-module -Wno-trigraphs -Wno-missing-field-initializers -Wno-missing-prototypes -Wno-return-type -Wno-missing-braces -Wparentheses -Wswitch -Wno-unused-function -Wno-unused-label -Wno-unused-parameter -Wno-unused-variable -Wunused-value -Wno-empty-body -Wno-uninitialized -Wno-unknown-pragmas -w -Wno-shadow -Wno-four-char-constants -Wno-conversion -Wno-constant-conversion -Wno-int-conversion -Wno-bool-conversion -Wno-enum-conversion -Wno-float-conversion -Wno-non-literal-null-conversion -Wno-objc-literal-conversion -Wshorten-64-to-32 -Wpointer-sign -Wno-newline-eof -Wno-implicit-fallthrough -fstrict-aliasing -Wdeprecated-declarations -Wno-sign-conversion -Wno-infinite-recursion -Wno-comma -Wno-block-capture-autoreleasing -Wno-strict-prototypes -Wno-semicolon-before-method-body -index-store-path /Users/yutaro/project-profit-ios/artifacts/release-quality/canonical-e2e/DerivedData/Index.noindex/DataStore @/Users/yutaro/project-profit-ios/artifacts/release-quality/canonical-e2e/DerivedData/Build/Intermediates.noindex/libxlsxwriter.build/Debug-iphonesimulator/libxlsxwriter.build/Objects-normal/arm64/7187679823f38a2a940e0043cdf9d637-common-args.resp -MMD -MT dependencies -MF /Users/yutaro/project-profit-ios/artifacts/release-quality/canonical-e2e/DerivedData/Build/Intermediates.noindex/libxlsxwriter.build/Debug-iphonesimulator/libxlsxwriter.build/Objects-normal/arm64/custom.d --serialize-diagnostics /Users/yutaro/project-profit-ios/artifacts/release-quality/canonical-e2e/DerivedData/Build/Intermediates.noindex/libxlsxwriter.build/Debug-iphonesimulator/libxlsxwriter.build/Objects-normal/arm64/custom.dia -c /Users/yutaro/project-profit-ios/artifacts/release-quality/canonical-e2e/DerivedData/SourcePackages/checkouts/libxlsxwriter/src/custom.c -o /Users/yutaro/project-profit-ios/artifacts/release-quality/canonical-e2e/DerivedData/Build/Intermediates.noindex/libxlsxwriter.build/Debug-iphonesimulator/libxlsxwriter.build/Objects-normal/arm64/custom.o -index-unit-output-path /libxlsxwriter.build/Debug-iphonesimulator/libxlsxwriter.build/Objects-normal/arm64/custom.o

ScanDependencies /Users/yutaro/project-profit-ios/artifacts/release-quality/canonical-e2e/DerivedData/Build/Intermediates.noindex/libxlsxwriter.build/Debug-iphonesimulator/libxlsxwriter.build/Objects-normal/arm64/core.o /Users/yutaro/project-profit-ios/artifacts/release-quality/canonical-e2e/DerivedData/SourcePackages/checkouts/libxlsxwriter/src/core.c normal arm64 c com.apple.compilers.llvm.clang.1_0.compiler (in target 'libxlsxwriter' from project 'libxlsxwriter')
    cd /Users/yutaro/project-profit-ios/ProjectProfit.xcodeproj
    
    Using response file: /Users/yutaro/project-profit-ios/artifacts/release-quality/canonical-e2e/DerivedData/Build/Intermediates.noindex/libxlsxwriter.build/Debug-iphonesimulator/libxlsxwriter.build/Objects-normal/arm64/7187679823f38a2a940e0043cdf9d637-common-args.resp
    
    builtin-ScanDependencies -o /Users/yutaro/project-profit-ios/artifacts/release-quality/canonical-e2e/DerivedData/Build/Intermediates.noindex/libxlsxwriter.build/Debug-iphonesimulator/libxlsxwriter.build/Objects-normal/arm64/core.o.scan -- /Applications/Xcode-26.3.app/Contents/Developer/Toolchains/XcodeDefault.xctoolchain/usr/bin/clang -x c -ivfsstatcache /Users/yutaro/project-profit-ios/artifacts/release-quality/canonical-e2e/DerivedData/SDKStatCaches.noindex/iphonesimulator26.2-23C57-91db6bf2b9df79783d042ed3cc29a58e.sdkstatcache -fmessage-length\=0 -fdiagnostics-show-note-include-stack -fmacro-backtrace-limit\=0 -fno-color-diagnostics -fmodules-prune-interval\=86400 -fmodules-prune-after\=345600 -fbuild-session-file\=/Users/yutaro/project-profit-ios/artifacts/release-quality/canonical-e2e/DerivedData/ModuleCache.noindex/Session.modulevalidation -fmodules-validate-once-per-build-session -Wnon-modular-include-in-framework-module -Werror\=non-modular-include-in-framework-module -Wno-trigraphs -Wno-missing-field-initializers -Wno-missing-prototypes -Wno-return-type -Wno-missing-braces -Wparentheses -Wswitch -Wno-unused-function -Wno-unused-label -Wno-unused-parameter -Wno-unused-variable -Wunused-value -Wno-empty-body -Wno-uninitialized -Wno-unknown-pragmas -w -Wno-shadow -Wno-four-char-constants -Wno-conversion -Wno-constant-conversion -Wno-int-conversion -Wno-bool-conversion -Wno-enum-conversion -Wno-float-conversion -Wno-non-literal-null-conversion -Wno-objc-literal-conversion -Wshorten-64-to-32 -Wpointer-sign -Wno-newline-eof -Wno-implicit-fallthrough -fstrict-aliasing -Wdeprecated-declarations -Wno-sign-conversion -Wno-infinite-recursion -Wno-comma -Wno-block-capture-autoreleasing -Wno-strict-prototypes -Wno-semicolon-before-method-body -index-store-path /Users/yutaro/project-profit-ios/artifacts/release-quality/canonical-e2e/DerivedData/Index.noindex/DataStore @/Users/yutaro/project-profit-ios/artifacts/release-quality/canonical-e2e/DerivedData/Build/Intermediates.noindex/libxlsxwriter.build/Debug-iphonesimulator/libxlsxwriter.build/Objects-normal/arm64/7187679823f38a2a940e0043cdf9d637-common-args.resp -MMD -MT dependencies -MF /Users/yutaro/project-profit-ios/artifacts/release-quality/canonical-e2e/DerivedData/Build/Intermediates.noindex/libxlsxwriter.build/Debug-iphonesimulator/libxlsxwriter.build/Objects-normal/arm64/core.d --serialize-diagnostics /Users/yutaro/project-profit-ios/artifacts/release-quality/canonical-e2e/DerivedData/Build/Intermediates.noindex/libxlsxwriter.build/Debug-iphonesimulator/libxlsxwriter.build/Objects-normal/arm64/core.dia -c /Users/yutaro/project-profit-ios/artifacts/release-quality/canonical-e2e/DerivedData/SourcePackages/checkouts/libxlsxwriter/src/core.c -o /Users/yutaro/project-profit-ios/artifacts/release-quality/canonical-e2e/DerivedData/Build/Intermediates.noindex/libxlsxwriter.build/Debug-iphonesimulator/libxlsxwriter.build/Objects-normal/arm64/core.o -index-unit-output-path /libxlsxwriter.build/Debug-iphonesimulator/libxlsxwriter.build/Objects-normal/arm64/core.o

ScanDependencies /Users/yutaro/project-profit-ios/artifacts/release-quality/canonical-e2e/DerivedData/Build/Intermediates.noindex/libxlsxwriter.build/Debug-iphonesimulator/libxlsxwriter.build/Objects-normal/arm64/content_types.o /Users/yutaro/project-profit-ios/artifacts/release-quality/canonical-e2e/DerivedData/SourcePackages/checkouts/libxlsxwriter/src/content_types.c normal arm64 c com.apple.compilers.llvm.clang.1_0.compiler (in target 'libxlsxwriter' from project 'libxlsxwriter')
    cd /Users/yutaro/project-profit-ios/ProjectProfit.xcodeproj
    
    Using response file: /Users/yutaro/project-profit-ios/artifacts/release-quality/canonical-e2e/DerivedData/Build/Intermediates.noindex/libxlsxwriter.build/Debug-iphonesimulator/libxlsxwriter.build/Objects-normal/arm64/7187679823f38a2a940e0043cdf9d637-common-args.resp
    
    builtin-ScanDependencies -o /Users/yutaro/project-profit-ios/artifacts/release-quality/canonical-e2e/DerivedData/Build/Intermediates.noindex/libxlsxwriter.build/Debug-iphonesimulator/libxlsxwriter.build/Objects-normal/arm64/content_types.o.scan -- /Applications/Xcode-26.3.app/Contents/Developer/Toolchains/XcodeDefault.xctoolchain/usr/bin/clang -x c -ivfsstatcache /Users/yutaro/project-profit-ios/artifacts/release-quality/canonical-e2e/DerivedData/SDKStatCaches.noindex/iphonesimulator26.2-23C57-91db6bf2b9df79783d042ed3cc29a58e.sdkstatcache -fmessage-length\=0 -fdiagnostics-show-note-include-stack -fmacro-backtrace-limit\=0 -fno-color-diagnostics -fmodules-prune-interval\=86400 -fmodules-prune-after\=345600 -fbuild-session-file\=/Users/yutaro/project-profit-ios/artifacts/release-quality/canonical-e2e/DerivedData/ModuleCache.noindex/Session.modulevalidation -fmodules-validate-once-per-build-session -Wnon-modular-include-in-framework-module -Werror\=non-modular-include-in-framework-module -Wno-trigraphs -Wno-missing-field-initializers -Wno-missing-prototypes -Wno-return-type -Wno-missing-braces -Wparentheses -Wswitch -Wno-unused-function -Wno-unused-label -Wno-unused-parameter -Wno-unused-variable -Wunused-value -Wno-empty-body -Wno-uninitialized -Wno-unknown-pragmas -w -Wno-shadow -Wno-four-char-constants -Wno-conversion -Wno-constant-conversion -Wno-int-conversion -Wno-bool-conversion -Wno-enum-conversion -Wno-float-conversion -Wno-non-literal-null-conversion -Wno-objc-literal-conversion -Wshorten-64-to-32 -Wpointer-sign -Wno-newline-eof -Wno-implicit-fallthrough -fstrict-aliasing -Wdeprecated-declarations -Wno-sign-conversion -Wno-infinite-recursion -Wno-comma -Wno-block-capture-autoreleasing -Wno-strict-prototypes -Wno-semicolon-before-method-body -index-store-path /Users/yutaro/project-profit-ios/artifacts/release-quality/canonical-e2e/DerivedData/Index.noindex/DataStore @/Users/yutaro/project-profit-ios/artifacts/release-quality/canonical-e2e/DerivedData/Build/Intermediates.noindex/libxlsxwriter.build/Debug-iphonesimulator/libxlsxwriter.build/Objects-normal/arm64/7187679823f38a2a940e0043cdf9d637-common-args.resp -MMD -MT dependencies -MF /Users/yutaro/project-profit-ios/artifacts/release-quality/canonical-e2e/DerivedData/Build/Intermediates.noindex/libxlsxwriter.build/Debug-iphonesimulator/libxlsxwriter.build/Objects-normal/arm64/content_types.d --serialize-diagnostics /Users/yutaro/project-profit-ios/artifacts/release-quality/canonical-e2e/DerivedData/Build/Intermediates.noindex/libxlsxwriter.build/Debug-iphonesimulator/libxlsxwriter.build/Objects-normal/arm64/content_types.dia -c /Users/yutaro/project-profit-ios/artifacts/release-quality/canonical-e2e/DerivedData/SourcePackages/checkouts/libxlsxwriter/src/content_types.c -o /Users/yutaro/project-profit-ios/artifacts/release-quality/canonical-e2e/DerivedData/Build/Intermediates.noindex/libxlsxwriter.build/Debug-iphonesimulator/libxlsxwriter.build/Objects-normal/arm64/content_types.o -index-unit-output-path /libxlsxwriter.build/Debug-iphonesimulator/libxlsxwriter.build/Objects-normal/arm64/content_types.o

ScanDependencies /Users/yutaro/project-profit-ios/artifacts/release-quality/canonical-e2e/DerivedData/Build/Intermediates.noindex/libxlsxwriter.build/Debug-iphonesimulator/libxlsxwriter.build/Objects-normal/arm64/comment.o /Users/yutaro/project-profit-ios/artifacts/release-quality/canonical-e2e/DerivedData/SourcePackages/checkouts/libxlsxwriter/src/comment.c normal arm64 c com.apple.compilers.llvm.clang.1_0.compiler (in target 'libxlsxwriter' from project 'libxlsxwriter')
    cd /Users/yutaro/project-profit-ios/ProjectProfit.xcodeproj
    
    Using response file: /Users/yutaro/project-profit-ios/artifacts/release-quality/canonical-e2e/DerivedData/Build/Intermediates.noindex/libxlsxwriter.build/Debug-iphonesimulator/libxlsxwriter.build/Objects-normal/arm64/7187679823f38a2a940e0043cdf9d637-common-args.resp
    
    builtin-ScanDependencies -o /Users/yutaro/project-profit-ios/artifacts/release-quality/canonical-e2e/DerivedData/Build/Intermediates.noindex/libxlsxwriter.build/Debug-iphonesimulator/libxlsxwriter.build/Objects-normal/arm64/comment.o.scan -- /Applications/Xcode-26.3.app/Contents/Developer/Toolchains/XcodeDefault.xctoolchain/usr/bin/clang -x c -ivfsstatcache /Users/yutaro/project-profit-ios/artifacts/release-quality/canonical-e2e/DerivedData/SDKStatCaches.noindex/iphonesimulator26.2-23C57-91db6bf2b9df79783d042ed3cc29a58e.sdkstatcache -fmessage-length\=0 -fdiagnostics-show-note-include-stack -fmacro-backtrace-limit\=0 -fno-color-diagnostics -fmodules-prune-interval\=86400 -fmodules-prune-after\=345600 -fbuild-session-file\=/Users/yutaro/project-profit-ios/artifacts/release-quality/canonical-e2e/DerivedData/ModuleCache.noindex/Session.modulevalidation -fmodules-validate-once-per-build-session -Wnon-modular-include-in-framework-module -Werror\=non-modular-include-in-framework-module -Wno-trigraphs -Wno-missing-field-initializers -Wno-missing-prototypes -Wno-return-type -Wno-missing-braces -Wparentheses -Wswitch -Wno-unused-function -Wno-unused-label -Wno-unused-parameter -Wno-unused-variable -Wunused-value -Wno-empty-body -Wno-uninitialized -Wno-unknown-pragmas -w -Wno-shadow -Wno-four-char-constants -Wno-conversion -Wno-constant-conversion -Wno-int-conversion -Wno-bool-conversion -Wno-enum-conversion -Wno-float-conversion -Wno-non-literal-null-conversion -Wno-objc-literal-conversion -Wshorten-64-to-32 -Wpointer-sign -Wno-newline-eof -Wno-implicit-fallthrough -fstrict-aliasing -Wdeprecated-declarations -Wno-sign-conversion -Wno-infinite-recursion -Wno-comma -Wno-block-capture-autoreleasing -Wno-strict-prototypes -Wno-semicolon-before-method-body -index-store-path /Users/yutaro/project-profit-ios/artifacts/release-quality/canonical-e2e/DerivedData/Index.noindex/DataStore @/Users/yutaro/project-profit-ios/artifacts/release-quality/canonical-e2e/DerivedData/Build/Intermediates.noindex/libxlsxwriter.build/Debug-iphonesimulator/libxlsxwriter.build/Objects-normal/arm64/7187679823f38a2a940e0043cdf9d637-common-args.resp -MMD -MT dependencies -MF /Users/yutaro/project-profit-ios/artifacts/release-quality/canonical-e2e/DerivedData/Build/Intermediates.noindex/libxlsxwriter.build/Debug-iphonesimulator/libxlsxwriter.build/Objects-normal/arm64/comment.d --serialize-diagnostics /Users/yutaro/project-profit-ios/artifacts/release-quality/canonical-e2e/DerivedData/Build/Intermediates.noindex/libxlsxwriter.build/Debug-iphonesimulator/libxlsxwriter.build/Objects-normal/arm64/comment.dia -c /Users/yutaro/project-profit-ios/artifacts/release-quality/canonical-e2e/DerivedData/SourcePackages/checkouts/libxlsxwriter/src/comment.c -o /Users/yutaro/project-profit-ios/artifacts/release-quality/canonical-e2e/DerivedData/Build/Intermediates.noindex/libxlsxwriter.build/Debug-iphonesimulator/libxlsxwriter.build/Objects-normal/arm64/comment.o -index-unit-output-path /libxlsxwriter.build/Debug-iphonesimulator/libxlsxwriter.build/Objects-normal/arm64/comment.o

ScanDependencies /Users/yutaro/project-profit-ios/artifacts/release-quality/canonical-e2e/DerivedData/Build/Intermediates.noindex/libxlsxwriter.build/Debug-iphonesimulator/libxlsxwriter.build/Objects-normal/arm64/chartsheet.o /Users/yutaro/project-profit-ios/artifacts/release-quality/canonical-e2e/DerivedData/SourcePackages/checkouts/libxlsxwriter/src/chartsheet.c normal arm64 c com.apple.compilers.llvm.clang.1_0.compiler (in target 'libxlsxwriter' from project 'libxlsxwriter')
    cd /Users/yutaro/project-profit-ios/ProjectProfit.xcodeproj
    
    Using response file: /Users/yutaro/project-profit-ios/artifacts/release-quality/canonical-e2e/DerivedData/Build/Intermediates.noindex/libxlsxwriter.build/Debug-iphonesimulator/libxlsxwriter.build/Objects-normal/arm64/7187679823f38a2a940e0043cdf9d637-common-args.resp
    
    builtin-ScanDependencies -o /Users/yutaro/project-profit-ios/artifacts/release-quality/canonical-e2e/DerivedData/Build/Intermediates.noindex/libxlsxwriter.build/Debug-iphonesimulator/libxlsxwriter.build/Objects-normal/arm64/chartsheet.o.scan -- /Applications/Xcode-26.3.app/Contents/Developer/Toolchains/XcodeDefault.xctoolchain/usr/bin/clang -x c -ivfsstatcache /Users/yutaro/project-profit-ios/artifacts/release-quality/canonical-e2e/DerivedData/SDKStatCaches.noindex/iphonesimulator26.2-23C57-91db6bf2b9df79783d042ed3cc29a58e.sdkstatcache -fmessage-length\=0 -fdiagnostics-show-note-include-stack -fmacro-backtrace-limit\=0 -fno-color-diagnostics -fmodules-prune-interval\=86400 -fmodules-prune-after\=345600 -fbuild-session-file\=/Users/yutaro/project-profit-ios/artifacts/release-quality/canonical-e2e/DerivedData/ModuleCache.noindex/Session.modulevalidation -fmodules-validate-once-per-build-session -Wnon-modular-include-in-framework-module -Werror\=non-modular-include-in-framework-module -Wno-trigraphs -Wno-missing-field-initializers -Wno-missing-prototypes -Wno-return-type -Wno-missing-braces -Wparentheses -Wswitch -Wno-unused-function -Wno-unused-label -Wno-unused-parameter -Wno-unused-variable -Wunused-value -Wno-empty-body -Wno-uninitialized -Wno-unknown-pragmas -w -Wno-shadow -Wno-four-char-constants -Wno-conversion -Wno-constant-conversion -Wno-int-conversion -Wno-bool-conversion -Wno-enum-conversion -Wno-float-conversion -Wno-non-literal-null-conversion -Wno-objc-literal-conversion -Wshorten-64-to-32 -Wpointer-sign -Wno-newline-eof -Wno-implicit-fallthrough -fstrict-aliasing -Wdeprecated-declarations -Wno-sign-conversion -Wno-infinite-recursion -Wno-comma -Wno-block-capture-autoreleasing -Wno-strict-prototypes -Wno-semicolon-before-method-body -index-store-path /Users/yutaro/project-profit-ios/artifacts/release-quality/canonical-e2e/DerivedData/Index.noindex/DataStore @/Users/yutaro/project-profit-ios/artifacts/release-quality/canonical-e2e/DerivedData/Build/Intermediates.noindex/libxlsxwriter.build/Debug-iphonesimulator/libxlsxwriter.build/Objects-normal/arm64/7187679823f38a2a940e0043cdf9d637-common-args.resp -MMD -MT dependencies -MF /Users/yutaro/project-profit-ios/artifacts/release-quality/canonical-e2e/DerivedData/Build/Intermediates.noindex/libxlsxwriter.build/Debug-iphonesimulator/libxlsxwriter.build/Objects-normal/arm64/chartsheet.d --serialize-diagnostics /Users/yutaro/project-profit-ios/artifacts/release-quality/canonical-e2e/DerivedData/Build/Intermediates.noindex/libxlsxwriter.build/Debug-iphonesimulator/libxlsxwriter.build/Objects-normal/arm64/chartsheet.dia -c /Users/yutaro/project-profit-ios/artifacts/release-quality/canonical-e2e/DerivedData/SourcePackages/checkouts/libxlsxwriter/src/chartsheet.c -o /Users/yutaro/project-profit-ios/artifacts/release-quality/canonical-e2e/DerivedData/Build/Intermediates.noindex/libxlsxwriter.build/Debug-iphonesimulator/libxlsxwriter.build/Objects-normal/arm64/chartsheet.o -index-unit-output-path /libxlsxwriter.build/Debug-iphonesimulator/libxlsxwriter.build/Objects-normal/arm64/chartsheet.o

ScanDependencies /Users/yutaro/project-profit-ios/artifacts/release-quality/canonical-e2e/DerivedData/Build/Intermediates.noindex/libxlsxwriter.build/Debug-iphonesimulator/libxlsxwriter.build/Objects-normal/arm64/chart.o /Users/yutaro/project-profit-ios/artifacts/release-quality/canonical-e2e/DerivedData/SourcePackages/checkouts/libxlsxwriter/src/chart.c normal arm64 c com.apple.compilers.llvm.clang.1_0.compiler (in target 'libxlsxwriter' from project 'libxlsxwriter')
    cd /Users/yutaro/project-profit-ios/ProjectProfit.xcodeproj
    
    Using response file: /Users/yutaro/project-profit-ios/artifacts/release-quality/canonical-e2e/DerivedData/Build/Intermediates.noindex/libxlsxwriter.build/Debug-iphonesimulator/libxlsxwriter.build/Objects-normal/arm64/7187679823f38a2a940e0043cdf9d637-common-args.resp
    
    builtin-ScanDependencies -o /Users/yutaro/project-profit-ios/artifacts/release-quality/canonical-e2e/DerivedData/Build/Intermediates.noindex/libxlsxwriter.build/Debug-iphonesimulator/libxlsxwriter.build/Objects-normal/arm64/chart.o.scan -- /Applications/Xcode-26.3.app/Contents/Developer/Toolchains/XcodeDefault.xctoolchain/usr/bin/clang -x c -ivfsstatcache /Users/yutaro/project-profit-ios/artifacts/release-quality/canonical-e2e/DerivedData/SDKStatCaches.noindex/iphonesimulator26.2-23C57-91db6bf2b9df79783d042ed3cc29a58e.sdkstatcache -fmessage-length\=0 -fdiagnostics-show-note-include-stack -fmacro-backtrace-limit\=0 -fno-color-diagnostics -fmodules-prune-interval\=86400 -fmodules-prune-after\=345600 -fbuild-session-file\=/Users/yutaro/project-profit-ios/artifacts/release-quality/canonical-e2e/DerivedData/ModuleCache.noindex/Session.modulevalidation -fmodules-validate-once-per-build-session -Wnon-modular-include-in-framework-module -Werror\=non-modular-include-in-framework-module -Wno-trigraphs -Wno-missing-field-initializers -Wno-missing-prototypes -Wno-return-type -Wno-missing-braces -Wparentheses -Wswitch -Wno-unused-function -Wno-unused-label -Wno-unused-parameter -Wno-unused-variable -Wunused-value -Wno-empty-body -Wno-uninitialized -Wno-unknown-pragmas -w -Wno-shadow -Wno-four-char-constants -Wno-conversion -Wno-constant-conversion -Wno-int-conversion -Wno-bool-conversion -Wno-enum-conversion -Wno-float-conversion -Wno-non-literal-null-conversion -Wno-objc-literal-conversion -Wshorten-64-to-32 -Wpointer-sign -Wno-newline-eof -Wno-implicit-fallthrough -fstrict-aliasing -Wdeprecated-declarations -Wno-sign-conversion -Wno-infinite-recursion -Wno-comma -Wno-block-capture-autoreleasing -Wno-strict-prototypes -Wno-semicolon-before-method-body -index-store-path /Users/yutaro/project-profit-ios/artifacts/release-quality/canonical-e2e/DerivedData/Index.noindex/DataStore @/Users/yutaro/project-profit-ios/artifacts/release-quality/canonical-e2e/DerivedData/Build/Intermediates.noindex/libxlsxwriter.build/Debug-iphonesimulator/libxlsxwriter.build/Objects-normal/arm64/7187679823f38a2a940e0043cdf9d637-common-args.resp -MMD -MT dependencies -MF /Users/yutaro/project-profit-ios/artifacts/release-quality/canonical-e2e/DerivedData/Build/Intermediates.noindex/libxlsxwriter.build/Debug-iphonesimulator/libxlsxwriter.build/Objects-normal/arm64/chart.d --serialize-diagnostics /Users/yutaro/project-profit-ios/artifacts/release-quality/canonical-e2e/DerivedData/Build/Intermediates.noindex/libxlsxwriter.build/Debug-iphonesimulator/libxlsxwriter.build/Objects-normal/arm64/chart.dia -c /Users/yutaro/project-profit-ios/artifacts/release-quality/canonical-e2e/DerivedData/SourcePackages/checkouts/libxlsxwriter/src/chart.c -o /Users/yutaro/project-profit-ios/artifacts/release-quality/canonical-e2e/DerivedData/Build/Intermediates.noindex/libxlsxwriter.build/Debug-iphonesimulator/libxlsxwriter.build/Objects-normal/arm64/chart.o -index-unit-output-path /libxlsxwriter.build/Debug-iphonesimulator/libxlsxwriter.build/Objects-normal/arm64/chart.o

ScanDependencies /Users/yutaro/project-profit-ios/artifacts/release-quality/canonical-e2e/DerivedData/Build/Intermediates.noindex/libxlsxwriter.build/Debug-iphonesimulator/libxlsxwriter.build/Objects-normal/arm64/app.o /Users/yutaro/project-profit-ios/artifacts/release-quality/canonical-e2e/DerivedData/SourcePackages/checkouts/libxlsxwriter/src/app.c normal arm64 c com.apple.compilers.llvm.clang.1_0.compiler (in target 'libxlsxwriter' from project 'libxlsxwriter')
    cd /Users/yutaro/project-profit-ios/ProjectProfit.xcodeproj
    
    Using response file: /Users/yutaro/project-profit-ios/artifacts/release-quality/canonical-e2e/DerivedData/Build/Intermediates.noindex/libxlsxwriter.build/Debug-iphonesimulator/libxlsxwriter.build/Objects-normal/arm64/7187679823f38a2a940e0043cdf9d637-common-args.resp
    
    builtin-ScanDependencies -o /Users/yutaro/project-profit-ios/artifacts/release-quality/canonical-e2e/DerivedData/Build/Intermediates.noindex/libxlsxwriter.build/Debug-iphonesimulator/libxlsxwriter.build/Objects-normal/arm64/app.o.scan -- /Applications/Xcode-26.3.app/Contents/Developer/Toolchains/XcodeDefault.xctoolchain/usr/bin/clang -x c -ivfsstatcache /Users/yutaro/project-profit-ios/artifacts/release-quality/canonical-e2e/DerivedData/SDKStatCaches.noindex/iphonesimulator26.2-23C57-91db6bf2b9df79783d042ed3cc29a58e.sdkstatcache -fmessage-length\=0 -fdiagnostics-show-note-include-stack -fmacro-backtrace-limit\=0 -fno-color-diagnostics -fmodules-prune-interval\=86400 -fmodules-prune-after\=345600 -fbuild-session-file\=/Users/yutaro/project-profit-ios/artifacts/release-quality/canonical-e2e/DerivedData/ModuleCache.noindex/Session.modulevalidation -fmodules-validate-once-per-build-session -Wnon-modular-include-in-framework-module -Werror\=non-modular-include-in-framework-module -Wno-trigraphs -Wno-missing-field-initializers -Wno-missing-prototypes -Wno-return-type -Wno-missing-braces -Wparentheses -Wswitch -Wno-unused-function -Wno-unused-label -Wno-unused-parameter -Wno-unused-variable -Wunused-value -Wno-empty-body -Wno-uninitialized -Wno-unknown-pragmas -w -Wno-shadow -Wno-four-char-constants -Wno-conversion -Wno-constant-conversion -Wno-int-conversion -Wno-bool-conversion -Wno-enum-conversion -Wno-float-conversion -Wno-non-literal-null-conversion -Wno-objc-literal-conversion -Wshorten-64-to-32 -Wpointer-sign -Wno-newline-eof -Wno-implicit-fallthrough -fstrict-aliasing -Wdeprecated-declarations -Wno-sign-conversion -Wno-infinite-recursion -Wno-comma -Wno-block-capture-autoreleasing -Wno-strict-prototypes -Wno-semicolon-before-method-body -index-store-path /Users/yutaro/project-profit-ios/artifacts/release-quality/canonical-e2e/DerivedData/Index.noindex/DataStore @/Users/yutaro/project-profit-ios/artifacts/release-quality/canonical-e2e/DerivedData/Build/Intermediates.noindex/libxlsxwriter.build/Debug-iphonesimulator/libxlsxwriter.build/Objects-normal/arm64/7187679823f38a2a940e0043cdf9d637-common-args.resp -MMD -MT dependencies -MF /Users/yutaro/project-profit-ios/artifacts/release-quality/canonical-e2e/DerivedData/Build/Intermediates.noindex/libxlsxwriter.build/Debug-iphonesimulator/libxlsxwriter.build/Objects-normal/arm64/app.d --serialize-diagnostics /Users/yutaro/project-profit-ios/artifacts/release-quality/canonical-e2e/DerivedData/Build/Intermediates.noindex/libxlsxwriter.build/Debug-iphonesimulator/libxlsxwriter.build/Objects-normal/arm64/app.dia -c /Users/yutaro/project-profit-ios/artifacts/release-quality/canonical-e2e/DerivedData/SourcePackages/checkouts/libxlsxwriter/src/app.c -o /Users/yutaro/project-profit-ios/artifacts/release-quality/canonical-e2e/DerivedData/Build/Intermediates.noindex/libxlsxwriter.build/Debug-iphonesimulator/libxlsxwriter.build/Objects-normal/arm64/app.o -index-unit-output-path /libxlsxwriter.build/Debug-iphonesimulator/libxlsxwriter.build/Objects-normal/arm64/app.o

PrecompileModule /Users/yutaro/project-profit-ios/artifacts/release-quality/canonical-e2e/DerivedData/Build/Intermediates.noindex/ExplicitPrecompiledModules/_Builtin_limits-6BB5NIT4REV254FF1Z0YY7S8J.scan
    cd /
    builtin-precompileModule /Users/yutaro/project-profit-ios/artifacts/release-quality/canonical-e2e/DerivedData/Build/Intermediates.noindex/ExplicitPrecompiledModules/_Builtin_limits-6BB5NIT4REV254FF1Z0YY7S8J.scan

PrecompileModule /Users/yutaro/project-profit-ios/artifacts/release-quality/canonical-e2e/DerivedData/Build/Intermediates.noindex/ExplicitPrecompiledModules/_DarwinFoundation2-F2SH98GWOTLGY5DVZJZYU6P9U.scan
    cd /
    builtin-precompileModule /Users/yutaro/project-profit-ios/artifacts/release-quality/canonical-e2e/DerivedData/Build/Intermediates.noindex/ExplicitPrecompiledModules/_DarwinFoundation2-F2SH98GWOTLGY5DVZJZYU6P9U.scan

CompileC /Users/yutaro/project-profit-ios/artifacts/release-quality/canonical-e2e/DerivedData/Build/Intermediates.noindex/libxlsxwriter.build/Debug-iphonesimulator/libxlsxwriter.build/Objects-normal/arm64/md5.o /Users/yutaro/project-profit-ios/artifacts/release-quality/canonical-e2e/DerivedData/SourcePackages/checkouts/libxlsxwriter/third_party/md5/md5.c normal arm64 c com.apple.compilers.llvm.clang.1_0.compiler (in target 'libxlsxwriter' from project 'libxlsxwriter')
    cd /Users/yutaro/project-profit-ios/ProjectProfit.xcodeproj
    
    Using response file: /Users/yutaro/project-profit-ios/artifacts/release-quality/canonical-e2e/DerivedData/Build/Intermediates.noindex/libxlsxwriter.build/Debug-iphonesimulator/libxlsxwriter.build/Objects-normal/arm64/7187679823f38a2a940e0043cdf9d637-common-args.resp
    
    /Applications/Xcode-26.3.app/Contents/Developer/Toolchains/XcodeDefault.xctoolchain/usr/bin/clang -x c -ivfsstatcache /Users/yutaro/project-profit-ios/artifacts/release-quality/canonical-e2e/DerivedData/SDKStatCaches.noindex/iphonesimulator26.2-23C57-91db6bf2b9df79783d042ed3cc29a58e.sdkstatcache -fmessage-length\=0 -fdiagnostics-show-note-include-stack -fmacro-backtrace-limit\=0 -fno-color-diagnostics -fmodules-prune-interval\=86400 -fmodules-prune-after\=345600 -fbuild-session-file\=/Users/yutaro/project-profit-ios/artifacts/release-quality/canonical-e2e/DerivedData/ModuleCache.noindex/Session.modulevalidation -fmodules-validate-once-per-build-session -Wnon-modular-include-in-framework-module -Werror\=non-modular-include-in-framework-module -Wno-trigraphs -Wno-missing-field-initializers -Wno-missing-prototypes -Wno-return-type -Wno-missing-braces -Wparentheses -Wswitch -Wno-unused-function -Wno-unused-label -Wno-unused-parameter -Wno-unused-variable -Wunused-value -Wno-empty-body -Wno-uninitialized -Wno-unknown-pragmas -w -Wno-shadow -Wno-four-char-constants -Wno-conversion -Wno-constant-conversion -Wno-int-conversion -Wno-bool-conversion -Wno-enum-conversion -Wno-float-conversion -Wno-non-literal-null-conversion -Wno-objc-literal-conversion -Wshorten-64-to-32 -Wpointer-sign -Wno-newline-eof -Wno-implicit-fallthrough -fstrict-aliasing -Wdeprecated-declarations -Wno-sign-conversion -Wno-infinite-recursion -Wno-comma -Wno-block-capture-autoreleasing -Wno-strict-prototypes -Wno-semicolon-before-method-body -index-store-path /Users/yutaro/project-profit-ios/artifacts/release-quality/canonical-e2e/DerivedData/Index.noindex/DataStore @/Users/yutaro/project-profit-ios/artifacts/release-quality/canonical-e2e/DerivedData/Build/Intermediates.noindex/libxlsxwriter.build/Debug-iphonesimulator/libxlsxwriter.build/Objects-normal/arm64/7187679823f38a2a940e0043cdf9d637-common-args.resp -MMD -MT dependencies -MF /Users/yutaro/project-profit-ios/artifacts/release-quality/canonical-e2e/DerivedData/Build/Intermediates.noindex/libxlsxwriter.build/Debug-iphonesimulator/libxlsxwriter.build/Objects-normal/arm64/md5.d --serialize-diagnostics /Users/yutaro/project-profit-ios/artifacts/release-quality/canonical-e2e/DerivedData/Build/Intermediates.noindex/libxlsxwriter.build/Debug-iphonesimulator/libxlsxwriter.build/Objects-normal/arm64/md5.dia -c /Users/yutaro/project-profit-ios/artifacts/release-quality/canonical-e2e/DerivedData/SourcePackages/checkouts/libxlsxwriter/third_party/md5/md5.c -o /Users/yutaro/project-profit-ios/artifacts/release-quality/canonical-e2e/DerivedData/Build/Intermediates.noindex/libxlsxwriter.build/Debug-iphonesimulator/libxlsxwriter.build/Objects-normal/arm64/md5.o -index-unit-output-path /libxlsxwriter.build/Debug-iphonesimulator/libxlsxwriter.build/Objects-normal/arm64/md5.o

PrecompileModule /Users/yutaro/project-profit-ios/artifacts/release-quality/canonical-e2e/DerivedData/Build/Intermediates.noindex/ExplicitPrecompiledModules/_Builtin_stdint-AOM7L324GDILFUS13M3KG0CWG.scan
    cd /
    builtin-precompileModule /Users/yutaro/project-profit-ios/artifacts/release-quality/canonical-e2e/DerivedData/Build/Intermediates.noindex/ExplicitPrecompiledModules/_Builtin_stdint-AOM7L324GDILFUS13M3KG0CWG.scan

PrecompileModule /Users/yutaro/project-profit-ios/artifacts/release-quality/canonical-e2e/DerivedData/Build/Intermediates.noindex/ExplicitPrecompiledModules/_DarwinFoundation3-5ED8FCLVZ48LHEK2OE3I10R3C.scan
    cd /
    builtin-precompileModule /Users/yutaro/project-profit-ios/artifacts/release-quality/canonical-e2e/DerivedData/Build/Intermediates.noindex/ExplicitPrecompiledModules/_DarwinFoundation3-5ED8FCLVZ48LHEK2OE3I10R3C.scan

CompileC /Users/yutaro/project-profit-ios/artifacts/release-quality/canonical-e2e/DerivedData/Build/Intermediates.noindex/libxlsxwriter.build/Debug-iphonesimulator/libxlsxwriter.build/Objects-normal/arm64/hash_table.o /Users/yutaro/project-profit-ios/artifacts/release-quality/canonical-e2e/DerivedData/SourcePackages/checkouts/libxlsxwriter/src/hash_table.c normal arm64 c com.apple.compilers.llvm.clang.1_0.compiler (in target 'libxlsxwriter' from project 'libxlsxwriter')
    cd /Users/yutaro/project-profit-ios/ProjectProfit.xcodeproj
    
    Using response file: /Users/yutaro/project-profit-ios/artifacts/release-quality/canonical-e2e/DerivedData/Build/Intermediates.noindex/libxlsxwriter.build/Debug-iphonesimulator/libxlsxwriter.build/Objects-normal/arm64/7187679823f38a2a940e0043cdf9d637-common-args.resp
    
    /Applications/Xcode-26.3.app/Contents/Developer/Toolchains/XcodeDefault.xctoolchain/usr/bin/clang -x c -ivfsstatcache /Users/yutaro/project-profit-ios/artifacts/release-quality/canonical-e2e/DerivedData/SDKStatCaches.noindex/iphonesimulator26.2-23C57-91db6bf2b9df79783d042ed3cc29a58e.sdkstatcache -fmessage-length\=0 -fdiagnostics-show-note-include-stack -fmacro-backtrace-limit\=0 -fno-color-diagnostics -fmodules-prune-interval\=86400 -fmodules-prune-after\=345600 -fbuild-session-file\=/Users/yutaro/project-profit-ios/artifacts/release-quality/canonical-e2e/DerivedData/ModuleCache.noindex/Session.modulevalidation -fmodules-validate-once-per-build-session -Wnon-modular-include-in-framework-module -Werror\=non-modular-include-in-framework-module -Wno-trigraphs -Wno-missing-field-initializers -Wno-missing-prototypes -Wno-return-type -Wno-missing-braces -Wparentheses -Wswitch -Wno-unused-function -Wno-unused-label -Wno-unused-parameter -Wno-unused-variable -Wunused-value -Wno-empty-body -Wno-uninitialized -Wno-unknown-pragmas -w -Wno-shadow -Wno-four-char-constants -Wno-conversion -Wno-constant-conversion -Wno-int-conversion -Wno-bool-conversion -Wno-enum-conversion -Wno-float-conversion -Wno-non-literal-null-conversion -Wno-objc-literal-conversion -Wshorten-64-to-32 -Wpointer-sign -Wno-newline-eof -Wno-implicit-fallthrough -fstrict-aliasing -Wdeprecated-declarations -Wno-sign-conversion -Wno-infinite-recursion -Wno-comma -Wno-block-capture-autoreleasing -Wno-strict-prototypes -Wno-semicolon-before-method-body -index-store-path /Users/yutaro/project-profit-ios/artifacts/release-quality/canonical-e2e/DerivedData/Index.noindex/DataStore @/Users/yutaro/project-profit-ios/artifacts/release-quality/canonical-e2e/DerivedData/Build/Intermediates.noindex/libxlsxwriter.build/Debug-iphonesimulator/libxlsxwriter.build/Objects-normal/arm64/7187679823f38a2a940e0043cdf9d637-common-args.resp -MMD -MT dependencies -MF /Users/yutaro/project-profit-ios/artifacts/release-quality/canonical-e2e/DerivedData/Build/Intermediates.noindex/libxlsxwriter.build/Debug-iphonesimulator/libxlsxwriter.build/Objects-normal/arm64/hash_table.d --serialize-diagnostics /Users/yutaro/project-profit-ios/artifacts/release-quality/canonical-e2e/DerivedData/Build/Intermediates.noindex/libxlsxwriter.build/Debug-iphonesimulator/libxlsxwriter.build/Objects-normal/arm64/hash_table.dia -c /Users/yutaro/project-profit-ios/artifacts/release-quality/canonical-e2e/DerivedData/SourcePackages/checkouts/libxlsxwriter/src/hash_table.c -o /Users/yutaro/project-profit-ios/artifacts/release-quality/canonical-e2e/DerivedData/Build/Intermediates.noindex/libxlsxwriter.build/Debug-iphonesimulator/libxlsxwriter.build/Objects-normal/arm64/hash_table.o -index-unit-output-path /libxlsxwriter.build/Debug-iphonesimulator/libxlsxwriter.build/Objects-normal/arm64/hash_table.o

PrecompileModule /Users/yutaro/project-profit-ios/artifacts/release-quality/canonical-e2e/DerivedData/Build/Intermediates.noindex/ExplicitPrecompiledModules/zlib-23PJONCT3B80S4JONNH55Q7QJ.scan
    cd /
    builtin-precompileModule /Users/yutaro/project-profit-ios/artifacts/release-quality/canonical-e2e/DerivedData/Build/Intermediates.noindex/ExplicitPrecompiledModules/zlib-23PJONCT3B80S4JONNH55Q7QJ.scan

PrecompileModule /Users/yutaro/project-profit-ios/artifacts/release-quality/canonical-e2e/DerivedData/Build/Intermediates.noindex/ExplicitPrecompiledModules/_Builtin_inttypes-6MEZN8TDM3SE3IIT85MFEETXV.scan
    cd /
    builtin-precompileModule /Users/yutaro/project-profit-ios/artifacts/release-quality/canonical-e2e/DerivedData/Build/Intermediates.noindex/ExplicitPrecompiledModules/_Builtin_inttypes-6MEZN8TDM3SE3IIT85MFEETXV.scan

PrecompileModule /Users/yutaro/project-profit-ios/artifacts/release-quality/canonical-e2e/DerivedData/Build/Intermediates.noindex/ExplicitPrecompiledModules/Darwin-4XBN8MG1KA16VVD27VA6TRM55.scan
    cd /
    builtin-precompileModule /Users/yutaro/project-profit-ios/artifacts/release-quality/canonical-e2e/DerivedData/Build/Intermediates.noindex/ExplicitPrecompiledModules/Darwin-4XBN8MG1KA16VVD27VA6TRM55.scan

CompileC /Users/yutaro/project-profit-ios/artifacts/release-quality/canonical-e2e/DerivedData/Build/Intermediates.noindex/libxlsxwriter.build/Debug-iphonesimulator/libxlsxwriter.build/Objects-normal/arm64/zip.o /Users/yutaro/project-profit-ios/artifacts/release-quality/canonical-e2e/DerivedData/SourcePackages/checkouts/libxlsxwriter/third_party/minizip/zip.c normal arm64 c com.apple.compilers.llvm.clang.1_0.compiler (in target 'libxlsxwriter' from project 'libxlsxwriter')
    cd /Users/yutaro/project-profit-ios/ProjectProfit.xcodeproj
    
    Using response file: /Users/yutaro/project-profit-ios/artifacts/release-quality/canonical-e2e/DerivedData/Build/Intermediates.noindex/libxlsxwriter.build/Debug-iphonesimulator/libxlsxwriter.build/Objects-normal/arm64/7187679823f38a2a940e0043cdf9d637-common-args.resp
    
    /Applications/Xcode-26.3.app/Contents/Developer/Toolchains/XcodeDefault.xctoolchain/usr/bin/clang -x c -ivfsstatcache /Users/yutaro/project-profit-ios/artifacts/release-quality/canonical-e2e/DerivedData/SDKStatCaches.noindex/iphonesimulator26.2-23C57-91db6bf2b9df79783d042ed3cc29a58e.sdkstatcache -fmessage-length\=0 -fdiagnostics-show-note-include-stack -fmacro-backtrace-limit\=0 -fno-color-diagnostics -fmodules-prune-interval\=86400 -fmodules-prune-after\=345600 -fbuild-session-file\=/Users/yutaro/project-profit-ios/artifacts/release-quality/canonical-e2e/DerivedData/ModuleCache.noindex/Session.modulevalidation -fmodules-validate-once-per-build-session -Wnon-modular-include-in-framework-module -Werror\=non-modular-include-in-framework-module -Wno-trigraphs -Wno-missing-field-initializers -Wno-missing-prototypes -Wno-return-type -Wno-missing-braces -Wparentheses -Wswitch -Wno-unused-function -Wno-unused-label -Wno-unused-parameter -Wno-unused-variable -Wunused-value -Wno-empty-body -Wno-uninitialized -Wno-unknown-pragmas -w -Wno-shadow -Wno-four-char-constants -Wno-conversion -Wno-constant-conversion -Wno-int-conversion -Wno-bool-conversion -Wno-enum-conversion -Wno-float-conversion -Wno-non-literal-null-conversion -Wno-objc-literal-conversion -Wshorten-64-to-32 -Wpointer-sign -Wno-newline-eof -Wno-implicit-fallthrough -fstrict-aliasing -Wdeprecated-declarations -Wno-sign-conversion -Wno-infinite-recursion -Wno-comma -Wno-block-capture-autoreleasing -Wno-strict-prototypes -Wno-semicolon-before-method-body -index-store-path /Users/yutaro/project-profit-ios/artifacts/release-quality/canonical-e2e/DerivedData/Index.noindex/DataStore @/Users/yutaro/project-profit-ios/artifacts/release-quality/canonical-e2e/DerivedData/Build/Intermediates.noindex/libxlsxwriter.build/Debug-iphonesimulator/libxlsxwriter.build/Objects-normal/arm64/7187679823f38a2a940e0043cdf9d637-common-args.resp -MMD -MT dependencies -MF /Users/yutaro/project-profit-ios/artifacts/release-quality/canonical-e2e/DerivedData/Build/Intermediates.noindex/libxlsxwriter.build/Debug-iphonesimulator/libxlsxwriter.build/Objects-normal/arm64/zip.d --serialize-diagnostics /Users/yutaro/project-profit-ios/artifacts/release-quality/canonical-e2e/DerivedData/Build/Intermediates.noindex/libxlsxwriter.build/Debug-iphonesimulator/libxlsxwriter.build/Objects-normal/arm64/zip.dia -c /Users/yutaro/project-profit-ios/artifacts/release-quality/canonical-e2e/DerivedData/SourcePackages/checkouts/libxlsxwriter/third_party/minizip/zip.c -o /Users/yutaro/project-profit-ios/artifacts/release-quality/canonical-e2e/DerivedData/Build/Intermediates.noindex/libxlsxwriter.build/Debug-iphonesimulator/libxlsxwriter.build/Objects-normal/arm64/zip.o -index-unit-output-path /libxlsxwriter.build/Debug-iphonesimulator/libxlsxwriter.build/Objects-normal/arm64/zip.o

CompileC /Users/yutaro/project-profit-ios/artifacts/release-quality/canonical-e2e/DerivedData/Build/Intermediates.noindex/libxlsxwriter.build/Debug-iphonesimulator/libxlsxwriter.build/Objects-normal/arm64/ioapi.o /Users/yutaro/project-profit-ios/artifacts/release-quality/canonical-e2e/DerivedData/SourcePackages/checkouts/libxlsxwriter/third_party/minizip/ioapi.c normal arm64 c com.apple.compilers.llvm.clang.1_0.compiler (in target 'libxlsxwriter' from project 'libxlsxwriter')
    cd /Users/yutaro/project-profit-ios/ProjectProfit.xcodeproj
    
    Using response file: /Users/yutaro/project-profit-ios/artifacts/release-quality/canonical-e2e/DerivedData/Build/Intermediates.noindex/libxlsxwriter.build/Debug-iphonesimulator/libxlsxwriter.build/Objects-normal/arm64/7187679823f38a2a940e0043cdf9d637-common-args.resp
    
    /Applications/Xcode-26.3.app/Contents/Developer/Toolchains/XcodeDefault.xctoolchain/usr/bin/clang -x c -ivfsstatcache /Users/yutaro/project-profit-ios/artifacts/release-quality/canonical-e2e/DerivedData/SDKStatCaches.noindex/iphonesimulator26.2-23C57-91db6bf2b9df79783d042ed3cc29a58e.sdkstatcache -fmessage-length\=0 -fdiagnostics-show-note-include-stack -fmacro-backtrace-limit\=0 -fno-color-diagnostics -fmodules-prune-interval\=86400 -fmodules-prune-after\=345600 -fbuild-session-file\=/Users/yutaro/project-profit-ios/artifacts/release-quality/canonical-e2e/DerivedData/ModuleCache.noindex/Session.modulevalidation -fmodules-validate-once-per-build-session -Wnon-modular-include-in-framework-module -Werror\=non-modular-include-in-framework-module -Wno-trigraphs -Wno-missing-field-initializers -Wno-missing-prototypes -Wno-return-type -Wno-missing-braces -Wparentheses -Wswitch -Wno-unused-function -Wno-unused-label -Wno-unused-parameter -Wno-unused-variable -Wunused-value -Wno-empty-body -Wno-uninitialized -Wno-unknown-pragmas -w -Wno-shadow -Wno-four-char-constants -Wno-conversion -Wno-constant-conversion -Wno-int-conversion -Wno-bool-conversion -Wno-enum-conversion -Wno-float-conversion -Wno-non-literal-null-conversion -Wno-objc-literal-conversion -Wshorten-64-to-32 -Wpointer-sign -Wno-newline-eof -Wno-implicit-fallthrough -fstrict-aliasing -Wdeprecated-declarations -Wno-sign-conversion -Wno-infinite-recursion -Wno-comma -Wno-block-capture-autoreleasing -Wno-strict-prototypes -Wno-semicolon-before-method-body -index-store-path /Users/yutaro/project-profit-ios/artifacts/release-quality/canonical-e2e/DerivedData/Index.noindex/DataStore @/Users/yutaro/project-profit-ios/artifacts/release-quality/canonical-e2e/DerivedData/Build/Intermediates.noindex/libxlsxwriter.build/Debug-iphonesimulator/libxlsxwriter.build/Objects-normal/arm64/7187679823f38a2a940e0043cdf9d637-common-args.resp -MMD -MT dependencies -MF /Users/yutaro/project-profit-ios/artifacts/release-quality/canonical-e2e/DerivedData/Build/Intermediates.noindex/libxlsxwriter.build/Debug-iphonesimulator/libxlsxwriter.build/Objects-normal/arm64/ioapi.d --serialize-diagnostics /Users/yutaro/project-profit-ios/artifacts/release-quality/canonical-e2e/DerivedData/Build/Intermediates.noindex/libxlsxwriter.build/Debug-iphonesimulator/libxlsxwriter.build/Objects-normal/arm64/ioapi.dia -c /Users/yutaro/project-profit-ios/artifacts/release-quality/canonical-e2e/DerivedData/SourcePackages/checkouts/libxlsxwriter/third_party/minizip/ioapi.c -o /Users/yutaro/project-profit-ios/artifacts/release-quality/canonical-e2e/DerivedData/Build/Intermediates.noindex/libxlsxwriter.build/Debug-iphonesimulator/libxlsxwriter.build/Objects-normal/arm64/ioapi.o -index-unit-output-path /libxlsxwriter.build/Debug-iphonesimulator/libxlsxwriter.build/Objects-normal/arm64/ioapi.o

SwiftExplicitDependencyGeneratePcm arm64 /Users/yutaro/project-profit-ios/artifacts/release-quality/canonical-e2e/DerivedData/ModuleCache.noindex/_AvailabilityInternal-BFPO8HFCB8LXJJJJOQF8TS7Q3.pcm

SwiftExplicitDependencyGeneratePcm arm64 /Users/yutaro/project-profit-ios/artifacts/release-quality/canonical-e2e/DerivedData/ModuleCache.noindex/ptrcheck-F2N5C6BWEM5E4OJYERTNHXAT.pcm

SwiftExplicitDependencyGeneratePcm arm64 /Users/yutaro/project-profit-ios/artifacts/release-quality/canonical-e2e/DerivedData/ModuleCache.noindex/_Builtin_stddef-BQJZFN402PR9GWK9DD3B670VE.pcm

SwiftExplicitDependencyGeneratePcm arm64 /Users/yutaro/project-profit-ios/artifacts/release-quality/canonical-e2e/DerivedData/ModuleCache.noindex/ptrauth-4Z9YR16BRB20KDCITFU28LQ6N.pcm

SwiftExplicitDependencyGeneratePcm arm64 /Users/yutaro/project-profit-ios/artifacts/release-quality/canonical-e2e/DerivedData/ModuleCache.noindex/_SwiftConcurrencyShims-JU0TV0VSZAAO26TPMQ9Q1I51.pcm

SwiftExplicitDependencyGeneratePcm arm64 /Users/yutaro/project-profit-ios/artifacts/release-quality/canonical-e2e/DerivedData/ModuleCache.noindex/_Builtin_float-8VZPSGBXBDFM25VNUQ5K7JK5K.pcm

SwiftExplicitDependencyGeneratePcm arm64 /Users/yutaro/project-profit-ios/artifacts/release-quality/canonical-e2e/DerivedData/ModuleCache.noindex/DeveloperToolsSupport-AFXIWTW1OGEG9BHREW2JAC0VW.pcm

SwiftExplicitDependencyGeneratePcm arm64 /Users/yutaro/project-profit-ios/artifacts/release-quality/canonical-e2e/DerivedData/ModuleCache.noindex/_Builtin_stdbool-5EXRBZJO30FSFBEYB9WIZW8CH.pcm

SwiftExplicitDependencyGeneratePcm arm64 /Users/yutaro/project-profit-ios/artifacts/release-quality/canonical-e2e/DerivedData/ModuleCache.noindex/_Builtin_stdarg-4S9MCCG5UDURS3KIPD4U746EE.pcm

SwiftExplicitDependencyGeneratePcm arm64 /Users/yutaro/project-profit-ios/artifacts/release-quality/canonical-e2e/DerivedData/ModuleCache.noindex/SwiftShims-BM8UFNGL1U0J6T3HGU9IC5ZKW.pcm

SwiftExplicitDependencyGeneratePcm arm64 /Users/yutaro/project-profit-ios/artifacts/release-quality/canonical-e2e/DerivedData/ModuleCache.noindex/_DarwinFoundation1-1MY740MZ0MUABBYWN1FOMKPNH.pcm

CompileC /Users/yutaro/project-profit-ios/artifacts/release-quality/canonical-e2e/DerivedData/Build/Intermediates.noindex/libxlsxwriter.build/Debug-iphonesimulator/libxlsxwriter.build/Objects-normal/arm64/worksheet.o /Users/yutaro/project-profit-ios/artifacts/release-quality/canonical-e2e/DerivedData/SourcePackages/checkouts/libxlsxwriter/src/worksheet.c normal arm64 c com.apple.compilers.llvm.clang.1_0.compiler (in target 'libxlsxwriter' from project 'libxlsxwriter')
    cd /Users/yutaro/project-profit-ios/ProjectProfit.xcodeproj
    
    Using response file: /Users/yutaro/project-profit-ios/artifacts/release-quality/canonical-e2e/DerivedData/Build/Intermediates.noindex/libxlsxwriter.build/Debug-iphonesimulator/libxlsxwriter.build/Objects-normal/arm64/7187679823f38a2a940e0043cdf9d637-common-args.resp
    
    /Applications/Xcode-26.3.app/Contents/Developer/Toolchains/XcodeDefault.xctoolchain/usr/bin/clang -x c -ivfsstatcache /Users/yutaro/project-profit-ios/artifacts/release-quality/canonical-e2e/DerivedData/SDKStatCaches.noindex/iphonesimulator26.2-23C57-91db6bf2b9df79783d042ed3cc29a58e.sdkstatcache -fmessage-length\=0 -fdiagnostics-show-note-include-stack -fmacro-backtrace-limit\=0 -fno-color-diagnostics -fmodules-prune-interval\=86400 -fmodules-prune-after\=345600 -fbuild-session-file\=/Users/yutaro/project-profit-ios/artifacts/release-quality/canonical-e2e/DerivedData/ModuleCache.noindex/Session.modulevalidation -fmodules-validate-once-per-build-session -Wnon-modular-include-in-framework-module -Werror\=non-modular-include-in-framework-module -Wno-trigraphs -Wno-missing-field-initializers -Wno-missing-prototypes -Wno-return-type -Wno-missing-braces -Wparentheses -Wswitch -Wno-unused-function -Wno-unused-label -Wno-unused-parameter -Wno-unused-variable -Wunused-value -Wno-empty-body -Wno-uninitialized -Wno-unknown-pragmas -w -Wno-shadow -Wno-four-char-constants -Wno-conversion -Wno-constant-conversion -Wno-int-conversion -Wno-bool-conversion -Wno-enum-conversion -Wno-float-conversion -Wno-non-literal-null-conversion -Wno-objc-literal-conversion -Wshorten-64-to-32 -Wpointer-sign -Wno-newline-eof -Wno-implicit-fallthrough -fstrict-aliasing -Wdeprecated-declarations -Wno-sign-conversion -Wno-infinite-recursion -Wno-comma -Wno-block-capture-autoreleasing -Wno-strict-prototypes -Wno-semicolon-before-method-body -index-store-path /Users/yutaro/project-profit-ios/artifacts/release-quality/canonical-e2e/DerivedData/Index.noindex/DataStore @/Users/yutaro/project-profit-ios/artifacts/release-quality/canonical-e2e/DerivedData/Build/Intermediates.noindex/libxlsxwriter.build/Debug-iphonesimulator/libxlsxwriter.build/Objects-normal/arm64/7187679823f38a2a940e0043cdf9d637-common-args.resp -MMD -MT dependencies -MF /Users/yutaro/project-profit-ios/artifacts/release-quality/canonical-e2e/DerivedData/Build/Intermediates.noindex/libxlsxwriter.build/Debug-iphonesimulator/libxlsxwriter.build/Objects-normal/arm64/worksheet.d --serialize-diagnostics /Users/yutaro/project-profit-ios/artifacts/release-quality/canonical-e2e/DerivedData/Build/Intermediates.noindex/libxlsxwriter.build/Debug-iphonesimulator/libxlsxwriter.build/Objects-normal/arm64/worksheet.dia -c /Users/yutaro/project-profit-ios/artifacts/release-quality/canonical-e2e/DerivedData/SourcePackages/checkouts/libxlsxwriter/src/worksheet.c -o /Users/yutaro/project-profit-ios/artifacts/release-quality/canonical-e2e/DerivedData/Build/Intermediates.noindex/libxlsxwriter.build/Debug-iphonesimulator/libxlsxwriter.build/Objects-normal/arm64/worksheet.o -index-unit-output-path /libxlsxwriter.build/Debug-iphonesimulator/libxlsxwriter.build/Objects-normal/arm64/worksheet.o

CompileC /Users/yutaro/project-profit-ios/artifacts/release-quality/canonical-e2e/DerivedData/Build/Intermediates.noindex/libxlsxwriter.build/Debug-iphonesimulator/libxlsxwriter.build/Objects-normal/arm64/xmlwriter.o /Users/yutaro/project-profit-ios/artifacts/release-quality/canonical-e2e/DerivedData/SourcePackages/checkouts/libxlsxwriter/src/xmlwriter.c normal arm64 c com.apple.compilers.llvm.clang.1_0.compiler (in target 'libxlsxwriter' from project 'libxlsxwriter')
    cd /Users/yutaro/project-profit-ios/ProjectProfit.xcodeproj
    
    Using response file: /Users/yutaro/project-profit-ios/artifacts/release-quality/canonical-e2e/DerivedData/Build/Intermediates.noindex/libxlsxwriter.build/Debug-iphonesimulator/libxlsxwriter.build/Objects-normal/arm64/7187679823f38a2a940e0043cdf9d637-common-args.resp
    
    /Applications/Xcode-26.3.app/Contents/Developer/Toolchains/XcodeDefault.xctoolchain/usr/bin/clang -x c -ivfsstatcache /Users/yutaro/project-profit-ios/artifacts/release-quality/canonical-e2e/DerivedData/SDKStatCaches.noindex/iphonesimulator26.2-23C57-91db6bf2b9df79783d042ed3cc29a58e.sdkstatcache -fmessage-length\=0 -fdiagnostics-show-note-include-stack -fmacro-backtrace-limit\=0 -fno-color-diagnostics -fmodules-prune-interval\=86400 -fmodules-prune-after\=345600 -fbuild-session-file\=/Users/yutaro/project-profit-ios/artifacts/release-quality/canonical-e2e/DerivedData/ModuleCache.noindex/Session.modulevalidation -fmodules-validate-once-per-build-session -Wnon-modular-include-in-framework-module -Werror\=non-modular-include-in-framework-module -Wno-trigraphs -Wno-missing-field-initializers -Wno-missing-prototypes -Wno-return-type -Wno-missing-braces -Wparentheses -Wswitch -Wno-unused-function -Wno-unused-label -Wno-unused-parameter -Wno-unused-variable -Wunused-value -Wno-empty-body -Wno-uninitialized -Wno-unknown-pragmas -w -Wno-shadow -Wno-four-char-constants -Wno-conversion -Wno-constant-conversion -Wno-int-conversion -Wno-bool-conversion -Wno-enum-conversion -Wno-float-conversion -Wno-non-literal-null-conversion -Wno-objc-literal-conversion -Wshorten-64-to-32 -Wpointer-sign -Wno-newline-eof -Wno-implicit-fallthrough -fstrict-aliasing -Wdeprecated-declarations -Wno-sign-conversion -Wno-infinite-recursion -Wno-comma -Wno-block-capture-autoreleasing -Wno-strict-prototypes -Wno-semicolon-before-method-body -index-store-path /Users/yutaro/project-profit-ios/artifacts/release-quality/canonical-e2e/DerivedData/Index.noindex/DataStore @/Users/yutaro/project-profit-ios/artifacts/release-quality/canonical-e2e/DerivedData/Build/Intermediates.noindex/libxlsxwriter.build/Debug-iphonesimulator/libxlsxwriter.build/Objects-normal/arm64/7187679823f38a2a940e0043cdf9d637-common-args.resp -MMD -MT dependencies -MF /Users/yutaro/project-profit-ios/artifacts/release-quality/canonical-e2e/DerivedData/Build/Intermediates.noindex/libxlsxwriter.build/Debug-iphonesimulator/libxlsxwriter.build/Objects-normal/arm64/xmlwriter.d --serialize-diagnostics /Users/yutaro/project-profit-ios/artifacts/release-quality/canonical-e2e/DerivedData/Build/Intermediates.noindex/libxlsxwriter.build/Debug-iphonesimulator/libxlsxwriter.build/Objects-normal/arm64/xmlwriter.dia -c /Users/yutaro/project-profit-ios/artifacts/release-quality/canonical-e2e/DerivedData/SourcePackages/checkouts/libxlsxwriter/src/xmlwriter.c -o /Users/yutaro/project-profit-ios/artifacts/release-quality/canonical-e2e/DerivedData/Build/Intermediates.noindex/libxlsxwriter.build/Debug-iphonesimulator/libxlsxwriter.build/Objects-normal/arm64/xmlwriter.o -index-unit-output-path /libxlsxwriter.build/Debug-iphonesimulator/libxlsxwriter.build/Objects-normal/arm64/xmlwriter.o

CompileC /Users/yutaro/project-profit-ios/artifacts/release-quality/canonical-e2e/DerivedData/Build/Intermediates.noindex/libxlsxwriter.build/Debug-iphonesimulator/libxlsxwriter.build/Objects-normal/arm64/workbook.o /Users/yutaro/project-profit-ios/artifacts/release-quality/canonical-e2e/DerivedData/SourcePackages/checkouts/libxlsxwriter/src/workbook.c normal arm64 c com.apple.compilers.llvm.clang.1_0.compiler (in target 'libxlsxwriter' from project 'libxlsxwriter')
    cd /Users/yutaro/project-profit-ios/ProjectProfit.xcodeproj
    
    Using response file: /Users/yutaro/project-profit-ios/artifacts/release-quality/canonical-e2e/DerivedData/Build/Intermediates.noindex/libxlsxwriter.build/Debug-iphonesimulator/libxlsxwriter.build/Objects-normal/arm64/7187679823f38a2a940e0043cdf9d637-common-args.resp
    
    /Applications/Xcode-26.3.app/Contents/Developer/Toolchains/XcodeDefault.xctoolchain/usr/bin/clang -x c -ivfsstatcache /Users/yutaro/project-profit-ios/artifacts/release-quality/canonical-e2e/DerivedData/SDKStatCaches.noindex/iphonesimulator26.2-23C57-91db6bf2b9df79783d042ed3cc29a58e.sdkstatcache -fmessage-length\=0 -fdiagnostics-show-note-include-stack -fmacro-backtrace-limit\=0 -fno-color-diagnostics -fmodules-prune-interval\=86400 -fmodules-prune-after\=345600 -fbuild-session-file\=/Users/yutaro/project-profit-ios/artifacts/release-quality/canonical-e2e/DerivedData/ModuleCache.noindex/Session.modulevalidation -fmodules-validate-once-per-build-session -Wnon-modular-include-in-framework-module -Werror\=non-modular-include-in-framework-module -Wno-trigraphs -Wno-missing-field-initializers -Wno-missing-prototypes -Wno-return-type -Wno-missing-braces -Wparentheses -Wswitch -Wno-unused-function -Wno-unused-label -Wno-unused-parameter -Wno-unused-variable -Wunused-value -Wno-empty-body -Wno-uninitialized -Wno-unknown-pragmas -w -Wno-shadow -Wno-four-char-constants -Wno-conversion -Wno-constant-conversion -Wno-int-conversion -Wno-bool-conversion -Wno-enum-conversion -Wno-float-conversion -Wno-non-literal-null-conversion -Wno-objc-literal-conversion -Wshorten-64-to-32 -Wpointer-sign -Wno-newline-eof -Wno-implicit-fallthrough -fstrict-aliasing -Wdeprecated-declarations -Wno-sign-conversion -Wno-infinite-recursion -Wno-comma -Wno-block-capture-autoreleasing -Wno-strict-prototypes -Wno-semicolon-before-method-body -index-store-path /Users/yutaro/project-profit-ios/artifacts/release-quality/canonical-e2e/DerivedData/Index.noindex/DataStore @/Users/yutaro/project-profit-ios/artifacts/release-quality/canonical-e2e/DerivedData/Build/Intermediates.noindex/libxlsxwriter.build/Debug-iphonesimulator/libxlsxwriter.build/Objects-normal/arm64/7187679823f38a2a940e0043cdf9d637-common-args.resp -MMD -MT dependencies -MF /Users/yutaro/project-profit-ios/artifacts/release-quality/canonical-e2e/DerivedData/Build/Intermediates.noindex/libxlsxwriter.build/Debug-iphonesimulator/libxlsxwriter.build/Objects-normal/arm64/workbook.d --serialize-diagnostics /Users/yutaro/project-profit-ios/artifacts/release-quality/canonical-e2e/DerivedData/Build/Intermediates.noindex/libxlsxwriter.build/Debug-iphonesimulator/libxlsxwriter.build/Objects-normal/arm64/workbook.dia -c /Users/yutaro/project-profit-ios/artifacts/release-quality/canonical-e2e/DerivedData/SourcePackages/checkouts/libxlsxwriter/src/workbook.c -o /Users/yutaro/project-profit-ios/artifacts/release-quality/canonical-e2e/DerivedData/Build/Intermediates.noindex/libxlsxwriter.build/Debug-iphonesimulator/libxlsxwriter.build/Objects-normal/arm64/workbook.o -index-unit-output-path /libxlsxwriter.build/Debug-iphonesimulator/libxlsxwriter.build/Objects-normal/arm64/workbook.o

CompileC /Users/yutaro/project-profit-ios/artifacts/release-quality/canonical-e2e/DerivedData/Build/Intermediates.noindex/libxlsxwriter.build/Debug-iphonesimulator/libxlsxwriter.build/Objects-normal/arm64/vml.o /Users/yutaro/project-profit-ios/artifacts/release-quality/canonical-e2e/DerivedData/SourcePackages/checkouts/libxlsxwriter/src/vml.c normal arm64 c com.apple.compilers.llvm.clang.1_0.compiler (in target 'libxlsxwriter' from project 'libxlsxwriter')
    cd /Users/yutaro/project-profit-ios/ProjectProfit.xcodeproj
    
    Using response file: /Users/yutaro/project-profit-ios/artifacts/release-quality/canonical-e2e/DerivedData/Build/Intermediates.noindex/libxlsxwriter.build/Debug-iphonesimulator/libxlsxwriter.build/Objects-normal/arm64/7187679823f38a2a940e0043cdf9d637-common-args.resp
    
    /Applications/Xcode-26.3.app/Contents/Developer/Toolchains/XcodeDefault.xctoolchain/usr/bin/clang -x c -ivfsstatcache /Users/yutaro/project-profit-ios/artifacts/release-quality/canonical-e2e/DerivedData/SDKStatCaches.noindex/iphonesimulator26.2-23C57-91db6bf2b9df79783d042ed3cc29a58e.sdkstatcache -fmessage-length\=0 -fdiagnostics-show-note-include-stack -fmacro-backtrace-limit\=0 -fno-color-diagnostics -fmodules-prune-interval\=86400 -fmodules-prune-after\=345600 -fbuild-session-file\=/Users/yutaro/project-profit-ios/artifacts/release-quality/canonical-e2e/DerivedData/ModuleCache.noindex/Session.modulevalidation -fmodules-validate-once-per-build-session -Wnon-modular-include-in-framework-module -Werror\=non-modular-include-in-framework-module -Wno-trigraphs -Wno-missing-field-initializers -Wno-missing-prototypes -Wno-return-type -Wno-missing-braces -Wparentheses -Wswitch -Wno-unused-function -Wno-unused-label -Wno-unused-parameter -Wno-unused-variable -Wunused-value -Wno-empty-body -Wno-uninitialized -Wno-unknown-pragmas -w -Wno-shadow -Wno-four-char-constants -Wno-conversion -Wno-constant-conversion -Wno-int-conversion -Wno-bool-conversion -Wno-enum-conversion -Wno-float-conversion -Wno-non-literal-null-conversion -Wno-objc-literal-conversion -Wshorten-64-to-32 -Wpointer-sign -Wno-newline-eof -Wno-implicit-fallthrough -fstrict-aliasing -Wdeprecated-declarations -Wno-sign-conversion -Wno-infinite-recursion -Wno-comma -Wno-block-capture-autoreleasing -Wno-strict-prototypes -Wno-semicolon-before-method-body -index-store-path /Users/yutaro/project-profit-ios/artifacts/release-quality/canonical-e2e/DerivedData/Index.noindex/DataStore @/Users/yutaro/project-profit-ios/artifacts/release-quality/canonical-e2e/DerivedData/Build/Intermediates.noindex/libxlsxwriter.build/Debug-iphonesimulator/libxlsxwriter.build/Objects-normal/arm64/7187679823f38a2a940e0043cdf9d637-common-args.resp -MMD -MT dependencies -MF /Users/yutaro/project-profit-ios/artifacts/release-quality/canonical-e2e/DerivedData/Build/Intermediates.noindex/libxlsxwriter.build/Debug-iphonesimulator/libxlsxwriter.build/Objects-normal/arm64/vml.d --serialize-diagnostics /Users/yutaro/project-profit-ios/artifacts/release-quality/canonical-e2e/DerivedData/Build/Intermediates.noindex/libxlsxwriter.build/Debug-iphonesimulator/libxlsxwriter.build/Objects-normal/arm64/vml.dia -c /Users/yutaro/project-profit-ios/artifacts/release-quality/canonical-e2e/DerivedData/SourcePackages/checkouts/libxlsxwriter/src/vml.c -o /Users/yutaro/project-profit-ios/artifacts/release-quality/canonical-e2e/DerivedData/Build/Intermediates.noindex/libxlsxwriter.build/Debug-iphonesimulator/libxlsxwriter.build/Objects-normal/arm64/vml.o -index-unit-output-path /libxlsxwriter.build/Debug-iphonesimulator/libxlsxwriter.build/Objects-normal/arm64/vml.o

CompileC /Users/yutaro/project-profit-ios/artifacts/release-quality/canonical-e2e/DerivedData/Build/Intermediates.noindex/libxlsxwriter.build/Debug-iphonesimulator/libxlsxwriter.build/Objects-normal/arm64/utility.o /Users/yutaro/project-profit-ios/artifacts/release-quality/canonical-e2e/DerivedData/SourcePackages/checkouts/libxlsxwriter/src/utility.c normal arm64 c com.apple.compilers.llvm.clang.1_0.compiler (in target 'libxlsxwriter' from project 'libxlsxwriter')
    cd /Users/yutaro/project-profit-ios/ProjectProfit.xcodeproj
    
    Using response file: /Users/yutaro/project-profit-ios/artifacts/release-quality/canonical-e2e/DerivedData/Build/Intermediates.noindex/libxlsxwriter.build/Debug-iphonesimulator/libxlsxwriter.build/Objects-normal/arm64/7187679823f38a2a940e0043cdf9d637-common-args.resp
    
    /Applications/Xcode-26.3.app/Contents/Developer/Toolchains/XcodeDefault.xctoolchain/usr/bin/clang -x c -ivfsstatcache /Users/yutaro/project-profit-ios/artifacts/release-quality/canonical-e2e/DerivedData/SDKStatCaches.noindex/iphonesimulator26.2-23C57-91db6bf2b9df79783d042ed3cc29a58e.sdkstatcache -fmessage-length\=0 -fdiagnostics-show-note-include-stack -fmacro-backtrace-limit\=0 -fno-color-diagnostics -fmodules-prune-interval\=86400 -fmodules-prune-after\=345600 -fbuild-session-file\=/Users/yutaro/project-profit-ios/artifacts/release-quality/canonical-e2e/DerivedData/ModuleCache.noindex/Session.modulevalidation -fmodules-validate-once-per-build-session -Wnon-modular-include-in-framework-module -Werror\=non-modular-include-in-framework-module -Wno-trigraphs -Wno-missing-field-initializers -Wno-missing-prototypes -Wno-return-type -Wno-missing-braces -Wparentheses -Wswitch -Wno-unused-function -Wno-unused-label -Wno-unused-parameter -Wno-unused-variable -Wunused-value -Wno-empty-body -Wno-uninitialized -Wno-unknown-pragmas -w -Wno-shadow -Wno-four-char-constants -Wno-conversion -Wno-constant-conversion -Wno-int-conversion -Wno-bool-conversion -Wno-enum-conversion -Wno-float-conversion -Wno-non-literal-null-conversion -Wno-objc-literal-conversion -Wshorten-64-to-32 -Wpointer-sign -Wno-newline-eof -Wno-implicit-fallthrough -fstrict-aliasing -Wdeprecated-declarations -Wno-sign-conversion -Wno-infinite-recursion -Wno-comma -Wno-block-capture-autoreleasing -Wno-strict-prototypes -Wno-semicolon-before-method-body -index-store-path /Users/yutaro/project-profit-ios/artifacts/release-quality/canonical-e2e/DerivedData/Index.noindex/DataStore @/Users/yutaro/project-profit-ios/artifacts/release-quality/canonical-e2e/DerivedData/Build/Intermediates.noindex/libxlsxwriter.build/Debug-iphonesimulator/libxlsxwriter.build/Objects-normal/arm64/7187679823f38a2a940e0043cdf9d637-common-args.resp -MMD -MT dependencies -MF /Users/yutaro/project-profit-ios/artifacts/release-quality/canonical-e2e/DerivedData/Build/Intermediates.noindex/libxlsxwriter.build/Debug-iphonesimulator/libxlsxwriter.build/Objects-normal/arm64/utility.d --serialize-diagnostics /Users/yutaro/project-profit-ios/artifacts/release-quality/canonical-e2e/DerivedData/Build/Intermediates.noindex/libxlsxwriter.build/Debug-iphonesimulator/libxlsxwriter.build/Objects-normal/arm64/utility.dia -c /Users/yutaro/project-profit-ios/artifacts/release-quality/canonical-e2e/DerivedData/SourcePackages/checkouts/libxlsxwriter/src/utility.c -o /Users/yutaro/project-profit-ios/artifacts/release-quality/canonical-e2e/DerivedData/Build/Intermediates.noindex/libxlsxwriter.build/Debug-iphonesimulator/libxlsxwriter.build/Objects-normal/arm64/utility.o -index-unit-output-path /libxlsxwriter.build/Debug-iphonesimulator/libxlsxwriter.build/Objects-normal/arm64/utility.o

CompileC /Users/yutaro/project-profit-ios/artifacts/release-quality/canonical-e2e/DerivedData/Build/Intermediates.noindex/libxlsxwriter.build/Debug-iphonesimulator/libxlsxwriter.build/Objects-normal/arm64/tmpfileplus.o /Users/yutaro/project-profit-ios/artifacts/release-quality/canonical-e2e/DerivedData/SourcePackages/checkouts/libxlsxwriter/third_party/tmpfileplus/tmpfileplus.c normal arm64 c com.apple.compilers.llvm.clang.1_0.compiler (in target 'libxlsxwriter' from project 'libxlsxwriter')
    cd /Users/yutaro/project-profit-ios/ProjectProfit.xcodeproj
    
    Using response file: /Users/yutaro/project-profit-ios/artifacts/release-quality/canonical-e2e/DerivedData/Build/Intermediates.noindex/libxlsxwriter.build/Debug-iphonesimulator/libxlsxwriter.build/Objects-normal/arm64/7187679823f38a2a940e0043cdf9d637-common-args.resp
    
    /Applications/Xcode-26.3.app/Contents/Developer/Toolchains/XcodeDefault.xctoolchain/usr/bin/clang -x c -ivfsstatcache /Users/yutaro/project-profit-ios/artifacts/release-quality/canonical-e2e/DerivedData/SDKStatCaches.noindex/iphonesimulator26.2-23C57-91db6bf2b9df79783d042ed3cc29a58e.sdkstatcache -fmessage-length\=0 -fdiagnostics-show-note-include-stack -fmacro-backtrace-limit\=0 -fno-color-diagnostics -fmodules-prune-interval\=86400 -fmodules-prune-after\=345600 -fbuild-session-file\=/Users/yutaro/project-profit-ios/artifacts/release-quality/canonical-e2e/DerivedData/ModuleCache.noindex/Session.modulevalidation -fmodules-validate-once-per-build-session -Wnon-modular-include-in-framework-module -Werror\=non-modular-include-in-framework-module -Wno-trigraphs -Wno-missing-field-initializers -Wno-missing-prototypes -Wno-return-type -Wno-missing-braces -Wparentheses -Wswitch -Wno-unused-function -Wno-unused-label -Wno-unused-parameter -Wno-unused-variable -Wunused-value -Wno-empty-body -Wno-uninitialized -Wno-unknown-pragmas -w -Wno-shadow -Wno-four-char-constants -Wno-conversion -Wno-constant-conversion -Wno-int-conversion -Wno-bool-conversion -Wno-enum-conversion -Wno-float-conversion -Wno-non-literal-null-conversion -Wno-objc-literal-conversion -Wshorten-64-to-32 -Wpointer-sign -Wno-newline-eof -Wno-implicit-fallthrough -fstrict-aliasing -Wdeprecated-declarations -Wno-sign-conversion -Wno-infinite-recursion -Wno-comma -Wno-block-capture-autoreleasing -Wno-strict-prototypes -Wno-semicolon-before-method-body -index-store-path /Users/yutaro/project-profit-ios/artifacts/release-quality/canonical-e2e/DerivedData/Index.noindex/DataStore @/Users/yutaro/project-profit-ios/artifacts/release-quality/canonical-e2e/DerivedData/Build/Intermediates.noindex/libxlsxwriter.build/Debug-iphonesimulator/libxlsxwriter.build/Objects-normal/arm64/7187679823f38a2a940e0043cdf9d637-common-args.resp -MMD -MT dependencies -MF /Users/yutaro/project-profit-ios/artifacts/release-quality/canonical-e2e/DerivedData/Build/Intermediates.noindex/libxlsxwriter.build/Debug-iphonesimulator/libxlsxwriter.build/Objects-normal/arm64/tmpfileplus.d --serialize-diagnostics /Users/yutaro/project-profit-ios/artifacts/release-quality/canonical-e2e/DerivedData/Build/Intermediates.noindex/libxlsxwriter.build/Debug-iphonesimulator/libxlsxwriter.build/Objects-normal/arm64/tmpfileplus.dia -c /Users/yutaro/project-profit-ios/artifacts/release-quality/canonical-e2e/DerivedData/SourcePackages/checkouts/libxlsxwriter/third_party/tmpfileplus/tmpfileplus.c -o /Users/yutaro/project-profit-ios/artifacts/release-quality/canonical-e2e/DerivedData/Build/Intermediates.noindex/libxlsxwriter.build/Debug-iphonesimulator/libxlsxwriter.build/Objects-normal/arm64/tmpfileplus.o -index-unit-output-path /libxlsxwriter.build/Debug-iphonesimulator/libxlsxwriter.build/Objects-normal/arm64/tmpfileplus.o

CompileC /Users/yutaro/project-profit-ios/artifacts/release-quality/canonical-e2e/DerivedData/Build/Intermediates.noindex/libxlsxwriter.build/Debug-iphonesimulator/libxlsxwriter.build/Objects-normal/arm64/theme.o /Users/yutaro/project-profit-ios/artifacts/release-quality/canonical-e2e/DerivedData/SourcePackages/checkouts/libxlsxwriter/src/theme.c normal arm64 c com.apple.compilers.llvm.clang.1_0.compiler (in target 'libxlsxwriter' from project 'libxlsxwriter')
    cd /Users/yutaro/project-profit-ios/ProjectProfit.xcodeproj
    
    Using response file: /Users/yutaro/project-profit-ios/artifacts/release-quality/canonical-e2e/DerivedData/Build/Intermediates.noindex/libxlsxwriter.build/Debug-iphonesimulator/libxlsxwriter.build/Objects-normal/arm64/7187679823f38a2a940e0043cdf9d637-common-args.resp
    
    /Applications/Xcode-26.3.app/Contents/Developer/Toolchains/XcodeDefault.xctoolchain/usr/bin/clang -x c -ivfsstatcache /Users/yutaro/project-profit-ios/artifacts/release-quality/canonical-e2e/DerivedData/SDKStatCaches.noindex/iphonesimulator26.2-23C57-91db6bf2b9df79783d042ed3cc29a58e.sdkstatcache -fmessage-length\=0 -fdiagnostics-show-note-include-stack -fmacro-backtrace-limit\=0 -fno-color-diagnostics -fmodules-prune-interval\=86400 -fmodules-prune-after\=345600 -fbuild-session-file\=/Users/yutaro/project-profit-ios/artifacts/release-quality/canonical-e2e/DerivedData/ModuleCache.noindex/Session.modulevalidation -fmodules-validate-once-per-build-session -Wnon-modular-include-in-framework-module -Werror\=non-modular-include-in-framework-module -Wno-trigraphs -Wno-missing-field-initializers -Wno-missing-prototypes -Wno-return-type -Wno-missing-braces -Wparentheses -Wswitch -Wno-unused-function -Wno-unused-label -Wno-unused-parameter -Wno-unused-variable -Wunused-value -Wno-empty-body -Wno-uninitialized -Wno-unknown-pragmas -w -Wno-shadow -Wno-four-char-constants -Wno-conversion -Wno-constant-conversion -Wno-int-conversion -Wno-bool-conversion -Wno-enum-conversion -Wno-float-conversion -Wno-non-literal-null-conversion -Wno-objc-literal-conversion -Wshorten-64-to-32 -Wpointer-sign -Wno-newline-eof -Wno-implicit-fallthrough -fstrict-aliasing -Wdeprecated-declarations -Wno-sign-conversion -Wno-infinite-recursion -Wno-comma -Wno-block-capture-autoreleasing -Wno-strict-prototypes -Wno-semicolon-before-method-body -index-store-path /Users/yutaro/project-profit-ios/artifacts/release-quality/canonical-e2e/DerivedData/Index.noindex/DataStore @/Users/yutaro/project-profit-ios/artifacts/release-quality/canonical-e2e/DerivedData/Build/Intermediates.noindex/libxlsxwriter.build/Debug-iphonesimulator/libxlsxwriter.build/Objects-normal/arm64/7187679823f38a2a940e0043cdf9d637-common-args.resp -MMD -MT dependencies -MF /Users/yutaro/project-profit-ios/artifacts/release-quality/canonical-e2e/DerivedData/Build/Intermediates.noindex/libxlsxwriter.build/Debug-iphonesimulator/libxlsxwriter.build/Objects-normal/arm64/theme.d --serialize-diagnostics /Users/yutaro/project-profit-ios/artifacts/release-quality/canonical-e2e/DerivedData/Build/Intermediates.noindex/libxlsxwriter.build/Debug-iphonesimulator/libxlsxwriter.build/Objects-normal/arm64/theme.dia -c /Users/yutaro/project-profit-ios/artifacts/release-quality/canonical-e2e/DerivedData/SourcePackages/checkouts/libxlsxwriter/src/theme.c -o /Users/yutaro/project-profit-ios/artifacts/release-quality/canonical-e2e/DerivedData/Build/Intermediates.noindex/libxlsxwriter.build/Debug-iphonesimulator/libxlsxwriter.build/Objects-normal/arm64/theme.o -index-unit-output-path /libxlsxwriter.build/Debug-iphonesimulator/libxlsxwriter.build/Objects-normal/arm64/theme.o

CompileC /Users/yutaro/project-profit-ios/artifacts/release-quality/canonical-e2e/DerivedData/Build/Intermediates.noindex/libxlsxwriter.build/Debug-iphonesimulator/libxlsxwriter.build/Objects-normal/arm64/table.o /Users/yutaro/project-profit-ios/artifacts/release-quality/canonical-e2e/DerivedData/SourcePackages/checkouts/libxlsxwriter/src/table.c normal arm64 c com.apple.compilers.llvm.clang.1_0.compiler (in target 'libxlsxwriter' from project 'libxlsxwriter')
    cd /Users/yutaro/project-profit-ios/ProjectProfit.xcodeproj
    
    Using response file: /Users/yutaro/project-profit-ios/artifacts/release-quality/canonical-e2e/DerivedData/Build/Intermediates.noindex/libxlsxwriter.build/Debug-iphonesimulator/libxlsxwriter.build/Objects-normal/arm64/7187679823f38a2a940e0043cdf9d637-common-args.resp
    
    /Applications/Xcode-26.3.app/Contents/Developer/Toolchains/XcodeDefault.xctoolchain/usr/bin/clang -x c -ivfsstatcache /Users/yutaro/project-profit-ios/artifacts/release-quality/canonical-e2e/DerivedData/SDKStatCaches.noindex/iphonesimulator26.2-23C57-91db6bf2b9df79783d042ed3cc29a58e.sdkstatcache -fmessage-length\=0 -fdiagnostics-show-note-include-stack -fmacro-backtrace-limit\=0 -fno-color-diagnostics -fmodules-prune-interval\=86400 -fmodules-prune-after\=345600 -fbuild-session-file\=/Users/yutaro/project-profit-ios/artifacts/release-quality/canonical-e2e/DerivedData/ModuleCache.noindex/Session.modulevalidation -fmodules-validate-once-per-build-session -Wnon-modular-include-in-framework-module -Werror\=non-modular-include-in-framework-module -Wno-trigraphs -Wno-missing-field-initializers -Wno-missing-prototypes -Wno-return-type -Wno-missing-braces -Wparentheses -Wswitch -Wno-unused-function -Wno-unused-label -Wno-unused-parameter -Wno-unused-variable -Wunused-value -Wno-empty-body -Wno-uninitialized -Wno-unknown-pragmas -w -Wno-shadow -Wno-four-char-constants -Wno-conversion -Wno-constant-conversion -Wno-int-conversion -Wno-bool-conversion -Wno-enum-conversion -Wno-float-conversion -Wno-non-literal-null-conversion -Wno-objc-literal-conversion -Wshorten-64-to-32 -Wpointer-sign -Wno-newline-eof -Wno-implicit-fallthrough -fstrict-aliasing -Wdeprecated-declarations -Wno-sign-conversion -Wno-infinite-recursion -Wno-comma -Wno-block-capture-autoreleasing -Wno-strict-prototypes -Wno-semicolon-before-method-body -index-store-path /Users/yutaro/project-profit-ios/artifacts/release-quality/canonical-e2e/DerivedData/Index.noindex/DataStore @/Users/yutaro/project-profit-ios/artifacts/release-quality/canonical-e2e/DerivedData/Build/Intermediates.noindex/libxlsxwriter.build/Debug-iphonesimulator/libxlsxwriter.build/Objects-normal/arm64/7187679823f38a2a940e0043cdf9d637-common-args.resp -MMD -MT dependencies -MF /Users/yutaro/project-profit-ios/artifacts/release-quality/canonical-e2e/DerivedData/Build/Intermediates.noindex/libxlsxwriter.build/Debug-iphonesimulator/libxlsxwriter.build/Objects-normal/arm64/table.d --serialize-diagnostics /Users/yutaro/project-profit-ios/artifacts/release-quality/canonical-e2e/DerivedData/Build/Intermediates.noindex/libxlsxwriter.build/Debug-iphonesimulator/libxlsxwriter.build/Objects-normal/arm64/table.dia -c /Users/yutaro/project-profit-ios/artifacts/release-quality/canonical-e2e/DerivedData/SourcePackages/checkouts/libxlsxwriter/src/table.c -o /Users/yutaro/project-profit-ios/artifacts/release-quality/canonical-e2e/DerivedData/Build/Intermediates.noindex/libxlsxwriter.build/Debug-iphonesimulator/libxlsxwriter.build/Objects-normal/arm64/table.o -index-unit-output-path /libxlsxwriter.build/Debug-iphonesimulator/libxlsxwriter.build/Objects-normal/arm64/table.o

SwiftExplicitDependencyGeneratePcm arm64 /Users/yutaro/project-profit-ios/artifacts/release-quality/canonical-e2e/DerivedData/ModuleCache.noindex/_DarwinFoundation2-DBUSAMV5QCBL1I18S0ZPL3BSL.pcm

SwiftExplicitDependencyGeneratePcm arm64 /Users/yutaro/project-profit-ios/artifacts/release-quality/canonical-e2e/DerivedData/ModuleCache.noindex/_Builtin_limits-3RVKDGR5ZKBVH5XVK6TY50WBT.pcm

CompileC /Users/yutaro/project-profit-ios/artifacts/release-quality/canonical-e2e/DerivedData/Build/Intermediates.noindex/libxlsxwriter.build/Debug-iphonesimulator/libxlsxwriter.build/Objects-normal/arm64/styles.o /Users/yutaro/project-profit-ios/artifacts/release-quality/canonical-e2e/DerivedData/SourcePackages/checkouts/libxlsxwriter/src/styles.c normal arm64 c com.apple.compilers.llvm.clang.1_0.compiler (in target 'libxlsxwriter' from project 'libxlsxwriter')
    cd /Users/yutaro/project-profit-ios/ProjectProfit.xcodeproj
    
    Using response file: /Users/yutaro/project-profit-ios/artifacts/release-quality/canonical-e2e/DerivedData/Build/Intermediates.noindex/libxlsxwriter.build/Debug-iphonesimulator/libxlsxwriter.build/Objects-normal/arm64/7187679823f38a2a940e0043cdf9d637-common-args.resp
    
    /Applications/Xcode-26.3.app/Contents/Developer/Toolchains/XcodeDefault.xctoolchain/usr/bin/clang -x c -ivfsstatcache /Users/yutaro/project-profit-ios/artifacts/release-quality/canonical-e2e/DerivedData/SDKStatCaches.noindex/iphonesimulator26.2-23C57-91db6bf2b9df79783d042ed3cc29a58e.sdkstatcache -fmessage-length\=0 -fdiagnostics-show-note-include-stack -fmacro-backtrace-limit\=0 -fno-color-diagnostics -fmodules-prune-interval\=86400 -fmodules-prune-after\=345600 -fbuild-session-file\=/Users/yutaro/project-profit-ios/artifacts/release-quality/canonical-e2e/DerivedData/ModuleCache.noindex/Session.modulevalidation -fmodules-validate-once-per-build-session -Wnon-modular-include-in-framework-module -Werror\=non-modular-include-in-framework-module -Wno-trigraphs -Wno-missing-field-initializers -Wno-missing-prototypes -Wno-return-type -Wno-missing-braces -Wparentheses -Wswitch -Wno-unused-function -Wno-unused-label -Wno-unused-parameter -Wno-unused-variable -Wunused-value -Wno-empty-body -Wno-uninitialized -Wno-unknown-pragmas -w -Wno-shadow -Wno-four-char-constants -Wno-conversion -Wno-constant-conversion -Wno-int-conversion -Wno-bool-conversion -Wno-enum-conversion -Wno-float-conversion -Wno-non-literal-null-conversion -Wno-objc-literal-conversion -Wshorten-64-to-32 -Wpointer-sign -Wno-newline-eof -Wno-implicit-fallthrough -fstrict-aliasing -Wdeprecated-declarations -Wno-sign-conversion -Wno-infinite-recursion -Wno-comma -Wno-block-capture-autoreleasing -Wno-strict-prototypes -Wno-semicolon-before-method-body -index-store-path /Users/yutaro/project-profit-ios/artifacts/release-quality/canonical-e2e/DerivedData/Index.noindex/DataStore @/Users/yutaro/project-profit-ios/artifacts/release-quality/canonical-e2e/DerivedData/Build/Intermediates.noindex/libxlsxwriter.build/Debug-iphonesimulator/libxlsxwriter.build/Objects-normal/arm64/7187679823f38a2a940e0043cdf9d637-common-args.resp -MMD -MT dependencies -MF /Users/yutaro/project-profit-ios/artifacts/release-quality/canonical-e2e/DerivedData/Build/Intermediates.noindex/libxlsxwriter.build/Debug-iphonesimulator/libxlsxwriter.build/Objects-normal/arm64/styles.d --serialize-diagnostics /Users/yutaro/project-profit-ios/artifacts/release-quality/canonical-e2e/DerivedData/Build/Intermediates.noindex/libxlsxwriter.build/Debug-iphonesimulator/libxlsxwriter.build/Objects-normal/arm64/styles.dia -c /Users/yutaro/project-profit-ios/artifacts/release-quality/canonical-e2e/DerivedData/SourcePackages/checkouts/libxlsxwriter/src/styles.c -o /Users/yutaro/project-profit-ios/artifacts/release-quality/canonical-e2e/DerivedData/Build/Intermediates.noindex/libxlsxwriter.build/Debug-iphonesimulator/libxlsxwriter.build/Objects-normal/arm64/styles.o -index-unit-output-path /libxlsxwriter.build/Debug-iphonesimulator/libxlsxwriter.build/Objects-normal/arm64/styles.o

CompileC /Users/yutaro/project-profit-ios/artifacts/release-quality/canonical-e2e/DerivedData/Build/Intermediates.noindex/libxlsxwriter.build/Debug-iphonesimulator/libxlsxwriter.build/Objects-normal/arm64/shared_strings.o /Users/yutaro/project-profit-ios/artifacts/release-quality/canonical-e2e/DerivedData/SourcePackages/checkouts/libxlsxwriter/src/shared_strings.c normal arm64 c com.apple.compilers.llvm.clang.1_0.compiler (in target 'libxlsxwriter' from project 'libxlsxwriter')
    cd /Users/yutaro/project-profit-ios/ProjectProfit.xcodeproj
    
    Using response file: /Users/yutaro/project-profit-ios/artifacts/release-quality/canonical-e2e/DerivedData/Build/Intermediates.noindex/libxlsxwriter.build/Debug-iphonesimulator/libxlsxwriter.build/Objects-normal/arm64/7187679823f38a2a940e0043cdf9d637-common-args.resp
    
    /Applications/Xcode-26.3.app/Contents/Developer/Toolchains/XcodeDefault.xctoolchain/usr/bin/clang -x c -ivfsstatcache /Users/yutaro/project-profit-ios/artifacts/release-quality/canonical-e2e/DerivedData/SDKStatCaches.noindex/iphonesimulator26.2-23C57-91db6bf2b9df79783d042ed3cc29a58e.sdkstatcache -fmessage-length\=0 -fdiagnostics-show-note-include-stack -fmacro-backtrace-limit\=0 -fno-color-diagnostics -fmodules-prune-interval\=86400 -fmodules-prune-after\=345600 -fbuild-session-file\=/Users/yutaro/project-profit-ios/artifacts/release-quality/canonical-e2e/DerivedData/ModuleCache.noindex/Session.modulevalidation -fmodules-validate-once-per-build-session -Wnon-modular-include-in-framework-module -Werror\=non-modular-include-in-framework-module -Wno-trigraphs -Wno-missing-field-initializers -Wno-missing-prototypes -Wno-return-type -Wno-missing-braces -Wparentheses -Wswitch -Wno-unused-function -Wno-unused-label -Wno-unused-parameter -Wno-unused-variable -Wunused-value -Wno-empty-body -Wno-uninitialized -Wno-unknown-pragmas -w -Wno-shadow -Wno-four-char-constants -Wno-conversion -Wno-constant-conversion -Wno-int-conversion -Wno-bool-conversion -Wno-enum-conversion -Wno-float-conversion -Wno-non-literal-null-conversion -Wno-objc-literal-conversion -Wshorten-64-to-32 -Wpointer-sign -Wno-newline-eof -Wno-implicit-fallthrough -fstrict-aliasing -Wdeprecated-declarations -Wno-sign-conversion -Wno-infinite-recursion -Wno-comma -Wno-block-capture-autoreleasing -Wno-strict-prototypes -Wno-semicolon-before-method-body -index-store-path /Users/yutaro/project-profit-ios/artifacts/release-quality/canonical-e2e/DerivedData/Index.noindex/DataStore @/Users/yutaro/project-profit-ios/artifacts/release-quality/canonical-e2e/DerivedData/Build/Intermediates.noindex/libxlsxwriter.build/Debug-iphonesimulator/libxlsxwriter.build/Objects-normal/arm64/7187679823f38a2a940e0043cdf9d637-common-args.resp -MMD -MT dependencies -MF /Users/yutaro/project-profit-ios/artifacts/release-quality/canonical-e2e/DerivedData/Build/Intermediates.noindex/libxlsxwriter.build/Debug-iphonesimulator/libxlsxwriter.build/Objects-normal/arm64/shared_strings.d --serialize-diagnostics /Users/yutaro/project-profit-ios/artifacts/release-quality/canonical-e2e/DerivedData/Build/Intermediates.noindex/libxlsxwriter.build/Debug-iphonesimulator/libxlsxwriter.build/Objects-normal/arm64/shared_strings.dia -c /Users/yutaro/project-profit-ios/artifacts/release-quality/canonical-e2e/DerivedData/SourcePackages/checkouts/libxlsxwriter/src/shared_strings.c -o /Users/yutaro/project-profit-ios/artifacts/release-quality/canonical-e2e/DerivedData/Build/Intermediates.noindex/libxlsxwriter.build/Debug-iphonesimulator/libxlsxwriter.build/Objects-normal/arm64/shared_strings.o -index-unit-output-path /libxlsxwriter.build/Debug-iphonesimulator/libxlsxwriter.build/Objects-normal/arm64/shared_strings.o

CompileC /Users/yutaro/project-profit-ios/artifacts/release-quality/canonical-e2e/DerivedData/Build/Intermediates.noindex/libxlsxwriter.build/Debug-iphonesimulator/libxlsxwriter.build/Objects-normal/arm64/rich_value_types.o /Users/yutaro/project-profit-ios/artifacts/release-quality/canonical-e2e/DerivedData/SourcePackages/checkouts/libxlsxwriter/src/rich_value_types.c normal arm64 c com.apple.compilers.llvm.clang.1_0.compiler (in target 'libxlsxwriter' from project 'libxlsxwriter')
    cd /Users/yutaro/project-profit-ios/ProjectProfit.xcodeproj
    
    Using response file: /Users/yutaro/project-profit-ios/artifacts/release-quality/canonical-e2e/DerivedData/Build/Intermediates.noindex/libxlsxwriter.build/Debug-iphonesimulator/libxlsxwriter.build/Objects-normal/arm64/7187679823f38a2a940e0043cdf9d637-common-args.resp
    
    /Applications/Xcode-26.3.app/Contents/Developer/Toolchains/XcodeDefault.xctoolchain/usr/bin/clang -x c -ivfsstatcache /Users/yutaro/project-profit-ios/artifacts/release-quality/canonical-e2e/DerivedData/SDKStatCaches.noindex/iphonesimulator26.2-23C57-91db6bf2b9df79783d042ed3cc29a58e.sdkstatcache -fmessage-length\=0 -fdiagnostics-show-note-include-stack -fmacro-backtrace-limit\=0 -fno-color-diagnostics -fmodules-prune-interval\=86400 -fmodules-prune-after\=345600 -fbuild-session-file\=/Users/yutaro/project-profit-ios/artifacts/release-quality/canonical-e2e/DerivedData/ModuleCache.noindex/Session.modulevalidation -fmodules-validate-once-per-build-session -Wnon-modular-include-in-framework-module -Werror\=non-modular-include-in-framework-module -Wno-trigraphs -Wno-missing-field-initializers -Wno-missing-prototypes -Wno-return-type -Wno-missing-braces -Wparentheses -Wswitch -Wno-unused-function -Wno-unused-label -Wno-unused-parameter -Wno-unused-variable -Wunused-value -Wno-empty-body -Wno-uninitialized -Wno-unknown-pragmas -w -Wno-shadow -Wno-four-char-constants -Wno-conversion -Wno-constant-conversion -Wno-int-conversion -Wno-bool-conversion -Wno-enum-conversion -Wno-float-conversion -Wno-non-literal-null-conversion -Wno-objc-literal-conversion -Wshorten-64-to-32 -Wpointer-sign -Wno-newline-eof -Wno-implicit-fallthrough -fstrict-aliasing -Wdeprecated-declarations -Wno-sign-conversion -Wno-infinite-recursion -Wno-comma -Wno-block-capture-autoreleasing -Wno-strict-prototypes -Wno-semicolon-before-method-body -index-store-path /Users/yutaro/project-profit-ios/artifacts/release-quality/canonical-e2e/DerivedData/Index.noindex/DataStore @/Users/yutaro/project-profit-ios/artifacts/release-quality/canonical-e2e/DerivedData/Build/Intermediates.noindex/libxlsxwriter.build/Debug-iphonesimulator/libxlsxwriter.build/Objects-normal/arm64/7187679823f38a2a940e0043cdf9d637-common-args.resp -MMD -MT dependencies -MF /Users/yutaro/project-profit-ios/artifacts/release-quality/canonical-e2e/DerivedData/Build/Intermediates.noindex/libxlsxwriter.build/Debug-iphonesimulator/libxlsxwriter.build/Objects-normal/arm64/rich_value_types.d --serialize-diagnostics /Users/yutaro/project-profit-ios/artifacts/release-quality/canonical-e2e/DerivedData/Build/Intermediates.noindex/libxlsxwriter.build/Debug-iphonesimulator/libxlsxwriter.build/Objects-normal/arm64/rich_value_types.dia -c /Users/yutaro/project-profit-ios/artifacts/release-quality/canonical-e2e/DerivedData/SourcePackages/checkouts/libxlsxwriter/src/rich_value_types.c -o /Users/yutaro/project-profit-ios/artifacts/release-quality/canonical-e2e/DerivedData/Build/Intermediates.noindex/libxlsxwriter.build/Debug-iphonesimulator/libxlsxwriter.build/Objects-normal/arm64/rich_value_types.o -index-unit-output-path /libxlsxwriter.build/Debug-iphonesimulator/libxlsxwriter.build/Objects-normal/arm64/rich_value_types.o

CompileC /Users/yutaro/project-profit-ios/artifacts/release-quality/canonical-e2e/DerivedData/Build/Intermediates.noindex/libxlsxwriter.build/Debug-iphonesimulator/libxlsxwriter.build/Objects-normal/arm64/rich_value_structure.o /Users/yutaro/project-profit-ios/artifacts/release-quality/canonical-e2e/DerivedData/SourcePackages/checkouts/libxlsxwriter/src/rich_value_structure.c normal arm64 c com.apple.compilers.llvm.clang.1_0.compiler (in target 'libxlsxwriter' from project 'libxlsxwriter')
    cd /Users/yutaro/project-profit-ios/ProjectProfit.xcodeproj
    
    Using response file: /Users/yutaro/project-profit-ios/artifacts/release-quality/canonical-e2e/DerivedData/Build/Intermediates.noindex/libxlsxwriter.build/Debug-iphonesimulator/libxlsxwriter.build/Objects-normal/arm64/7187679823f38a2a940e0043cdf9d637-common-args.resp
    
    /Applications/Xcode-26.3.app/Contents/Developer/Toolchains/XcodeDefault.xctoolchain/usr/bin/clang -x c -ivfsstatcache /Users/yutaro/project-profit-ios/artifacts/release-quality/canonical-e2e/DerivedData/SDKStatCaches.noindex/iphonesimulator26.2-23C57-91db6bf2b9df79783d042ed3cc29a58e.sdkstatcache -fmessage-length\=0 -fdiagnostics-show-note-include-stack -fmacro-backtrace-limit\=0 -fno-color-diagnostics -fmodules-prune-interval\=86400 -fmodules-prune-after\=345600 -fbuild-session-file\=/Users/yutaro/project-profit-ios/artifacts/release-quality/canonical-e2e/DerivedData/ModuleCache.noindex/Session.modulevalidation -fmodules-validate-once-per-build-session -Wnon-modular-include-in-framework-module -Werror\=non-modular-include-in-framework-module -Wno-trigraphs -Wno-missing-field-initializers -Wno-missing-prototypes -Wno-return-type -Wno-missing-braces -Wparentheses -Wswitch -Wno-unused-function -Wno-unused-label -Wno-unused-parameter -Wno-unused-variable -Wunused-value -Wno-empty-body -Wno-uninitialized -Wno-unknown-pragmas -w -Wno-shadow -Wno-four-char-constants -Wno-conversion -Wno-constant-conversion -Wno-int-conversion -Wno-bool-conversion -Wno-enum-conversion -Wno-float-conversion -Wno-non-literal-null-conversion -Wno-objc-literal-conversion -Wshorten-64-to-32 -Wpointer-sign -Wno-newline-eof -Wno-implicit-fallthrough -fstrict-aliasing -Wdeprecated-declarations -Wno-sign-conversion -Wno-infinite-recursion -Wno-comma -Wno-block-capture-autoreleasing -Wno-strict-prototypes -Wno-semicolon-before-method-body -index-store-path /Users/yutaro/project-profit-ios/artifacts/release-quality/canonical-e2e/DerivedData/Index.noindex/DataStore @/Users/yutaro/project-profit-ios/artifacts/release-quality/canonical-e2e/DerivedData/Build/Intermediates.noindex/libxlsxwriter.build/Debug-iphonesimulator/libxlsxwriter.build/Objects-normal/arm64/7187679823f38a2a940e0043cdf9d637-common-args.resp -MMD -MT dependencies -MF /Users/yutaro/project-profit-ios/artifacts/release-quality/canonical-e2e/DerivedData/Build/Intermediates.noindex/libxlsxwriter.build/Debug-iphonesimulator/libxlsxwriter.build/Objects-normal/arm64/rich_value_structure.d --serialize-diagnostics /Users/yutaro/project-profit-ios/artifacts/release-quality/canonical-e2e/DerivedData/Build/Intermediates.noindex/libxlsxwriter.build/Debug-iphonesimulator/libxlsxwriter.build/Objects-normal/arm64/rich_value_structure.dia -c /Users/yutaro/project-profit-ios/artifacts/release-quality/canonical-e2e/DerivedData/SourcePackages/checkouts/libxlsxwriter/src/rich_value_structure.c -o /Users/yutaro/project-profit-ios/artifacts/release-quality/canonical-e2e/DerivedData/Build/Intermediates.noindex/libxlsxwriter.build/Debug-iphonesimulator/libxlsxwriter.build/Objects-normal/arm64/rich_value_structure.o -index-unit-output-path /libxlsxwriter.build/Debug-iphonesimulator/libxlsxwriter.build/Objects-normal/arm64/rich_value_structure.o

CompileC /Users/yutaro/project-profit-ios/artifacts/release-quality/canonical-e2e/DerivedData/Build/Intermediates.noindex/libxlsxwriter.build/Debug-iphonesimulator/libxlsxwriter.build/Objects-normal/arm64/rich_value_rel.o /Users/yutaro/project-profit-ios/artifacts/release-quality/canonical-e2e/DerivedData/SourcePackages/checkouts/libxlsxwriter/src/rich_value_rel.c normal arm64 c com.apple.compilers.llvm.clang.1_0.compiler (in target 'libxlsxwriter' from project 'libxlsxwriter')
    cd /Users/yutaro/project-profit-ios/ProjectProfit.xcodeproj
    
    Using response file: /Users/yutaro/project-profit-ios/artifacts/release-quality/canonical-e2e/DerivedData/Build/Intermediates.noindex/libxlsxwriter.build/Debug-iphonesimulator/libxlsxwriter.build/Objects-normal/arm64/7187679823f38a2a940e0043cdf9d637-common-args.resp
    
    /Applications/Xcode-26.3.app/Contents/Developer/Toolchains/XcodeDefault.xctoolchain/usr/bin/clang -x c -ivfsstatcache /Users/yutaro/project-profit-ios/artifacts/release-quality/canonical-e2e/DerivedData/SDKStatCaches.noindex/iphonesimulator26.2-23C57-91db6bf2b9df79783d042ed3cc29a58e.sdkstatcache -fmessage-length\=0 -fdiagnostics-show-note-include-stack -fmacro-backtrace-limit\=0 -fno-color-diagnostics -fmodules-prune-interval\=86400 -fmodules-prune-after\=345600 -fbuild-session-file\=/Users/yutaro/project-profit-ios/artifacts/release-quality/canonical-e2e/DerivedData/ModuleCache.noindex/Session.modulevalidation -fmodules-validate-once-per-build-session -Wnon-modular-include-in-framework-module -Werror\=non-modular-include-in-framework-module -Wno-trigraphs -Wno-missing-field-initializers -Wno-missing-prototypes -Wno-return-type -Wno-missing-braces -Wparentheses -Wswitch -Wno-unused-function -Wno-unused-label -Wno-unused-parameter -Wno-unused-variable -Wunused-value -Wno-empty-body -Wno-uninitialized -Wno-unknown-pragmas -w -Wno-shadow -Wno-four-char-constants -Wno-conversion -Wno-constant-conversion -Wno-int-conversion -Wno-bool-conversion -Wno-enum-conversion -Wno-float-conversion -Wno-non-literal-null-conversion -Wno-objc-literal-conversion -Wshorten-64-to-32 -Wpointer-sign -Wno-newline-eof -Wno-implicit-fallthrough -fstrict-aliasing -Wdeprecated-declarations -Wno-sign-conversion -Wno-infinite-recursion -Wno-comma -Wno-block-capture-autoreleasing -Wno-strict-prototypes -Wno-semicolon-before-method-body -index-store-path /Users/yutaro/project-profit-ios/artifacts/release-quality/canonical-e2e/DerivedData/Index.noindex/DataStore @/Users/yutaro/project-profit-ios/artifacts/release-quality/canonical-e2e/DerivedData/Build/Intermediates.noindex/libxlsxwriter.build/Debug-iphonesimulator/libxlsxwriter.build/Objects-normal/arm64/7187679823f38a2a940e0043cdf9d637-common-args.resp -MMD -MT dependencies -MF /Users/yutaro/project-profit-ios/artifacts/release-quality/canonical-e2e/DerivedData/Build/Intermediates.noindex/libxlsxwriter.build/Debug-iphonesimulator/libxlsxwriter.build/Objects-normal/arm64/rich_value_rel.d --serialize-diagnostics /Users/yutaro/project-profit-ios/artifacts/release-quality/canonical-e2e/DerivedData/Build/Intermediates.noindex/libxlsxwriter.build/Debug-iphonesimulator/libxlsxwriter.build/Objects-normal/arm64/rich_value_rel.dia -c /Users/yutaro/project-profit-ios/artifacts/release-quality/canonical-e2e/DerivedData/SourcePackages/checkouts/libxlsxwriter/src/rich_value_rel.c -o /Users/yutaro/project-profit-ios/artifacts/release-quality/canonical-e2e/DerivedData/Build/Intermediates.noindex/libxlsxwriter.build/Debug-iphonesimulator/libxlsxwriter.build/Objects-normal/arm64/rich_value_rel.o -index-unit-output-path /libxlsxwriter.build/Debug-iphonesimulator/libxlsxwriter.build/Objects-normal/arm64/rich_value_rel.o

CompileC /Users/yutaro/project-profit-ios/artifacts/release-quality/canonical-e2e/DerivedData/Build/Intermediates.noindex/libxlsxwriter.build/Debug-iphonesimulator/libxlsxwriter.build/Objects-normal/arm64/rich_value.o /Users/yutaro/project-profit-ios/artifacts/release-quality/canonical-e2e/DerivedData/SourcePackages/checkouts/libxlsxwriter/src/rich_value.c normal arm64 c com.apple.compilers.llvm.clang.1_0.compiler (in target 'libxlsxwriter' from project 'libxlsxwriter')
    cd /Users/yutaro/project-profit-ios/ProjectProfit.xcodeproj
    
    Using response file: /Users/yutaro/project-profit-ios/artifacts/release-quality/canonical-e2e/DerivedData/Build/Intermediates.noindex/libxlsxwriter.build/Debug-iphonesimulator/libxlsxwriter.build/Objects-normal/arm64/7187679823f38a2a940e0043cdf9d637-common-args.resp
    
    /Applications/Xcode-26.3.app/Contents/Developer/Toolchains/XcodeDefault.xctoolchain/usr/bin/clang -x c -ivfsstatcache /Users/yutaro/project-profit-ios/artifacts/release-quality/canonical-e2e/DerivedData/SDKStatCaches.noindex/iphonesimulator26.2-23C57-91db6bf2b9df79783d042ed3cc29a58e.sdkstatcache -fmessage-length\=0 -fdiagnostics-show-note-include-stack -fmacro-backtrace-limit\=0 -fno-color-diagnostics -fmodules-prune-interval\=86400 -fmodules-prune-after\=345600 -fbuild-session-file\=/Users/yutaro/project-profit-ios/artifacts/release-quality/canonical-e2e/DerivedData/ModuleCache.noindex/Session.modulevalidation -fmodules-validate-once-per-build-session -Wnon-modular-include-in-framework-module -Werror\=non-modular-include-in-framework-module -Wno-trigraphs -Wno-missing-field-initializers -Wno-missing-prototypes -Wno-return-type -Wno-missing-braces -Wparentheses -Wswitch -Wno-unused-function -Wno-unused-label -Wno-unused-parameter -Wno-unused-variable -Wunused-value -Wno-empty-body -Wno-uninitialized -Wno-unknown-pragmas -w -Wno-shadow -Wno-four-char-constants -Wno-conversion -Wno-constant-conversion -Wno-int-conversion -Wno-bool-conversion -Wno-enum-conversion -Wno-float-conversion -Wno-non-literal-null-conversion -Wno-objc-literal-conversion -Wshorten-64-to-32 -Wpointer-sign -Wno-newline-eof -Wno-implicit-fallthrough -fstrict-aliasing -Wdeprecated-declarations -Wno-sign-conversion -Wno-infinite-recursion -Wno-comma -Wno-block-capture-autoreleasing -Wno-strict-prototypes -Wno-semicolon-before-method-body -index-store-path /Users/yutaro/project-profit-ios/artifacts/release-quality/canonical-e2e/DerivedData/Index.noindex/DataStore @/Users/yutaro/project-profit-ios/artifacts/release-quality/canonical-e2e/DerivedData/Build/Intermediates.noindex/libxlsxwriter.build/Debug-iphonesimulator/libxlsxwriter.build/Objects-normal/arm64/7187679823f38a2a940e0043cdf9d637-common-args.resp -MMD -MT dependencies -MF /Users/yutaro/project-profit-ios/artifacts/release-quality/canonical-e2e/DerivedData/Build/Intermediates.noindex/libxlsxwriter.build/Debug-iphonesimulator/libxlsxwriter.build/Objects-normal/arm64/rich_value.d --serialize-diagnostics /Users/yutaro/project-profit-ios/artifacts/release-quality/canonical-e2e/DerivedData/Build/Intermediates.noindex/libxlsxwriter.build/Debug-iphonesimulator/libxlsxwriter.build/Objects-normal/arm64/rich_value.dia -c /Users/yutaro/project-profit-ios/artifacts/release-quality/canonical-e2e/DerivedData/SourcePackages/checkouts/libxlsxwriter/src/rich_value.c -o /Users/yutaro/project-profit-ios/artifacts/release-quality/canonical-e2e/DerivedData/Build/Intermediates.noindex/libxlsxwriter.build/Debug-iphonesimulator/libxlsxwriter.build/Objects-normal/arm64/rich_value.o -index-unit-output-path /libxlsxwriter.build/Debug-iphonesimulator/libxlsxwriter.build/Objects-normal/arm64/rich_value.o

CompileC /Users/yutaro/project-profit-ios/artifacts/release-quality/canonical-e2e/DerivedData/Build/Intermediates.noindex/libxlsxwriter.build/Debug-iphonesimulator/libxlsxwriter.build/Objects-normal/arm64/relationships.o /Users/yutaro/project-profit-ios/artifacts/release-quality/canonical-e2e/DerivedData/SourcePackages/checkouts/libxlsxwriter/src/relationships.c normal arm64 c com.apple.compilers.llvm.clang.1_0.compiler (in target 'libxlsxwriter' from project 'libxlsxwriter')
    cd /Users/yutaro/project-profit-ios/ProjectProfit.xcodeproj
    
    Using response file: /Users/yutaro/project-profit-ios/artifacts/release-quality/canonical-e2e/DerivedData/Build/Intermediates.noindex/libxlsxwriter.build/Debug-iphonesimulator/libxlsxwriter.build/Objects-normal/arm64/7187679823f38a2a940e0043cdf9d637-common-args.resp
    
    /Applications/Xcode-26.3.app/Contents/Developer/Toolchains/XcodeDefault.xctoolchain/usr/bin/clang -x c -ivfsstatcache /Users/yutaro/project-profit-ios/artifacts/release-quality/canonical-e2e/DerivedData/SDKStatCaches.noindex/iphonesimulator26.2-23C57-91db6bf2b9df79783d042ed3cc29a58e.sdkstatcache -fmessage-length\=0 -fdiagnostics-show-note-include-stack -fmacro-backtrace-limit\=0 -fno-color-diagnostics -fmodules-prune-interval\=86400 -fmodules-prune-after\=345600 -fbuild-session-file\=/Users/yutaro/project-profit-ios/artifacts/release-quality/canonical-e2e/DerivedData/ModuleCache.noindex/Session.modulevalidation -fmodules-validate-once-per-build-session -Wnon-modular-include-in-framework-module -Werror\=non-modular-include-in-framework-module -Wno-trigraphs -Wno-missing-field-initializers -Wno-missing-prototypes -Wno-return-type -Wno-missing-braces -Wparentheses -Wswitch -Wno-unused-function -Wno-unused-label -Wno-unused-parameter -Wno-unused-variable -Wunused-value -Wno-empty-body -Wno-uninitialized -Wno-unknown-pragmas -w -Wno-shadow -Wno-four-char-constants -Wno-conversion -Wno-constant-conversion -Wno-int-conversion -Wno-bool-conversion -Wno-enum-conversion -Wno-float-conversion -Wno-non-literal-null-conversion -Wno-objc-literal-conversion -Wshorten-64-to-32 -Wpointer-sign -Wno-newline-eof -Wno-implicit-fallthrough -fstrict-aliasing -Wdeprecated-declarations -Wno-sign-conversion -Wno-infinite-recursion -Wno-comma -Wno-block-capture-autoreleasing -Wno-strict-prototypes -Wno-semicolon-before-method-body -index-store-path /Users/yutaro/project-profit-ios/artifacts/release-quality/canonical-e2e/DerivedData/Index.noindex/DataStore @/Users/yutaro/project-profit-ios/artifacts/release-quality/canonical-e2e/DerivedData/Build/Intermediates.noindex/libxlsxwriter.build/Debug-iphonesimulator/libxlsxwriter.build/Objects-normal/arm64/7187679823f38a2a940e0043cdf9d637-common-args.resp -MMD -MT dependencies -MF /Users/yutaro/project-profit-ios/artifacts/release-quality/canonical-e2e/DerivedData/Build/Intermediates.noindex/libxlsxwriter.build/Debug-iphonesimulator/libxlsxwriter.build/Objects-normal/arm64/relationships.d --serialize-diagnostics /Users/yutaro/project-profit-ios/artifacts/release-quality/canonical-e2e/DerivedData/Build/Intermediates.noindex/libxlsxwriter.build/Debug-iphonesimulator/libxlsxwriter.build/Objects-normal/arm64/relationships.dia -c /Users/yutaro/project-profit-ios/artifacts/release-quality/canonical-e2e/DerivedData/SourcePackages/checkouts/libxlsxwriter/src/relationships.c -o /Users/yutaro/project-profit-ios/artifacts/release-quality/canonical-e2e/DerivedData/Build/Intermediates.noindex/libxlsxwriter.build/Debug-iphonesimulator/libxlsxwriter.build/Objects-normal/arm64/relationships.o -index-unit-output-path /libxlsxwriter.build/Debug-iphonesimulator/libxlsxwriter.build/Objects-normal/arm64/relationships.o

CompileC /Users/yutaro/project-profit-ios/artifacts/release-quality/canonical-e2e/DerivedData/Build/Intermediates.noindex/libxlsxwriter.build/Debug-iphonesimulator/libxlsxwriter.build/Objects-normal/arm64/packager.o /Users/yutaro/project-profit-ios/artifacts/release-quality/canonical-e2e/DerivedData/SourcePackages/checkouts/libxlsxwriter/src/packager.c normal arm64 c com.apple.compilers.llvm.clang.1_0.compiler (in target 'libxlsxwriter' from project 'libxlsxwriter')
    cd /Users/yutaro/project-profit-ios/ProjectProfit.xcodeproj
    
    Using response file: /Users/yutaro/project-profit-ios/artifacts/release-quality/canonical-e2e/DerivedData/Build/Intermediates.noindex/libxlsxwriter.build/Debug-iphonesimulator/libxlsxwriter.build/Objects-normal/arm64/7187679823f38a2a940e0043cdf9d637-common-args.resp
    
    /Applications/Xcode-26.3.app/Contents/Developer/Toolchains/XcodeDefault.xctoolchain/usr/bin/clang -x c -ivfsstatcache /Users/yutaro/project-profit-ios/artifacts/release-quality/canonical-e2e/DerivedData/SDKStatCaches.noindex/iphonesimulator26.2-23C57-91db6bf2b9df79783d042ed3cc29a58e.sdkstatcache -fmessage-length\=0 -fdiagnostics-show-note-include-stack -fmacro-backtrace-limit\=0 -fno-color-diagnostics -fmodules-prune-interval\=86400 -fmodules-prune-after\=345600 -fbuild-session-file\=/Users/yutaro/project-profit-ios/artifacts/release-quality/canonical-e2e/DerivedData/ModuleCache.noindex/Session.modulevalidation -fmodules-validate-once-per-build-session -Wnon-modular-include-in-framework-module -Werror\=non-modular-include-in-framework-module -Wno-trigraphs -Wno-missing-field-initializers -Wno-missing-prototypes -Wno-return-type -Wno-missing-braces -Wparentheses -Wswitch -Wno-unused-function -Wno-unused-label -Wno-unused-parameter -Wno-unused-variable -Wunused-value -Wno-empty-body -Wno-uninitialized -Wno-unknown-pragmas -w -Wno-shadow -Wno-four-char-constants -Wno-conversion -Wno-constant-conversion -Wno-int-conversion -Wno-bool-conversion -Wno-enum-conversion -Wno-float-conversion -Wno-non-literal-null-conversion -Wno-objc-literal-conversion -Wshorten-64-to-32 -Wpointer-sign -Wno-newline-eof -Wno-implicit-fallthrough -fstrict-aliasing -Wdeprecated-declarations -Wno-sign-conversion -Wno-infinite-recursion -Wno-comma -Wno-block-capture-autoreleasing -Wno-strict-prototypes -Wno-semicolon-before-method-body -index-store-path /Users/yutaro/project-profit-ios/artifacts/release-quality/canonical-e2e/DerivedData/Index.noindex/DataStore @/Users/yutaro/project-profit-ios/artifacts/release-quality/canonical-e2e/DerivedData/Build/Intermediates.noindex/libxlsxwriter.build/Debug-iphonesimulator/libxlsxwriter.build/Objects-normal/arm64/7187679823f38a2a940e0043cdf9d637-common-args.resp -MMD -MT dependencies -MF /Users/yutaro/project-profit-ios/artifacts/release-quality/canonical-e2e/DerivedData/Build/Intermediates.noindex/libxlsxwriter.build/Debug-iphonesimulator/libxlsxwriter.build/Objects-normal/arm64/packager.d --serialize-diagnostics /Users/yutaro/project-profit-ios/artifacts/release-quality/canonical-e2e/DerivedData/Build/Intermediates.noindex/libxlsxwriter.build/Debug-iphonesimulator/libxlsxwriter.build/Objects-normal/arm64/packager.dia -c /Users/yutaro/project-profit-ios/artifacts/release-quality/canonical-e2e/DerivedData/SourcePackages/checkouts/libxlsxwriter/src/packager.c -o /Users/yutaro/project-profit-ios/artifacts/release-quality/canonical-e2e/DerivedData/Build/Intermediates.noindex/libxlsxwriter.build/Debug-iphonesimulator/libxlsxwriter.build/Objects-normal/arm64/packager.o -index-unit-output-path /libxlsxwriter.build/Debug-iphonesimulator/libxlsxwriter.build/Objects-normal/arm64/packager.o

CompileC /Users/yutaro/project-profit-ios/artifacts/release-quality/canonical-e2e/DerivedData/Build/Intermediates.noindex/libxlsxwriter.build/Debug-iphonesimulator/libxlsxwriter.build/Objects-normal/arm64/metadata.o /Users/yutaro/project-profit-ios/artifacts/release-quality/canonical-e2e/DerivedData/SourcePackages/checkouts/libxlsxwriter/src/metadata.c normal arm64 c com.apple.compilers.llvm.clang.1_0.compiler (in target 'libxlsxwriter' from project 'libxlsxwriter')
    cd /Users/yutaro/project-profit-ios/ProjectProfit.xcodeproj
    
    Using response file: /Users/yutaro/project-profit-ios/artifacts/release-quality/canonical-e2e/DerivedData/Build/Intermediates.noindex/libxlsxwriter.build/Debug-iphonesimulator/libxlsxwriter.build/Objects-normal/arm64/7187679823f38a2a940e0043cdf9d637-common-args.resp
    
    /Applications/Xcode-26.3.app/Contents/Developer/Toolchains/XcodeDefault.xctoolchain/usr/bin/clang -x c -ivfsstatcache /Users/yutaro/project-profit-ios/artifacts/release-quality/canonical-e2e/DerivedData/SDKStatCaches.noindex/iphonesimulator26.2-23C57-91db6bf2b9df79783d042ed3cc29a58e.sdkstatcache -fmessage-length\=0 -fdiagnostics-show-note-include-stack -fmacro-backtrace-limit\=0 -fno-color-diagnostics -fmodules-prune-interval\=86400 -fmodules-prune-after\=345600 -fbuild-session-file\=/Users/yutaro/project-profit-ios/artifacts/release-quality/canonical-e2e/DerivedData/ModuleCache.noindex/Session.modulevalidation -fmodules-validate-once-per-build-session -Wnon-modular-include-in-framework-module -Werror\=non-modular-include-in-framework-module -Wno-trigraphs -Wno-missing-field-initializers -Wno-missing-prototypes -Wno-return-type -Wno-missing-braces -Wparentheses -Wswitch -Wno-unused-function -Wno-unused-label -Wno-unused-parameter -Wno-unused-variable -Wunused-value -Wno-empty-body -Wno-uninitialized -Wno-unknown-pragmas -w -Wno-shadow -Wno-four-char-constants -Wno-conversion -Wno-constant-conversion -Wno-int-conversion -Wno-bool-conversion -Wno-enum-conversion -Wno-float-conversion -Wno-non-literal-null-conversion -Wno-objc-literal-conversion -Wshorten-64-to-32 -Wpointer-sign -Wno-newline-eof -Wno-implicit-fallthrough -fstrict-aliasing -Wdeprecated-declarations -Wno-sign-conversion -Wno-infinite-recursion -Wno-comma -Wno-block-capture-autoreleasing -Wno-strict-prototypes -Wno-semicolon-before-method-body -index-store-path /Users/yutaro/project-profit-ios/artifacts/release-quality/canonical-e2e/DerivedData/Index.noindex/DataStore @/Users/yutaro/project-profit-ios/artifacts/release-quality/canonical-e2e/DerivedData/Build/Intermediates.noindex/libxlsxwriter.build/Debug-iphonesimulator/libxlsxwriter.build/Objects-normal/arm64/7187679823f38a2a940e0043cdf9d637-common-args.resp -MMD -MT dependencies -MF /Users/yutaro/project-profit-ios/artifacts/release-quality/canonical-e2e/DerivedData/Build/Intermediates.noindex/libxlsxwriter.build/Debug-iphonesimulator/libxlsxwriter.build/Objects-normal/arm64/metadata.d --serialize-diagnostics /Users/yutaro/project-profit-ios/artifacts/release-quality/canonical-e2e/DerivedData/Build/Intermediates.noindex/libxlsxwriter.build/Debug-iphonesimulator/libxlsxwriter.build/Objects-normal/arm64/metadata.dia -c /Users/yutaro/project-profit-ios/artifacts/release-quality/canonical-e2e/DerivedData/SourcePackages/checkouts/libxlsxwriter/src/metadata.c -o /Users/yutaro/project-profit-ios/artifacts/release-quality/canonical-e2e/DerivedData/Build/Intermediates.noindex/libxlsxwriter.build/Debug-iphonesimulator/libxlsxwriter.build/Objects-normal/arm64/metadata.o -index-unit-output-path /libxlsxwriter.build/Debug-iphonesimulator/libxlsxwriter.build/Objects-normal/arm64/metadata.o

CompileC /Users/yutaro/project-profit-ios/artifacts/release-quality/canonical-e2e/DerivedData/Build/Intermediates.noindex/libxlsxwriter.build/Debug-iphonesimulator/libxlsxwriter.build/Objects-normal/arm64/format.o /Users/yutaro/project-profit-ios/artifacts/release-quality/canonical-e2e/DerivedData/SourcePackages/checkouts/libxlsxwriter/src/format.c normal arm64 c com.apple.compilers.llvm.clang.1_0.compiler (in target 'libxlsxwriter' from project 'libxlsxwriter')
    cd /Users/yutaro/project-profit-ios/ProjectProfit.xcodeproj
    
    Using response file: /Users/yutaro/project-profit-ios/artifacts/release-quality/canonical-e2e/DerivedData/Build/Intermediates.noindex/libxlsxwriter.build/Debug-iphonesimulator/libxlsxwriter.build/Objects-normal/arm64/7187679823f38a2a940e0043cdf9d637-common-args.resp
    
    /Applications/Xcode-26.3.app/Contents/Developer/Toolchains/XcodeDefault.xctoolchain/usr/bin/clang -x c -ivfsstatcache /Users/yutaro/project-profit-ios/artifacts/release-quality/canonical-e2e/DerivedData/SDKStatCaches.noindex/iphonesimulator26.2-23C57-91db6bf2b9df79783d042ed3cc29a58e.sdkstatcache -fmessage-length\=0 -fdiagnostics-show-note-include-stack -fmacro-backtrace-limit\=0 -fno-color-diagnostics -fmodules-prune-interval\=86400 -fmodules-prune-after\=345600 -fbuild-session-file\=/Users/yutaro/project-profit-ios/artifacts/release-quality/canonical-e2e/DerivedData/ModuleCache.noindex/Session.modulevalidation -fmodules-validate-once-per-build-session -Wnon-modular-include-in-framework-module -Werror\=non-modular-include-in-framework-module -Wno-trigraphs -Wno-missing-field-initializers -Wno-missing-prototypes -Wno-return-type -Wno-missing-braces -Wparentheses -Wswitch -Wno-unused-function -Wno-unused-label -Wno-unused-parameter -Wno-unused-variable -Wunused-value -Wno-empty-body -Wno-uninitialized -Wno-unknown-pragmas -w -Wno-shadow -Wno-four-char-constants -Wno-conversion -Wno-constant-conversion -Wno-int-conversion -Wno-bool-conversion -Wno-enum-conversion -Wno-float-conversion -Wno-non-literal-null-conversion -Wno-objc-literal-conversion -Wshorten-64-to-32 -Wpointer-sign -Wno-newline-eof -Wno-implicit-fallthrough -fstrict-aliasing -Wdeprecated-declarations -Wno-sign-conversion -Wno-infinite-recursion -Wno-comma -Wno-block-capture-autoreleasing -Wno-strict-prototypes -Wno-semicolon-before-method-body -index-store-path /Users/yutaro/project-profit-ios/artifacts/release-quality/canonical-e2e/DerivedData/Index.noindex/DataStore @/Users/yutaro/project-profit-ios/artifacts/release-quality/canonical-e2e/DerivedData/Build/Intermediates.noindex/libxlsxwriter.build/Debug-iphonesimulator/libxlsxwriter.build/Objects-normal/arm64/7187679823f38a2a940e0043cdf9d637-common-args.resp -MMD -MT dependencies -MF /Users/yutaro/project-profit-ios/artifacts/release-quality/canonical-e2e/DerivedData/Build/Intermediates.noindex/libxlsxwriter.build/Debug-iphonesimulator/libxlsxwriter.build/Objects-normal/arm64/format.d --serialize-diagnostics /Users/yutaro/project-profit-ios/artifacts/release-quality/canonical-e2e/DerivedData/Build/Intermediates.noindex/libxlsxwriter.build/Debug-iphonesimulator/libxlsxwriter.build/Objects-normal/arm64/format.dia -c /Users/yutaro/project-profit-ios/artifacts/release-quality/canonical-e2e/DerivedData/SourcePackages/checkouts/libxlsxwriter/src/format.c -o /Users/yutaro/project-profit-ios/artifacts/release-quality/canonical-e2e/DerivedData/Build/Intermediates.noindex/libxlsxwriter.build/Debug-iphonesimulator/libxlsxwriter.build/Objects-normal/arm64/format.o -index-unit-output-path /libxlsxwriter.build/Debug-iphonesimulator/libxlsxwriter.build/Objects-normal/arm64/format.o

SwiftExplicitDependencyGeneratePcm arm64 /Users/yutaro/project-profit-ios/artifacts/release-quality/canonical-e2e/DerivedData/ModuleCache.noindex/_Builtin_stdint-8ZTD2O8THZLWRBKPOM0V8U19Y.pcm

SwiftExplicitDependencyGeneratePcm arm64 /Users/yutaro/project-profit-ios/artifacts/release-quality/canonical-e2e/DerivedData/ModuleCache.noindex/sys_types-EC5I0J9L80XG5HQ6CT1Q7VITN.pcm

CompileC /Users/yutaro/project-profit-ios/artifacts/release-quality/canonical-e2e/DerivedData/Build/Intermediates.noindex/libxlsxwriter.build/Debug-iphonesimulator/libxlsxwriter.build/Objects-normal/arm64/drawing.o /Users/yutaro/project-profit-ios/artifacts/release-quality/canonical-e2e/DerivedData/SourcePackages/checkouts/libxlsxwriter/src/drawing.c normal arm64 c com.apple.compilers.llvm.clang.1_0.compiler (in target 'libxlsxwriter' from project 'libxlsxwriter')
    cd /Users/yutaro/project-profit-ios/ProjectProfit.xcodeproj
    
    Using response file: /Users/yutaro/project-profit-ios/artifacts/release-quality/canonical-e2e/DerivedData/Build/Intermediates.noindex/libxlsxwriter.build/Debug-iphonesimulator/libxlsxwriter.build/Objects-normal/arm64/7187679823f38a2a940e0043cdf9d637-common-args.resp
    
    /Applications/Xcode-26.3.app/Contents/Developer/Toolchains/XcodeDefault.xctoolchain/usr/bin/clang -x c -ivfsstatcache /Users/yutaro/project-profit-ios/artifacts/release-quality/canonical-e2e/DerivedData/SDKStatCaches.noindex/iphonesimulator26.2-23C57-91db6bf2b9df79783d042ed3cc29a58e.sdkstatcache -fmessage-length\=0 -fdiagnostics-show-note-include-stack -fmacro-backtrace-limit\=0 -fno-color-diagnostics -fmodules-prune-interval\=86400 -fmodules-prune-after\=345600 -fbuild-session-file\=/Users/yutaro/project-profit-ios/artifacts/release-quality/canonical-e2e/DerivedData/ModuleCache.noindex/Session.modulevalidation -fmodules-validate-once-per-build-session -Wnon-modular-include-in-framework-module -Werror\=non-modular-include-in-framework-module -Wno-trigraphs -Wno-missing-field-initializers -Wno-missing-prototypes -Wno-return-type -Wno-missing-braces -Wparentheses -Wswitch -Wno-unused-function -Wno-unused-label -Wno-unused-parameter -Wno-unused-variable -Wunused-value -Wno-empty-body -Wno-uninitialized -Wno-unknown-pragmas -w -Wno-shadow -Wno-four-char-constants -Wno-conversion -Wno-constant-conversion -Wno-int-conversion -Wno-bool-conversion -Wno-enum-conversion -Wno-float-conversion -Wno-non-literal-null-conversion -Wno-objc-literal-conversion -Wshorten-64-to-32 -Wpointer-sign -Wno-newline-eof -Wno-implicit-fallthrough -fstrict-aliasing -Wdeprecated-declarations -Wno-sign-conversion -Wno-infinite-recursion -Wno-comma -Wno-block-capture-autoreleasing -Wno-strict-prototypes -Wno-semicolon-before-method-body -index-store-path /Users/yutaro/project-profit-ios/artifacts/release-quality/canonical-e2e/DerivedData/Index.noindex/DataStore @/Users/yutaro/project-profit-ios/artifacts/release-quality/canonical-e2e/DerivedData/Build/Intermediates.noindex/libxlsxwriter.build/Debug-iphonesimulator/libxlsxwriter.build/Objects-normal/arm64/7187679823f38a2a940e0043cdf9d637-common-args.resp -MMD -MT dependencies -MF /Users/yutaro/project-profit-ios/artifacts/release-quality/canonical-e2e/DerivedData/Build/Intermediates.noindex/libxlsxwriter.build/Debug-iphonesimulator/libxlsxwriter.build/Objects-normal/arm64/drawing.d --serialize-diagnostics /Users/yutaro/project-profit-ios/artifacts/release-quality/canonical-e2e/DerivedData/Build/Intermediates.noindex/libxlsxwriter.build/Debug-iphonesimulator/libxlsxwriter.build/Objects-normal/arm64/drawing.dia -c /Users/yutaro/project-profit-ios/artifacts/release-quality/canonical-e2e/DerivedData/SourcePackages/checkouts/libxlsxwriter/src/drawing.c -o /Users/yutaro/project-profit-ios/artifacts/release-quality/canonical-e2e/DerivedData/Build/Intermediates.noindex/libxlsxwriter.build/Debug-iphonesimulator/libxlsxwriter.build/Objects-normal/arm64/drawing.o -index-unit-output-path /libxlsxwriter.build/Debug-iphonesimulator/libxlsxwriter.build/Objects-normal/arm64/drawing.o

CompileC /Users/yutaro/project-profit-ios/artifacts/release-quality/canonical-e2e/DerivedData/Build/Intermediates.noindex/libxlsxwriter.build/Debug-iphonesimulator/libxlsxwriter.build/Objects-normal/arm64/custom.o /Users/yutaro/project-profit-ios/artifacts/release-quality/canonical-e2e/DerivedData/SourcePackages/checkouts/libxlsxwriter/src/custom.c normal arm64 c com.apple.compilers.llvm.clang.1_0.compiler (in target 'libxlsxwriter' from project 'libxlsxwriter')
    cd /Users/yutaro/project-profit-ios/ProjectProfit.xcodeproj
    
    Using response file: /Users/yutaro/project-profit-ios/artifacts/release-quality/canonical-e2e/DerivedData/Build/Intermediates.noindex/libxlsxwriter.build/Debug-iphonesimulator/libxlsxwriter.build/Objects-normal/arm64/7187679823f38a2a940e0043cdf9d637-common-args.resp
    
    /Applications/Xcode-26.3.app/Contents/Developer/Toolchains/XcodeDefault.xctoolchain/usr/bin/clang -x c -ivfsstatcache /Users/yutaro/project-profit-ios/artifacts/release-quality/canonical-e2e/DerivedData/SDKStatCaches.noindex/iphonesimulator26.2-23C57-91db6bf2b9df79783d042ed3cc29a58e.sdkstatcache -fmessage-length\=0 -fdiagnostics-show-note-include-stack -fmacro-backtrace-limit\=0 -fno-color-diagnostics -fmodules-prune-interval\=86400 -fmodules-prune-after\=345600 -fbuild-session-file\=/Users/yutaro/project-profit-ios/artifacts/release-quality/canonical-e2e/DerivedData/ModuleCache.noindex/Session.modulevalidation -fmodules-validate-once-per-build-session -Wnon-modular-include-in-framework-module -Werror\=non-modular-include-in-framework-module -Wno-trigraphs -Wno-missing-field-initializers -Wno-missing-prototypes -Wno-return-type -Wno-missing-braces -Wparentheses -Wswitch -Wno-unused-function -Wno-unused-label -Wno-unused-parameter -Wno-unused-variable -Wunused-value -Wno-empty-body -Wno-uninitialized -Wno-unknown-pragmas -w -Wno-shadow -Wno-four-char-constants -Wno-conversion -Wno-constant-conversion -Wno-int-conversion -Wno-bool-conversion -Wno-enum-conversion -Wno-float-conversion -Wno-non-literal-null-conversion -Wno-objc-literal-conversion -Wshorten-64-to-32 -Wpointer-sign -Wno-newline-eof -Wno-implicit-fallthrough -fstrict-aliasing -Wdeprecated-declarations -Wno-sign-conversion -Wno-infinite-recursion -Wno-comma -Wno-block-capture-autoreleasing -Wno-strict-prototypes -Wno-semicolon-before-method-body -index-store-path /Users/yutaro/project-profit-ios/artifacts/release-quality/canonical-e2e/DerivedData/Index.noindex/DataStore @/Users/yutaro/project-profit-ios/artifacts/release-quality/canonical-e2e/DerivedData/Build/Intermediates.noindex/libxlsxwriter.build/Debug-iphonesimulator/libxlsxwriter.build/Objects-normal/arm64/7187679823f38a2a940e0043cdf9d637-common-args.resp -MMD -MT dependencies -MF /Users/yutaro/project-profit-ios/artifacts/release-quality/canonical-e2e/DerivedData/Build/Intermediates.noindex/libxlsxwriter.build/Debug-iphonesimulator/libxlsxwriter.build/Objects-normal/arm64/custom.d --serialize-diagnostics /Users/yutaro/project-profit-ios/artifacts/release-quality/canonical-e2e/DerivedData/Build/Intermediates.noindex/libxlsxwriter.build/Debug-iphonesimulator/libxlsxwriter.build/Objects-normal/arm64/custom.dia -c /Users/yutaro/project-profit-ios/artifacts/release-quality/canonical-e2e/DerivedData/SourcePackages/checkouts/libxlsxwriter/src/custom.c -o /Users/yutaro/project-profit-ios/artifacts/release-quality/canonical-e2e/DerivedData/Build/Intermediates.noindex/libxlsxwriter.build/Debug-iphonesimulator/libxlsxwriter.build/Objects-normal/arm64/custom.o -index-unit-output-path /libxlsxwriter.build/Debug-iphonesimulator/libxlsxwriter.build/Objects-normal/arm64/custom.o

CompileC /Users/yutaro/project-profit-ios/artifacts/release-quality/canonical-e2e/DerivedData/Build/Intermediates.noindex/libxlsxwriter.build/Debug-iphonesimulator/libxlsxwriter.build/Objects-normal/arm64/core.o /Users/yutaro/project-profit-ios/artifacts/release-quality/canonical-e2e/DerivedData/SourcePackages/checkouts/libxlsxwriter/src/core.c normal arm64 c com.apple.compilers.llvm.clang.1_0.compiler (in target 'libxlsxwriter' from project 'libxlsxwriter')
    cd /Users/yutaro/project-profit-ios/ProjectProfit.xcodeproj
    
    Using response file: /Users/yutaro/project-profit-ios/artifacts/release-quality/canonical-e2e/DerivedData/Build/Intermediates.noindex/libxlsxwriter.build/Debug-iphonesimulator/libxlsxwriter.build/Objects-normal/arm64/7187679823f38a2a940e0043cdf9d637-common-args.resp
    
    /Applications/Xcode-26.3.app/Contents/Developer/Toolchains/XcodeDefault.xctoolchain/usr/bin/clang -x c -ivfsstatcache /Users/yutaro/project-profit-ios/artifacts/release-quality/canonical-e2e/DerivedData/SDKStatCaches.noindex/iphonesimulator26.2-23C57-91db6bf2b9df79783d042ed3cc29a58e.sdkstatcache -fmessage-length\=0 -fdiagnostics-show-note-include-stack -fmacro-backtrace-limit\=0 -fno-color-diagnostics -fmodules-prune-interval\=86400 -fmodules-prune-after\=345600 -fbuild-session-file\=/Users/yutaro/project-profit-ios/artifacts/release-quality/canonical-e2e/DerivedData/ModuleCache.noindex/Session.modulevalidation -fmodules-validate-once-per-build-session -Wnon-modular-include-in-framework-module -Werror\=non-modular-include-in-framework-module -Wno-trigraphs -Wno-missing-field-initializers -Wno-missing-prototypes -Wno-return-type -Wno-missing-braces -Wparentheses -Wswitch -Wno-unused-function -Wno-unused-label -Wno-unused-parameter -Wno-unused-variable -Wunused-value -Wno-empty-body -Wno-uninitialized -Wno-unknown-pragmas -w -Wno-shadow -Wno-four-char-constants -Wno-conversion -Wno-constant-conversion -Wno-int-conversion -Wno-bool-conversion -Wno-enum-conversion -Wno-float-conversion -Wno-non-literal-null-conversion -Wno-objc-literal-conversion -Wshorten-64-to-32 -Wpointer-sign -Wno-newline-eof -Wno-implicit-fallthrough -fstrict-aliasing -Wdeprecated-declarations -Wno-sign-conversion -Wno-infinite-recursion -Wno-comma -Wno-block-capture-autoreleasing -Wno-strict-prototypes -Wno-semicolon-before-method-body -index-store-path /Users/yutaro/project-profit-ios/artifacts/release-quality/canonical-e2e/DerivedData/Index.noindex/DataStore @/Users/yutaro/project-profit-ios/artifacts/release-quality/canonical-e2e/DerivedData/Build/Intermediates.noindex/libxlsxwriter.build/Debug-iphonesimulator/libxlsxwriter.build/Objects-normal/arm64/7187679823f38a2a940e0043cdf9d637-common-args.resp -MMD -MT dependencies -MF /Users/yutaro/project-profit-ios/artifacts/release-quality/canonical-e2e/DerivedData/Build/Intermediates.noindex/libxlsxwriter.build/Debug-iphonesimulator/libxlsxwriter.build/Objects-normal/arm64/core.d --serialize-diagnostics /Users/yutaro/project-profit-ios/artifacts/release-quality/canonical-e2e/DerivedData/Build/Intermediates.noindex/libxlsxwriter.build/Debug-iphonesimulator/libxlsxwriter.build/Objects-normal/arm64/core.dia -c /Users/yutaro/project-profit-ios/artifacts/release-quality/canonical-e2e/DerivedData/SourcePackages/checkouts/libxlsxwriter/src/core.c -o /Users/yutaro/project-profit-ios/artifacts/release-quality/canonical-e2e/DerivedData/Build/Intermediates.noindex/libxlsxwriter.build/Debug-iphonesimulator/libxlsxwriter.build/Objects-normal/arm64/core.o -index-unit-output-path /libxlsxwriter.build/Debug-iphonesimulator/libxlsxwriter.build/Objects-normal/arm64/core.o

CompileC /Users/yutaro/project-profit-ios/artifacts/release-quality/canonical-e2e/DerivedData/Build/Intermediates.noindex/libxlsxwriter.build/Debug-iphonesimulator/libxlsxwriter.build/Objects-normal/arm64/content_types.o /Users/yutaro/project-profit-ios/artifacts/release-quality/canonical-e2e/DerivedData/SourcePackages/checkouts/libxlsxwriter/src/content_types.c normal arm64 c com.apple.compilers.llvm.clang.1_0.compiler (in target 'libxlsxwriter' from project 'libxlsxwriter')
    cd /Users/yutaro/project-profit-ios/ProjectProfit.xcodeproj
    
    Using response file: /Users/yutaro/project-profit-ios/artifacts/release-quality/canonical-e2e/DerivedData/Build/Intermediates.noindex/libxlsxwriter.build/Debug-iphonesimulator/libxlsxwriter.build/Objects-normal/arm64/7187679823f38a2a940e0043cdf9d637-common-args.resp
    
    /Applications/Xcode-26.3.app/Contents/Developer/Toolchains/XcodeDefault.xctoolchain/usr/bin/clang -x c -ivfsstatcache /Users/yutaro/project-profit-ios/artifacts/release-quality/canonical-e2e/DerivedData/SDKStatCaches.noindex/iphonesimulator26.2-23C57-91db6bf2b9df79783d042ed3cc29a58e.sdkstatcache -fmessage-length\=0 -fdiagnostics-show-note-include-stack -fmacro-backtrace-limit\=0 -fno-color-diagnostics -fmodules-prune-interval\=86400 -fmodules-prune-after\=345600 -fbuild-session-file\=/Users/yutaro/project-profit-ios/artifacts/release-quality/canonical-e2e/DerivedData/ModuleCache.noindex/Session.modulevalidation -fmodules-validate-once-per-build-session -Wnon-modular-include-in-framework-module -Werror\=non-modular-include-in-framework-module -Wno-trigraphs -Wno-missing-field-initializers -Wno-missing-prototypes -Wno-return-type -Wno-missing-braces -Wparentheses -Wswitch -Wno-unused-function -Wno-unused-label -Wno-unused-parameter -Wno-unused-variable -Wunused-value -Wno-empty-body -Wno-uninitialized -Wno-unknown-pragmas -w -Wno-shadow -Wno-four-char-constants -Wno-conversion -Wno-constant-conversion -Wno-int-conversion -Wno-bool-conversion -Wno-enum-conversion -Wno-float-conversion -Wno-non-literal-null-conversion -Wno-objc-literal-conversion -Wshorten-64-to-32 -Wpointer-sign -Wno-newline-eof -Wno-implicit-fallthrough -fstrict-aliasing -Wdeprecated-declarations -Wno-sign-conversion -Wno-infinite-recursion -Wno-comma -Wno-block-capture-autoreleasing -Wno-strict-prototypes -Wno-semicolon-before-method-body -index-store-path /Users/yutaro/project-profit-ios/artifacts/release-quality/canonical-e2e/DerivedData/Index.noindex/DataStore @/Users/yutaro/project-profit-ios/artifacts/release-quality/canonical-e2e/DerivedData/Build/Intermediates.noindex/libxlsxwriter.build/Debug-iphonesimulator/libxlsxwriter.build/Objects-normal/arm64/7187679823f38a2a940e0043cdf9d637-common-args.resp -MMD -MT dependencies -MF /Users/yutaro/project-profit-ios/artifacts/release-quality/canonical-e2e/DerivedData/Build/Intermediates.noindex/libxlsxwriter.build/Debug-iphonesimulator/libxlsxwriter.build/Objects-normal/arm64/content_types.d --serialize-diagnostics /Users/yutaro/project-profit-ios/artifacts/release-quality/canonical-e2e/DerivedData/Build/Intermediates.noindex/libxlsxwriter.build/Debug-iphonesimulator/libxlsxwriter.build/Objects-normal/arm64/content_types.dia -c /Users/yutaro/project-profit-ios/artifacts/release-quality/canonical-e2e/DerivedData/SourcePackages/checkouts/libxlsxwriter/src/content_types.c -o /Users/yutaro/project-profit-ios/artifacts/release-quality/canonical-e2e/DerivedData/Build/Intermediates.noindex/libxlsxwriter.build/Debug-iphonesimulator/libxlsxwriter.build/Objects-normal/arm64/content_types.o -index-unit-output-path /libxlsxwriter.build/Debug-iphonesimulator/libxlsxwriter.build/Objects-normal/arm64/content_types.o

CompileC /Users/yutaro/project-profit-ios/artifacts/release-quality/canonical-e2e/DerivedData/Build/Intermediates.noindex/libxlsxwriter.build/Debug-iphonesimulator/libxlsxwriter.build/Objects-normal/arm64/comment.o /Users/yutaro/project-profit-ios/artifacts/release-quality/canonical-e2e/DerivedData/SourcePackages/checkouts/libxlsxwriter/src/comment.c normal arm64 c com.apple.compilers.llvm.clang.1_0.compiler (in target 'libxlsxwriter' from project 'libxlsxwriter')
    cd /Users/yutaro/project-profit-ios/ProjectProfit.xcodeproj
    
    Using response file: /Users/yutaro/project-profit-ios/artifacts/release-quality/canonical-e2e/DerivedData/Build/Intermediates.noindex/libxlsxwriter.build/Debug-iphonesimulator/libxlsxwriter.build/Objects-normal/arm64/7187679823f38a2a940e0043cdf9d637-common-args.resp
    
    /Applications/Xcode-26.3.app/Contents/Developer/Toolchains/XcodeDefault.xctoolchain/usr/bin/clang -x c -ivfsstatcache /Users/yutaro/project-profit-ios/artifacts/release-quality/canonical-e2e/DerivedData/SDKStatCaches.noindex/iphonesimulator26.2-23C57-91db6bf2b9df79783d042ed3cc29a58e.sdkstatcache -fmessage-length\=0 -fdiagnostics-show-note-include-stack -fmacro-backtrace-limit\=0 -fno-color-diagnostics -fmodules-prune-interval\=86400 -fmodules-prune-after\=345600 -fbuild-session-file\=/Users/yutaro/project-profit-ios/artifacts/release-quality/canonical-e2e/DerivedData/ModuleCache.noindex/Session.modulevalidation -fmodules-validate-once-per-build-session -Wnon-modular-include-in-framework-module -Werror\=non-modular-include-in-framework-module -Wno-trigraphs -Wno-missing-field-initializers -Wno-missing-prototypes -Wno-return-type -Wno-missing-braces -Wparentheses -Wswitch -Wno-unused-function -Wno-unused-label -Wno-unused-parameter -Wno-unused-variable -Wunused-value -Wno-empty-body -Wno-uninitialized -Wno-unknown-pragmas -w -Wno-shadow -Wno-four-char-constants -Wno-conversion -Wno-constant-conversion -Wno-int-conversion -Wno-bool-conversion -Wno-enum-conversion -Wno-float-conversion -Wno-non-literal-null-conversion -Wno-objc-literal-conversion -Wshorten-64-to-32 -Wpointer-sign -Wno-newline-eof -Wno-implicit-fallthrough -fstrict-aliasing -Wdeprecated-declarations -Wno-sign-conversion -Wno-infinite-recursion -Wno-comma -Wno-block-capture-autoreleasing -Wno-strict-prototypes -Wno-semicolon-before-method-body -index-store-path /Users/yutaro/project-profit-ios/artifacts/release-quality/canonical-e2e/DerivedData/Index.noindex/DataStore @/Users/yutaro/project-profit-ios/artifacts/release-quality/canonical-e2e/DerivedData/Build/Intermediates.noindex/libxlsxwriter.build/Debug-iphonesimulator/libxlsxwriter.build/Objects-normal/arm64/7187679823f38a2a940e0043cdf9d637-common-args.resp -MMD -MT dependencies -MF /Users/yutaro/project-profit-ios/artifacts/release-quality/canonical-e2e/DerivedData/Build/Intermediates.noindex/libxlsxwriter.build/Debug-iphonesimulator/libxlsxwriter.build/Objects-normal/arm64/comment.d --serialize-diagnostics /Users/yutaro/project-profit-ios/artifacts/release-quality/canonical-e2e/DerivedData/Build/Intermediates.noindex/libxlsxwriter.build/Debug-iphonesimulator/libxlsxwriter.build/Objects-normal/arm64/comment.dia -c /Users/yutaro/project-profit-ios/artifacts/release-quality/canonical-e2e/DerivedData/SourcePackages/checkouts/libxlsxwriter/src/comment.c -o /Users/yutaro/project-profit-ios/artifacts/release-quality/canonical-e2e/DerivedData/Build/Intermediates.noindex/libxlsxwriter.build/Debug-iphonesimulator/libxlsxwriter.build/Objects-normal/arm64/comment.o -index-unit-output-path /libxlsxwriter.build/Debug-iphonesimulator/libxlsxwriter.build/Objects-normal/arm64/comment.o

CompileC /Users/yutaro/project-profit-ios/artifacts/release-quality/canonical-e2e/DerivedData/Build/Intermediates.noindex/libxlsxwriter.build/Debug-iphonesimulator/libxlsxwriter.build/Objects-normal/arm64/chartsheet.o /Users/yutaro/project-profit-ios/artifacts/release-quality/canonical-e2e/DerivedData/SourcePackages/checkouts/libxlsxwriter/src/chartsheet.c normal arm64 c com.apple.compilers.llvm.clang.1_0.compiler (in target 'libxlsxwriter' from project 'libxlsxwriter')
    cd /Users/yutaro/project-profit-ios/ProjectProfit.xcodeproj
    
    Using response file: /Users/yutaro/project-profit-ios/artifacts/release-quality/canonical-e2e/DerivedData/Build/Intermediates.noindex/libxlsxwriter.build/Debug-iphonesimulator/libxlsxwriter.build/Objects-normal/arm64/7187679823f38a2a940e0043cdf9d637-common-args.resp
    
    /Applications/Xcode-26.3.app/Contents/Developer/Toolchains/XcodeDefault.xctoolchain/usr/bin/clang -x c -ivfsstatcache /Users/yutaro/project-profit-ios/artifacts/release-quality/canonical-e2e/DerivedData/SDKStatCaches.noindex/iphonesimulator26.2-23C57-91db6bf2b9df79783d042ed3cc29a58e.sdkstatcache -fmessage-length\=0 -fdiagnostics-show-note-include-stack -fmacro-backtrace-limit\=0 -fno-color-diagnostics -fmodules-prune-interval\=86400 -fmodules-prune-after\=345600 -fbuild-session-file\=/Users/yutaro/project-profit-ios/artifacts/release-quality/canonical-e2e/DerivedData/ModuleCache.noindex/Session.modulevalidation -fmodules-validate-once-per-build-session -Wnon-modular-include-in-framework-module -Werror\=non-modular-include-in-framework-module -Wno-trigraphs -Wno-missing-field-initializers -Wno-missing-prototypes -Wno-return-type -Wno-missing-braces -Wparentheses -Wswitch -Wno-unused-function -Wno-unused-label -Wno-unused-parameter -Wno-unused-variable -Wunused-value -Wno-empty-body -Wno-uninitialized -Wno-unknown-pragmas -w -Wno-shadow -Wno-four-char-constants -Wno-conversion -Wno-constant-conversion -Wno-int-conversion -Wno-bool-conversion -Wno-enum-conversion -Wno-float-conversion -Wno-non-literal-null-conversion -Wno-objc-literal-conversion -Wshorten-64-to-32 -Wpointer-sign -Wno-newline-eof -Wno-implicit-fallthrough -fstrict-aliasing -Wdeprecated-declarations -Wno-sign-conversion -Wno-infinite-recursion -Wno-comma -Wno-block-capture-autoreleasing -Wno-strict-prototypes -Wno-semicolon-before-method-body -index-store-path /Users/yutaro/project-profit-ios/artifacts/release-quality/canonical-e2e/DerivedData/Index.noindex/DataStore @/Users/yutaro/project-profit-ios/artifacts/release-quality/canonical-e2e/DerivedData/Build/Intermediates.noindex/libxlsxwriter.build/Debug-iphonesimulator/libxlsxwriter.build/Objects-normal/arm64/7187679823f38a2a940e0043cdf9d637-common-args.resp -MMD -MT dependencies -MF /Users/yutaro/project-profit-ios/artifacts/release-quality/canonical-e2e/DerivedData/Build/Intermediates.noindex/libxlsxwriter.build/Debug-iphonesimulator/libxlsxwriter.build/Objects-normal/arm64/chartsheet.d --serialize-diagnostics /Users/yutaro/project-profit-ios/artifacts/release-quality/canonical-e2e/DerivedData/Build/Intermediates.noindex/libxlsxwriter.build/Debug-iphonesimulator/libxlsxwriter.build/Objects-normal/arm64/chartsheet.dia -c /Users/yutaro/project-profit-ios/artifacts/release-quality/canonical-e2e/DerivedData/SourcePackages/checkouts/libxlsxwriter/src/chartsheet.c -o /Users/yutaro/project-profit-ios/artifacts/release-quality/canonical-e2e/DerivedData/Build/Intermediates.noindex/libxlsxwriter.build/Debug-iphonesimulator/libxlsxwriter.build/Objects-normal/arm64/chartsheet.o -index-unit-output-path /libxlsxwriter.build/Debug-iphonesimulator/libxlsxwriter.build/Objects-normal/arm64/chartsheet.o

SwiftExplicitDependencyGeneratePcm arm64 /Users/yutaro/project-profit-ios/artifacts/release-quality/canonical-e2e/DerivedData/ModuleCache.noindex/_Builtin_stdatomic-9NE73PMIJMSAUNB02LC7P7JPN.pcm

SwiftExplicitDependencyGeneratePcm arm64 /Users/yutaro/project-profit-ios/artifacts/release-quality/canonical-e2e/DerivedData/ModuleCache.noindex/_DarwinFoundation3-9EN2ATWBRDTZFOO5QH5485NT7.pcm

CompileC /Users/yutaro/project-profit-ios/artifacts/release-quality/canonical-e2e/DerivedData/Build/Intermediates.noindex/libxlsxwriter.build/Debug-iphonesimulator/libxlsxwriter.build/Objects-normal/arm64/chart.o /Users/yutaro/project-profit-ios/artifacts/release-quality/canonical-e2e/DerivedData/SourcePackages/checkouts/libxlsxwriter/src/chart.c normal arm64 c com.apple.compilers.llvm.clang.1_0.compiler (in target 'libxlsxwriter' from project 'libxlsxwriter')
    cd /Users/yutaro/project-profit-ios/ProjectProfit.xcodeproj
    
    Using response file: /Users/yutaro/project-profit-ios/artifacts/release-quality/canonical-e2e/DerivedData/Build/Intermediates.noindex/libxlsxwriter.build/Debug-iphonesimulator/libxlsxwriter.build/Objects-normal/arm64/7187679823f38a2a940e0043cdf9d637-common-args.resp
    
    /Applications/Xcode-26.3.app/Contents/Developer/Toolchains/XcodeDefault.xctoolchain/usr/bin/clang -x c -ivfsstatcache /Users/yutaro/project-profit-ios/artifacts/release-quality/canonical-e2e/DerivedData/SDKStatCaches.noindex/iphonesimulator26.2-23C57-91db6bf2b9df79783d042ed3cc29a58e.sdkstatcache -fmessage-length\=0 -fdiagnostics-show-note-include-stack -fmacro-backtrace-limit\=0 -fno-color-diagnostics -fmodules-prune-interval\=86400 -fmodules-prune-after\=345600 -fbuild-session-file\=/Users/yutaro/project-profit-ios/artifacts/release-quality/canonical-e2e/DerivedData/ModuleCache.noindex/Session.modulevalidation -fmodules-validate-once-per-build-session -Wnon-modular-include-in-framework-module -Werror\=non-modular-include-in-framework-module -Wno-trigraphs -Wno-missing-field-initializers -Wno-missing-prototypes -Wno-return-type -Wno-missing-braces -Wparentheses -Wswitch -Wno-unused-function -Wno-unused-label -Wno-unused-parameter -Wno-unused-variable -Wunused-value -Wno-empty-body -Wno-uninitialized -Wno-unknown-pragmas -w -Wno-shadow -Wno-four-char-constants -Wno-conversion -Wno-constant-conversion -Wno-int-conversion -Wno-bool-conversion -Wno-enum-conversion -Wno-float-conversion -Wno-non-literal-null-conversion -Wno-objc-literal-conversion -Wshorten-64-to-32 -Wpointer-sign -Wno-newline-eof -Wno-implicit-fallthrough -fstrict-aliasing -Wdeprecated-declarations -Wno-sign-conversion -Wno-infinite-recursion -Wno-comma -Wno-block-capture-autoreleasing -Wno-strict-prototypes -Wno-semicolon-before-method-body -index-store-path /Users/yutaro/project-profit-ios/artifacts/release-quality/canonical-e2e/DerivedData/Index.noindex/DataStore @/Users/yutaro/project-profit-ios/artifacts/release-quality/canonical-e2e/DerivedData/Build/Intermediates.noindex/libxlsxwriter.build/Debug-iphonesimulator/libxlsxwriter.build/Objects-normal/arm64/7187679823f38a2a940e0043cdf9d637-common-args.resp -MMD -MT dependencies -MF /Users/yutaro/project-profit-ios/artifacts/release-quality/canonical-e2e/DerivedData/Build/Intermediates.noindex/libxlsxwriter.build/Debug-iphonesimulator/libxlsxwriter.build/Objects-normal/arm64/chart.d --serialize-diagnostics /Users/yutaro/project-profit-ios/artifacts/release-quality/canonical-e2e/DerivedData/Build/Intermediates.noindex/libxlsxwriter.build/Debug-iphonesimulator/libxlsxwriter.build/Objects-normal/arm64/chart.dia -c /Users/yutaro/project-profit-ios/artifacts/release-quality/canonical-e2e/DerivedData/SourcePackages/checkouts/libxlsxwriter/src/chart.c -o /Users/yutaro/project-profit-ios/artifacts/release-quality/canonical-e2e/DerivedData/Build/Intermediates.noindex/libxlsxwriter.build/Debug-iphonesimulator/libxlsxwriter.build/Objects-normal/arm64/chart.o -index-unit-output-path /libxlsxwriter.build/Debug-iphonesimulator/libxlsxwriter.build/Objects-normal/arm64/chart.o

CompileC /Users/yutaro/project-profit-ios/artifacts/release-quality/canonical-e2e/DerivedData/Build/Intermediates.noindex/libxlsxwriter.build/Debug-iphonesimulator/libxlsxwriter.build/Objects-normal/arm64/app.o /Users/yutaro/project-profit-ios/artifacts/release-quality/canonical-e2e/DerivedData/SourcePackages/checkouts/libxlsxwriter/src/app.c normal arm64 c com.apple.compilers.llvm.clang.1_0.compiler (in target 'libxlsxwriter' from project 'libxlsxwriter')
    cd /Users/yutaro/project-profit-ios/ProjectProfit.xcodeproj
    
    Using response file: /Users/yutaro/project-profit-ios/artifacts/release-quality/canonical-e2e/DerivedData/Build/Intermediates.noindex/libxlsxwriter.build/Debug-iphonesimulator/libxlsxwriter.build/Objects-normal/arm64/7187679823f38a2a940e0043cdf9d637-common-args.resp
    
    /Applications/Xcode-26.3.app/Contents/Developer/Toolchains/XcodeDefault.xctoolchain/usr/bin/clang -x c -ivfsstatcache /Users/yutaro/project-profit-ios/artifacts/release-quality/canonical-e2e/DerivedData/SDKStatCaches.noindex/iphonesimulator26.2-23C57-91db6bf2b9df79783d042ed3cc29a58e.sdkstatcache -fmessage-length\=0 -fdiagnostics-show-note-include-stack -fmacro-backtrace-limit\=0 -fno-color-diagnostics -fmodules-prune-interval\=86400 -fmodules-prune-after\=345600 -fbuild-session-file\=/Users/yutaro/project-profit-ios/artifacts/release-quality/canonical-e2e/DerivedData/ModuleCache.noindex/Session.modulevalidation -fmodules-validate-once-per-build-session -Wnon-modular-include-in-framework-module -Werror\=non-modular-include-in-framework-module -Wno-trigraphs -Wno-missing-field-initializers -Wno-missing-prototypes -Wno-return-type -Wno-missing-braces -Wparentheses -Wswitch -Wno-unused-function -Wno-unused-label -Wno-unused-parameter -Wno-unused-variable -Wunused-value -Wno-empty-body -Wno-uninitialized -Wno-unknown-pragmas -w -Wno-shadow -Wno-four-char-constants -Wno-conversion -Wno-constant-conversion -Wno-int-conversion -Wno-bool-conversion -Wno-enum-conversion -Wno-float-conversion -Wno-non-literal-null-conversion -Wno-objc-literal-conversion -Wshorten-64-to-32 -Wpointer-sign -Wno-newline-eof -Wno-implicit-fallthrough -fstrict-aliasing -Wdeprecated-declarations -Wno-sign-conversion -Wno-infinite-recursion -Wno-comma -Wno-block-capture-autoreleasing -Wno-strict-prototypes -Wno-semicolon-before-method-body -index-store-path /Users/yutaro/project-profit-ios/artifacts/release-quality/canonical-e2e/DerivedData/Index.noindex/DataStore @/Users/yutaro/project-profit-ios/artifacts/release-quality/canonical-e2e/DerivedData/Build/Intermediates.noindex/libxlsxwriter.build/Debug-iphonesimulator/libxlsxwriter.build/Objects-normal/arm64/7187679823f38a2a940e0043cdf9d637-common-args.resp -MMD -MT dependencies -MF /Users/yutaro/project-profit-ios/artifacts/release-quality/canonical-e2e/DerivedData/Build/Intermediates.noindex/libxlsxwriter.build/Debug-iphonesimulator/libxlsxwriter.build/Objects-normal/arm64/app.d --serialize-diagnostics /Users/yutaro/project-profit-ios/artifacts/release-quality/canonical-e2e/DerivedData/Build/Intermediates.noindex/libxlsxwriter.build/Debug-iphonesimulator/libxlsxwriter.build/Objects-normal/arm64/app.dia -c /Users/yutaro/project-profit-ios/artifacts/release-quality/canonical-e2e/DerivedData/SourcePackages/checkouts/libxlsxwriter/src/app.c -o /Users/yutaro/project-profit-ios/artifacts/release-quality/canonical-e2e/DerivedData/Build/Intermediates.noindex/libxlsxwriter.build/Debug-iphonesimulator/libxlsxwriter.build/Objects-normal/arm64/app.o -index-unit-output-path /libxlsxwriter.build/Debug-iphonesimulator/libxlsxwriter.build/Objects-normal/arm64/app.o

SwiftExplicitDependencyGeneratePcm arm64 /Users/yutaro/project-profit-ios/artifacts/release-quality/canonical-e2e/DerivedData/ModuleCache.noindex/_Builtin_inttypes-3PF0VNWPX37MKOB9VUHWCAT1R.pcm

SwiftExplicitDependencyGeneratePcm arm64 /Users/yutaro/project-profit-ios/artifacts/release-quality/canonical-e2e/DerivedData/ModuleCache.noindex/Darwin-2J66M4ZOK3WEQEYOL5NJNAGG8.pcm

Ld /Users/yutaro/project-profit-ios/artifacts/release-quality/canonical-e2e/DerivedData/Build/Products/Debug-iphonesimulator/libxlsxwriter.o normal (in target 'libxlsxwriter' from project 'libxlsxwriter')
    cd /Users/yutaro/project-profit-ios/artifacts/release-quality/canonical-e2e/DerivedData/SourcePackages/checkouts/libxlsxwriter
    /Applications/Xcode-26.3.app/Contents/Developer/Toolchains/XcodeDefault.xctoolchain/usr/bin/clang -Xlinker -reproducible -target arm64-apple-ios12.0-simulator -r -isysroot /Applications/Xcode-26.3.app/Contents/Developer/Platforms/iPhoneSimulator.platform/Developer/SDKs/iPhoneSimulator26.2.sdk -O0 -w -L/Users/yutaro/project-profit-ios/artifacts/release-quality/canonical-e2e/DerivedData/Build/Intermediates.noindex/EagerLinkingTBDs/Debug-iphonesimulator -L/Users/yutaro/project-profit-ios/artifacts/release-quality/canonical-e2e/DerivedData/Build/Products/Debug-iphonesimulator -L/Applications/Xcode-26.3.app/Contents/Developer/Platforms/iPhoneSimulator.platform/Developer/usr/lib -F/Users/yutaro/project-profit-ios/artifacts/release-quality/canonical-e2e/DerivedData/Build/Intermediates.noindex/EagerLinkingTBDs/Debug-iphonesimulator -F/Users/yutaro/project-profit-ios/artifacts/release-quality/canonical-e2e/DerivedData/Build/Products/Debug-iphonesimulator -iframework /Applications/Xcode-26.3.app/Contents/Developer/Platforms/iPhoneSimulator.platform/Developer/Library/Frameworks -iframework /Applications/Xcode-26.3.app/Contents/Developer/Platforms/iPhoneSimulator.platform/Developer/SDKs/iPhoneSimulator26.2.sdk/Developer/Library/Frameworks -filelist /Users/yutaro/project-profit-ios/artifacts/release-quality/canonical-e2e/DerivedData/Build/Intermediates.noindex/libxlsxwriter.build/Debug-iphonesimulator/libxlsxwriter.build/Objects-normal/arm64/libxlsxwriter.LinkFileList -nostdlib -Xlinker -object_path_lto -Xlinker /Users/yutaro/project-profit-ios/artifacts/release-quality/canonical-e2e/DerivedData/Build/Intermediates.noindex/libxlsxwriter.build/Debug-iphonesimulator/libxlsxwriter.build/Objects-normal/arm64/libxlsxwriter_lto.o -rdynamic -Xlinker -no_deduplicate -Xlinker -objc_abi_version -Xlinker 2 -Xlinker -debug_variant -Xlinker -dependency_info -Xlinker /Users/yutaro/project-profit-ios/artifacts/release-quality/canonical-e2e/DerivedData/Build/Intermediates.noindex/libxlsxwriter.build/Debug-iphonesimulator/libxlsxwriter.build/Objects-normal/arm64/libxlsxwriter_dependency_info.dat -o /Users/yutaro/project-profit-ios/artifacts/release-quality/canonical-e2e/DerivedData/Build/Products/Debug-iphonesimulator/libxlsxwriter.o

RegisterExecutionPolicyException /Users/yutaro/project-profit-ios/artifacts/release-quality/canonical-e2e/DerivedData/Build/Products/Debug-iphonesimulator/libxlsxwriter.o (in target 'libxlsxwriter' from project 'libxlsxwriter')
    cd /Users/yutaro/project-profit-ios/artifacts/release-quality/canonical-e2e/DerivedData/SourcePackages/checkouts/libxlsxwriter
    builtin-RegisterExecutionPolicyException /Users/yutaro/project-profit-ios/artifacts/release-quality/canonical-e2e/DerivedData/Build/Products/Debug-iphonesimulator/libxlsxwriter.o

SwiftExplicitDependencyGeneratePcm arm64 /Users/yutaro/project-profit-ios/artifacts/release-quality/canonical-e2e/DerivedData/ModuleCache.noindex/MachO-DOS2S2OITA58E23E2AGLI7F8S.pcm

SwiftExplicitDependencyGeneratePcm arm64 /Users/yutaro/project-profit-ios/artifacts/release-quality/canonical-e2e/DerivedData/ModuleCache.noindex/ObjectiveC-ELWRKR4BHMGT11RJON9HM91UW.pcm

SwiftExplicitDependencyGeneratePcm arm64 /Users/yutaro/project-profit-ios/artifacts/release-quality/canonical-e2e/DerivedData/ModuleCache.noindex/os_object-D5TXCZRISKUYDDBNNXIAIY7GA.pcm

SwiftExplicitDependencyGeneratePcm arm64 /Users/yutaro/project-profit-ios/artifacts/release-quality/canonical-e2e/DerivedData/ModuleCache.noindex/os_workgroup-29FLG91LPKFTNLELQ3Z2VH2LK.pcm

SwiftExplicitDependencyGeneratePcm arm64 /Users/yutaro/project-profit-ios/artifacts/release-quality/canonical-e2e/DerivedData/ModuleCache.noindex/Dispatch-8VVNMNNAOLSPTQKF8P23R3XY.pcm

SwiftExplicitDependencyGeneratePcm arm64 /Users/yutaro/project-profit-ios/artifacts/release-quality/canonical-e2e/DerivedData/ModuleCache.noindex/XPC-5JW9NACZ1697UCUENFIHD9UQX.pcm

SwiftExplicitDependencyGeneratePcm arm64 /Users/yutaro/project-profit-ios/artifacts/release-quality/canonical-e2e/DerivedData/ModuleCache.noindex/CoreFoundation-86F0TDY2A6OQPYIWFU8WP2KGV.pcm

SwiftExplicitDependencyGeneratePcm arm64 /Users/yutaro/project-profit-ios/artifacts/release-quality/canonical-e2e/DerivedData/ModuleCache.noindex/os-C5RM5ZSMRQQH8S9INO73H9BVP.pcm

SwiftExplicitDependencyGeneratePcm arm64 /Users/yutaro/project-profit-ios/artifacts/release-quality/canonical-e2e/DerivedData/ModuleCache.noindex/CoreGraphics-1XCZ4383J05H4KXCH95YJWV58.pcm

SwiftExplicitDependencyGeneratePcm arm64 /Users/yutaro/project-profit-ios/artifacts/release-quality/canonical-e2e/DerivedData/ModuleCache.noindex/Security-70H5H1B7EEWQD5T5IK3UQRPWZ.pcm

SwiftExplicitDependencyGeneratePcm arm64 /Users/yutaro/project-profit-ios/artifacts/release-quality/canonical-e2e/DerivedData/ModuleCache.noindex/CFNetwork-C50YH9CP0FS28YTEAAAU9VLZB.pcm

SwiftExplicitDependencyGeneratePcm arm64 /Users/yutaro/project-profit-ios/artifacts/release-quality/canonical-e2e/DerivedData/ModuleCache.noindex/Foundation-23CQLVL1IY2Z3E2179BZXXVT0.pcm

SwiftExplicitDependencyGeneratePcm arm64 /Users/yutaro/project-profit-ios/artifacts/release-quality/canonical-e2e/DerivedData/ModuleCache.noindex/ImageIO-AWT8AUTALLXRQEPKXO7H0P5BF.pcm

SwiftExplicitDependencyGeneratePcm arm64 /Users/yutaro/project-profit-ios/artifacts/release-quality/canonical-e2e/DerivedData/ModuleCache.noindex/CoreText-2KCHR05C4DBQJJ0RKN30M80NP.pcm

SwiftExplicitDependencyGeneratePcm arm64 /Users/yutaro/project-profit-ios/artifacts/release-quality/canonical-e2e/DerivedData/ModuleCache.noindex/OSLog-BOXN7YF63MRAI61PY25T4VJ73.pcm

SwiftExplicitDependencyGeneratePcm arm64 /Users/yutaro/project-profit-ios/artifacts/release-quality/canonical-e2e/DerivedData/ModuleCache.noindex/CoreTransferable-4UZR3Z240MUNMACZXYF47O166.pcm

SwiftExplicitDependencyGeneratePcm arm64 /Users/yutaro/project-profit-ios/artifacts/release-quality/canonical-e2e/DerivedData/ModuleCache.noindex/IOSurface-B4U8O2MOA63G3Y53URYP51ME0.pcm

SwiftExplicitDependencyGeneratePcm arm64 /Users/yutaro/project-profit-ios/artifacts/release-quality/canonical-e2e/DerivedData/ModuleCache.noindex/Symbols-BM1VYEMX7ENZKKYP1D3B5H8NP.pcm

SwiftExplicitDependencyGeneratePcm arm64 /Users/yutaro/project-profit-ios/artifacts/release-quality/canonical-e2e/DerivedData/ModuleCache.noindex/UIUtilities-52D5IYE9K1DA4Q9WWNP7IR9U2.pcm

SwiftExplicitDependencyGeneratePcm arm64 /Users/yutaro/project-profit-ios/artifacts/release-quality/canonical-e2e/DerivedData/ModuleCache.noindex/UserNotifications-9KQ3O6FFAFEKYD09AEZUXOXQW.pcm

SwiftExplicitDependencyGeneratePcm arm64 /Users/yutaro/project-profit-ios/artifacts/release-quality/canonical-e2e/DerivedData/ModuleCache.noindex/FileProvider-622WCX8UGOQFRTNV4G1UCD6G.pcm

SwiftExplicitDependencyGeneratePcm arm64 /Users/yutaro/project-profit-ios/artifacts/release-quality/canonical-e2e/DerivedData/ModuleCache.noindex/DataDetection-B7LGPMHMRED098T6KKJF26V15.pcm

SwiftExplicitDependencyGeneratePcm arm64 /Users/yutaro/project-profit-ios/artifacts/release-quality/canonical-e2e/DerivedData/ModuleCache.noindex/UniformTypeIdentifiers-EA4GAB6C4IBQL7JC84BRZGIV6.pcm

SwiftExplicitDependencyGeneratePcm arm64 /Users/yutaro/project-profit-ios/artifacts/release-quality/canonical-e2e/DerivedData/ModuleCache.noindex/OpenGLES-2THW37KTCMORXUOY6OFPR6UZW.pcm

SwiftExplicitDependencyGeneratePcm arm64 /Users/yutaro/project-profit-ios/artifacts/release-quality/canonical-e2e/DerivedData/ModuleCache.noindex/Accessibility-9TG5MBJMK0M36XUX0TAASQWEL.pcm

SwiftExplicitDependencyGeneratePcm arm64 /Users/yutaro/project-profit-ios/artifacts/release-quality/canonical-e2e/DerivedData/ModuleCache.noindex/Metal-38XVFW32KHCCHHM54OZNX4884.pcm

SwiftExplicitDependencyGeneratePcm arm64 /Users/yutaro/project-profit-ios/artifacts/release-quality/canonical-e2e/DerivedData/ModuleCache.noindex/CoreVideo-E9ODZ5WUO3ZJBB0UE78XMSNIB.pcm

SwiftExplicitDependencyGeneratePcm arm64 /Users/yutaro/project-profit-ios/artifacts/release-quality/canonical-e2e/DerivedData/ModuleCache.noindex/QuartzCore-DG0SG42STAVQ5X1XXV5Z651YP.pcm

SwiftExplicitDependencyGeneratePcm arm64 /Users/yutaro/project-profit-ios/artifacts/release-quality/canonical-e2e/DerivedData/ModuleCache.noindex/CoreImage-APH0E0IWQHZAETT7YDO29XSLL.pcm

SwiftExplicitDependencyGeneratePcm arm64 /Users/yutaro/project-profit-ios/artifacts/release-quality/canonical-e2e/DerivedData/ModuleCache.noindex/SwiftUICore-3V9KI08Z5IX1DES0M72JQCP6Y.pcm

SwiftExplicitDependencyGeneratePcm arm64 /Users/yutaro/project-profit-ios/artifacts/release-quality/canonical-e2e/DerivedData/ModuleCache.noindex/UIKit-19B5K7I97YDUTC4QVZDQWQRUA.pcm

SwiftEmitModule normal arm64 Emitting\ module\ for\ ProjectProfitShareExtension (in target 'ProjectProfitShareExtension' from project 'ProjectProfit')

EmitSwiftModule normal arm64 (in target 'ProjectProfitShareExtension' from project 'ProjectProfit')
    cd /Users/yutaro/project-profit-ios
    

SwiftCompile normal arm64 Compiling\ ShareAttachmentImporter.swift /Users/yutaro/project-profit-ios/ProjectProfitShareExtension/ShareAttachmentImporter.swift (in target 'ProjectProfitShareExtension' from project 'ProjectProfit')
SwiftCompile normal arm64 /Users/yutaro/project-profit-ios/ProjectProfitShareExtension/ShareAttachmentImporter.swift (in target 'ProjectProfitShareExtension' from project 'ProjectProfit')
    cd /Users/yutaro/project-profit-ios
    

SwiftCompile normal arm64 Compiling\ ShareViewController.swift /Users/yutaro/project-profit-ios/ProjectProfitShareExtension/ShareViewController.swift (in target 'ProjectProfitShareExtension' from project 'ProjectProfit')
SwiftCompile normal arm64 /Users/yutaro/project-profit-ios/ProjectProfitShareExtension/ShareViewController.swift (in target 'ProjectProfitShareExtension' from project 'ProjectProfit')
    cd /Users/yutaro/project-profit-ios
    
/Users/yutaro/project-profit-ios/ProjectProfitShareExtension/ShareViewController.swift:146:103: warning: passing non-Sendable parameter 'completion' to function expecting a '@Sendable' closure
                provider.loadFileRepresentation(forTypeIdentifier: typeIdentifier, completionHandler: completion)
                                                                                                      ^
/Users/yutaro/project-profit-ios/ProjectProfitShareExtension/ShareViewController.swift:145:39: note: parameter 'completion' is implicitly non-Sendable
            loadFileRepresentation: { completion in
                                      ^

SwiftDriverJobDiscovery normal arm64 Emitting module for ProjectProfitShareExtension (in target 'ProjectProfitShareExtension' from project 'ProjectProfit')

SwiftDriver\ Compilation\ Requirements ProjectProfitShareExtension normal arm64 com.apple.xcode.tools.swift.compiler (in target 'ProjectProfitShareExtension' from project 'ProjectProfit')
    cd /Users/yutaro/project-profit-ios
    builtin-Swift-Compilation-Requirements -- /Applications/Xcode-26.3.app/Contents/Developer/Toolchains/XcodeDefault.xctoolchain/usr/bin/swiftc -module-name ProjectProfitShareExtension -Onone -enforce-exclusivity\=checked @/Users/yutaro/project-profit-ios/artifacts/release-quality/canonical-e2e/DerivedData/Build/Intermediates.noindex/ProjectProfit.build/Debug-iphonesimulator/ProjectProfitShareExtension.build/Objects-normal/arm64/ProjectProfitShareExtension.SwiftFileList -DDEBUG -enable-bare-slash-regex -enable-experimental-feature DebugDescriptionMacro -sdk /Applications/Xcode-26.3.app/Contents/Developer/Platforms/iPhoneSimulator.platform/Developer/SDKs/iPhoneSimulator26.2.sdk -target arm64-apple-ios17.0-simulator -g -module-cache-path /Users/yutaro/project-profit-ios/artifacts/release-quality/canonical-e2e/DerivedData/ModuleCache.noindex -Xfrontend -serialize-debugging-options -application-extension -profile-coverage-mapping -profile-generate -enable-testing -index-store-path /Users/yutaro/project-profit-ios/artifacts/release-quality/canonical-e2e/DerivedData/Index.noindex/DataStore -Xcc -D_LIBCPP_HARDENING_MODE\=_LIBCPP_HARDENING_MODE_DEBUG -swift-version 5 -I /Users/yutaro/project-profit-ios/artifacts/release-quality/canonical-e2e/DerivedData/Build/Products/Debug-iphonesimulator -F /Users/yutaro/project-profit-ios/artifacts/release-quality/canonical-e2e/DerivedData/Build/Products/Debug-iphonesimulator -c -j8 -enable-batch-mode -incremental -Xcc -ivfsstatcache -Xcc /Users/yutaro/project-profit-ios/artifacts/release-quality/canonical-e2e/DerivedData/SDKStatCaches.noindex/iphonesimulator26.2-23C57-91db6bf2b9df79783d042ed3cc29a58e.sdkstatcache -output-file-map /Users/yutaro/project-profit-ios/artifacts/release-quality/canonical-e2e/DerivedData/Build/Intermediates.noindex/ProjectProfit.build/Debug-iphonesimulator/ProjectProfitShareExtension.build/Objects-normal/arm64/ProjectProfitShareExtension-OutputFileMap.json -use-frontend-parseable-output -save-temps -no-color-diagnostics -explicit-module-build -module-cache-path /Users/yutaro/project-profit-ios/artifacts/release-quality/canonical-e2e/DerivedData/Build/Intermediates.noindex/SwiftExplicitPrecompiledModules -clang-scanner-module-cache-path /Users/yutaro/project-profit-ios/artifacts/release-quality/canonical-e2e/DerivedData/ModuleCache.noindex -sdk-module-cache-path /Users/yutaro/project-profit-ios/artifacts/release-quality/canonical-e2e/DerivedData/ModuleCache.noindex -serialize-diagnostics -emit-dependencies -emit-module -emit-module-path /Users/yutaro/project-profit-ios/artifacts/release-quality/canonical-e2e/DerivedData/Build/Intermediates.noindex/ProjectProfit.build/Debug-iphonesimulator/ProjectProfitShareExtension.build/Objects-normal/arm64/ProjectProfitShareExtension.swiftmodule -validate-clang-modules-once -clang-build-session-file /Users/yutaro/project-profit-ios/artifacts/release-quality/canonical-e2e/DerivedData/ModuleCache.noindex/Session.modulevalidation -Xcc -I/Users/yutaro/project-profit-ios/artifacts/release-quality/canonical-e2e/DerivedData/Build/Intermediates.noindex/ProjectProfit.build/Debug-iphonesimulator/ProjectProfitShareExtension.build/swift-overrides.hmap -emit-const-values -Xfrontend -const-gather-protocols-file -Xfrontend /Users/yutaro/project-profit-ios/artifacts/release-quality/canonical-e2e/DerivedData/Build/Intermediates.noindex/ProjectProfit.build/Debug-iphonesimulator/ProjectProfitShareExtension.build/Objects-normal/arm64/ProjectProfitShareExtension_const_extract_protocols.json -Xcc -iquote -Xcc /Users/yutaro/project-profit-ios/artifacts/release-quality/canonical-e2e/DerivedData/Build/Intermediates.noindex/ProjectProfit.build/Debug-iphonesimulator/ProjectProfitShareExtension.build/ProjectProfitShareExtension-generated-files.hmap -Xcc -I/Users/yutaro/project-profit-ios/artifacts/release-quality/canonical-e2e/DerivedData/Build/Intermediates.noindex/ProjectProfit.build/Debug-iphonesimulator/ProjectProfitShareExtension.build/ProjectProfitShareExtension-own-target-headers.hmap -Xcc -I/Users/yutaro/project-profit-ios/artifacts/release-quality/canonical-e2e/DerivedData/Build/Intermediates.noindex/ProjectProfit.build/Debug-iphonesimulator/ProjectProfitShareExtension.build/ProjectProfitShareExtension-all-non-framework-target-headers.hmap -Xcc -ivfsoverlay -Xcc /Users/yutaro/project-profit-ios/artifacts/release-quality/canonical-e2e/DerivedData/Build/Intermediates.noindex/ProjectProfit.build/Debug-iphonesimulator/ProjectProfit-bc30635a8cb06e5d3ecf94d8d93f544c-VFS-iphonesimulator/all-product-headers.yaml -Xcc -iquote -Xcc /Users/yutaro/project-profit-ios/artifacts/release-quality/canonical-e2e/DerivedData/Build/Intermediates.noindex/ProjectProfit.build/Debug-iphonesimulator/ProjectProfitShareExtension.build/ProjectProfitShareExtension-project-headers.hmap -Xcc -I/Users/yutaro/project-profit-ios/artifacts/release-quality/canonical-e2e/DerivedData/Build/Products/Debug-iphonesimulator/include -Xcc -I/Users/yutaro/project-profit-ios/artifacts/release-quality/canonical-e2e/DerivedData/Build/Intermediates.noindex/ProjectProfit.build/Debug-iphonesimulator/ProjectProfitShareExtension.build/DerivedSources-normal/arm64 -Xcc -I/Users/yutaro/project-profit-ios/artifacts/release-quality/canonical-e2e/DerivedData/Build/Intermediates.noindex/ProjectProfit.build/Debug-iphonesimulator/ProjectProfitShareExtension.build/DerivedSources/arm64 -Xcc -I/Users/yutaro/project-profit-ios/artifacts/release-quality/canonical-e2e/DerivedData/Build/Intermediates.noindex/ProjectProfit.build/Debug-iphonesimulator/ProjectProfitShareExtension.build/DerivedSources -Xcc -DDEBUG\=1 -emit-objc-header -emit-objc-header-path /Users/yutaro/project-profit-ios/artifacts/release-quality/canonical-e2e/DerivedData/Build/Intermediates.noindex/ProjectProfit.build/Debug-iphonesimulator/ProjectProfitShareExtension.build/Objects-normal/arm64/ProjectProfitShareExtension-Swift.h -working-directory /Users/yutaro/project-profit-ios -experimental-emit-module-separately -disable-cmo

SwiftMergeGeneratedHeaders /Users/yutaro/project-profit-ios/artifacts/release-quality/canonical-e2e/DerivedData/Build/Intermediates.noindex/ProjectProfit.build/Debug-iphonesimulator/ProjectProfitShareExtension.build/DerivedSources/ProjectProfitShareExtension-Swift.h /Users/yutaro/project-profit-ios/artifacts/release-quality/canonical-e2e/DerivedData/Build/Intermediates.noindex/ProjectProfit.build/Debug-iphonesimulator/ProjectProfitShareExtension.build/Objects-normal/arm64/ProjectProfitShareExtension-Swift.h (in target 'ProjectProfitShareExtension' from project 'ProjectProfit')
    cd /Users/yutaro/project-profit-ios
    builtin-swiftHeaderTool -arch arm64 /Users/yutaro/project-profit-ios/artifacts/release-quality/canonical-e2e/DerivedData/Build/Intermediates.noindex/ProjectProfit.build/Debug-iphonesimulator/ProjectProfitShareExtension.build/Objects-normal/arm64/ProjectProfitShareExtension-Swift.h -o /Users/yutaro/project-profit-ios/artifacts/release-quality/canonical-e2e/DerivedData/Build/Intermediates.noindex/ProjectProfit.build/Debug-iphonesimulator/ProjectProfitShareExtension.build/DerivedSources/ProjectProfitShareExtension-Swift.h

Copy /Users/yutaro/project-profit-ios/artifacts/release-quality/canonical-e2e/DerivedData/Build/Products/Debug-iphonesimulator/ProjectProfitShareExtension.swiftmodule/arm64-apple-ios-simulator.swiftmodule /Users/yutaro/project-profit-ios/artifacts/release-quality/canonical-e2e/DerivedData/Build/Intermediates.noindex/ProjectProfit.build/Debug-iphonesimulator/ProjectProfitShareExtension.build/Objects-normal/arm64/ProjectProfitShareExtension.swiftmodule (in target 'ProjectProfitShareExtension' from project 'ProjectProfit')
    cd /Users/yutaro/project-profit-ios
    builtin-copy -exclude .DS_Store -exclude CVS -exclude .svn -exclude .git -exclude .hg -resolve-src-symlinks -rename /Users/yutaro/project-profit-ios/artifacts/release-quality/canonical-e2e/DerivedData/Build/Intermediates.noindex/ProjectProfit.build/Debug-iphonesimulator/ProjectProfitShareExtension.build/Objects-normal/arm64/ProjectProfitShareExtension.swiftmodule /Users/yutaro/project-profit-ios/artifacts/release-quality/canonical-e2e/DerivedData/Build/Products/Debug-iphonesimulator/ProjectProfitShareExtension.swiftmodule/arm64-apple-ios-simulator.swiftmodule

Copy /Users/yutaro/project-profit-ios/artifacts/release-quality/canonical-e2e/DerivedData/Build/Products/Debug-iphonesimulator/ProjectProfitShareExtension.swiftmodule/arm64-apple-ios-simulator.swiftdoc /Users/yutaro/project-profit-ios/artifacts/release-quality/canonical-e2e/DerivedData/Build/Intermediates.noindex/ProjectProfit.build/Debug-iphonesimulator/ProjectProfitShareExtension.build/Objects-normal/arm64/ProjectProfitShareExtension.swiftdoc (in target 'ProjectProfitShareExtension' from project 'ProjectProfit')
    cd /Users/yutaro/project-profit-ios
    builtin-copy -exclude .DS_Store -exclude CVS -exclude .svn -exclude .git -exclude .hg -resolve-src-symlinks -rename /Users/yutaro/project-profit-ios/artifacts/release-quality/canonical-e2e/DerivedData/Build/Intermediates.noindex/ProjectProfit.build/Debug-iphonesimulator/ProjectProfitShareExtension.build/Objects-normal/arm64/ProjectProfitShareExtension.swiftdoc /Users/yutaro/project-profit-ios/artifacts/release-quality/canonical-e2e/DerivedData/Build/Products/Debug-iphonesimulator/ProjectProfitShareExtension.swiftmodule/arm64-apple-ios-simulator.swiftdoc

Copy /Users/yutaro/project-profit-ios/artifacts/release-quality/canonical-e2e/DerivedData/Build/Products/Debug-iphonesimulator/ProjectProfitShareExtension.swiftmodule/arm64-apple-ios-simulator.abi.json /Users/yutaro/project-profit-ios/artifacts/release-quality/canonical-e2e/DerivedData/Build/Intermediates.noindex/ProjectProfit.build/Debug-iphonesimulator/ProjectProfitShareExtension.build/Objects-normal/arm64/ProjectProfitShareExtension.abi.json (in target 'ProjectProfitShareExtension' from project 'ProjectProfit')
    cd /Users/yutaro/project-profit-ios
    builtin-copy -exclude .DS_Store -exclude CVS -exclude .svn -exclude .git -exclude .hg -resolve-src-symlinks -rename /Users/yutaro/project-profit-ios/artifacts/release-quality/canonical-e2e/DerivedData/Build/Intermediates.noindex/ProjectProfit.build/Debug-iphonesimulator/ProjectProfitShareExtension.build/Objects-normal/arm64/ProjectProfitShareExtension.abi.json /Users/yutaro/project-profit-ios/artifacts/release-quality/canonical-e2e/DerivedData/Build/Products/Debug-iphonesimulator/ProjectProfitShareExtension.swiftmodule/arm64-apple-ios-simulator.abi.json

Copy /Users/yutaro/project-profit-ios/artifacts/release-quality/canonical-e2e/DerivedData/Build/Products/Debug-iphonesimulator/ProjectProfitShareExtension.swiftmodule/Project/arm64-apple-ios-simulator.swiftsourceinfo /Users/yutaro/project-profit-ios/artifacts/release-quality/canonical-e2e/DerivedData/Build/Intermediates.noindex/ProjectProfit.build/Debug-iphonesimulator/ProjectProfitShareExtension.build/Objects-normal/arm64/ProjectProfitShareExtension.swiftsourceinfo (in target 'ProjectProfitShareExtension' from project 'ProjectProfit')
    cd /Users/yutaro/project-profit-ios
    builtin-copy -exclude .DS_Store -exclude CVS -exclude .svn -exclude .git -exclude .hg -resolve-src-symlinks -rename /Users/yutaro/project-profit-ios/artifacts/release-quality/canonical-e2e/DerivedData/Build/Intermediates.noindex/ProjectProfit.build/Debug-iphonesimulator/ProjectProfitShareExtension.build/Objects-normal/arm64/ProjectProfitShareExtension.swiftsourceinfo /Users/yutaro/project-profit-ios/artifacts/release-quality/canonical-e2e/DerivedData/Build/Products/Debug-iphonesimulator/ProjectProfitShareExtension.swiftmodule/Project/arm64-apple-ios-simulator.swiftsourceinfo

ProcessProductPackaging /Users/yutaro/project-profit-ios/ProjectProfit/ProjectProfit.entitlements /Users/yutaro/project-profit-ios/artifacts/release-quality/canonical-e2e/DerivedData/Build/Intermediates.noindex/ProjectProfit.build/Debug-iphonesimulator/ProjectProfit.build/ProjectProfit.app.xcent (in target 'ProjectProfit' from project 'ProjectProfit')
    cd /Users/yutaro/project-profit-ios
    
    Entitlements:
    
    {
}
    
    builtin-productPackagingUtility /Users/yutaro/project-profit-ios/ProjectProfit/ProjectProfit.entitlements -entitlements -format xml -o /Users/yutaro/project-profit-ios/artifacts/release-quality/canonical-e2e/DerivedData/Build/Intermediates.noindex/ProjectProfit.build/Debug-iphonesimulator/ProjectProfit.build/ProjectProfit.app.xcent

ProcessProductPackaging /Users/yutaro/project-profit-ios/ProjectProfit/ProjectProfit.entitlements /Users/yutaro/project-profit-ios/artifacts/release-quality/canonical-e2e/DerivedData/Build/Intermediates.noindex/ProjectProfit.build/Debug-iphonesimulator/ProjectProfit.build/ProjectProfit.app-Simulated.xcent (in target 'ProjectProfit' from project 'ProjectProfit')
    cd /Users/yutaro/project-profit-ios
    
    Entitlements:
    
    {
    "application-identifier" = "52PPJXD67Z.com.projectprofit.ProjectProfit";
    "com.apple.security.application-groups" =     (
        "group.com.projectprofit.ProjectProfit"
    );
}
    
    builtin-productPackagingUtility /Users/yutaro/project-profit-ios/ProjectProfit/ProjectProfit.entitlements -entitlements -format xml -o /Users/yutaro/project-profit-ios/artifacts/release-quality/canonical-e2e/DerivedData/Build/Intermediates.noindex/ProjectProfit.build/Debug-iphonesimulator/ProjectProfit.build/ProjectProfit.app-Simulated.xcent

ProcessProductPackagingDER /Users/yutaro/project-profit-ios/artifacts/release-quality/canonical-e2e/DerivedData/Build/Intermediates.noindex/ProjectProfit.build/Debug-iphonesimulator/ProjectProfit.build/ProjectProfit.app.xcent /Users/yutaro/project-profit-ios/artifacts/release-quality/canonical-e2e/DerivedData/Build/Intermediates.noindex/ProjectProfit.build/Debug-iphonesimulator/ProjectProfit.build/ProjectProfit.app.xcent.der (in target 'ProjectProfit' from project 'ProjectProfit')
    cd /Users/yutaro/project-profit-ios
    /usr/bin/derq query -f xml -i /Users/yutaro/project-profit-ios/artifacts/release-quality/canonical-e2e/DerivedData/Build/Intermediates.noindex/ProjectProfit.build/Debug-iphonesimulator/ProjectProfit.build/ProjectProfit.app.xcent -o /Users/yutaro/project-profit-ios/artifacts/release-quality/canonical-e2e/DerivedData/Build/Intermediates.noindex/ProjectProfit.build/Debug-iphonesimulator/ProjectProfit.build/ProjectProfit.app.xcent.der --raw

ProcessProductPackagingDER /Users/yutaro/project-profit-ios/artifacts/release-quality/canonical-e2e/DerivedData/Build/Intermediates.noindex/ProjectProfit.build/Debug-iphonesimulator/ProjectProfit.build/ProjectProfit.app-Simulated.xcent /Users/yutaro/project-profit-ios/artifacts/release-quality/canonical-e2e/DerivedData/Build/Intermediates.noindex/ProjectProfit.build/Debug-iphonesimulator/ProjectProfit.build/ProjectProfit.app-Simulated.xcent.der (in target 'ProjectProfit' from project 'ProjectProfit')
    cd /Users/yutaro/project-profit-ios
    /usr/bin/derq query -f xml -i /Users/yutaro/project-profit-ios/artifacts/release-quality/canonical-e2e/DerivedData/Build/Intermediates.noindex/ProjectProfit.build/Debug-iphonesimulator/ProjectProfit.build/ProjectProfit.app-Simulated.xcent -o /Users/yutaro/project-profit-ios/artifacts/release-quality/canonical-e2e/DerivedData/Build/Intermediates.noindex/ProjectProfit.build/Debug-iphonesimulator/ProjectProfit.build/ProjectProfit.app-Simulated.xcent.der --raw

GenerateAssetSymbols /Users/yutaro/project-profit-ios/ProjectProfit/Assets.xcassets /Users/yutaro/project-profit-ios/ProjectProfit/Preview\ Content/Preview\ Assets.xcassets (in target 'ProjectProfit' from project 'ProjectProfit')
    cd /Users/yutaro/project-profit-ios
    /Applications/Xcode-26.3.app/Contents/Developer/usr/bin/actool /Users/yutaro/project-profit-ios/ProjectProfit/Assets.xcassets /Users/yutaro/project-profit-ios/ProjectProfit/Preview\ Content/Preview\ Assets.xcassets --compile /Users/yutaro/project-profit-ios/artifacts/release-quality/canonical-e2e/DerivedData/Build/Products/Debug-iphonesimulator/ProjectProfit.app --output-format human-readable-text --notices --warnings --export-dependency-info /Users/yutaro/project-profit-ios/artifacts/release-quality/canonical-e2e/DerivedData/Build/Intermediates.noindex/ProjectProfit.build/Debug-iphonesimulator/ProjectProfit.build/assetcatalog_dependencies --output-partial-info-plist /Users/yutaro/project-profit-ios/artifacts/release-quality/canonical-e2e/DerivedData/Build/Intermediates.noindex/ProjectProfit.build/Debug-iphonesimulator/ProjectProfit.build/assetcatalog_generated_info.plist --app-icon AppIcon --compress-pngs --enable-on-demand-resources YES --development-region ja --target-device iphone --minimum-deployment-target 17.0 --platform iphonesimulator --bundle-identifier com.projectprofit.ProjectProfit --generate-swift-asset-symbol-extensions NO --generate-swift-asset-symbols /Users/yutaro/project-profit-ios/artifacts/release-quality/canonical-e2e/DerivedData/Build/Intermediates.noindex/ProjectProfit.build/Debug-iphonesimulator/ProjectProfit.build/DerivedSources/GeneratedAssetSymbols.swift --generate-objc-asset-symbols /Users/yutaro/project-profit-ios/artifacts/release-quality/canonical-e2e/DerivedData/Build/Intermediates.noindex/ProjectProfit.build/Debug-iphonesimulator/ProjectProfit.build/DerivedSources/GeneratedAssetSymbols.h --generate-asset-symbol-index /Users/yutaro/project-profit-ios/artifacts/release-quality/canonical-e2e/DerivedData/Build/Intermediates.noindex/ProjectProfit.build/Debug-iphonesimulator/ProjectProfit.build/DerivedSources/GeneratedAssetSymbols-Index.plist
/* com.apple.actool.compilation-results */
/Users/yutaro/project-profit-ios/artifacts/release-quality/canonical-e2e/DerivedData/Build/Intermediates.noindex/ProjectProfit.build/Debug-iphonesimulator/ProjectProfit.build/DerivedSources/GeneratedAssetSymbols-Index.plist
/Users/yutaro/project-profit-ios/artifacts/release-quality/canonical-e2e/DerivedData/Build/Intermediates.noindex/ProjectProfit.build/Debug-iphonesimulator/ProjectProfit.build/DerivedSources/GeneratedAssetSymbols.h
/Users/yutaro/project-profit-ios/artifacts/release-quality/canonical-e2e/DerivedData/Build/Intermediates.noindex/ProjectProfit.build/Debug-iphonesimulator/ProjectProfit.build/DerivedSources/GeneratedAssetSymbols.swift


MkDir /Users/yutaro/project-profit-ios/artifacts/release-quality/canonical-e2e/DerivedData/Build/Intermediates.noindex/ProjectProfit.build/Debug-iphonesimulator/ProjectProfit.build/assetcatalog_output/thinned (in target 'ProjectProfit' from project 'ProjectProfit')
    cd /Users/yutaro/project-profit-ios
    /bin/mkdir -p /Users/yutaro/project-profit-ios/artifacts/release-quality/canonical-e2e/DerivedData/Build/Intermediates.noindex/ProjectProfit.build/Debug-iphonesimulator/ProjectProfit.build/assetcatalog_output/thinned

MkDir /Users/yutaro/project-profit-ios/artifacts/release-quality/canonical-e2e/DerivedData/Build/Intermediates.noindex/ProjectProfit.build/Debug-iphonesimulator/ProjectProfit.build/assetcatalog_output/unthinned (in target 'ProjectProfit' from project 'ProjectProfit')
    cd /Users/yutaro/project-profit-ios
    /bin/mkdir -p /Users/yutaro/project-profit-ios/artifacts/release-quality/canonical-e2e/DerivedData/Build/Intermediates.noindex/ProjectProfit.build/Debug-iphonesimulator/ProjectProfit.build/assetcatalog_output/unthinned

CompileAssetCatalogVariant thinned /Users/yutaro/project-profit-ios/artifacts/release-quality/canonical-e2e/DerivedData/Build/Products/Debug-iphonesimulator/ProjectProfit.app /Users/yutaro/project-profit-ios/ProjectProfit/Assets.xcassets /Users/yutaro/project-profit-ios/ProjectProfit/Preview\ Content/Preview\ Assets.xcassets (in target 'ProjectProfit' from project 'ProjectProfit')
    cd /Users/yutaro/project-profit-ios
    /Applications/Xcode-26.3.app/Contents/Developer/usr/bin/actool /Users/yutaro/project-profit-ios/ProjectProfit/Assets.xcassets /Users/yutaro/project-profit-ios/ProjectProfit/Preview\ Content/Preview\ Assets.xcassets --compile /Users/yutaro/project-profit-ios/artifacts/release-quality/canonical-e2e/DerivedData/Build/Intermediates.noindex/ProjectProfit.build/Debug-iphonesimulator/ProjectProfit.build/assetcatalog_output/thinned --output-format human-readable-text --notices --warnings --export-dependency-info /Users/yutaro/project-profit-ios/artifacts/release-quality/canonical-e2e/DerivedData/Build/Intermediates.noindex/ProjectProfit.build/Debug-iphonesimulator/ProjectProfit.build/assetcatalog_dependencies_thinned --output-partial-info-plist /Users/yutaro/project-profit-ios/artifacts/release-quality/canonical-e2e/DerivedData/Build/Intermediates.noindex/ProjectProfit.build/Debug-iphonesimulator/ProjectProfit.build/assetcatalog_generated_info.plist_thinned --app-icon AppIcon --compress-pngs --enable-on-demand-resources YES --filter-for-thinning-device-configuration iPhone18,1 --filter-for-device-os-version 26.2 --development-region ja --target-device iphone --minimum-deployment-target 17.0 --platform iphonesimulator
/* com.apple.actool.compilation-results */
/Users/yutaro/project-profit-ios/artifacts/release-quality/canonical-e2e/DerivedData/Build/Intermediates.noindex/ProjectProfit.build/Debug-iphonesimulator/ProjectProfit.build/assetcatalog_generated_info.plist_thinned
/Users/yutaro/project-profit-ios/artifacts/release-quality/canonical-e2e/DerivedData/Build/Intermediates.noindex/ProjectProfit.build/Debug-iphonesimulator/ProjectProfit.build/assetcatalog_output/thinned/Assets.car


SwiftDriver ProjectProfit normal arm64 com.apple.xcode.tools.swift.compiler (in target 'ProjectProfit' from project 'ProjectProfit')
    cd /Users/yutaro/project-profit-ios
    builtin-SwiftDriver -- /Applications/Xcode-26.3.app/Contents/Developer/Toolchains/XcodeDefault.xctoolchain/usr/bin/swiftc -module-name ProjectProfit -Onone -enforce-exclusivity\=checked @/Users/yutaro/project-profit-ios/artifacts/release-quality/canonical-e2e/DerivedData/Build/Intermediates.noindex/ProjectProfit.build/Debug-iphonesimulator/ProjectProfit.build/Objects-normal/arm64/ProjectProfit.SwiftFileList -DDEBUG -Xcc -fmodule-map-file\=/Users/yutaro/project-profit-ios/artifacts/release-quality/canonical-e2e/DerivedData/Build/Intermediates.noindex/GeneratedModuleMaps-iphonesimulator/libxlsxwriter.modulemap -Xfrontend -solver-expression-time-threshold\=60 -enable-bare-slash-regex -enable-experimental-feature DebugDescriptionMacro -sdk /Applications/Xcode-26.3.app/Contents/Developer/Platforms/iPhoneSimulator.platform/Developer/SDKs/iPhoneSimulator26.2.sdk -target arm64-apple-ios17.0-simulator -g -module-cache-path /Users/yutaro/project-profit-ios/artifacts/release-quality/canonical-e2e/DerivedData/ModuleCache.noindex -Xfrontend -serialize-debugging-options -profile-coverage-mapping -profile-generate -enable-testing -index-store-path /Users/yutaro/project-profit-ios/artifacts/release-quality/canonical-e2e/DerivedData/Index.noindex/DataStore -Xcc -D_LIBCPP_HARDENING_MODE\=_LIBCPP_HARDENING_MODE_DEBUG -swift-version 5 -I /Users/yutaro/project-profit-ios/artifacts/release-quality/canonical-e2e/DerivedData/Build/Products/Debug-iphonesimulator -I /Users/yutaro/project-profit-ios/ProjectProfit/Ledger/Bridge/xlsxwriter -F /Users/yutaro/project-profit-ios/artifacts/release-quality/canonical-e2e/DerivedData/Build/Products/Debug-iphonesimulator/PackageFrameworks -F /Users/yutaro/project-profit-ios/artifacts/release-quality/canonical-e2e/DerivedData/Build/Products/Debug-iphonesimulator -c -j8 -enable-batch-mode -incremental -Xcc -ivfsstatcache -Xcc /Users/yutaro/project-profit-ios/artifacts/release-quality/canonical-e2e/DerivedData/SDKStatCaches.noindex/iphonesimulator26.2-23C57-91db6bf2b9df79783d042ed3cc29a58e.sdkstatcache -output-file-map /Users/yutaro/project-profit-ios/artifacts/release-quality/canonical-e2e/DerivedData/Build/Intermediates.noindex/ProjectProfit.build/Debug-iphonesimulator/ProjectProfit.build/Objects-normal/arm64/ProjectProfit-OutputFileMap.json -use-frontend-parseable-output -save-temps -no-color-diagnostics -explicit-module-build -module-cache-path /Users/yutaro/project-profit-ios/artifacts/release-quality/canonical-e2e/DerivedData/Build/Intermediates.noindex/SwiftExplicitPrecompiledModules -clang-scanner-module-cache-path /Users/yutaro/project-profit-ios/artifacts/release-quality/canonical-e2e/DerivedData/ModuleCache.noindex -sdk-module-cache-path /Users/yutaro/project-profit-ios/artifacts/release-quality/canonical-e2e/DerivedData/ModuleCache.noindex -serialize-diagnostics -emit-dependencies -emit-module -emit-module-path /Users/yutaro/project-profit-ios/artifacts/release-quality/canonical-e2e/DerivedData/Build/Intermediates.noindex/ProjectProfit.build/Debug-iphonesimulator/ProjectProfit.build/Objects-normal/arm64/ProjectProfit.swiftmodule -validate-clang-modules-once -clang-build-session-file /Users/yutaro/project-profit-ios/artifacts/release-quality/canonical-e2e/DerivedData/ModuleCache.noindex/Session.modulevalidation -Xcc -I/Users/yutaro/project-profit-ios/artifacts/release-quality/canonical-e2e/DerivedData/Build/Intermediates.noindex/ProjectProfit.build/Debug-iphonesimulator/ProjectProfit.build/swift-overrides.hmap -emit-const-values -Xfrontend -const-gather-protocols-file -Xfrontend /Users/yutaro/project-profit-ios/artifacts/release-quality/canonical-e2e/DerivedData/Build/Intermediates.noindex/ProjectProfit.build/Debug-iphonesimulator/ProjectProfit.build/Objects-normal/arm64/ProjectProfit_const_extract_protocols.json -Xcc -iquote -Xcc /Users/yutaro/project-profit-ios/artifacts/release-quality/canonical-e2e/DerivedData/Build/Intermediates.noindex/ProjectProfit.build/Debug-iphonesimulator/ProjectProfit.build/ProjectProfit-generated-files.hmap -Xcc -I/Users/yutaro/project-profit-ios/artifacts/release-quality/canonical-e2e/DerivedData/Build/Intermediates.noindex/ProjectProfit.build/Debug-iphonesimulator/ProjectProfit.build/ProjectProfit-own-target-headers.hmap -Xcc -I/Users/yutaro/project-profit-ios/artifacts/release-quality/canonical-e2e/DerivedData/Build/Intermediates.noindex/ProjectProfit.build/Debug-iphonesimulator/ProjectProfit.build/ProjectProfit-all-non-framework-target-headers.hmap -Xcc -ivfsoverlay -Xcc /Users/yutaro/project-profit-ios/artifacts/release-quality/canonical-e2e/DerivedData/Build/Intermediates.noindex/ProjectProfit.build/Debug-iphonesimulator/ProjectProfit-bc30635a8cb06e5d3ecf94d8d93f544c-VFS-iphonesimulator/all-product-headers.yaml -Xcc -iquote -Xcc /Users/yutaro/project-profit-ios/artifacts/release-quality/canonical-e2e/DerivedData/Build/Intermediates.noindex/ProjectProfit.build/Debug-iphonesimulator/ProjectProfit.build/ProjectProfit-project-headers.hmap -Xcc -I/Users/yutaro/project-profit-ios/artifacts/release-quality/canonical-e2e/DerivedData/SourcePackages/checkouts/libxlsxwriter/include -Xcc -I/Users/yutaro/project-profit-ios/artifacts/release-quality/canonical-e2e/DerivedData/Build/Products/Debug-iphonesimulator/include -Xcc -I/Users/yutaro/project-profit-ios/artifacts/release-quality/canonical-e2e/DerivedData/SourcePackages/checkouts/libxlsxwriter/include -Xcc -I/Users/yutaro/project-profit-ios/artifacts/release-quality/canonical-e2e/DerivedData/Build/Intermediates.noindex/ProjectProfit.build/Debug-iphonesimulator/ProjectProfit.build/DerivedSources-normal/arm64 -Xcc -I/Users/yutaro/project-profit-ios/artifacts/release-quality/canonical-e2e/DerivedData/Build/Intermediates.noindex/ProjectProfit.build/Debug-iphonesimulator/ProjectProfit.build/DerivedSources/arm64 -Xcc -I/Users/yutaro/project-profit-ios/artifacts/release-quality/canonical-e2e/DerivedData/Build/Intermediates.noindex/ProjectProfit.build/Debug-iphonesimulator/ProjectProfit.build/DerivedSources -Xcc -DDEBUG\=1 -emit-objc-header -emit-objc-header-path /Users/yutaro/project-profit-ios/artifacts/release-quality/canonical-e2e/DerivedData/Build/Intermediates.noindex/ProjectProfit.build/Debug-iphonesimulator/ProjectProfit.build/Objects-normal/arm64/ProjectProfit-Swift.h -working-directory /Users/yutaro/project-profit-ios -experimental-emit-module-separately -disable-cmo

SwiftExplicitDependencyGeneratePcm arm64 /Users/yutaro/project-profit-ios/artifacts/release-quality/canonical-e2e/DerivedData/ModuleCache.noindex/ptrauth-DG1497Z414KURYWNM17UXG2YC.pcm

SwiftExplicitDependencyGeneratePcm arm64 /Users/yutaro/project-profit-ios/artifacts/release-quality/canonical-e2e/DerivedData/ModuleCache.noindex/ptrcheck-1MQDNQ1WNBIL6MNU925OC1Q4H.pcm

SwiftExplicitDependencyGeneratePcm arm64 /Users/yutaro/project-profit-ios/artifacts/release-quality/canonical-e2e/DerivedData/ModuleCache.noindex/_SwiftConcurrencyShims-7Q1DGE92OO1CXSLK23XSG6M8A.pcm

SwiftExplicitDependencyGeneratePcm arm64 /Users/yutaro/project-profit-ios/artifacts/release-quality/canonical-e2e/DerivedData/ModuleCache.noindex/_Builtin_float-2GPS5ZU7M99SVAOUZOKG3K1TR.pcm

SwiftExplicitDependencyGeneratePcm arm64 /Users/yutaro/project-profit-ios/artifacts/release-quality/canonical-e2e/DerivedData/ModuleCache.noindex/_Builtin_stdarg-EQHN7GCH3XIFCFHXGPTDH6D46.pcm

SwiftExplicitDependencyGeneratePcm arm64 /Users/yutaro/project-profit-ios/artifacts/release-quality/canonical-e2e/DerivedData/ModuleCache.noindex/_Builtin_stddef-99J3MBZSM3AY36I0R0EB2897P.pcm

SwiftDriverJobDiscovery normal arm64 Compiling ShareAttachmentImporter.swift (in target 'ProjectProfitShareExtension' from project 'ProjectProfit')

SwiftExplicitDependencyGeneratePcm arm64 /Users/yutaro/project-profit-ios/artifacts/release-quality/canonical-e2e/DerivedData/ModuleCache.noindex/DeveloperToolsSupport-510LC4M2ICO87JMR2HT5UABUC.pcm

SwiftExplicitDependencyGeneratePcm arm64 /Users/yutaro/project-profit-ios/artifacts/release-quality/canonical-e2e/DerivedData/ModuleCache.noindex/SwiftShims-5HOLVCYF911QGMWOPNODZ0FVI.pcm

SwiftExplicitDependencyGeneratePcm arm64 /Users/yutaro/project-profit-ios/artifacts/release-quality/canonical-e2e/DerivedData/ModuleCache.noindex/_Builtin_stdbool-6LAK1HO9Z6OJ1WMQAXOMYDNJJ.pcm

SwiftExplicitDependencyGeneratePcm arm64 /Users/yutaro/project-profit-ios/artifacts/release-quality/canonical-e2e/DerivedData/ModuleCache.noindex/_AvailabilityInternal-2RJN9DC6SWXY3KRALHAQEWDZP.pcm

SwiftExplicitDependencyGeneratePcm arm64 /Users/yutaro/project-profit-ios/artifacts/release-quality/canonical-e2e/DerivedData/ModuleCache.noindex/_DarwinFoundation1-5VN9R14QY00KS2RHEDW2F79RC.pcm

SwiftExplicitDependencyGeneratePcm arm64 /Users/yutaro/project-profit-ios/artifacts/release-quality/canonical-e2e/DerivedData/ModuleCache.noindex/ExtensionFoundation-B94X9BTA3MFR36NFSM2NIND1F.pcm

SwiftExplicitDependencyGeneratePcm arm64 /Users/yutaro/project-profit-ios/artifacts/release-quality/canonical-e2e/DerivedData/ModuleCache.noindex/_Builtin_limits-9N3Q3HNRE09QVWY7MP57BDIN7.pcm

SwiftExplicitDependencyGeneratePcm arm64 /Users/yutaro/project-profit-ios/artifacts/release-quality/canonical-e2e/DerivedData/ModuleCache.noindex/_DarwinFoundation2-ICLP6JMKLVDVDRLLQZEOT4KI.pcm

SwiftExplicitDependencyGeneratePcm arm64 /Users/yutaro/project-profit-ios/artifacts/release-quality/canonical-e2e/DerivedData/ModuleCache.noindex/_Builtin_stdint-C3A8MG4EB80FCT28P7NZ3SYP9.pcm

SwiftExplicitDependencyGeneratePcm arm64 /Users/yutaro/project-profit-ios/artifacts/release-quality/canonical-e2e/DerivedData/ModuleCache.noindex/sys_types-1XE5Q2ODHDL14XJI4YYBC5ZFK.pcm

SwiftExplicitDependencyGeneratePcm arm64 /Users/yutaro/project-profit-ios/artifacts/release-quality/canonical-e2e/DerivedData/ModuleCache.noindex/_Builtin_tgmath-C43A1OKD1YPQRCVCJP5FQWYSL.pcm

SwiftExplicitDependencyGeneratePcm arm64 /Users/yutaro/project-profit-ios/artifacts/release-quality/canonical-e2e/DerivedData/ModuleCache.noindex/_DarwinFoundation3-9JRSA8EMD5CQEIUB86DFY39NX.pcm

SwiftExplicitDependencyGeneratePcm arm64 /Users/yutaro/project-profit-ios/artifacts/release-quality/canonical-e2e/DerivedData/ModuleCache.noindex/_Builtin_stdatomic-EVXSEUDECWPN1M8C6LLH9OOPN.pcm

SwiftExplicitDependencyGeneratePcm arm64 /Users/yutaro/project-profit-ios/artifacts/release-quality/canonical-e2e/DerivedData/ModuleCache.noindex/_Builtin_intrinsics-A3FSMX4IGLGFF7CJPJY3LGUI7.pcm

SwiftExplicitDependencyGeneratePcm arm64 /Users/yutaro/project-profit-ios/artifacts/release-quality/canonical-e2e/DerivedData/ModuleCache.noindex/_Builtin_inttypes-7Y1K21SZTZUCVFOUC3D44WCY2.pcm

SwiftExplicitDependencyGeneratePcm arm64 /Users/yutaro/project-profit-ios/artifacts/release-quality/canonical-e2e/DerivedData/ModuleCache.noindex/zlib-42HRN3XYYS502WH2JPF5OROP1.pcm

SwiftExplicitDependencyGeneratePcm arm64 /Users/yutaro/project-profit-ios/artifacts/release-quality/canonical-e2e/DerivedData/ModuleCache.noindex/Darwin-D1V1Y0TSNEZZT25E0J11NRTEJ.pcm

SwiftExplicitDependencyGeneratePcm arm64 /Users/yutaro/project-profit-ios/artifacts/release-quality/canonical-e2e/DerivedData/ModuleCache.noindex/simd-BBQ572SWRICF3VBM3A7HYGRER.pcm

SwiftExplicitDependencyGeneratePcm arm64 /Users/yutaro/project-profit-ios/artifacts/release-quality/canonical-e2e/DerivedData/ModuleCache.noindex/ObjectiveC-4T2FTTLWY5TT6N7J2IZA7D2TD.pcm

SwiftExplicitDependencyGeneratePcm arm64 /Users/yutaro/project-profit-ios/artifacts/release-quality/canonical-e2e/DerivedData/Build/Intermediates.noindex/SwiftExplicitPrecompiledModules/libxlsxwriter-CRVPDF1QHIHL28JG7WPS44Z68.pcm

SwiftExplicitDependencyGeneratePcm arm64 /Users/yutaro/project-profit-ios/artifacts/release-quality/canonical-e2e/DerivedData/ModuleCache.noindex/Compression-D6WERUPBT4TEKE4WYQPK37MA2.pcm

SwiftExplicitDependencyGeneratePcm arm64 /Users/yutaro/project-profit-ios/artifacts/release-quality/canonical-e2e/DerivedData/ModuleCache.noindex/AppleArchive-ESXXZE99NXKCH239MQQACGNZ.pcm

SwiftExplicitDependencyGeneratePcm arm64 /Users/yutaro/project-profit-ios/artifacts/release-quality/canonical-e2e/DerivedData/ModuleCache.noindex/MachO-58IY1WV1QUYJNUB9XCNK6VPR2.pcm

SwiftExplicitDependencyGeneratePcm arm64 /Users/yutaro/project-profit-ios/artifacts/release-quality/canonical-e2e/DerivedData/ModuleCache.noindex/os_object-E5Q090HTQLVATKOXZISO6R3N4.pcm

SwiftExplicitDependencyGeneratePcm arm64 /Users/yutaro/project-profit-ios/artifacts/release-quality/canonical-e2e/DerivedData/Build/Intermediates.noindex/SwiftExplicitPrecompiledModules/xlsxwriter-4XB4M49DO1T58ICMZWBDHYPFA.pcm

SwiftExplicitDependencyGeneratePcm arm64 /Users/yutaro/project-profit-ios/artifacts/release-quality/canonical-e2e/DerivedData/ModuleCache.noindex/os_workgroup-AWV418ZMMKHSWB7Z9X1DVWBSQ.pcm

SwiftDriverJobDiscovery normal arm64 Compiling ShareViewController.swift (in target 'ProjectProfitShareExtension' from project 'ProjectProfit')

SwiftDriver\ Compilation ProjectProfitShareExtension normal arm64 com.apple.xcode.tools.swift.compiler (in target 'ProjectProfitShareExtension' from project 'ProjectProfit')
    cd /Users/yutaro/project-profit-ios
    builtin-Swift-Compilation -- /Applications/Xcode-26.3.app/Contents/Developer/Toolchains/XcodeDefault.xctoolchain/usr/bin/swiftc -module-name ProjectProfitShareExtension -Onone -enforce-exclusivity\=checked @/Users/yutaro/project-profit-ios/artifacts/release-quality/canonical-e2e/DerivedData/Build/Intermediates.noindex/ProjectProfit.build/Debug-iphonesimulator/ProjectProfitShareExtension.build/Objects-normal/arm64/ProjectProfitShareExtension.SwiftFileList -DDEBUG -enable-bare-slash-regex -enable-experimental-feature DebugDescriptionMacro -sdk /Applications/Xcode-26.3.app/Contents/Developer/Platforms/iPhoneSimulator.platform/Developer/SDKs/iPhoneSimulator26.2.sdk -target arm64-apple-ios17.0-simulator -g -module-cache-path /Users/yutaro/project-profit-ios/artifacts/release-quality/canonical-e2e/DerivedData/ModuleCache.noindex -Xfrontend -serialize-debugging-options -application-extension -profile-coverage-mapping -profile-generate -enable-testing -index-store-path /Users/yutaro/project-profit-ios/artifacts/release-quality/canonical-e2e/DerivedData/Index.noindex/DataStore -Xcc -D_LIBCPP_HARDENING_MODE\=_LIBCPP_HARDENING_MODE_DEBUG -swift-version 5 -I /Users/yutaro/project-profit-ios/artifacts/release-quality/canonical-e2e/DerivedData/Build/Products/Debug-iphonesimulator -F /Users/yutaro/project-profit-ios/artifacts/release-quality/canonical-e2e/DerivedData/Build/Products/Debug-iphonesimulator -c -j8 -enable-batch-mode -incremental -Xcc -ivfsstatcache -Xcc /Users/yutaro/project-profit-ios/artifacts/release-quality/canonical-e2e/DerivedData/SDKStatCaches.noindex/iphonesimulator26.2-23C57-91db6bf2b9df79783d042ed3cc29a58e.sdkstatcache -output-file-map /Users/yutaro/project-profit-ios/artifacts/release-quality/canonical-e2e/DerivedData/Build/Intermediates.noindex/ProjectProfit.build/Debug-iphonesimulator/ProjectProfitShareExtension.build/Objects-normal/arm64/ProjectProfitShareExtension-OutputFileMap.json -use-frontend-parseable-output -save-temps -no-color-diagnostics -explicit-module-build -module-cache-path /Users/yutaro/project-profit-ios/artifacts/release-quality/canonical-e2e/DerivedData/Build/Intermediates.noindex/SwiftExplicitPrecompiledModules -clang-scanner-module-cache-path /Users/yutaro/project-profit-ios/artifacts/release-quality/canonical-e2e/DerivedData/ModuleCache.noindex -sdk-module-cache-path /Users/yutaro/project-profit-ios/artifacts/release-quality/canonical-e2e/DerivedData/ModuleCache.noindex -serialize-diagnostics -emit-dependencies -emit-module -emit-module-path /Users/yutaro/project-profit-ios/artifacts/release-quality/canonical-e2e/DerivedData/Build/Intermediates.noindex/ProjectProfit.build/Debug-iphonesimulator/ProjectProfitShareExtension.build/Objects-normal/arm64/ProjectProfitShareExtension.swiftmodule -validate-clang-modules-once -clang-build-session-file /Users/yutaro/project-profit-ios/artifacts/release-quality/canonical-e2e/DerivedData/ModuleCache.noindex/Session.modulevalidation -Xcc -I/Users/yutaro/project-profit-ios/artifacts/release-quality/canonical-e2e/DerivedData/Build/Intermediates.noindex/ProjectProfit.build/Debug-iphonesimulator/ProjectProfitShareExtension.build/swift-overrides.hmap -emit-const-values -Xfrontend -const-gather-protocols-file -Xfrontend /Users/yutaro/project-profit-ios/artifacts/release-quality/canonical-e2e/DerivedData/Build/Intermediates.noindex/ProjectProfit.build/Debug-iphonesimulator/ProjectProfitShareExtension.build/Objects-normal/arm64/ProjectProfitShareExtension_const_extract_protocols.json -Xcc -iquote -Xcc /Users/yutaro/project-profit-ios/artifacts/release-quality/canonical-e2e/DerivedData/Build/Intermediates.noindex/ProjectProfit.build/Debug-iphonesimulator/ProjectProfitShareExtension.build/ProjectProfitShareExtension-generated-files.hmap -Xcc -I/Users/yutaro/project-profit-ios/artifacts/release-quality/canonical-e2e/DerivedData/Build/Intermediates.noindex/ProjectProfit.build/Debug-iphonesimulator/ProjectProfitShareExtension.build/ProjectProfitShareExtension-own-target-headers.hmap -Xcc -I/Users/yutaro/project-profit-ios/artifacts/release-quality/canonical-e2e/DerivedData/Build/Intermediates.noindex/ProjectProfit.build/Debug-iphonesimulator/ProjectProfitShareExtension.build/ProjectProfitShareExtension-all-non-framework-target-headers.hmap -Xcc -ivfsoverlay -Xcc /Users/yutaro/project-profit-ios/artifacts/release-quality/canonical-e2e/DerivedData/Build/Intermediates.noindex/ProjectProfit.build/Debug-iphonesimulator/ProjectProfit-bc30635a8cb06e5d3ecf94d8d93f544c-VFS-iphonesimulator/all-product-headers.yaml -Xcc -iquote -Xcc /Users/yutaro/project-profit-ios/artifacts/release-quality/canonical-e2e/DerivedData/Build/Intermediates.noindex/ProjectProfit.build/Debug-iphonesimulator/ProjectProfitShareExtension.build/ProjectProfitShareExtension-project-headers.hmap -Xcc -I/Users/yutaro/project-profit-ios/artifacts/release-quality/canonical-e2e/DerivedData/Build/Products/Debug-iphonesimulator/include -Xcc -I/Users/yutaro/project-profit-ios/artifacts/release-quality/canonical-e2e/DerivedData/Build/Intermediates.noindex/ProjectProfit.build/Debug-iphonesimulator/ProjectProfitShareExtension.build/DerivedSources-normal/arm64 -Xcc -I/Users/yutaro/project-profit-ios/artifacts/release-quality/canonical-e2e/DerivedData/Build/Intermediates.noindex/ProjectProfit.build/Debug-iphonesimulator/ProjectProfitShareExtension.build/DerivedSources/arm64 -Xcc -I/Users/yutaro/project-profit-ios/artifacts/release-quality/canonical-e2e/DerivedData/Build/Intermediates.noindex/ProjectProfit.build/Debug-iphonesimulator/ProjectProfitShareExtension.build/DerivedSources -Xcc -DDEBUG\=1 -emit-objc-header -emit-objc-header-path /Users/yutaro/project-profit-ios/artifacts/release-quality/canonical-e2e/DerivedData/Build/Intermediates.noindex/ProjectProfit.build/Debug-iphonesimulator/ProjectProfitShareExtension.build/Objects-normal/arm64/ProjectProfitShareExtension-Swift.h -working-directory /Users/yutaro/project-profit-ios -experimental-emit-module-separately -disable-cmo

SwiftExplicitDependencyGeneratePcm arm64 /Users/yutaro/project-profit-ios/artifacts/release-quality/canonical-e2e/DerivedData/ModuleCache.noindex/Dispatch-4OEHZP8HY15EYIV9ZJ2OOEZ0U.pcm

Ld /Users/yutaro/project-profit-ios/artifacts/release-quality/canonical-e2e/DerivedData/Build/Products/Debug-iphonesimulator/ProjectProfitShareExtension.appex/ProjectProfitShareExtension.debug.dylib normal (in target 'ProjectProfitShareExtension' from project 'ProjectProfit')
    cd /Users/yutaro/project-profit-ios
    /Applications/Xcode-26.3.app/Contents/Developer/Toolchains/XcodeDefault.xctoolchain/usr/bin/clang -Xlinker -reproducible -target arm64-apple-ios17.0-simulator -dynamiclib -isysroot /Applications/Xcode-26.3.app/Contents/Developer/Platforms/iPhoneSimulator.platform/Developer/SDKs/iPhoneSimulator26.2.sdk -O0 -L/Users/yutaro/project-profit-ios/artifacts/release-quality/canonical-e2e/DerivedData/Build/Intermediates.noindex/EagerLinkingTBDs/Debug-iphonesimulator -L/Users/yutaro/project-profit-ios/artifacts/release-quality/canonical-e2e/DerivedData/Build/Products/Debug-iphonesimulator -F/Users/yutaro/project-profit-ios/artifacts/release-quality/canonical-e2e/DerivedData/Build/Intermediates.noindex/EagerLinkingTBDs/Debug-iphonesimulator -F/Users/yutaro/project-profit-ios/artifacts/release-quality/canonical-e2e/DerivedData/Build/Products/Debug-iphonesimulator -filelist /Users/yutaro/project-profit-ios/artifacts/release-quality/canonical-e2e/DerivedData/Build/Intermediates.noindex/ProjectProfit.build/Debug-iphonesimulator/ProjectProfitShareExtension.build/Objects-normal/arm64/ProjectProfitShareExtension.LinkFileList -install_name @rpath/ProjectProfitShareExtension.debug.dylib -Xlinker -rpath -Xlinker /usr/lib/swift -Xlinker -rpath -Xlinker @executable_path/Frameworks -Xlinker -rpath -Xlinker @executable_path/../../Frameworks -dead_strip -Xlinker -object_path_lto -Xlinker /Users/yutaro/project-profit-ios/artifacts/release-quality/canonical-e2e/DerivedData/Build/Intermediates.noindex/ProjectProfit.build/Debug-iphonesimulator/ProjectProfitShareExtension.build/Objects-normal/arm64/ProjectProfitShareExtension_lto.o -rdynamic -Xlinker -no_deduplicate -Xlinker -objc_abi_version -Xlinker 2 -Xlinker -debug_variant -Xlinker -dependency_info -Xlinker /Users/yutaro/project-profit-ios/artifacts/release-quality/canonical-e2e/DerivedData/Build/Intermediates.noindex/ProjectProfit.build/Debug-iphonesimulator/ProjectProfitShareExtension.build/Objects-normal/arm64/ProjectProfitShareExtension_dependency_info.dat -fapplication-extension -fobjc-link-runtime -fprofile-instr-generate -L/Applications/Xcode-26.3.app/Contents/Developer/Toolchains/XcodeDefault.xctoolchain/usr/lib/swift/iphonesimulator -L/usr/lib/swift -Xlinker -add_ast_path -Xlinker /Users/yutaro/project-profit-ios/artifacts/release-quality/canonical-e2e/DerivedData/Build/Intermediates.noindex/ProjectProfit.build/Debug-iphonesimulator/ProjectProfitShareExtension.build/Objects-normal/arm64/ProjectProfitShareExtension.swiftmodule @/Users/yutaro/project-profit-ios/artifacts/release-quality/canonical-e2e/DerivedData/Build/Intermediates.noindex/ProjectProfit.build/Debug-iphonesimulator/ProjectProfitShareExtension.build/Objects-normal/arm64/ProjectProfitShareExtension-linker-args.resp -Xlinker -alias -Xlinker _NSExtensionMain -Xlinker ___debug_main_executable_dylib_entry_point -Xlinker -no_adhoc_codesign -o /Users/yutaro/project-profit-ios/artifacts/release-quality/canonical-e2e/DerivedData/Build/Products/Debug-iphonesimulator/ProjectProfitShareExtension.appex/ProjectProfitShareExtension.debug.dylib

SwiftExplicitDependencyGeneratePcm arm64 /Users/yutaro/project-profit-ios/artifacts/release-quality/canonical-e2e/DerivedData/ModuleCache.noindex/CoreFoundation-5AGHJXZIMNIGTIGVAKMNQNUSX.pcm

SwiftExplicitDependencyGeneratePcm arm64 /Users/yutaro/project-profit-ios/artifacts/release-quality/canonical-e2e/DerivedData/ModuleCache.noindex/dnssd-DT3XG6XEK6Q7J8E617O10WRC7.pcm

SwiftExplicitDependencyGeneratePcm arm64 /Users/yutaro/project-profit-ios/artifacts/release-quality/canonical-e2e/DerivedData/ModuleCache.noindex/XPC-BAQ8S3R8E2OL523L54SZ7W2V2.pcm

SwiftExplicitDependencyGeneratePcm arm64 /Users/yutaro/project-profit-ios/artifacts/release-quality/canonical-e2e/DerivedData/ModuleCache.noindex/Spatial-8ZNEN7K67AJ3UP97TR1H6PWBM.pcm

SwiftExplicitDependencyGeneratePcm arm64 /Users/yutaro/project-profit-ios/artifacts/release-quality/canonical-e2e/DerivedData/ModuleCache.noindex/os-22LNGGFIBEERBAQ4CG2TAMRMW.pcm

SwiftExplicitDependencyGeneratePcm arm64 /Users/yutaro/project-profit-ios/artifacts/release-quality/canonical-e2e/DerivedData/ModuleCache.noindex/CoreAudioTypes-3A0LJ3QOLDOP5XCE6HZEO6127.pcm

SwiftExplicitDependencyGeneratePcm arm64 /Users/yutaro/project-profit-ios/artifacts/release-quality/canonical-e2e/DerivedData/ModuleCache.noindex/CFNetwork-AQNDR0186IQBY070KEUMO0DEJ.pcm

SwiftExplicitDependencyGeneratePcm arm64 /Users/yutaro/project-profit-ios/artifacts/release-quality/canonical-e2e/DerivedData/ModuleCache.noindex/CoreGraphics-9IZ5HUFT1IFEVABLO5G3C0XEU.pcm

SwiftExplicitDependencyGeneratePcm arm64 /Users/yutaro/project-profit-ios/artifacts/release-quality/canonical-e2e/DerivedData/ModuleCache.noindex/Security-EFLKIC3QWQ7MA0EQV1ZSK6WP.pcm

SwiftExplicitDependencyGeneratePcm arm64 /Users/yutaro/project-profit-ios/artifacts/release-quality/canonical-e2e/DerivedData/ModuleCache.noindex/CoreAudio-2OGNT0YARM4TJUG1F9KRP2FU4.pcm

SwiftExplicitDependencyGeneratePcm arm64 /Users/yutaro/project-profit-ios/artifacts/release-quality/canonical-e2e/DerivedData/ModuleCache.noindex/Foundation-6SN07V9DN6K7RVW50S6WDS6RI.pcm

ConstructStubExecutorLinkFileList /Users/yutaro/project-profit-ios/artifacts/release-quality/canonical-e2e/DerivedData/Build/Intermediates.noindex/ProjectProfit.build/Debug-iphonesimulator/ProjectProfitShareExtension.build/ProjectProfitShareExtension-ExecutorLinkFileList-normal-arm64.txt (in target 'ProjectProfitShareExtension' from project 'ProjectProfit')
    cd /Users/yutaro/project-profit-ios
    construct-stub-executor-link-file-list /Users/yutaro/project-profit-ios/artifacts/release-quality/canonical-e2e/DerivedData/Build/Products/Debug-iphonesimulator/ProjectProfitShareExtension.appex/ProjectProfitShareExtension.debug.dylib /Applications/Xcode-26.3.app/Contents/Developer/Platforms/iPhoneSimulator.platform/Developer/usr/lib/libPreviewsJITStubExecutor_no_swift_entry_point.a /Applications/Xcode-26.3.app/Contents/Developer/Platforms/iPhoneSimulator.platform/Developer/usr/lib/libPreviewsJITStubExecutor.a --output /Users/yutaro/project-profit-ios/artifacts/release-quality/canonical-e2e/DerivedData/Build/Intermediates.noindex/ProjectProfit.build/Debug-iphonesimulator/ProjectProfitShareExtension.build/ProjectProfitShareExtension-ExecutorLinkFileList-normal-arm64.txt
note: Using stub executor library without Swift entry point. (in target 'ProjectProfitShareExtension' from project 'ProjectProfit')

Ld /Users/yutaro/project-profit-ios/artifacts/release-quality/canonical-e2e/DerivedData/Build/Products/Debug-iphonesimulator/ProjectProfitShareExtension.appex/ProjectProfitShareExtension normal (in target 'ProjectProfitShareExtension' from project 'ProjectProfit')
    cd /Users/yutaro/project-profit-ios
    /Applications/Xcode-26.3.app/Contents/Developer/Toolchains/XcodeDefault.xctoolchain/usr/bin/clang -Xlinker -reproducible -target arm64-apple-ios17.0-simulator -isysroot /Applications/Xcode-26.3.app/Contents/Developer/Platforms/iPhoneSimulator.platform/Developer/SDKs/iPhoneSimulator26.2.sdk -O0 -L/Users/yutaro/project-profit-ios/artifacts/release-quality/canonical-e2e/DerivedData/Build/Products/Debug-iphonesimulator -F/Users/yutaro/project-profit-ios/artifacts/release-quality/canonical-e2e/DerivedData/Build/Products/Debug-iphonesimulator -Xlinker -rpath -Xlinker @executable_path -Xlinker -rpath -Xlinker @executable_path/Frameworks -Xlinker -rpath -Xlinker @executable_path/../../Frameworks -rdynamic -Xlinker -no_deduplicate -Xlinker -objc_abi_version -Xlinker 2 -Xlinker -debug_variant -e ___debug_blank_executor_main -Xlinker -sectcreate -Xlinker __TEXT -Xlinker __debug_dylib -Xlinker /Users/yutaro/project-profit-ios/artifacts/release-quality/canonical-e2e/DerivedData/Build/Intermediates.noindex/ProjectProfit.build/Debug-iphonesimulator/ProjectProfitShareExtension.build/ProjectProfitShareExtension-DebugDylibPath-normal-arm64.txt -Xlinker -sectcreate -Xlinker __TEXT -Xlinker __debug_entry -Xlinker /Users/yutaro/project-profit-ios/artifacts/release-quality/canonical-e2e/DerivedData/Build/Intermediates.noindex/ProjectProfit.build/Debug-iphonesimulator/ProjectProfitShareExtension.build/ProjectProfitShareExtension-DebugEntryPoint-normal-arm64.txt -Xlinker -sectcreate -Xlinker __TEXT -Xlinker __debug_instlnm -Xlinker /Users/yutaro/project-profit-ios/artifacts/release-quality/canonical-e2e/DerivedData/Build/Intermediates.noindex/ProjectProfit.build/Debug-iphonesimulator/ProjectProfitShareExtension.build/ProjectProfitShareExtension-DebugDylibInstallName-normal-arm64.txt -Xlinker -filelist -Xlinker /Users/yutaro/project-profit-ios/artifacts/release-quality/canonical-e2e/DerivedData/Build/Intermediates.noindex/ProjectProfit.build/Debug-iphonesimulator/ProjectProfitShareExtension.build/ProjectProfitShareExtension-ExecutorLinkFileList-normal-arm64.txt -Xlinker -sectcreate -Xlinker __TEXT -Xlinker __entitlements -Xlinker /Users/yutaro/project-profit-ios/artifacts/release-quality/canonical-e2e/DerivedData/Build/Intermediates.noindex/ProjectProfit.build/Debug-iphonesimulator/ProjectProfitShareExtension.build/ProjectProfitShareExtension.appex-Simulated.xcent -Xlinker -sectcreate -Xlinker __TEXT -Xlinker __ents_der -Xlinker /Users/yutaro/project-profit-ios/artifacts/release-quality/canonical-e2e/DerivedData/Build/Intermediates.noindex/ProjectProfit.build/Debug-iphonesimulator/ProjectProfitShareExtension.build/ProjectProfitShareExtension.appex-Simulated.xcent.der /Users/yutaro/project-profit-ios/artifacts/release-quality/canonical-e2e/DerivedData/Build/Products/Debug-iphonesimulator/ProjectProfitShareExtension.appex/ProjectProfitShareExtension.debug.dylib -Xlinker -no_adhoc_codesign -o /Users/yutaro/project-profit-ios/artifacts/release-quality/canonical-e2e/DerivedData/Build/Products/Debug-iphonesimulator/ProjectProfitShareExtension.appex/ProjectProfitShareExtension

SwiftExplicitDependencyGeneratePcm arm64 /Users/yutaro/project-profit-ios/artifacts/release-quality/canonical-e2e/DerivedData/ModuleCache.noindex/ImageIO-EJQIEGAMXU5ZA1RNPXF767UPP.pcm

SwiftExplicitDependencyGeneratePcm arm64 /Users/yutaro/project-profit-ios/artifacts/release-quality/canonical-e2e/DerivedData/ModuleCache.noindex/CoreText-62Y91X7QPF372CH2DYJNCEQUW.pcm

ExtractAppIntentsMetadata (in target 'ProjectProfitShareExtension' from project 'ProjectProfit')
    cd /Users/yutaro/project-profit-ios
    /Applications/Xcode-26.3.app/Contents/Developer/Toolchains/XcodeDefault.xctoolchain/usr/bin/appintentsmetadataprocessor --toolchain-dir /Applications/Xcode-26.3.app/Contents/Developer/Toolchains/XcodeDefault.xctoolchain --module-name ProjectProfitShareExtension --sdk-root /Applications/Xcode-26.3.app/Contents/Developer/Platforms/iPhoneSimulator.platform/Developer/SDKs/iPhoneSimulator26.2.sdk --xcode-version 17C519 --platform-family iOS --deployment-target 17.0 --bundle-identifier com.projectprofit.ProjectProfit.ShareExtension --output /Users/yutaro/project-profit-ios/artifacts/release-quality/canonical-e2e/DerivedData/Build/Products/Debug-iphonesimulator/ProjectProfitShareExtension.appex --target-triple arm64-apple-ios17.0-simulator --binary-file /Users/yutaro/project-profit-ios/artifacts/release-quality/canonical-e2e/DerivedData/Build/Products/Debug-iphonesimulator/ProjectProfitShareExtension.appex/ProjectProfitShareExtension --dependency-file /Users/yutaro/project-profit-ios/artifacts/release-quality/canonical-e2e/DerivedData/Build/Intermediates.noindex/ProjectProfit.build/Debug-iphonesimulator/ProjectProfitShareExtension.build/Objects-normal/arm64/ProjectProfitShareExtension_dependency_info.dat --stringsdata-file /Users/yutaro/project-profit-ios/artifacts/release-quality/canonical-e2e/DerivedData/Build/Intermediates.noindex/ProjectProfit.build/Debug-iphonesimulator/ProjectProfitShareExtension.build/Objects-normal/arm64/ExtractedAppShortcutsMetadata.stringsdata --source-file-list /Users/yutaro/project-profit-ios/artifacts/release-quality/canonical-e2e/DerivedData/Build/Intermediates.noindex/ProjectProfit.build/Debug-iphonesimulator/ProjectProfitShareExtension.build/Objects-normal/arm64/ProjectProfitShareExtension.SwiftFileList --metadata-file-list /Users/yutaro/project-profit-ios/artifacts/release-quality/canonical-e2e/DerivedData/Build/Intermediates.noindex/ProjectProfit.build/Debug-iphonesimulator/ProjectProfitShareExtension.build/ProjectProfitShareExtension.DependencyMetadataFileList --static-metadata-file-list /Users/yutaro/project-profit-ios/artifacts/release-quality/canonical-e2e/DerivedData/Build/Intermediates.noindex/ProjectProfit.build/Debug-iphonesimulator/ProjectProfitShareExtension.build/ProjectProfitShareExtension.DependencyStaticMetadataFileList --swift-const-vals-list /Users/yutaro/project-profit-ios/artifacts/release-quality/canonical-e2e/DerivedData/Build/Intermediates.noindex/ProjectProfit.build/Debug-iphonesimulator/ProjectProfitShareExtension.build/Objects-normal/arm64/ProjectProfitShareExtension.SwiftConstValuesFileList --compile-time-extraction --deployment-aware-processing --validate-assistant-intents --no-app-shortcuts-localization
2026-03-24 20:28:29.167 appintentsmetadataprocessor[90462:5012839] Starting appintentsmetadataprocessor export
2026-03-24 20:28:29.172 appintentsmetadataprocessor[90462:5012839] warning: Metadata extraction skipped. No AppIntents.framework dependency found.

AppIntentsSSUTraining (in target 'ProjectProfitShareExtension' from project 'ProjectProfit')
    cd /Users/yutaro/project-profit-ios
    /Applications/Xcode-26.3.app/Contents/Developer/Toolchains/XcodeDefault.xctoolchain/usr/bin/appintentsnltrainingprocessor --infoplist-path /Users/yutaro/project-profit-ios/artifacts/release-quality/canonical-e2e/DerivedData/Build/Products/Debug-iphonesimulator/ProjectProfitShareExtension.appex/Info.plist --temp-dir-path /Users/yutaro/project-profit-ios/artifacts/release-quality/canonical-e2e/DerivedData/Build/Intermediates.noindex/ProjectProfit.build/Debug-iphonesimulator/ProjectProfitShareExtension.build/ssu --bundle-id com.projectprofit.ProjectProfit.ShareExtension --product-path /Users/yutaro/project-profit-ios/artifacts/release-quality/canonical-e2e/DerivedData/Build/Products/Debug-iphonesimulator/ProjectProfitShareExtension.appex --extracted-metadata-path /Users/yutaro/project-profit-ios/artifacts/release-quality/canonical-e2e/DerivedData/Build/Products/Debug-iphonesimulator/ProjectProfitShareExtension.appex/Metadata.appintents --metadata-file-list /Users/yutaro/project-profit-ios/artifacts/release-quality/canonical-e2e/DerivedData/Build/Intermediates.noindex/ProjectProfit.build/Debug-iphonesimulator/ProjectProfitShareExtension.build/ProjectProfitShareExtension.DependencyMetadataFileList --archive-ssu-assets
2026-03-24 20:28:29.255 appintentsnltrainingprocessor[90466:5012855] Parsing options for appintentsnltrainingprocessor
2026-03-24 20:28:29.257 appintentsnltrainingprocessor[90466:5012855] No AppShortcuts found - Skipping.

CodeSign /Users/yutaro/project-profit-ios/artifacts/release-quality/canonical-e2e/DerivedData/Build/Products/Debug-iphonesimulator/ProjectProfitShareExtension.appex/ProjectProfitShareExtension.debug.dylib (in target 'ProjectProfitShareExtension' from project 'ProjectProfit')
    cd /Users/yutaro/project-profit-ios
    
    Signing Identity:     "Sign to Run Locally"
    
    /usr/bin/codesign --force --sign - --timestamp\=none --generate-entitlement-der /Users/yutaro/project-profit-ios/artifacts/release-quality/canonical-e2e/DerivedData/Build/Products/Debug-iphonesimulator/ProjectProfitShareExtension.appex/ProjectProfitShareExtension.debug.dylib

CodeSign /Users/yutaro/project-profit-ios/artifacts/release-quality/canonical-e2e/DerivedData/Build/Products/Debug-iphonesimulator/ProjectProfitShareExtension.appex/__preview.dylib (in target 'ProjectProfitShareExtension' from project 'ProjectProfit')
    cd /Users/yutaro/project-profit-ios
    
    Signing Identity:     "Sign to Run Locally"
    
    /usr/bin/codesign --force --sign - --timestamp\=none --generate-entitlement-der /Users/yutaro/project-profit-ios/artifacts/release-quality/canonical-e2e/DerivedData/Build/Products/Debug-iphonesimulator/ProjectProfitShareExtension.appex/__preview.dylib

CodeSign /Users/yutaro/project-profit-ios/artifacts/release-quality/canonical-e2e/DerivedData/Build/Products/Debug-iphonesimulator/ProjectProfitShareExtension.appex (in target 'ProjectProfitShareExtension' from project 'ProjectProfit')
    cd /Users/yutaro/project-profit-ios
    
    Signing Identity:     "Sign to Run Locally"
    
    /usr/bin/codesign --force --sign - --entitlements /Users/yutaro/project-profit-ios/artifacts/release-quality/canonical-e2e/DerivedData/Build/Intermediates.noindex/ProjectProfit.build/Debug-iphonesimulator/ProjectProfitShareExtension.build/ProjectProfitShareExtension.appex.xcent --timestamp\=none --generate-entitlement-der /Users/yutaro/project-profit-ios/artifacts/release-quality/canonical-e2e/DerivedData/Build/Products/Debug-iphonesimulator/ProjectProfitShareExtension.appex

RegisterExecutionPolicyException /Users/yutaro/project-profit-ios/artifacts/release-quality/canonical-e2e/DerivedData/Build/Products/Debug-iphonesimulator/ProjectProfitShareExtension.appex (in target 'ProjectProfitShareExtension' from project 'ProjectProfit')
    cd /Users/yutaro/project-profit-ios
    builtin-RegisterExecutionPolicyException /Users/yutaro/project-profit-ios/artifacts/release-quality/canonical-e2e/DerivedData/Build/Products/Debug-iphonesimulator/ProjectProfitShareExtension.appex

Touch /Users/yutaro/project-profit-ios/artifacts/release-quality/canonical-e2e/DerivedData/Build/Products/Debug-iphonesimulator/ProjectProfitShareExtension.appex (in target 'ProjectProfitShareExtension' from project 'ProjectProfit')
    cd /Users/yutaro/project-profit-ios
    /usr/bin/touch -c /Users/yutaro/project-profit-ios/artifacts/release-quality/canonical-e2e/DerivedData/Build/Products/Debug-iphonesimulator/ProjectProfitShareExtension.appex

ValidateDevelopmentAssets /Users/yutaro/project-profit-ios/artifacts/release-quality/canonical-e2e/DerivedData/Build/Intermediates.noindex/ProjectProfit.build/Debug-iphonesimulator/ProjectProfit.build (in target 'ProjectProfit' from project 'ProjectProfit')
    cd /Users/yutaro/project-profit-ios
    builtin-validate-development-assets --validate YES_ERROR /Users/yutaro/project-profit-ios/ProjectProfit/Preview\ Content

CpResource /Users/yutaro/project-profit-ios/artifacts/release-quality/canonical-e2e/DerivedData/Build/Products/Debug-iphonesimulator/ProjectProfit.app/white_tax_bookkeeping_invoice.csv /Users/yutaro/project-profit-ios/ProjectProfit/Ledger/Resources/csv_templates/white_tax_bookkeeping_invoice.csv (in target 'ProjectProfit' from project 'ProjectProfit')
    cd /Users/yutaro/project-profit-ios
    builtin-copy -exclude .DS_Store -exclude CVS -exclude .svn -exclude .git -exclude .hg -resolve-src-symlinks /Users/yutaro/project-profit-ios/ProjectProfit/Ledger/Resources/csv_templates/white_tax_bookkeeping_invoice.csv /Users/yutaro/project-profit-ios/artifacts/release-quality/canonical-e2e/DerivedData/Build/Products/Debug-iphonesimulator/ProjectProfit.app

CpResource /Users/yutaro/project-profit-ios/artifacts/release-quality/canonical-e2e/DerivedData/Build/Products/Debug-iphonesimulator/ProjectProfit.app/white_tax_bookkeeping.csv /Users/yutaro/project-profit-ios/ProjectProfit/Ledger/Resources/csv_templates/white_tax_bookkeeping.csv (in target 'ProjectProfit' from project 'ProjectProfit')
    cd /Users/yutaro/project-profit-ios
    builtin-copy -exclude .DS_Store -exclude CVS -exclude .svn -exclude .git -exclude .hg -resolve-src-symlinks /Users/yutaro/project-profit-ios/ProjectProfit/Ledger/Resources/csv_templates/white_tax_bookkeeping.csv /Users/yutaro/project-profit-ios/artifacts/release-quality/canonical-e2e/DerivedData/Build/Products/Debug-iphonesimulator/ProjectProfit.app

CpResource /Users/yutaro/project-profit-ios/artifacts/release-quality/canonical-e2e/DerivedData/Build/Products/Debug-iphonesimulator/ProjectProfit.app/transportation_expense.csv /Users/yutaro/project-profit-ios/ProjectProfit/Ledger/Resources/csv_templates/transportation_expense.csv (in target 'ProjectProfit' from project 'ProjectProfit')
    cd /Users/yutaro/project-profit-ios
    builtin-copy -exclude .DS_Store -exclude CVS -exclude .svn -exclude .git -exclude .hg -resolve-src-symlinks /Users/yutaro/project-profit-ios/ProjectProfit/Ledger/Resources/csv_templates/transportation_expense.csv /Users/yutaro/project-profit-ios/artifacts/release-quality/canonical-e2e/DerivedData/Build/Products/Debug-iphonesimulator/ProjectProfit.app

CpResource /Users/yutaro/project-profit-ios/artifacts/release-quality/canonical-e2e/DerivedData/Build/Products/Debug-iphonesimulator/ProjectProfit.app/master_schema.json /Users/yutaro/project-profit-ios/ProjectProfit/Ledger/Resources/master_schema.json (in target 'ProjectProfit' from project 'ProjectProfit')
    cd /Users/yutaro/project-profit-ios
    builtin-copy -exclude .DS_Store -exclude CVS -exclude .svn -exclude .git -exclude .hg -resolve-src-symlinks /Users/yutaro/project-profit-ios/ProjectProfit/Ledger/Resources/master_schema.json /Users/yutaro/project-profit-ios/artifacts/release-quality/canonical-e2e/DerivedData/Build/Products/Debug-iphonesimulator/ProjectProfit.app

CpResource /Users/yutaro/project-profit-ios/artifacts/release-quality/canonical-e2e/DerivedData/Build/Products/Debug-iphonesimulator/ProjectProfit.app/journal.csv /Users/yutaro/project-profit-ios/ProjectProfit/Ledger/Resources/csv_templates/journal.csv (in target 'ProjectProfit' from project 'ProjectProfit')
    cd /Users/yutaro/project-profit-ios
    builtin-copy -exclude .DS_Store -exclude CVS -exclude .svn -exclude .git -exclude .hg -resolve-src-symlinks /Users/yutaro/project-profit-ios/ProjectProfit/Ledger/Resources/csv_templates/journal.csv /Users/yutaro/project-profit-ios/artifacts/release-quality/canonical-e2e/DerivedData/Build/Products/Debug-iphonesimulator/ProjectProfit.app

Ld /Users/yutaro/project-profit-ios/artifacts/release-quality/canonical-e2e/DerivedData/Build/Products/Debug-iphonesimulator/ProjectProfit.app/__preview.dylib normal (in target 'ProjectProfit' from project 'ProjectProfit')
    cd /Users/yutaro/project-profit-ios
    /Applications/Xcode-26.3.app/Contents/Developer/Toolchains/XcodeDefault.xctoolchain/usr/bin/clang -Xlinker -reproducible -target arm64-apple-ios17.0-simulator -dynamiclib -isysroot /Applications/Xcode-26.3.app/Contents/Developer/Platforms/iPhoneSimulator.platform/Developer/SDKs/iPhoneSimulator26.2.sdk -O0 -L/Users/yutaro/project-profit-ios/artifacts/release-quality/canonical-e2e/DerivedData/Build/Products/Debug-iphonesimulator -F/Users/yutaro/project-profit-ios/artifacts/release-quality/canonical-e2e/DerivedData/Build/Products/Debug-iphonesimulator/PackageFrameworks -F/Users/yutaro/project-profit-ios/artifacts/release-quality/canonical-e2e/DerivedData/Build/Products/Debug-iphonesimulator -install_name @rpath/ProjectProfit.debug.dylib -dead_strip -rdynamic -Xlinker -no_deduplicate -Xlinker -objc_abi_version -Xlinker 2 -Xlinker -debug_variant -Xlinker -dependency_info -Xlinker /Users/yutaro/project-profit-ios/artifacts/release-quality/canonical-e2e/DerivedData/Build/Intermediates.noindex/ProjectProfit.build/Debug-iphonesimulator/ProjectProfit.build/Objects-normal/arm64/ProjectProfit_dependency_info.dat -Xlinker -sectcreate -Xlinker __TEXT -Xlinker __entitlements -Xlinker /Users/yutaro/project-profit-ios/artifacts/release-quality/canonical-e2e/DerivedData/Build/Intermediates.noindex/ProjectProfit.build/Debug-iphonesimulator/ProjectProfit.build/ProjectProfit.app-Simulated.xcent -Xlinker -sectcreate -Xlinker __TEXT -Xlinker __ents_der -Xlinker /Users/yutaro/project-profit-ios/artifacts/release-quality/canonical-e2e/DerivedData/Build/Intermediates.noindex/ProjectProfit.build/Debug-iphonesimulator/ProjectProfit.build/ProjectProfit.app-Simulated.xcent.der -Xlinker -no_adhoc_codesign -o /Users/yutaro/project-profit-ios/artifacts/release-quality/canonical-e2e/DerivedData/Build/Products/Debug-iphonesimulator/ProjectProfit.app/__preview.dylib

CpResource /Users/yutaro/project-profit-ios/artifacts/release-quality/canonical-e2e/DerivedData/Build/Products/Debug-iphonesimulator/ProjectProfit.app/general_ledger_invoice.csv /Users/yutaro/project-profit-ios/ProjectProfit/Ledger/Resources/csv_templates/general_ledger_invoice.csv (in target 'ProjectProfit' from project 'ProjectProfit')
    cd /Users/yutaro/project-profit-ios
    builtin-copy -exclude .DS_Store -exclude CVS -exclude .svn -exclude .git -exclude .hg -resolve-src-symlinks /Users/yutaro/project-profit-ios/ProjectProfit/Ledger/Resources/csv_templates/general_ledger_invoice.csv /Users/yutaro/project-profit-ios/artifacts/release-quality/canonical-e2e/DerivedData/Build/Products/Debug-iphonesimulator/ProjectProfit.app

CpResource /Users/yutaro/project-profit-ios/artifacts/release-quality/canonical-e2e/DerivedData/Build/Products/Debug-iphonesimulator/ProjectProfit.app/general_ledger.csv /Users/yutaro/project-profit-ios/ProjectProfit/Ledger/Resources/csv_templates/general_ledger.csv (in target 'ProjectProfit' from project 'ProjectProfit')
    cd /Users/yutaro/project-profit-ios
    builtin-copy -exclude .DS_Store -exclude CVS -exclude .svn -exclude .git -exclude .hg -resolve-src-symlinks /Users/yutaro/project-profit-ios/ProjectProfit/Ledger/Resources/csv_templates/general_ledger.csv /Users/yutaro/project-profit-ios/artifacts/release-quality/canonical-e2e/DerivedData/Build/Products/Debug-iphonesimulator/ProjectProfit.app

CpResource /Users/yutaro/project-profit-ios/artifacts/release-quality/canonical-e2e/DerivedData/Build/Products/Debug-iphonesimulator/ProjectProfit.app/fixed_asset_register.csv /Users/yutaro/project-profit-ios/ProjectProfit/Ledger/Resources/csv_templates/fixed_asset_register.csv (in target 'ProjectProfit' from project 'ProjectProfit')
    cd /Users/yutaro/project-profit-ios
    builtin-copy -exclude .DS_Store -exclude CVS -exclude .svn -exclude .git -exclude .hg -resolve-src-symlinks /Users/yutaro/project-profit-ios/ProjectProfit/Ledger/Resources/csv_templates/fixed_asset_register.csv /Users/yutaro/project-profit-ios/artifacts/release-quality/canonical-e2e/DerivedData/Build/Products/Debug-iphonesimulator/ProjectProfit.app

CpResource /Users/yutaro/project-profit-ios/artifacts/release-quality/canonical-e2e/DerivedData/Build/Products/Debug-iphonesimulator/ProjectProfit.app/fixed_asset_depreciation.csv /Users/yutaro/project-profit-ios/ProjectProfit/Ledger/Resources/csv_templates/fixed_asset_depreciation.csv (in target 'ProjectProfit' from project 'ProjectProfit')
    cd /Users/yutaro/project-profit-ios
    builtin-copy -exclude .DS_Store -exclude CVS -exclude .svn -exclude .git -exclude .hg -resolve-src-symlinks /Users/yutaro/project-profit-ios/ProjectProfit/Ledger/Resources/csv_templates/fixed_asset_depreciation.csv /Users/yutaro/project-profit-ios/artifacts/release-quality/canonical-e2e/DerivedData/Build/Products/Debug-iphonesimulator/ProjectProfit.app

CpResource /Users/yutaro/project-profit-ios/artifacts/release-quality/canonical-e2e/DerivedData/Build/Products/Debug-iphonesimulator/ProjectProfit.app/expense_book_invoice.csv /Users/yutaro/project-profit-ios/ProjectProfit/Ledger/Resources/csv_templates/expense_book_invoice.csv (in target 'ProjectProfit' from project 'ProjectProfit')
    cd /Users/yutaro/project-profit-ios
    builtin-copy -exclude .DS_Store -exclude CVS -exclude .svn -exclude .git -exclude .hg -resolve-src-symlinks /Users/yutaro/project-profit-ios/ProjectProfit/Ledger/Resources/csv_templates/expense_book_invoice.csv /Users/yutaro/project-profit-ios/artifacts/release-quality/canonical-e2e/DerivedData/Build/Products/Debug-iphonesimulator/ProjectProfit.app

CpResource /Users/yutaro/project-profit-ios/artifacts/release-quality/canonical-e2e/DerivedData/Build/Products/Debug-iphonesimulator/ProjectProfit.app/expense_book.csv /Users/yutaro/project-profit-ios/ProjectProfit/Ledger/Resources/csv_templates/expense_book.csv (in target 'ProjectProfit' from project 'ProjectProfit')
    cd /Users/yutaro/project-profit-ios
    builtin-copy -exclude .DS_Store -exclude CVS -exclude .svn -exclude .git -exclude .hg -resolve-src-symlinks /Users/yutaro/project-profit-ios/ProjectProfit/Ledger/Resources/csv_templates/expense_book.csv /Users/yutaro/project-profit-ios/artifacts/release-quality/canonical-e2e/DerivedData/Build/Products/Debug-iphonesimulator/ProjectProfit.app

CpResource /Users/yutaro/project-profit-ios/artifacts/release-quality/canonical-e2e/DerivedData/Build/Products/Debug-iphonesimulator/ProjectProfit.app/cash_book_invoice.csv /Users/yutaro/project-profit-ios/ProjectProfit/Ledger/Resources/csv_templates/cash_book_invoice.csv (in target 'ProjectProfit' from project 'ProjectProfit')
    cd /Users/yutaro/project-profit-ios
    builtin-copy -exclude .DS_Store -exclude CVS -exclude .svn -exclude .git -exclude .hg -resolve-src-symlinks /Users/yutaro/project-profit-ios/ProjectProfit/Ledger/Resources/csv_templates/cash_book_invoice.csv /Users/yutaro/project-profit-ios/artifacts/release-quality/canonical-e2e/DerivedData/Build/Products/Debug-iphonesimulator/ProjectProfit.app

CpResource /Users/yutaro/project-profit-ios/artifacts/release-quality/canonical-e2e/DerivedData/Build/Products/Debug-iphonesimulator/ProjectProfit.app/cash_book.csv /Users/yutaro/project-profit-ios/ProjectProfit/Ledger/Resources/csv_templates/cash_book.csv (in target 'ProjectProfit' from project 'ProjectProfit')
    cd /Users/yutaro/project-profit-ios
    builtin-copy -exclude .DS_Store -exclude CVS -exclude .svn -exclude .git -exclude .hg -resolve-src-symlinks /Users/yutaro/project-profit-ios/ProjectProfit/Ledger/Resources/csv_templates/cash_book.csv /Users/yutaro/project-profit-ios/artifacts/release-quality/canonical-e2e/DerivedData/Build/Products/Debug-iphonesimulator/ProjectProfit.app

CpResource /Users/yutaro/project-profit-ios/artifacts/release-quality/canonical-e2e/DerivedData/Build/Products/Debug-iphonesimulator/ProjectProfit.app/bank_account_book_invoice.csv /Users/yutaro/project-profit-ios/ProjectProfit/Ledger/Resources/csv_templates/bank_account_book_invoice.csv (in target 'ProjectProfit' from project 'ProjectProfit')
    cd /Users/yutaro/project-profit-ios
    builtin-copy -exclude .DS_Store -exclude CVS -exclude .svn -exclude .git -exclude .hg -resolve-src-symlinks /Users/yutaro/project-profit-ios/ProjectProfit/Ledger/Resources/csv_templates/bank_account_book_invoice.csv /Users/yutaro/project-profit-ios/artifacts/release-quality/canonical-e2e/DerivedData/Build/Products/Debug-iphonesimulator/ProjectProfit.app

CpResource /Users/yutaro/project-profit-ios/artifacts/release-quality/canonical-e2e/DerivedData/Build/Products/Debug-iphonesimulator/ProjectProfit.app/bank_account_book.csv /Users/yutaro/project-profit-ios/ProjectProfit/Ledger/Resources/csv_templates/bank_account_book.csv (in target 'ProjectProfit' from project 'ProjectProfit')
    cd /Users/yutaro/project-profit-ios
    builtin-copy -exclude .DS_Store -exclude CVS -exclude .svn -exclude .git -exclude .hg -resolve-src-symlinks /Users/yutaro/project-profit-ios/ProjectProfit/Ledger/Resources/csv_templates/bank_account_book.csv /Users/yutaro/project-profit-ios/artifacts/release-quality/canonical-e2e/DerivedData/Build/Products/Debug-iphonesimulator/ProjectProfit.app

CpResource /Users/yutaro/project-profit-ios/artifacts/release-quality/canonical-e2e/DerivedData/Build/Products/Debug-iphonesimulator/ProjectProfit.app/accounts_receivable_book.csv /Users/yutaro/project-profit-ios/ProjectProfit/Ledger/Resources/csv_templates/accounts_receivable_book.csv (in target 'ProjectProfit' from project 'ProjectProfit')
    cd /Users/yutaro/project-profit-ios
    builtin-copy -exclude .DS_Store -exclude CVS -exclude .svn -exclude .git -exclude .hg -resolve-src-symlinks /Users/yutaro/project-profit-ios/ProjectProfit/Ledger/Resources/csv_templates/accounts_receivable_book.csv /Users/yutaro/project-profit-ios/artifacts/release-quality/canonical-e2e/DerivedData/Build/Products/Debug-iphonesimulator/ProjectProfit.app

CpResource /Users/yutaro/project-profit-ios/artifacts/release-quality/canonical-e2e/DerivedData/Build/Products/Debug-iphonesimulator/ProjectProfit.app/accounts_payable_book.csv /Users/yutaro/project-profit-ios/ProjectProfit/Ledger/Resources/csv_templates/accounts_payable_book.csv (in target 'ProjectProfit' from project 'ProjectProfit')
    cd /Users/yutaro/project-profit-ios
    builtin-copy -exclude .DS_Store -exclude CVS -exclude .svn -exclude .git -exclude .hg -resolve-src-symlinks /Users/yutaro/project-profit-ios/ProjectProfit/Ledger/Resources/csv_templates/accounts_payable_book.csv /Users/yutaro/project-profit-ios/artifacts/release-quality/canonical-e2e/DerivedData/Build/Products/Debug-iphonesimulator/ProjectProfit.app

CpResource /Users/yutaro/project-profit-ios/artifacts/release-quality/canonical-e2e/DerivedData/Build/Products/Debug-iphonesimulator/ProjectProfit.app/account_categories.csv /Users/yutaro/project-profit-ios/ProjectProfit/Ledger/Resources/csv_templates/account_categories.csv (in target 'ProjectProfit' from project 'ProjectProfit')
    cd /Users/yutaro/project-profit-ios
    builtin-copy -exclude .DS_Store -exclude CVS -exclude .svn -exclude .git -exclude .hg -resolve-src-symlinks /Users/yutaro/project-profit-ios/ProjectProfit/Ledger/Resources/csv_templates/account_categories.csv /Users/yutaro/project-profit-ios/artifacts/release-quality/canonical-e2e/DerivedData/Build/Products/Debug-iphonesimulator/ProjectProfit.app

CpResource /Users/yutaro/project-profit-ios/artifacts/release-quality/canonical-e2e/DerivedData/Build/Products/Debug-iphonesimulator/ProjectProfit.app/TaxYear2026.json /Users/yutaro/project-profit-ios/ProjectProfit/Resources/TaxYear2026.json (in target 'ProjectProfit' from project 'ProjectProfit')
    cd /Users/yutaro/project-profit-ios
    builtin-copy -exclude .DS_Store -exclude CVS -exclude .svn -exclude .git -exclude .hg -resolve-src-symlinks /Users/yutaro/project-profit-ios/ProjectProfit/Resources/TaxYear2026.json /Users/yutaro/project-profit-ios/artifacts/release-quality/canonical-e2e/DerivedData/Build/Products/Debug-iphonesimulator/ProjectProfit.app

CpResource /Users/yutaro/project-profit-ios/artifacts/release-quality/canonical-e2e/DerivedData/Build/Products/Debug-iphonesimulator/ProjectProfit.app/TaxYear2025.json /Users/yutaro/project-profit-ios/ProjectProfit/Resources/TaxYear2025.json (in target 'ProjectProfit' from project 'ProjectProfit')
    cd /Users/yutaro/project-profit-ios
    builtin-copy -exclude .DS_Store -exclude CVS -exclude .svn -exclude .git -exclude .hg -resolve-src-symlinks /Users/yutaro/project-profit-ios/ProjectProfit/Resources/TaxYear2025.json /Users/yutaro/project-profit-ios/artifacts/release-quality/canonical-e2e/DerivedData/Build/Products/Debug-iphonesimulator/ProjectProfit.app

CpResource /Users/yutaro/project-profit-ios/artifacts/release-quality/canonical-e2e/DerivedData/Build/Products/Debug-iphonesimulator/ProjectProfit.app/PrivacyInfo.xcprivacy /Users/yutaro/project-profit-ios/ProjectProfit/PrivacyInfo.xcprivacy (in target 'ProjectProfit' from project 'ProjectProfit')
    cd /Users/yutaro/project-profit-ios
    builtin-copy -exclude .DS_Store -exclude CVS -exclude .svn -exclude .git -exclude .hg -resolve-src-symlinks /Users/yutaro/project-profit-ios/ProjectProfit/PrivacyInfo.xcprivacy /Users/yutaro/project-profit-ios/artifacts/release-quality/canonical-e2e/DerivedData/Build/Products/Debug-iphonesimulator/ProjectProfit.app

CpResource /Users/yutaro/project-profit-ios/artifacts/release-quality/canonical-e2e/DerivedData/Build/Products/Debug-iphonesimulator/ProjectProfit.app/ClassificationDictionary.json /Users/yutaro/project-profit-ios/ProjectProfit/Resources/ClassificationDictionary.json (in target 'ProjectProfit' from project 'ProjectProfit')
    cd /Users/yutaro/project-profit-ios
    builtin-copy -exclude .DS_Store -exclude CVS -exclude .svn -exclude .git -exclude .hg -resolve-src-symlinks /Users/yutaro/project-profit-ios/ProjectProfit/Resources/ClassificationDictionary.json /Users/yutaro/project-profit-ios/artifacts/release-quality/canonical-e2e/DerivedData/Build/Products/Debug-iphonesimulator/ProjectProfit.app

Copy /Users/yutaro/project-profit-ios/artifacts/release-quality/canonical-e2e/DerivedData/Build/Products/Debug-iphonesimulator/ProjectProfit.app/Frameworks/libXCTestSwiftSupport.dylib /Applications/Xcode-26.3.app/Contents/Developer/Platforms/iPhoneSimulator.platform/Developer/usr/lib/libXCTestSwiftSupport.dylib (in target 'ProjectProfit' from project 'ProjectProfit')
    cd /Users/yutaro/project-profit-ios
    builtin-copy -exclude .DS_Store -exclude CVS -exclude .svn -exclude .git -exclude .hg -exclude Headers -exclude PrivateHeaders -exclude Modules -exclude \*.tbd -resolve-src-symlinks /Applications/Xcode-26.3.app/Contents/Developer/Platforms/iPhoneSimulator.platform/Developer/usr/lib/libXCTestSwiftSupport.dylib /Users/yutaro/project-profit-ios/artifacts/release-quality/canonical-e2e/DerivedData/Build/Products/Debug-iphonesimulator/ProjectProfit.app/Frameworks

Copy /Users/yutaro/project-profit-ios/artifacts/release-quality/canonical-e2e/DerivedData/Build/Products/Debug-iphonesimulator/ProjectProfit.app/Frameworks/libXCTestBundleInject.dylib /Applications/Xcode-26.3.app/Contents/Developer/Platforms/iPhoneSimulator.platform/Developer/usr/lib/libXCTestBundleInject.dylib (in target 'ProjectProfit' from project 'ProjectProfit')
    cd /Users/yutaro/project-profit-ios
    builtin-copy -exclude .DS_Store -exclude CVS -exclude .svn -exclude .git -exclude .hg -exclude Headers -exclude PrivateHeaders -exclude Modules -exclude \*.tbd -resolve-src-symlinks /Applications/Xcode-26.3.app/Contents/Developer/Platforms/iPhoneSimulator.platform/Developer/usr/lib/libXCTestBundleInject.dylib /Users/yutaro/project-profit-ios/artifacts/release-quality/canonical-e2e/DerivedData/Build/Products/Debug-iphonesimulator/ProjectProfit.app/Frameworks

Copy /Users/yutaro/project-profit-ios/artifacts/release-quality/canonical-e2e/DerivedData/Build/Products/Debug-iphonesimulator/ProjectProfit.app/Frameworks/XCUnit.framework /Applications/Xcode-26.3.app/Contents/Developer/Platforms/iPhoneSimulator.platform/Developer/Library/PrivateFrameworks/XCUnit.framework (in target 'ProjectProfit' from project 'ProjectProfit')
    cd /Users/yutaro/project-profit-ios
    builtin-copy -exclude .DS_Store -exclude CVS -exclude .svn -exclude .git -exclude .hg -exclude Headers -exclude PrivateHeaders -exclude Modules -exclude \*.tbd -resolve-src-symlinks /Applications/Xcode-26.3.app/Contents/Developer/Platforms/iPhoneSimulator.platform/Developer/Library/PrivateFrameworks/XCUnit.framework /Users/yutaro/project-profit-ios/artifacts/release-quality/canonical-e2e/DerivedData/Build/Products/Debug-iphonesimulator/ProjectProfit.app/Frameworks

Copy /Users/yutaro/project-profit-ios/artifacts/release-quality/canonical-e2e/DerivedData/Build/Products/Debug-iphonesimulator/ProjectProfit.app/Frameworks/XCUIAutomation.framework /Applications/Xcode-26.3.app/Contents/Developer/Platforms/iPhoneSimulator.platform/Developer/Library/Frameworks/XCUIAutomation.framework (in target 'ProjectProfit' from project 'ProjectProfit')
    cd /Users/yutaro/project-profit-ios
    builtin-copy -exclude .DS_Store -exclude CVS -exclude .svn -exclude .git -exclude .hg -exclude Headers -exclude PrivateHeaders -exclude Modules -exclude \*.tbd -resolve-src-symlinks /Applications/Xcode-26.3.app/Contents/Developer/Platforms/iPhoneSimulator.platform/Developer/Library/Frameworks/XCUIAutomation.framework /Users/yutaro/project-profit-ios/artifacts/release-quality/canonical-e2e/DerivedData/Build/Products/Debug-iphonesimulator/ProjectProfit.app/Frameworks

Copy /Users/yutaro/project-profit-ios/artifacts/release-quality/canonical-e2e/DerivedData/Build/Products/Debug-iphonesimulator/ProjectProfit.app/Frameworks/XCTestSupport.framework /Applications/Xcode-26.3.app/Contents/Developer/Platforms/iPhoneSimulator.platform/Developer/Library/PrivateFrameworks/XCTestSupport.framework (in target 'ProjectProfit' from project 'ProjectProfit')
    cd /Users/yutaro/project-profit-ios
    builtin-copy -exclude .DS_Store -exclude CVS -exclude .svn -exclude .git -exclude .hg -exclude Headers -exclude PrivateHeaders -exclude Modules -exclude \*.tbd -resolve-src-symlinks /Applications/Xcode-26.3.app/Contents/Developer/Platforms/iPhoneSimulator.platform/Developer/Library/PrivateFrameworks/XCTestSupport.framework /Users/yutaro/project-profit-ios/artifacts/release-quality/canonical-e2e/DerivedData/Build/Products/Debug-iphonesimulator/ProjectProfit.app/Frameworks

Copy /Users/yutaro/project-profit-ios/artifacts/release-quality/canonical-e2e/DerivedData/Build/Products/Debug-iphonesimulator/ProjectProfit.app/Frameworks/XCTestCore.framework /Applications/Xcode-26.3.app/Contents/Developer/Platforms/iPhoneSimulator.platform/Developer/Library/PrivateFrameworks/XCTestCore.framework (in target 'ProjectProfit' from project 'ProjectProfit')
    cd /Users/yutaro/project-profit-ios
    builtin-copy -exclude .DS_Store -exclude CVS -exclude .svn -exclude .git -exclude .hg -exclude Headers -exclude PrivateHeaders -exclude Modules -exclude \*.tbd -resolve-src-symlinks /Applications/Xcode-26.3.app/Contents/Developer/Platforms/iPhoneSimulator.platform/Developer/Library/PrivateFrameworks/XCTestCore.framework /Users/yutaro/project-profit-ios/artifacts/release-quality/canonical-e2e/DerivedData/Build/Products/Debug-iphonesimulator/ProjectProfit.app/Frameworks

Copy /Users/yutaro/project-profit-ios/artifacts/release-quality/canonical-e2e/DerivedData/Build/Products/Debug-iphonesimulator/ProjectProfit.app/Frameworks/XCTest.framework /Applications/Xcode-26.3.app/Contents/Developer/Platforms/iPhoneSimulator.platform/Developer/Library/Frameworks/XCTest.framework (in target 'ProjectProfit' from project 'ProjectProfit')
    cd /Users/yutaro/project-profit-ios
    builtin-copy -exclude .DS_Store -exclude CVS -exclude .svn -exclude .git -exclude .hg -exclude Headers -exclude PrivateHeaders -exclude Modules -exclude \*.tbd -resolve-src-symlinks /Applications/Xcode-26.3.app/Contents/Developer/Platforms/iPhoneSimulator.platform/Developer/Library/Frameworks/XCTest.framework /Users/yutaro/project-profit-ios/artifacts/release-quality/canonical-e2e/DerivedData/Build/Products/Debug-iphonesimulator/ProjectProfit.app/Frameworks

Copy /Users/yutaro/project-profit-ios/artifacts/release-quality/canonical-e2e/DerivedData/Build/Products/Debug-iphonesimulator/ProjectProfit.app/Frameworks/XCTAutomationSupport.framework /Applications/Xcode-26.3.app/Contents/Developer/Platforms/iPhoneSimulator.platform/Developer/Library/PrivateFrameworks/XCTAutomationSupport.framework (in target 'ProjectProfit' from project 'ProjectProfit')
    cd /Users/yutaro/project-profit-ios
    builtin-copy -exclude .DS_Store -exclude CVS -exclude .svn -exclude .git -exclude .hg -exclude Headers -exclude PrivateHeaders -exclude Modules -exclude \*.tbd -resolve-src-symlinks /Applications/Xcode-26.3.app/Contents/Developer/Platforms/iPhoneSimulator.platform/Developer/Library/PrivateFrameworks/XCTAutomationSupport.framework /Users/yutaro/project-profit-ios/artifacts/release-quality/canonical-e2e/DerivedData/Build/Products/Debug-iphonesimulator/ProjectProfit.app/Frameworks

Copy /Users/yutaro/project-profit-ios/artifacts/release-quality/canonical-e2e/DerivedData/Build/Products/Debug-iphonesimulator/ProjectProfit.app/Frameworks/Testing.framework /Applications/Xcode-26.3.app/Contents/Developer/Platforms/iPhoneSimulator.platform/Developer/Library/Frameworks/Testing.framework (in target 'ProjectProfit' from project 'ProjectProfit')
    cd /Users/yutaro/project-profit-ios
    builtin-copy -exclude .DS_Store -exclude CVS -exclude .svn -exclude .git -exclude .hg -exclude Headers -exclude PrivateHeaders -exclude Modules -exclude \*.tbd -resolve-src-symlinks /Applications/Xcode-26.3.app/Contents/Developer/Platforms/iPhoneSimulator.platform/Developer/Library/Frameworks/Testing.framework /Users/yutaro/project-profit-ios/artifacts/release-quality/canonical-e2e/DerivedData/Build/Products/Debug-iphonesimulator/ProjectProfit.app/Frameworks

SwiftExplicitDependencyGeneratePcm arm64 /Users/yutaro/project-profit-ios/artifacts/release-quality/canonical-e2e/DerivedData/ModuleCache.noindex/OSLog-8E25PFS1BSTFJG41NIAR18HJV.pcm

SwiftExplicitDependencyGeneratePcm arm64 /Users/yutaro/project-profit-ios/artifacts/release-quality/canonical-e2e/DerivedData/ModuleCache.noindex/UniformTypeIdentifiers-4RNSKXMTBYGE2XLV750PH9ONE.pcm

SwiftExplicitDependencyGeneratePcm arm64 /Users/yutaro/project-profit-ios/artifacts/release-quality/canonical-e2e/DerivedData/ModuleCache.noindex/CoreData-EL8M7YTDS7U412QW73WJVLY2V.pcm

SwiftExplicitDependencyGeneratePcm arm64 /Users/yutaro/project-profit-ios/artifacts/release-quality/canonical-e2e/DerivedData/ModuleCache.noindex/BackgroundAssets-6J1E1IX0MR016YEPDWN9KYZPQ.pcm

SwiftExplicitDependencyGeneratePcm arm64 /Users/yutaro/project-profit-ios/artifacts/release-quality/canonical-e2e/DerivedData/ModuleCache.noindex/OpenGLES-89KSEOFGMT10PZ4P3VIA1YEQJ.pcm

SwiftExplicitDependencyGeneratePcm arm64 /Users/yutaro/project-profit-ios/artifacts/release-quality/canonical-e2e/DerivedData/ModuleCache.noindex/CoreMIDI-1UER0GC0P7AEYIC2HRD7VYMUN.pcm

SwiftExplicitDependencyGeneratePcm arm64 /Users/yutaro/project-profit-ios/artifacts/release-quality/canonical-e2e/DerivedData/ModuleCache.noindex/Network-5WQMHO3YZIU06DUI1X8YFNB0L.pcm

SwiftExplicitDependencyGeneratePcm arm64 /Users/yutaro/project-profit-ios/artifacts/release-quality/canonical-e2e/DerivedData/ModuleCache.noindex/_LocationEssentials-547C7PRSSHNQKEQ3KPVL5UHP3.pcm

SwiftExplicitDependencyGeneratePcm arm64 /Users/yutaro/project-profit-ios/artifacts/release-quality/canonical-e2e/DerivedData/ModuleCache.noindex/FileProvider-6X873IESOO5RMB96MTCJAVWKV.pcm

SwiftExplicitDependencyGeneratePcm arm64 /Users/yutaro/project-profit-ios/artifacts/release-quality/canonical-e2e/DerivedData/ModuleCache.noindex/IOSurface-8C78S23DMWJUBG3KKUO90NY7K.pcm

SwiftExplicitDependencyGeneratePcm arm64 /Users/yutaro/project-profit-ios/artifacts/release-quality/canonical-e2e/DerivedData/ModuleCache.noindex/DataDetection-1ZJ2VIX15L42URY1LA4ZL1E3E.pcm

SwiftExplicitDependencyGeneratePcm arm64 /Users/yutaro/project-profit-ios/artifacts/release-quality/canonical-e2e/DerivedData/ModuleCache.noindex/AudioToolbox-880TCUN08FNQD6ICBGPYGXBYH.pcm

SwiftExplicitDependencyGeneratePcm arm64 /Users/yutaro/project-profit-ios/artifacts/release-quality/canonical-e2e/DerivedData/ModuleCache.noindex/UserNotifications-5X03PPW5AVADZJORS2QEFTZVK.pcm

SwiftExplicitDependencyGeneratePcm arm64 /Users/yutaro/project-profit-ios/artifacts/release-quality/canonical-e2e/DerivedData/ModuleCache.noindex/AVRouting-9DP077JOA0EKX06XG3RBHFD74.pcm

SwiftExplicitDependencyGeneratePcm arm64 /Users/yutaro/project-profit-ios/artifacts/release-quality/canonical-e2e/DerivedData/ModuleCache.noindex/Accessibility-55JUB4FUC354W20E3JMWRIU6J.pcm

SwiftExplicitDependencyGeneratePcm arm64 /Users/yutaro/project-profit-ios/artifacts/release-quality/canonical-e2e/DerivedData/ModuleCache.noindex/CoreTransferable-4CZK654A8E27HLGN2HB9B7ZPQ.pcm

SwiftExplicitDependencyGeneratePcm arm64 /Users/yutaro/project-profit-ios/artifacts/release-quality/canonical-e2e/DerivedData/ModuleCache.noindex/Metal-7NX7SULCGLIQINB1SBAEEHSIH.pcm

SwiftExplicitDependencyGeneratePcm arm64 /Users/yutaro/project-profit-ios/artifacts/release-quality/canonical-e2e/DerivedData/ModuleCache.noindex/UIUtilities-6IKFAF0DYGAF49EZU0ZREFB81.pcm

SwiftExplicitDependencyGeneratePcm arm64 /Users/yutaro/project-profit-ios/artifacts/release-quality/canonical-e2e/DerivedData/ModuleCache.noindex/LocalAuthentication-9BFWUDPWGFSRH7HTEXBO9I7J6.pcm

SwiftExplicitDependencyGeneratePcm arm64 /Users/yutaro/project-profit-ios/artifacts/release-quality/canonical-e2e/DerivedData/ModuleCache.noindex/Symbols-AG0RT9XQA2SKZV2F2QTHA6R8W.pcm

SwiftExplicitDependencyGeneratePcm arm64 /Users/yutaro/project-profit-ios/artifacts/release-quality/canonical-e2e/DerivedData/ModuleCache.noindex/CoreLocation-BL1UDPQXXAVYXVINITM0XPXIA.pcm

SwiftExplicitDependencyGeneratePcm arm64 /Users/yutaro/project-profit-ios/artifacts/release-quality/canonical-e2e/DerivedData/ModuleCache.noindex/CoreVideo-4RC3GDZK7XQV4Z4UGAPQ30NIE.pcm

SwiftExplicitDependencyGeneratePcm arm64 /Users/yutaro/project-profit-ios/artifacts/release-quality/canonical-e2e/DerivedData/ModuleCache.noindex/CoreImage-DCBSYATHS80A129WXH6VSEXA2.pcm

SwiftExplicitDependencyGeneratePcm arm64 /Users/yutaro/project-profit-ios/artifacts/release-quality/canonical-e2e/DerivedData/ModuleCache.noindex/CoreMedia-BHY7GD0ZJWANQUYN55CHDO25X.pcm

SwiftExplicitDependencyGeneratePcm arm64 /Users/yutaro/project-profit-ios/artifacts/release-quality/canonical-e2e/DerivedData/ModuleCache.noindex/Accelerate-EFK3ICRPZTZIT6312C4BK102A.pcm

SwiftExplicitDependencyGeneratePcm arm64 /Users/yutaro/project-profit-ios/artifacts/release-quality/canonical-e2e/DerivedData/ModuleCache.noindex/CoreML-BBAQYSUNRSJG4L6C3ENVE5YL3.pcm

SwiftExplicitDependencyGeneratePcm arm64 /Users/yutaro/project-profit-ios/artifacts/release-quality/canonical-e2e/DerivedData/ModuleCache.noindex/QuartzCore-2VOBZKQKEZL235TL58HSXBBY7.pcm

SwiftExplicitDependencyGeneratePcm arm64 /Users/yutaro/project-profit-ios/artifacts/release-quality/canonical-e2e/DerivedData/ModuleCache.noindex/SwiftUICore-F14FP2ZXQYNLXJSI1RWYZ3JHV.pcm

SwiftExplicitDependencyGeneratePcm arm64 /Users/yutaro/project-profit-ios/artifacts/release-quality/canonical-e2e/DerivedData/ModuleCache.noindex/UIKit-5ZLTSCJZ0JNJ9PXDRIBHT4FG.pcm

SwiftExplicitDependencyGeneratePcm arm64 /Users/yutaro/project-profit-ios/artifacts/release-quality/canonical-e2e/DerivedData/ModuleCache.noindex/AVFAudio-96PB428MFJD9YXGT95TTXHS38.pcm

SwiftExplicitDependencyGeneratePcm arm64 /Users/yutaro/project-profit-ios/artifacts/release-quality/canonical-e2e/DerivedData/ModuleCache.noindex/Vision-B3FT72Q15WHIGPDOLKH76DX54.pcm

SwiftExplicitDependencyGeneratePcm arm64 /Users/yutaro/project-profit-ios/artifacts/release-quality/canonical-e2e/DerivedData/ModuleCache.noindex/MediaToolbox-1TEZI3LGRUS7QMYW0ZOYC8DC7.pcm

SwiftExplicitDependencyGeneratePcm arm64 /Users/yutaro/project-profit-ios/artifacts/release-quality/canonical-e2e/DerivedData/ModuleCache.noindex/AVFoundation-9UCCT286CL99EJCWNFN1V5CR4.pcm

SwiftExplicitDependencyGeneratePcm arm64 /Users/yutaro/project-profit-ios/artifacts/release-quality/canonical-e2e/DerivedData/ModuleCache.noindex/Photos-CAA8CVE6A5DCLFXQEACD11J2O.pcm

SwiftExplicitDependencyGeneratePcm arm64 /Users/yutaro/project-profit-ios/artifacts/release-quality/canonical-e2e/DerivedData/ModuleCache.noindex/PDFKit-5WY3AF7OU68FVMOR2D33N4I8B.pcm

SwiftExplicitDependencyGeneratePcm arm64 /Users/yutaro/project-profit-ios/artifacts/release-quality/canonical-e2e/DerivedData/ModuleCache.noindex/PhotosUI-1PRNQU3VM964HFR0Z7TO72ZDC.pcm

SwiftExplicitDependencyGeneratePcm arm64 /Users/yutaro/project-profit-ios/artifacts/release-quality/canonical-e2e/DerivedData/ModuleCache.noindex/SwiftUI-2SY9KNZTUYO2U758NMLPECUET.pcm

SwiftEmitModule normal arm64 Emitting\ module\ for\ ProjectProfit (in target 'ProjectProfit' from project 'ProjectProfit')
EmitSwiftModule normal arm64 (in target 'ProjectProfit' from project 'ProjectProfit')
    cd /Users/yutaro/project-profit-ios
    
/Users/yutaro/project-profit-ios/ProjectProfit/Infrastructure/FileStorage/AppSnapshotModels.swift:95:30: warning: 'LegacyAccountingProfileSnapshot' is deprecated: Legacy profile snapshots are restore-compat only. New backups must use canonical profiles.
    var accountingProfiles: [LegacyAccountingProfileSnapshot]
                             ^
/Users/yutaro/project-profit-ios/ProjectProfit/Application/Migrations/LegacyProfileMigrationRunner.swift:188:52: warning: 'PPAccountingProfile' is deprecated: Use BusinessProfile / TaxYearProfile instead. Migration-only legacy model.
    private func makeBusinessProfileEntity(legacy: PPAccountingProfile, businessId: UUID) -> BusinessProfileEntity {
                                                   ^
/Users/yutaro/project-profit-ios/ProjectProfit/Application/Migrations/LegacyProfileMigrationRunner.swift:208:51: warning: 'PPAccountingProfile' is deprecated: Use BusinessProfile / TaxYearProfile instead. Migration-only legacy model.
    private func makeTaxYearProfileEntity(legacy: PPAccountingProfile, businessId: UUID) -> TaxYearProfileEntity {
                                                  ^
/Users/yutaro/project-profit-ios/ProjectProfit/Application/Migrations/LegacyProfileMigrationRunner.swift:230:48: warning: 'PPAccountingProfile' is deprecated: Use BusinessProfile / TaxYearProfile instead. Migration-only legacy model.
    private func mapBookkeepingBasis(_ legacy: PPAccountingProfile) -> BookkeepingBasis {
                                               ^
/Users/yutaro/project-profit-ios/ProjectProfit/Application/Migrations/LegacyProfileMigrationRunner.swift:241:50: warning: 'PPAccountingProfile' is deprecated: Use BusinessProfile / TaxYearProfile instead. Migration-only legacy model.
    private func mapBlueDeductionLevel(_ legacy: PPAccountingProfile) -> BlueDeductionLevel {
                                                 ^
/Users/yutaro/project-profit-ios/ProjectProfit/Models/PPAccountingProfile.swift:78:11: warning: 'PPAccountingProfile' is deprecated: Use BusinessProfile / TaxYearProfile instead. Migration-only legacy model.
extension PPAccountingProfile {
          ^
/Users/yutaro/project-profit-ios/ProjectProfit/Infrastructure/FileStorage/RestoreService+Upserts.swift:330:23: warning: 'LegacyAccountingProfileSnapshot' is deprecated: Legacy profile snapshots are restore-compat only. New backups must use canonical profiles.
        _ snapshots: [LegacyAccountingProfileSnapshot]
                      ^
/Users/yutaro/project-profit-ios/ProjectProfit/Infrastructure/FileStorage/RestoreService+Upserts.swift:373:14: warning: 'LegacyAccountingProfileSnapshot' is deprecated: Legacy profile snapshots are restore-compat only. New backups must use canonical profiles.
        lhs: LegacyAccountingProfileSnapshot,
             ^
/Users/yutaro/project-profit-ios/ProjectProfit/Infrastructure/FileStorage/RestoreService+Upserts.swift:374:14: warning: 'LegacyAccountingProfileSnapshot' is deprecated: Legacy profile snapshots are restore-compat only. New backups must use canonical profiles.
        rhs: LegacyAccountingProfileSnapshot
             ^
/Users/yutaro/project-profit-ios/ProjectProfit/Application/UseCases/Settings/SettingsMaintenanceUseCase.swift:90:39: warning: 'PPAccountingProfile' is deprecated: Use BusinessProfile / TaxYearProfile instead. Migration-only legacy model.
    private func legacyProfiles() -> [PPAccountingProfile] {
                                      ^

SwiftCompile normal arm64 Compiling\ StatementPDFParser.swift,\ StatementReconciliationQueryUseCase.swift,\ StatementRepository.swift,\ SubLedgerView.swift,\ SwiftDataApprovalQueueRepository.swift,\ SwiftDataApprovalRequestRepository.swift,\ SwiftDataAuditRepository.swift,\ SwiftDataBusinessProfileRepository.swift,\ SwiftDataCanonicalJournalEntryRepository.swift,\ SwiftDataCategoryQueryRepository.swift,\ SwiftDataCategoryRepository.swift,\ SwiftDataChartOfAccountsRepository.swift,\ SwiftDataCounterpartyRepository.swift,\ SwiftDataDataRevisionRepository.swift,\ SwiftDataDistributionTemplateRepository.swift,\ SwiftDataDocumentRepository.swift,\ SwiftDataEvidenceInboxRepository.swift,\ SwiftDataEvidenceRepository.swift,\ SwiftDataFixedAssetRepository.swift,\ SwiftDataFormDraftRepository.swift,\ SwiftDataInventoryRepository.swift,\ SwiftDataPostingCandidateRepository.swift,\ SwiftDataProjectQueryRepository.swift,\ SwiftDataProjectRepository.swift /Users/yutaro/project-profit-ios/ProjectProfit/Services/StatementPDFParser.swift /Users/yutaro/project-profit-ios/ProjectProfit/Application/UseCases/Statements/StatementReconciliationQueryUseCase.swift /Users/yutaro/project-profit-ios/ProjectProfit/Core/Domain/Statements/StatementRepository.swift /Users/yutaro/project-profit-ios/ProjectProfit/Views/Accounting/SubLedgerView.swift /Users/yutaro/project-profit-ios/ProjectProfit/Infrastructure/Persistence/SwiftData/Repositories/SwiftDataApprovalQueueRepository.swift /Users/yutaro/project-profit-ios/ProjectProfit/Infrastructure/Persistence/SwiftData/Repositories/SwiftDataApprovalRequestRepository.swift /Users/yutaro/project-profit-ios/ProjectProfit/Infrastructure/Persistence/SwiftData/Repositories/SwiftDataAuditRepository.swift /Users/yutaro/project-profit-ios/ProjectProfit/Infrastructure/Persistence/SwiftData/Repositories/SwiftDataBusinessProfileRepository.swift /Users/yutaro/project-profit-ios/ProjectProfit/Infrastructure/Persistence/SwiftData/Repositories/SwiftDataCanonicalJournalEntryRepository.swift /Users/yutaro/project-profit-ios/ProjectProfit/Infrastructure/Persistence/SwiftData/Repositories/SwiftDataCategoryQueryRepository.swift /Users/yutaro/project-profit-ios/ProjectProfit/Infrastructure/Persistence/SwiftData/Repositories/SwiftDataCategoryRepository.swift /Users/yutaro/project-profit-ios/ProjectProfit/Infrastructure/Persistence/SwiftData/Repositories/SwiftDataChartOfAccountsRepository.swift /Users/yutaro/project-profit-ios/ProjectProfit/Infrastructure/Persistence/SwiftData/Repositories/SwiftDataCounterpartyRepository.swift /Users/yutaro/project-profit-ios/ProjectProfit/Infrastructure/Persistence/SwiftData/Repositories/SwiftDataDataRevisionRepository.swift /Users/yutaro/project-profit-ios/ProjectProfit/Infrastructure/Persistence/SwiftData/Repositories/SwiftDataDistributionTemplateRepository.swift /Users/yutaro/project-profit-ios/ProjectProfit/Infrastructure/Persistence/SwiftData/Repositories/SwiftDataDocumentRepository.swift /Users/yutaro/project-profit-ios/ProjectProfit/Infrastructure/Persistence/SwiftData/Repositories/SwiftDataEvidenceInboxRepository.swift /Users/yutaro/project-profit-ios/ProjectProfit/Infrastructure/Persistence/SwiftData/Repositories/SwiftDataEvidenceRepository.swift /Users/yutaro/project-profit-ios/ProjectProfit/Infrastructure/Persistence/SwiftData/Repositories/SwiftDataFixedAssetRepository.swift /Users/yutaro/project-profit-ios/ProjectProfit/Infrastructure/Persistence/SwiftData/Repositories/SwiftDataFormDraftRepository.swift /Users/yutaro/project-profit-ios/ProjectProfit/Infrastructure/Persistence/SwiftData/Repositories/SwiftDataInventoryRepository.swift /Users/yutaro/project-profit-ios/ProjectProfit/Infrastructure/Persistence/SwiftData/Repositories/SwiftDataPostingCandidateRepository.swift /Users/yutaro/project-profit-ios/ProjectProfit/Infrastructure/Persistence/SwiftData/Repositories/SwiftDataProjectQueryRepository.swift /Users/yutaro/project-profit-ios/ProjectProfit/Infrastructure/Persistence/SwiftData/Repositories/SwiftDataProjectRepository.swift (in target 'ProjectProfit' from project 'ProjectProfit')
SwiftCompile normal arm64 /Users/yutaro/project-profit-ios/ProjectProfit/Services/StatementPDFParser.swift (in target 'ProjectProfit' from project 'ProjectProfit')
    cd /Users/yutaro/project-profit-ios
    

SwiftCompile normal arm64 /Users/yutaro/project-profit-ios/ProjectProfit/Application/UseCases/Statements/StatementReconciliationQueryUseCase.swift (in target 'ProjectProfit' from project 'ProjectProfit')
    cd /Users/yutaro/project-profit-ios
    

SwiftCompile normal arm64 /Users/yutaro/project-profit-ios/ProjectProfit/Core/Domain/Statements/StatementRepository.swift (in target 'ProjectProfit' from project 'ProjectProfit')
    cd /Users/yutaro/project-profit-ios
    

SwiftCompile normal arm64 /Users/yutaro/project-profit-ios/ProjectProfit/Views/Accounting/SubLedgerView.swift (in target 'ProjectProfit' from project 'ProjectProfit')
    cd /Users/yutaro/project-profit-ios
    

SwiftCompile normal arm64 /Users/yutaro/project-profit-ios/ProjectProfit/Infrastructure/Persistence/SwiftData/Repositories/SwiftDataApprovalQueueRepository.swift (in target 'ProjectProfit' from project 'ProjectProfit')
    cd /Users/yutaro/project-profit-ios
    

SwiftCompile normal arm64 /Users/yutaro/project-profit-ios/ProjectProfit/Infrastructure/Persistence/SwiftData/Repositories/SwiftDataApprovalRequestRepository.swift (in target 'ProjectProfit' from project 'ProjectProfit')
    cd /Users/yutaro/project-profit-ios
    

SwiftCompile normal arm64 /Users/yutaro/project-profit-ios/ProjectProfit/Infrastructure/Persistence/SwiftData/Repositories/SwiftDataAuditRepository.swift (in target 'ProjectProfit' from project 'ProjectProfit')
    cd /Users/yutaro/project-profit-ios
    

SwiftCompile normal arm64 /Users/yutaro/project-profit-ios/ProjectProfit/Infrastructure/Persistence/SwiftData/Repositories/SwiftDataBusinessProfileRepository.swift (in target 'ProjectProfit' from project 'ProjectProfit')
    cd /Users/yutaro/project-profit-ios
    

SwiftCompile normal arm64 /Users/yutaro/project-profit-ios/ProjectProfit/Infrastructure/Persistence/SwiftData/Repositories/SwiftDataCanonicalJournalEntryRepository.swift (in target 'ProjectProfit' from project 'ProjectProfit')
    cd /Users/yutaro/project-profit-ios
    

SwiftCompile normal arm64 /Users/yutaro/project-profit-ios/ProjectProfit/Infrastructure/Persistence/SwiftData/Repositories/SwiftDataCategoryQueryRepository.swift (in target 'ProjectProfit' from project 'ProjectProfit')
    cd /Users/yutaro/project-profit-ios
    

SwiftCompile normal arm64 /Users/yutaro/project-profit-ios/ProjectProfit/Infrastructure/Persistence/SwiftData/Repositories/SwiftDataCategoryRepository.swift (in target 'ProjectProfit' from project 'ProjectProfit')
    cd /Users/yutaro/project-profit-ios
    

SwiftCompile normal arm64 /Users/yutaro/project-profit-ios/ProjectProfit/Infrastructure/Persistence/SwiftData/Repositories/SwiftDataChartOfAccountsRepository.swift (in target 'ProjectProfit' from project 'ProjectProfit')
    cd /Users/yutaro/project-profit-ios
    

SwiftCompile normal arm64 /Users/yutaro/project-profit-ios/ProjectProfit/Infrastructure/Persistence/SwiftData/Repositories/SwiftDataCounterpartyRepository.swift (in target 'ProjectProfit' from project 'ProjectProfit')
    cd /Users/yutaro/project-profit-ios
    

SwiftCompile normal arm64 /Users/yutaro/project-profit-ios/ProjectProfit/Infrastructure/Persistence/SwiftData/Repositories/SwiftDataDataRevisionRepository.swift (in target 'ProjectProfit' from project 'ProjectProfit')
    cd /Users/yutaro/project-profit-ios
    

SwiftCompile normal arm64 /Users/yutaro/project-profit-ios/ProjectProfit/Infrastructure/Persistence/SwiftData/Repositories/SwiftDataDistributionTemplateRepository.swift (in target 'ProjectProfit' from project 'ProjectProfit')
    cd /Users/yutaro/project-profit-ios
    

SwiftCompile normal arm64 /Users/yutaro/project-profit-ios/ProjectProfit/Infrastructure/Persistence/SwiftData/Repositories/SwiftDataDocumentRepository.swift (in target 'ProjectProfit' from project 'ProjectProfit')
    cd /Users/yutaro/project-profit-ios
    

SwiftCompile normal arm64 /Users/yutaro/project-profit-ios/ProjectProfit/Infrastructure/Persistence/SwiftData/Repositories/SwiftDataEvidenceInboxRepository.swift (in target 'ProjectProfit' from project 'ProjectProfit')
    cd /Users/yutaro/project-profit-ios
    

SwiftCompile normal arm64 /Users/yutaro/project-profit-ios/ProjectProfit/Infrastructure/Persistence/SwiftData/Repositories/SwiftDataEvidenceRepository.swift (in target 'ProjectProfit' from project 'ProjectProfit')
    cd /Users/yutaro/project-profit-ios
    

SwiftCompile normal arm64 /Users/yutaro/project-profit-ios/ProjectProfit/Infrastructure/Persistence/SwiftData/Repositories/SwiftDataFixedAssetRepository.swift (in target 'ProjectProfit' from project 'ProjectProfit')
    cd /Users/yutaro/project-profit-ios
    

SwiftCompile normal arm64 /Users/yutaro/project-profit-ios/ProjectProfit/Infrastructure/Persistence/SwiftData/Repositories/SwiftDataFormDraftRepository.swift (in target 'ProjectProfit' from project 'ProjectProfit')
    cd /Users/yutaro/project-profit-ios
    

SwiftCompile normal arm64 /Users/yutaro/project-profit-ios/ProjectProfit/Infrastructure/Persistence/SwiftData/Repositories/SwiftDataInventoryRepository.swift (in target 'ProjectProfit' from project 'ProjectProfit')
    cd /Users/yutaro/project-profit-ios
    

SwiftCompile normal arm64 /Users/yutaro/project-profit-ios/ProjectProfit/Infrastructure/Persistence/SwiftData/Repositories/SwiftDataPostingCandidateRepository.swift (in target 'ProjectProfit' from project 'ProjectProfit')
    cd /Users/yutaro/project-profit-ios
    

SwiftCompile normal arm64 /Users/yutaro/project-profit-ios/ProjectProfit/Infrastructure/Persistence/SwiftData/Repositories/SwiftDataProjectQueryRepository.swift (in target 'ProjectProfit' from project 'ProjectProfit')
    cd /Users/yutaro/project-profit-ios
    

SwiftCompile normal arm64 /Users/yutaro/project-profit-ios/ProjectProfit/Infrastructure/Persistence/SwiftData/Repositories/SwiftDataProjectRepository.swift (in target 'ProjectProfit' from project 'ProjectProfit')
    cd /Users/yutaro/project-profit-ios
    

SwiftCompile normal arm64 Compiling\ TransactionFormQueryUseCase.swift,\ TransactionFormRepository.swift,\ TransactionFormView.swift,\ TransactionHistoryRepository.swift,\ TransactionHistoryUseCase.swift,\ TransactionsView.swift,\ TransactionsViewModel.swift,\ TrialBalanceView.swift,\ UITestBootstrap.swift,\ UnclassifiedTransactionsView.swift,\ UserRuleRepository.swift,\ Utilities.swift,\ VatMethod.swift,\ VatStatus.swift,\ VoucherNumber.swift,\ WithholdingPostingSupport.swift,\ WithholdingStatementQueryUseCase.swift,\ WithholdingStatementView.swift,\ WithholdingStatementViewModel.swift,\ WithholdingTaxCalculator.swift,\ WithholdingTaxCode.swift,\ WorkflowPersistenceSupport.swift,\ YearLockState.swift,\ GeneratedAssetSymbols.swift /Users/yutaro/project-profit-ios/ProjectProfit/Application/UseCases/Transactions/TransactionFormQueryUseCase.swift /Users/yutaro/project-profit-ios/ProjectProfit/Core/Domain/Transactions/TransactionFormRepository.swift /Users/yutaro/project-profit-ios/ProjectProfit/Views/Components/TransactionFormView.swift /Users/yutaro/project-profit-ios/ProjectProfit/Core/Domain/Transactions/TransactionHistoryRepository.swift /Users/yutaro/project-profit-ios/ProjectProfit/Application/UseCases/Transactions/TransactionHistoryUseCase.swift /Users/yutaro/project-profit-ios/ProjectProfit/Views/Transactions/TransactionsView.swift /Users/yutaro/project-profit-ios/ProjectProfit/ViewModels/TransactionsViewModel.swift /Users/yutaro/project-profit-ios/ProjectProfit/Views/Accounting/TrialBalanceView.swift /Users/yutaro/project-profit-ios/ProjectProfit/Application/Testing/UITestBootstrap.swift /Users/yutaro/project-profit-ios/ProjectProfit/Views/Accounting/UnclassifiedTransactionsView.swift /Users/yutaro/project-profit-ios/ProjectProfit/Core/Domain/Classification/UserRuleRepository.swift /Users/yutaro/project-profit-ios/ProjectProfit/Utilities/Utilities.swift /Users/yutaro/project-profit-ios/ProjectProfit/Core/Domain/TaxYear/VatMethod.swift /Users/yutaro/project-profit-ios/ProjectProfit/Core/Domain/TaxYear/VatStatus.swift /Users/yutaro/project-profit-ios/ProjectProfit/Core/Domain/Posting/VoucherNumber.swift /Users/yutaro/project-profit-ios/ProjectProfit/Application/UseCases/Posting/WithholdingPostingSupport.swift /Users/yutaro/project-profit-ios/ProjectProfit/Application/UseCases/Filing/WithholdingStatementQueryUseCase.swift /Users/yutaro/project-profit-ios/ProjectProfit/Views/Accounting/WithholdingStatementView.swift /Users/yutaro/project-profit-ios/ProjectProfit/ViewModels/WithholdingStatementViewModel.swift /Users/yutaro/project-profit-ios/ProjectProfit/Core/Domain/Tax/WithholdingTaxCalculator.swift /Users/yutaro/project-profit-ios/ProjectProfit/Core/Domain/Tax/WithholdingTaxCode.swift /Users/yutaro/project-profit-ios/ProjectProfit/Application/UseCases/WorkflowPersistenceSupport.swift /Users/yutaro/project-profit-ios/ProjectProfit/Core/Domain/TaxYear/YearLockState.swift /Users/yutaro/project-profit-ios/artifacts/release-quality/canonical-e2e/DerivedData/Build/Intermediates.noindex/ProjectProfit.build/Debug-iphonesimulator/ProjectProfit.build/DerivedSources/GeneratedAssetSymbols.swift (in target 'ProjectProfit' from project 'ProjectProfit')
SwiftCompile normal arm64 /Users/yutaro/project-profit-ios/ProjectProfit/Application/UseCases/Transactions/TransactionFormQueryUseCase.swift (in target 'ProjectProfit' from project 'ProjectProfit')
    cd /Users/yutaro/project-profit-ios
    

SwiftCompile normal arm64 /Users/yutaro/project-profit-ios/ProjectProfit/Core/Domain/Transactions/TransactionFormRepository.swift (in target 'ProjectProfit' from project 'ProjectProfit')
    cd /Users/yutaro/project-profit-ios
    

SwiftCompile normal arm64 /Users/yutaro/project-profit-ios/ProjectProfit/Views/Components/TransactionFormView.swift (in target 'ProjectProfit' from project 'ProjectProfit')
    cd /Users/yutaro/project-profit-ios
    

SwiftCompile normal arm64 /Users/yutaro/project-profit-ios/ProjectProfit/Core/Domain/Transactions/TransactionHistoryRepository.swift (in target 'ProjectProfit' from project 'ProjectProfit')
    cd /Users/yutaro/project-profit-ios
    

SwiftCompile normal arm64 /Users/yutaro/project-profit-ios/ProjectProfit/Application/UseCases/Transactions/TransactionHistoryUseCase.swift (in target 'ProjectProfit' from project 'ProjectProfit')
    cd /Users/yutaro/project-profit-ios
    

SwiftCompile normal arm64 /Users/yutaro/project-profit-ios/ProjectProfit/Views/Transactions/TransactionsView.swift (in target 'ProjectProfit' from project 'ProjectProfit')
    cd /Users/yutaro/project-profit-ios
    

SwiftCompile normal arm64 /Users/yutaro/project-profit-ios/ProjectProfit/ViewModels/TransactionsViewModel.swift (in target 'ProjectProfit' from project 'ProjectProfit')
    cd /Users/yutaro/project-profit-ios
    

SwiftCompile normal arm64 /Users/yutaro/project-profit-ios/ProjectProfit/Views/Accounting/TrialBalanceView.swift (in target 'ProjectProfit' from project 'ProjectProfit')
    cd /Users/yutaro/project-profit-ios
    

SwiftCompile normal arm64 /Users/yutaro/project-profit-ios/ProjectProfit/Application/Testing/UITestBootstrap.swift (in target 'ProjectProfit' from project 'ProjectProfit')
    cd /Users/yutaro/project-profit-ios
    

SwiftCompile normal arm64 /Users/yutaro/project-profit-ios/ProjectProfit/Views/Accounting/UnclassifiedTransactionsView.swift (in target 'ProjectProfit' from project 'ProjectProfit')
    cd /Users/yutaro/project-profit-ios
    

SwiftCompile normal arm64 /Users/yutaro/project-profit-ios/ProjectProfit/Core/Domain/Classification/UserRuleRepository.swift (in target 'ProjectProfit' from project 'ProjectProfit')
    cd /Users/yutaro/project-profit-ios
    

SwiftCompile normal arm64 /Users/yutaro/project-profit-ios/ProjectProfit/Utilities/Utilities.swift (in target 'ProjectProfit' from project 'ProjectProfit')
    cd /Users/yutaro/project-profit-ios
    

SwiftCompile normal arm64 /Users/yutaro/project-profit-ios/ProjectProfit/Core/Domain/TaxYear/VatMethod.swift (in target 'ProjectProfit' from project 'ProjectProfit')
    cd /Users/yutaro/project-profit-ios
    

SwiftCompile normal arm64 /Users/yutaro/project-profit-ios/ProjectProfit/Core/Domain/TaxYear/VatStatus.swift (in target 'ProjectProfit' from project 'ProjectProfit')
    cd /Users/yutaro/project-profit-ios
    

SwiftCompile normal arm64 /Users/yutaro/project-profit-ios/ProjectProfit/Core/Domain/Posting/VoucherNumber.swift (in target 'ProjectProfit' from project 'ProjectProfit')
    cd /Users/yutaro/project-profit-ios
    

SwiftCompile normal arm64 /Users/yutaro/project-profit-ios/ProjectProfit/Application/UseCases/Posting/WithholdingPostingSupport.swift (in target 'ProjectProfit' from project 'ProjectProfit')
    cd /Users/yutaro/project-profit-ios
    

SwiftCompile normal arm64 /Users/yutaro/project-profit-ios/ProjectProfit/Application/UseCases/Filing/WithholdingStatementQueryUseCase.swift (in target 'ProjectProfit' from project 'ProjectProfit')
    cd /Users/yutaro/project-profit-ios
    

SwiftCompile normal arm64 /Users/yutaro/project-profit-ios/ProjectProfit/Views/Accounting/WithholdingStatementView.swift (in target 'ProjectProfit' from project 'ProjectProfit')
    cd /Users/yutaro/project-profit-ios
    

SwiftCompile normal arm64 /Users/yutaro/project-profit-ios/ProjectProfit/ViewModels/WithholdingStatementViewModel.swift (in target 'ProjectProfit' from project 'ProjectProfit')
    cd /Users/yutaro/project-profit-ios
    

SwiftCompile normal arm64 /Users/yutaro/project-profit-ios/ProjectProfit/Core/Domain/Tax/WithholdingTaxCalculator.swift (in target 'ProjectProfit' from project 'ProjectProfit')
    cd /Users/yutaro/project-profit-ios
    

SwiftCompile normal arm64 /Users/yutaro/project-profit-ios/ProjectProfit/Core/Domain/Tax/WithholdingTaxCode.swift (in target 'ProjectProfit' from project 'ProjectProfit')
    cd /Users/yutaro/project-profit-ios
    

SwiftCompile normal arm64 /Users/yutaro/project-profit-ios/ProjectProfit/Application/UseCases/WorkflowPersistenceSupport.swift (in target 'ProjectProfit' from project 'ProjectProfit')
    cd /Users/yutaro/project-profit-ios
    

SwiftCompile normal arm64 /Users/yutaro/project-profit-ios/ProjectProfit/Core/Domain/TaxYear/YearLockState.swift (in target 'ProjectProfit' from project 'ProjectProfit')
    cd /Users/yutaro/project-profit-ios
    

SwiftCompile normal arm64 /Users/yutaro/project-profit-ios/artifacts/release-quality/canonical-e2e/DerivedData/Build/Intermediates.noindex/ProjectProfit.build/Debug-iphonesimulator/ProjectProfit.build/DerivedSources/GeneratedAssetSymbols.swift (in target 'ProjectProfit' from project 'ProjectProfit')
    cd /Users/yutaro/project-profit-ios
    

SwiftCompile normal arm64 Compiling\ SwiftDataRecurringRepository.swift,\ SwiftDataReportingRepository.swift,\ SwiftDataSettingsOverviewRepository.swift,\ SwiftDataStatementRepository.swift,\ SwiftDataTaxYearProfileRepository.swift,\ SwiftDataTransactionFormRepository.swift,\ SwiftDataTransactionHistoryRepository.swift,\ SwiftDataUserRuleRepository.swift,\ TaxCode.swift,\ TaxCodePickerView.swift,\ TaxDeductibleRateView.swift,\ TaxLineDefinitions.swift,\ TaxRuleEvaluator.swift,\ TaxStatusMachine.swift,\ TaxYearDefinitionLoader.swift,\ TaxYearPack.swift,\ TaxYearPackProviderPort.swift,\ TaxYearProfile.swift,\ TaxYearProfileEntity.swift,\ TaxYearProfileEntityMapper.swift,\ TaxYearProfileRepository.swift,\ TaxYearStateUseCase.swift,\ TransactionDetailView.swift,\ TransactionDocumentsView.swift /Users/yutaro/project-profit-ios/ProjectProfit/Infrastructure/Persistence/SwiftData/Repositories/SwiftDataRecurringRepository.swift /Users/yutaro/project-profit-ios/ProjectProfit/Infrastructure/Persistence/SwiftData/Repositories/SwiftDataReportingRepository.swift /Users/yutaro/project-profit-ios/ProjectProfit/Infrastructure/Persistence/SwiftData/Repositories/SwiftDataSettingsOverviewRepository.swift /Users/yutaro/project-profit-ios/ProjectProfit/Infrastructure/Persistence/SwiftData/Repositories/SwiftDataStatementRepository.swift /Users/yutaro/project-profit-ios/ProjectProfit/Infrastructure/Persistence/SwiftData/Repositories/SwiftDataTaxYearProfileRepository.swift /Users/yutaro/project-profit-ios/ProjectProfit/Infrastructure/Persistence/SwiftData/Repositories/SwiftDataTransactionFormRepository.swift /Users/yutaro/project-profit-ios/ProjectProfit/Infrastructure/Persistence/SwiftData/Repositories/SwiftDataTransactionHistoryRepository.swift /Users/yutaro/project-profit-ios/ProjectProfit/Infrastructure/Persistence/SwiftData/Repositories/SwiftDataUserRuleRepository.swift /Users/yutaro/project-profit-ios/ProjectProfit/Core/Domain/Tax/TaxCode.swift /Users/yutaro/project-profit-ios/ProjectProfit/Views/Components/TaxCodePickerView.swift /Users/yutaro/project-profit-ios/ProjectProfit/Views/Components/TaxDeductibleRateView.swift /Users/yutaro/project-profit-ios/ProjectProfit/Models/TaxLineDefinitions.swift /Users/yutaro/project-profit-ios/ProjectProfit/Core/Domain/Tax/TaxRuleEvaluator.swift /Users/yutaro/project-profit-ios/ProjectProfit/Core/Domain/Tax/TaxStatusMachine.swift /Users/yutaro/project-profit-ios/ProjectProfit/Services/TaxYearDefinitionLoader.swift /Users/yutaro/project-profit-ios/ProjectProfit/Core/Domain/TaxYear/TaxYearPack.swift /Users/yutaro/project-profit-ios/ProjectProfit/Core/Domain/TaxYear/TaxYearPackProviderPort.swift /Users/yutaro/project-profit-ios/ProjectProfit/Core/Domain/TaxYear/TaxYearProfile.swift /Users/yutaro/project-profit-ios/ProjectProfit/Infrastructure/Persistence/SwiftData/Entities/TaxYearProfileEntity.swift /Users/yutaro/project-profit-ios/ProjectProfit/Application/Mappers/TaxYearProfileEntityMapper.swift /Users/yutaro/project-profit-ios/ProjectProfit/Core/Domain/TaxYear/TaxYearProfileRepository.swift /Users/yutaro/project-profit-ios/ProjectProfit/Application/UseCases/Filing/TaxYearStateUseCase.swift /Users/yutaro/project-profit-ios/ProjectProfit/Views/Transactions/TransactionDetailView.swift /Users/yutaro/project-profit-ios/ProjectProfit/Views/Transactions/TransactionDocumentsView.swift (in target 'ProjectProfit' from project 'ProjectProfit')

SwiftCompile normal arm64 /Users/yutaro/project-profit-ios/ProjectProfit/Infrastructure/Persistence/SwiftData/Repositories/SwiftDataRecurringRepository.swift (in target 'ProjectProfit' from project 'ProjectProfit')
    cd /Users/yutaro/project-profit-ios
    

SwiftCompile normal arm64 /Users/yutaro/project-profit-ios/ProjectProfit/Infrastructure/Persistence/SwiftData/Repositories/SwiftDataReportingRepository.swift (in target 'ProjectProfit' from project 'ProjectProfit')
    cd /Users/yutaro/project-profit-ios
    

SwiftCompile normal arm64 /Users/yutaro/project-profit-ios/ProjectProfit/Infrastructure/Persistence/SwiftData/Repositories/SwiftDataSettingsOverviewRepository.swift (in target 'ProjectProfit' from project 'ProjectProfit')
    cd /Users/yutaro/project-profit-ios
    

SwiftCompile normal arm64 /Users/yutaro/project-profit-ios/ProjectProfit/Infrastructure/Persistence/SwiftData/Repositories/SwiftDataStatementRepository.swift (in target 'ProjectProfit' from project 'ProjectProfit')
    cd /Users/yutaro/project-profit-ios
    

SwiftCompile normal arm64 /Users/yutaro/project-profit-ios/ProjectProfit/Infrastructure/Persistence/SwiftData/Repositories/SwiftDataTaxYearProfileRepository.swift (in target 'ProjectProfit' from project 'ProjectProfit')
    cd /Users/yutaro/project-profit-ios
    

SwiftCompile normal arm64 /Users/yutaro/project-profit-ios/ProjectProfit/Infrastructure/Persistence/SwiftData/Repositories/SwiftDataTransactionFormRepository.swift (in target 'ProjectProfit' from project 'ProjectProfit')
    cd /Users/yutaro/project-profit-ios
    

SwiftCompile normal arm64 /Users/yutaro/project-profit-ios/ProjectProfit/Infrastructure/Persistence/SwiftData/Repositories/SwiftDataTransactionHistoryRepository.swift (in target 'ProjectProfit' from project 'ProjectProfit')
    cd /Users/yutaro/project-profit-ios
    

SwiftCompile normal arm64 /Users/yutaro/project-profit-ios/ProjectProfit/Infrastructure/Persistence/SwiftData/Repositories/SwiftDataUserRuleRepository.swift (in target 'ProjectProfit' from project 'ProjectProfit')
    cd /Users/yutaro/project-profit-ios
    

SwiftCompile normal arm64 /Users/yutaro/project-profit-ios/ProjectProfit/Core/Domain/Tax/TaxCode.swift (in target 'ProjectProfit' from project 'ProjectProfit')
    cd /Users/yutaro/project-profit-ios
    

SwiftCompile normal arm64 /Users/yutaro/project-profit-ios/ProjectProfit/Views/Components/TaxCodePickerView.swift (in target 'ProjectProfit' from project 'ProjectProfit')
    cd /Users/yutaro/project-profit-ios
    

SwiftCompile normal arm64 /Users/yutaro/project-profit-ios/ProjectProfit/Views/Components/TaxDeductibleRateView.swift (in target 'ProjectProfit' from project 'ProjectProfit')
    cd /Users/yutaro/project-profit-ios
    

SwiftCompile normal arm64 /Users/yutaro/project-profit-ios/ProjectProfit/Models/TaxLineDefinitions.swift (in target 'ProjectProfit' from project 'ProjectProfit')
    cd /Users/yutaro/project-profit-ios
    

SwiftCompile normal arm64 /Users/yutaro/project-profit-ios/ProjectProfit/Core/Domain/Tax/TaxRuleEvaluator.swift (in target 'ProjectProfit' from project 'ProjectProfit')
    cd /Users/yutaro/project-profit-ios
    

SwiftCompile normal arm64 /Users/yutaro/project-profit-ios/ProjectProfit/Core/Domain/Tax/TaxStatusMachine.swift (in target 'ProjectProfit' from project 'ProjectProfit')
    cd /Users/yutaro/project-profit-ios
    

SwiftCompile normal arm64 /Users/yutaro/project-profit-ios/ProjectProfit/Services/TaxYearDefinitionLoader.swift (in target 'ProjectProfit' from project 'ProjectProfit')
    cd /Users/yutaro/project-profit-ios
    

SwiftCompile normal arm64 /Users/yutaro/project-profit-ios/ProjectProfit/Core/Domain/TaxYear/TaxYearPack.swift (in target 'ProjectProfit' from project 'ProjectProfit')
    cd /Users/yutaro/project-profit-ios
    

SwiftCompile normal arm64 /Users/yutaro/project-profit-ios/ProjectProfit/Core/Domain/TaxYear/TaxYearPackProviderPort.swift (in target 'ProjectProfit' from project 'ProjectProfit')
    cd /Users/yutaro/project-profit-ios
    

SwiftCompile normal arm64 /Users/yutaro/project-profit-ios/ProjectProfit/Core/Domain/TaxYear/TaxYearProfile.swift (in target 'ProjectProfit' from project 'ProjectProfit')
    cd /Users/yutaro/project-profit-ios
    

SwiftCompile normal arm64 /Users/yutaro/project-profit-ios/ProjectProfit/Infrastructure/Persistence/SwiftData/Entities/TaxYearProfileEntity.swift (in target 'ProjectProfit' from project 'ProjectProfit')
    cd /Users/yutaro/project-profit-ios
    

SwiftCompile normal arm64 /Users/yutaro/project-profit-ios/ProjectProfit/Application/Mappers/TaxYearProfileEntityMapper.swift (in target 'ProjectProfit' from project 'ProjectProfit')
    cd /Users/yutaro/project-profit-ios
    

SwiftCompile normal arm64 /Users/yutaro/project-profit-ios/ProjectProfit/Core/Domain/TaxYear/TaxYearProfileRepository.swift (in target 'ProjectProfit' from project 'ProjectProfit')
    cd /Users/yutaro/project-profit-ios
    

SwiftCompile normal arm64 /Users/yutaro/project-profit-ios/ProjectProfit/Application/UseCases/Filing/TaxYearStateUseCase.swift (in target 'ProjectProfit' from project 'ProjectProfit')
    cd /Users/yutaro/project-profit-ios
    

SwiftCompile normal arm64 /Users/yutaro/project-profit-ios/ProjectProfit/Views/Transactions/TransactionDetailView.swift (in target 'ProjectProfit' from project 'ProjectProfit')
    cd /Users/yutaro/project-profit-ios
    

SwiftCompile normal arm64 /Users/yutaro/project-profit-ios/ProjectProfit/Views/Transactions/TransactionDocumentsView.swift (in target 'ProjectProfit' from project 'ProjectProfit')
    cd /Users/yutaro/project-profit-ios
    

SwiftCompile normal arm64 Compiling\ ReportingRepository.swift,\ RestoreService+Upserts.swift,\ RestoreService.swift,\ SearchFilterSheets.swift,\ SearchIndexNormalizer.swift,\ SearchIndexRebuilder.swift,\ SearchIndexRepairVerificationError.swift,\ SettingsMainView.swift,\ SettingsMaintenanceUseCase.swift,\ SettingsMaintenanceWorkflowUseCase.swift,\ SettingsOverviewRepository.swift,\ SettingsOverviewUseCase.swift,\ SettingsView.swift,\ ShareImportInboxService.swift,\ ShareSheetView.swift,\ ShushiNaiyakushoBuilder.swift,\ SnapshotArchiveStore.swift,\ StatementImportEntity.swift,\ StatementImportEntityMapper.swift,\ StatementImportUseCase.swift,\ StatementLineEntity.swift,\ StatementLineEntityMapper.swift,\ StatementMatchService.swift,\ StatementModels.swift /Users/yutaro/project-profit-ios/ProjectProfit/Core/Domain/Reporting/ReportingRepository.swift /Users/yutaro/project-profit-ios/ProjectProfit/Infrastructure/FileStorage/RestoreService+Upserts.swift /Users/yutaro/project-profit-ios/ProjectProfit/Infrastructure/FileStorage/RestoreService.swift /Users/yutaro/project-profit-ios/ProjectProfit/Views/Components/SearchFilterSheets.swift /Users/yutaro/project-profit-ios/ProjectProfit/Infrastructure/Search/SearchIndexNormalizer.swift /Users/yutaro/project-profit-ios/ProjectProfit/Infrastructure/Search/SearchIndexRebuilder.swift /Users/yutaro/project-profit-ios/ProjectProfit/Infrastructure/Search/SearchIndexRepairVerificationError.swift /Users/yutaro/project-profit-ios/ProjectProfit/Features/Settings/Presentation/Screens/SettingsMainView.swift /Users/yutaro/project-profit-ios/ProjectProfit/Application/UseCases/Settings/SettingsMaintenanceUseCase.swift /Users/yutaro/project-profit-ios/ProjectProfit/Application/UseCases/Settings/SettingsMaintenanceWorkflowUseCase.swift /Users/yutaro/project-profit-ios/ProjectProfit/Core/Domain/Settings/SettingsOverviewRepository.swift /Users/yutaro/project-profit-ios/ProjectProfit/Application/UseCases/Settings/SettingsOverviewUseCase.swift /Users/yutaro/project-profit-ios/ProjectProfit/Views/Settings/SettingsView.swift /Users/yutaro/project-profit-ios/ProjectProfit/Services/ShareImportInboxService.swift /Users/yutaro/project-profit-ios/ProjectProfit/Views/Components/ShareSheetView.swift /Users/yutaro/project-profit-ios/ProjectProfit/Services/ShushiNaiyakushoBuilder.swift /Users/yutaro/project-profit-ios/ProjectProfit/Infrastructure/FileStorage/SnapshotArchiveStore.swift /Users/yutaro/project-profit-ios/ProjectProfit/Infrastructure/Persistence/SwiftData/Entities/StatementImportEntity.swift /Users/yutaro/project-profit-ios/ProjectProfit/Application/Mappers/StatementImportEntityMapper.swift /Users/yutaro/project-profit-ios/ProjectProfit/Application/UseCases/Statements/StatementImportUseCase.swift /Users/yutaro/project-profit-ios/ProjectProfit/Infrastructure/Persistence/SwiftData/Entities/StatementLineEntity.swift /Users/yutaro/project-profit-ios/ProjectProfit/Application/Mappers/StatementLineEntityMapper.swift /Users/yutaro/project-profit-ios/ProjectProfit/Application/UseCases/Statements/StatementMatchService.swift /Users/yutaro/project-profit-ios/ProjectProfit/Core/Domain/Statements/StatementModels.swift (in target 'ProjectProfit' from project 'ProjectProfit')

SwiftCompile normal arm64 /Users/yutaro/project-profit-ios/ProjectProfit/Core/Domain/Reporting/ReportingRepository.swift (in target 'ProjectProfit' from project 'ProjectProfit')
    cd /Users/yutaro/project-profit-ios
    

SwiftCompile normal arm64 /Users/yutaro/project-profit-ios/ProjectProfit/Infrastructure/FileStorage/RestoreService+Upserts.swift (in target 'ProjectProfit' from project 'ProjectProfit')
    cd /Users/yutaro/project-profit-ios
    
/Users/yutaro/project-profit-ios/ProjectProfit/Infrastructure/FileStorage/RestoreService+Upserts.swift:330:23: warning: 'LegacyAccountingProfileSnapshot' is deprecated: Legacy profile snapshots are restore-compat only. New backups must use canonical profiles.
        _ snapshots: [LegacyAccountingProfileSnapshot]
                      ^
/Users/yutaro/project-profit-ios/ProjectProfit/Infrastructure/FileStorage/RestoreService+Upserts.swift:373:14: warning: 'LegacyAccountingProfileSnapshot' is deprecated: Legacy profile snapshots are restore-compat only. New backups must use canonical profiles.
        lhs: LegacyAccountingProfileSnapshot,
             ^
/Users/yutaro/project-profit-ios/ProjectProfit/Infrastructure/FileStorage/RestoreService+Upserts.swift:374:14: warning: 'LegacyAccountingProfileSnapshot' is deprecated: Legacy profile snapshots are restore-compat only. New backups must use canonical profiles.
        rhs: LegacyAccountingProfileSnapshot
             ^

SwiftCompile normal arm64 /Users/yutaro/project-profit-ios/ProjectProfit/Infrastructure/FileStorage/RestoreService.swift (in target 'ProjectProfit' from project 'ProjectProfit')
    cd /Users/yutaro/project-profit-ios
    
/Users/yutaro/project-profit-ios/ProjectProfit/Infrastructure/FileStorage/RestoreService.swift:368:17: warning: conformance of 'PPAccountingProfile' to 'PersistentModel' is deprecated: Use BusinessProfile / TaxYearProfile instead. Migration-only legacy model.
            try deleteAll(PPAccountingProfile.self)
                ^
/Users/yutaro/project-profit-ios/ProjectProfit/Infrastructure/FileStorage/RestoreService.swift:368:27: warning: 'PPAccountingProfile' is deprecated: Use BusinessProfile / TaxYearProfile instead. Migration-only legacy model.
            try deleteAll(PPAccountingProfile.self)
                          ^
/Users/yutaro/project-profit-ios/ProjectProfit/Infrastructure/FileStorage/RestoreService.swift:587:29: warning: conformance of 'PPAccountingProfile' to 'PersistentModel' is deprecated: Use BusinessProfile / TaxYearProfile instead. Migration-only legacy model.
        let legacyIds = try fetchAll(PPAccountingProfile.self).map(\.id)
                            ^
/Users/yutaro/project-profit-ios/ProjectProfit/Infrastructure/FileStorage/RestoreService.swift:587:38: warning: 'PPAccountingProfile' is deprecated: Use BusinessProfile / TaxYearProfile instead. Migration-only legacy model.
        let legacyIds = try fetchAll(PPAccountingProfile.self).map(\.id)
                                     ^

SwiftCompile normal arm64 /Users/yutaro/project-profit-ios/ProjectProfit/Views/Components/SearchFilterSheets.swift (in target 'ProjectProfit' from project 'ProjectProfit')
    cd /Users/yutaro/project-profit-ios
    

SwiftCompile normal arm64 /Users/yutaro/project-profit-ios/ProjectProfit/Infrastructure/Search/SearchIndexNormalizer.swift (in target 'ProjectProfit' from project 'ProjectProfit')
    cd /Users/yutaro/project-profit-ios
    

SwiftCompile normal arm64 /Users/yutaro/project-profit-ios/ProjectProfit/Infrastructure/Search/SearchIndexRebuilder.swift (in target 'ProjectProfit' from project 'ProjectProfit')
    cd /Users/yutaro/project-profit-ios
    

SwiftCompile normal arm64 /Users/yutaro/project-profit-ios/ProjectProfit/Infrastructure/Search/SearchIndexRepairVerificationError.swift (in target 'ProjectProfit' from project 'ProjectProfit')
    cd /Users/yutaro/project-profit-ios
    

SwiftCompile normal arm64 /Users/yutaro/project-profit-ios/ProjectProfit/Features/Settings/Presentation/Screens/SettingsMainView.swift (in target 'ProjectProfit' from project 'ProjectProfit')
    cd /Users/yutaro/project-profit-ios
    

SwiftCompile normal arm64 /Users/yutaro/project-profit-ios/ProjectProfit/Application/UseCases/Settings/SettingsMaintenanceUseCase.swift (in target 'ProjectProfit' from project 'ProjectProfit')
    cd /Users/yutaro/project-profit-ios
    
/Users/yutaro/project-profit-ios/ProjectProfit/Application/UseCases/Settings/SettingsMaintenanceUseCase.swift:90:39: warning: 'PPAccountingProfile' is deprecated: Use BusinessProfile / TaxYearProfile instead. Migration-only legacy model.
    private func legacyProfiles() -> [PPAccountingProfile] {
                                      ^
/Users/yutaro/project-profit-ios/ProjectProfit/Application/UseCases/Settings/SettingsMaintenanceUseCase.swift:30:9: warning: conformance of 'PPAccountingProfile' to 'PersistentModel' is deprecated: Use BusinessProfile / TaxYearProfile instead. Migration-only legacy model.
        deleteAll(legacyProfiles())
        ^
/Users/yutaro/project-profit-ios/ProjectProfit/Application/UseCases/Settings/SettingsMaintenanceUseCase.swift:91:9: warning: conformance of 'PPAccountingProfile' to 'PersistentModel' is deprecated: Use BusinessProfile / TaxYearProfile instead. Migration-only legacy model.
        fetch(FetchDescriptor<PPAccountingProfile>())
        ^
/Users/yutaro/project-profit-ios/ProjectProfit/Application/UseCases/Settings/SettingsMaintenanceUseCase.swift:91:31: warning: 'PPAccountingProfile' is deprecated: Use BusinessProfile / TaxYearProfile instead. Migration-only legacy model.
        fetch(FetchDescriptor<PPAccountingProfile>())
                              ^
/Users/yutaro/project-profit-ios/ProjectProfit/Application/UseCases/Settings/SettingsMaintenanceUseCase.swift:91:15: warning: conformance of 'PPAccountingProfile' to 'PersistentModel' is deprecated: Use BusinessProfile / TaxYearProfile instead. Migration-only legacy model.
        fetch(FetchDescriptor<PPAccountingProfile>())
              ^
/Users/yutaro/project-profit-ios/ProjectProfit/Application/UseCases/Settings/SettingsMaintenanceUseCase.swift:91:50: warning: conformance of 'PPAccountingProfile' to 'PersistentModel' is deprecated: Use BusinessProfile / TaxYearProfile instead. Migration-only legacy model.
        fetch(FetchDescriptor<PPAccountingProfile>())
                                                 ^

SwiftCompile normal arm64 /Users/yutaro/project-profit-ios/ProjectProfit/Application/UseCases/Settings/SettingsMaintenanceWorkflowUseCase.swift (in target 'ProjectProfit' from project 'ProjectProfit')
    cd /Users/yutaro/project-profit-ios
    

SwiftCompile normal arm64 /Users/yutaro/project-profit-ios/ProjectProfit/Core/Domain/Settings/SettingsOverviewRepository.swift (in target 'ProjectProfit' from project 'ProjectProfit')
    cd /Users/yutaro/project-profit-ios
    

SwiftCompile normal arm64 /Users/yutaro/project-profit-ios/ProjectProfit/Application/UseCases/Settings/SettingsOverviewUseCase.swift (in target 'ProjectProfit' from project 'ProjectProfit')
    cd /Users/yutaro/project-profit-ios
    

SwiftCompile normal arm64 /Users/yutaro/project-profit-ios/ProjectProfit/Views/Settings/SettingsView.swift (in target 'ProjectProfit' from project 'ProjectProfit')
    cd /Users/yutaro/project-profit-ios
    

SwiftCompile normal arm64 /Users/yutaro/project-profit-ios/ProjectProfit/Services/ShareImportInboxService.swift (in target 'ProjectProfit' from project 'ProjectProfit')
    cd /Users/yutaro/project-profit-ios
    

SwiftCompile normal arm64 /Users/yutaro/project-profit-ios/ProjectProfit/Views/Components/ShareSheetView.swift (in target 'ProjectProfit' from project 'ProjectProfit')
    cd /Users/yutaro/project-profit-ios
    

SwiftCompile normal arm64 /Users/yutaro/project-profit-ios/ProjectProfit/Services/ShushiNaiyakushoBuilder.swift (in target 'ProjectProfit' from project 'ProjectProfit')
    cd /Users/yutaro/project-profit-ios
    

SwiftCompile normal arm64 /Users/yutaro/project-profit-ios/ProjectProfit/Infrastructure/FileStorage/SnapshotArchiveStore.swift (in target 'ProjectProfit' from project 'ProjectProfit')
    cd /Users/yutaro/project-profit-ios
    

SwiftCompile normal arm64 /Users/yutaro/project-profit-ios/ProjectProfit/Infrastructure/Persistence/SwiftData/Entities/StatementImportEntity.swift (in target 'ProjectProfit' from project 'ProjectProfit')
    cd /Users/yutaro/project-profit-ios
    

SwiftCompile normal arm64 /Users/yutaro/project-profit-ios/ProjectProfit/Application/Mappers/StatementImportEntityMapper.swift (in target 'ProjectProfit' from project 'ProjectProfit')
    cd /Users/yutaro/project-profit-ios
    

SwiftCompile normal arm64 /Users/yutaro/project-profit-ios/ProjectProfit/Application/UseCases/Statements/StatementImportUseCase.swift (in target 'ProjectProfit' from project 'ProjectProfit')
    cd /Users/yutaro/project-profit-ios
    

SwiftCompile normal arm64 /Users/yutaro/project-profit-ios/ProjectProfit/Infrastructure/Persistence/SwiftData/Entities/StatementLineEntity.swift (in target 'ProjectProfit' from project 'ProjectProfit')
    cd /Users/yutaro/project-profit-ios
    

SwiftCompile normal arm64 /Users/yutaro/project-profit-ios/ProjectProfit/Application/Mappers/StatementLineEntityMapper.swift (in target 'ProjectProfit' from project 'ProjectProfit')
    cd /Users/yutaro/project-profit-ios
    

SwiftCompile normal arm64 /Users/yutaro/project-profit-ios/ProjectProfit/Application/UseCases/Statements/StatementMatchService.swift (in target 'ProjectProfit' from project 'ProjectProfit')
    cd /Users/yutaro/project-profit-ios
    

SwiftCompile normal arm64 /Users/yutaro/project-profit-ios/ProjectProfit/Core/Domain/Statements/StatementModels.swift (in target 'ProjectProfit' from project 'ProjectProfit')
    cd /Users/yutaro/project-profit-ios
    

SwiftCompile normal arm64 Compiling\ AccountFormView.swift,\ AccountPickerView.swift,\ AccountingBookReadModelQueries.swift,\ AccountingBootstrapService.swift,\ AccountingConstants.swift,\ AccountingEngine.swift,\ AccountingEnums.swift,\ AccountingPlaceholders.swift,\ AccountingReadSupport.swift,\ AccountingReportModels.swift,\ AccountingReportService.swift,\ AccountingReportViewModel.swift,\ AllocationCalculator.swift,\ AppBootstrapWorkflowUseCase.swift,\ AppColors.swift,\ AppError.swift,\ AppShellWorkflowUseCase.swift,\ AppSnapshotModels.swift,\ ApprovalQueueQueryUseCase.swift,\ ApprovalQueueRepository.swift,\ ApprovalQueueView.swift,\ ApprovalQueueWorkflowUseCase.swift,\ ApprovalRequest.swift,\ ApprovalRequestEntity.swift,\ ApprovalRequestEntityMapper.swift /Users/yutaro/project-profit-ios/ProjectProfit/Features/Masters/Accounts/Presentation/Screens/AccountFormView.swift /Users/yutaro/project-profit-ios/ProjectProfit/Views/Components/AccountPickerView.swift /Users/yutaro/project-profit-ios/ProjectProfit/Application/UseCases/App/AccountingBookReadModelQueries.swift /Users/yutaro/project-profit-ios/ProjectProfit/Services/AccountingBootstrapService.swift /Users/yutaro/project-profit-ios/ProjectProfit/Services/AccountingConstants.swift /Users/yutaro/project-profit-ios/ProjectProfit/Services/AccountingEngine.swift /Users/yutaro/project-profit-ios/ProjectProfit/Models/AccountingEnums.swift /Users/yutaro/project-profit-ios/ProjectProfit/Views/Accounting/AccountingPlaceholders.swift /Users/yutaro/project-profit-ios/ProjectProfit/Application/UseCases/App/AccountingReadSupport.swift /Users/yutaro/project-profit-ios/ProjectProfit/Models/AccountingReportModels.swift /Users/yutaro/project-profit-ios/ProjectProfit/Services/AccountingReportService.swift /Users/yutaro/project-profit-ios/ProjectProfit/ViewModels/AccountingReportViewModel.swift /Users/yutaro/project-profit-ios/ProjectProfit/Core/Domain/Distribution/AllocationCalculator.swift /Users/yutaro/project-profit-ios/ProjectProfit/Application/UseCases/App/AppBootstrapWorkflowUseCase.swift /Users/yutaro/project-profit-ios/ProjectProfit/Utilities/AppColors.swift /Users/yutaro/project-profit-ios/ProjectProfit/Services/AppError.swift /Users/yutaro/project-profit-ios/ProjectProfit/Application/UseCases/App/AppShellWorkflowUseCase.swift /Users/yutaro/project-profit-ios/ProjectProfit/Infrastructure/FileStorage/AppSnapshotModels.swift /Users/yutaro/project-profit-ios/ProjectProfit/Application/UseCases/Posting/ApprovalQueueQueryUseCase.swift /Users/yutaro/project-profit-ios/ProjectProfit/Core/Domain/Posting/ApprovalQueueRepository.swift /Users/yutaro/project-profit-ios/ProjectProfit/Features/ApprovalQueue/ApprovalQueueView.swift /Users/yutaro/project-profit-ios/ProjectProfit/Application/UseCases/Posting/ApprovalQueueWorkflowUseCase.swift /Users/yutaro/project-profit-ios/ProjectProfit/Core/Domain/Posting/ApprovalRequest.swift /Users/yutaro/project-profit-ios/ProjectProfit/Infrastructure/Persistence/SwiftData/Entities/ApprovalRequestEntity.swift /Users/yutaro/project-profit-ios/ProjectProfit/Application/Mappers/ApprovalRequestEntityMapper.swift (in target 'ProjectProfit' from project 'ProjectProfit')

SwiftCompile normal arm64 /Users/yutaro/project-profit-ios/ProjectProfit/Features/Masters/Accounts/Presentation/Screens/AccountFormView.swift (in target 'ProjectProfit' from project 'ProjectProfit')
    cd /Users/yutaro/project-profit-ios
    

SwiftCompile normal arm64 /Users/yutaro/project-profit-ios/ProjectProfit/Views/Components/AccountPickerView.swift (in target 'ProjectProfit' from project 'ProjectProfit')
    cd /Users/yutaro/project-profit-ios
    

SwiftCompile normal arm64 /Users/yutaro/project-profit-ios/ProjectProfit/Application/UseCases/App/AccountingBookReadModelQueries.swift (in target 'ProjectProfit' from project 'ProjectProfit')
    cd /Users/yutaro/project-profit-ios
    

SwiftCompile normal arm64 /Users/yutaro/project-profit-ios/ProjectProfit/Services/AccountingBootstrapService.swift (in target 'ProjectProfit' from project 'ProjectProfit')
    cd /Users/yutaro/project-profit-ios
    

SwiftCompile normal arm64 /Users/yutaro/project-profit-ios/ProjectProfit/Services/AccountingConstants.swift (in target 'ProjectProfit' from project 'ProjectProfit')
    cd /Users/yutaro/project-profit-ios
    

SwiftCompile normal arm64 /Users/yutaro/project-profit-ios/ProjectProfit/Services/AccountingEngine.swift (in target 'ProjectProfit' from project 'ProjectProfit')
    cd /Users/yutaro/project-profit-ios
    

SwiftCompile normal arm64 /Users/yutaro/project-profit-ios/ProjectProfit/Models/AccountingEnums.swift (in target 'ProjectProfit' from project 'ProjectProfit')
    cd /Users/yutaro/project-profit-ios
    

SwiftCompile normal arm64 /Users/yutaro/project-profit-ios/ProjectProfit/Views/Accounting/AccountingPlaceholders.swift (in target 'ProjectProfit' from project 'ProjectProfit')
    cd /Users/yutaro/project-profit-ios
    

SwiftCompile normal arm64 /Users/yutaro/project-profit-ios/ProjectProfit/Application/UseCases/App/AccountingReadSupport.swift (in target 'ProjectProfit' from project 'ProjectProfit')
    cd /Users/yutaro/project-profit-ios
    

SwiftCompile normal arm64 /Users/yutaro/project-profit-ios/ProjectProfit/Models/AccountingReportModels.swift (in target 'ProjectProfit' from project 'ProjectProfit')
    cd /Users/yutaro/project-profit-ios
    

SwiftCompile normal arm64 /Users/yutaro/project-profit-ios/ProjectProfit/Services/AccountingReportService.swift (in target 'ProjectProfit' from project 'ProjectProfit')
    cd /Users/yutaro/project-profit-ios
    

SwiftCompile normal arm64 /Users/yutaro/project-profit-ios/ProjectProfit/ViewModels/AccountingReportViewModel.swift (in target 'ProjectProfit' from project 'ProjectProfit')
    cd /Users/yutaro/project-profit-ios
    

SwiftCompile normal arm64 /Users/yutaro/project-profit-ios/ProjectProfit/Core/Domain/Distribution/AllocationCalculator.swift (in target 'ProjectProfit' from project 'ProjectProfit')
    cd /Users/yutaro/project-profit-ios
    

SwiftCompile normal arm64 /Users/yutaro/project-profit-ios/ProjectProfit/Application/UseCases/App/AppBootstrapWorkflowUseCase.swift (in target 'ProjectProfit' from project 'ProjectProfit')
    cd /Users/yutaro/project-profit-ios
    

SwiftCompile normal arm64 /Users/yutaro/project-profit-ios/ProjectProfit/Utilities/AppColors.swift (in target 'ProjectProfit' from project 'ProjectProfit')
    cd /Users/yutaro/project-profit-ios
    

SwiftCompile normal arm64 /Users/yutaro/project-profit-ios/ProjectProfit/Services/AppError.swift (in target 'ProjectProfit' from project 'ProjectProfit')
    cd /Users/yutaro/project-profit-ios
    

SwiftCompile normal arm64 /Users/yutaro/project-profit-ios/ProjectProfit/Application/UseCases/App/AppShellWorkflowUseCase.swift (in target 'ProjectProfit' from project 'ProjectProfit')
    cd /Users/yutaro/project-profit-ios
    

SwiftCompile normal arm64 /Users/yutaro/project-profit-ios/ProjectProfit/Infrastructure/FileStorage/AppSnapshotModels.swift (in target 'ProjectProfit' from project 'ProjectProfit')
    cd /Users/yutaro/project-profit-ios
    
/Users/yutaro/project-profit-ios/ProjectProfit/Infrastructure/FileStorage/AppSnapshotModels.swift:95:30: warning: 'LegacyAccountingProfileSnapshot' is deprecated: Legacy profile snapshots are restore-compat only. New backups must use canonical profiles.
    var accountingProfiles: [LegacyAccountingProfileSnapshot]
                             ^

SwiftCompile normal arm64 /Users/yutaro/project-profit-ios/ProjectProfit/Application/UseCases/Posting/ApprovalQueueQueryUseCase.swift (in target 'ProjectProfit' from project 'ProjectProfit')
    cd /Users/yutaro/project-profit-ios
    

SwiftCompile normal arm64 /Users/yutaro/project-profit-ios/ProjectProfit/Core/Domain/Posting/ApprovalQueueRepository.swift (in target 'ProjectProfit' from project 'ProjectProfit')
    cd /Users/yutaro/project-profit-ios
    

SwiftCompile normal arm64 /Users/yutaro/project-profit-ios/ProjectProfit/Features/ApprovalQueue/ApprovalQueueView.swift (in target 'ProjectProfit' from project 'ProjectProfit')
    cd /Users/yutaro/project-profit-ios
    

SwiftCompile normal arm64 /Users/yutaro/project-profit-ios/ProjectProfit/Application/UseCases/Posting/ApprovalQueueWorkflowUseCase.swift (in target 'ProjectProfit' from project 'ProjectProfit')
    cd /Users/yutaro/project-profit-ios
    

SwiftCompile normal arm64 /Users/yutaro/project-profit-ios/ProjectProfit/Core/Domain/Posting/ApprovalRequest.swift (in target 'ProjectProfit' from project 'ProjectProfit')
    cd /Users/yutaro/project-profit-ios
    

SwiftCompile normal arm64 /Users/yutaro/project-profit-ios/ProjectProfit/Infrastructure/Persistence/SwiftData/Entities/ApprovalRequestEntity.swift (in target 'ProjectProfit' from project 'ProjectProfit')
    cd /Users/yutaro/project-profit-ios
    

SwiftCompile normal arm64 /Users/yutaro/project-profit-ios/ProjectProfit/Application/Mappers/ApprovalRequestEntityMapper.swift (in target 'ProjectProfit' from project 'ProjectProfit')
    cd /Users/yutaro/project-profit-ios
    

SwiftCompile normal arm64 Compiling\ DistributionBasis.swift,\ DistributionRule.swift,\ DistributionRuleBuilder.swift,\ DistributionRuleEntity.swift,\ DistributionRuleEntityMapper.swift,\ DistributionScope.swift,\ DistributionTemplateApplicationUseCase.swift,\ DistributionTemplateListView.swift,\ DistributionTemplateManagementQueryUseCase.swift,\ DistributionTemplateRepository.swift,\ DistributionTemplateSettingsView.swift,\ DistributionTemplateUseCase.swift,\ DocumentRepository.swift,\ DocumentWorkflowUseCase.swift,\ ElectronicBookLevel.swift,\ EtaxCharacterValidator.swift,\ EtaxExportView.swift,\ EtaxExportViewModel.swift,\ EtaxFieldPopulator.swift,\ EtaxFormPreviewView.swift,\ EtaxModels.swift,\ EtaxXtxExporter.swift,\ EvidenceCatalogUseCase.swift,\ EvidenceDocument.swift,\ EvidenceInboxQueryUseCase.swift /Users/yutaro/project-profit-ios/ProjectProfit/Core/Domain/Distribution/DistributionBasis.swift /Users/yutaro/project-profit-ios/ProjectProfit/Core/Domain/Distribution/DistributionRule.swift /Users/yutaro/project-profit-ios/ProjectProfit/Application/UseCases/Distribution/DistributionRuleBuilder.swift /Users/yutaro/project-profit-ios/ProjectProfit/Infrastructure/Persistence/SwiftData/Entities/DistributionRuleEntity.swift /Users/yutaro/project-profit-ios/ProjectProfit/Application/Mappers/DistributionRuleEntityMapper.swift /Users/yutaro/project-profit-ios/ProjectProfit/Core/Domain/Distribution/DistributionScope.swift /Users/yutaro/project-profit-ios/ProjectProfit/Application/UseCases/Distribution/DistributionTemplateApplicationUseCase.swift /Users/yutaro/project-profit-ios/ProjectProfit/Features/Masters/DistributionTemplates/Presentation/Screens/DistributionTemplateListView.swift /Users/yutaro/project-profit-ios/ProjectProfit/Application/UseCases/Distribution/DistributionTemplateManagementQueryUseCase.swift /Users/yutaro/project-profit-ios/ProjectProfit/Core/Domain/Distribution/DistributionTemplateRepository.swift /Users/yutaro/project-profit-ios/ProjectProfit/Views/Settings/DistributionTemplateSettingsView.swift /Users/yutaro/project-profit-ios/ProjectProfit/Application/UseCases/Distribution/DistributionTemplateUseCase.swift /Users/yutaro/project-profit-ios/ProjectProfit/Core/Domain/Documents/DocumentRepository.swift /Users/yutaro/project-profit-ios/ProjectProfit/Application/UseCases/Documents/DocumentWorkflowUseCase.swift /Users/yutaro/project-profit-ios/ProjectProfit/Core/Domain/TaxYear/ElectronicBookLevel.swift /Users/yutaro/project-profit-ios/ProjectProfit/Services/EtaxCharacterValidator.swift /Users/yutaro/project-profit-ios/ProjectProfit/Views/Accounting/EtaxExportView.swift /Users/yutaro/project-profit-ios/ProjectProfit/ViewModels/EtaxExportViewModel.swift /Users/yutaro/project-profit-ios/ProjectProfit/Services/EtaxFieldPopulator.swift /Users/yutaro/project-profit-ios/ProjectProfit/Views/Accounting/EtaxFormPreviewView.swift /Users/yutaro/project-profit-ios/ProjectProfit/Models/EtaxModels.swift /Users/yutaro/project-profit-ios/ProjectProfit/Services/EtaxXtxExporter.swift /Users/yutaro/project-profit-ios/ProjectProfit/Application/UseCases/Evidence/EvidenceCatalogUseCase.swift /Users/yutaro/project-profit-ios/ProjectProfit/Core/Domain/Evidence/EvidenceDocument.swift /Users/yutaro/project-profit-ios/ProjectProfit/Application/UseCases/Evidence/EvidenceInboxQueryUseCase.swift (in target 'ProjectProfit' from project 'ProjectProfit')

SwiftCompile normal arm64 /Users/yutaro/project-profit-ios/ProjectProfit/Core/Domain/Distribution/DistributionBasis.swift (in target 'ProjectProfit' from project 'ProjectProfit')
    cd /Users/yutaro/project-profit-ios
    

SwiftCompile normal arm64 /Users/yutaro/project-profit-ios/ProjectProfit/Core/Domain/Distribution/DistributionRule.swift (in target 'ProjectProfit' from project 'ProjectProfit')
    cd /Users/yutaro/project-profit-ios
    

SwiftCompile normal arm64 /Users/yutaro/project-profit-ios/ProjectProfit/Application/UseCases/Distribution/DistributionRuleBuilder.swift (in target 'ProjectProfit' from project 'ProjectProfit')
    cd /Users/yutaro/project-profit-ios
    

SwiftCompile normal arm64 /Users/yutaro/project-profit-ios/ProjectProfit/Infrastructure/Persistence/SwiftData/Entities/DistributionRuleEntity.swift (in target 'ProjectProfit' from project 'ProjectProfit')
    cd /Users/yutaro/project-profit-ios
    

SwiftCompile normal arm64 /Users/yutaro/project-profit-ios/ProjectProfit/Application/Mappers/DistributionRuleEntityMapper.swift (in target 'ProjectProfit' from project 'ProjectProfit')
    cd /Users/yutaro/project-profit-ios
    

SwiftCompile normal arm64 /Users/yutaro/project-profit-ios/ProjectProfit/Core/Domain/Distribution/DistributionScope.swift (in target 'ProjectProfit' from project 'ProjectProfit')
    cd /Users/yutaro/project-profit-ios
    

SwiftCompile normal arm64 /Users/yutaro/project-profit-ios/ProjectProfit/Application/UseCases/Distribution/DistributionTemplateApplicationUseCase.swift (in target 'ProjectProfit' from project 'ProjectProfit')
    cd /Users/yutaro/project-profit-ios
    

SwiftCompile normal arm64 /Users/yutaro/project-profit-ios/ProjectProfit/Features/Masters/DistributionTemplates/Presentation/Screens/DistributionTemplateListView.swift (in target 'ProjectProfit' from project 'ProjectProfit')
    cd /Users/yutaro/project-profit-ios
    

SwiftCompile normal arm64 /Users/yutaro/project-profit-ios/ProjectProfit/Application/UseCases/Distribution/DistributionTemplateManagementQueryUseCase.swift (in target 'ProjectProfit' from project 'ProjectProfit')
    cd /Users/yutaro/project-profit-ios
    

SwiftCompile normal arm64 /Users/yutaro/project-profit-ios/ProjectProfit/Core/Domain/Distribution/DistributionTemplateRepository.swift (in target 'ProjectProfit' from project 'ProjectProfit')
    cd /Users/yutaro/project-profit-ios
    

SwiftCompile normal arm64 /Users/yutaro/project-profit-ios/ProjectProfit/Views/Settings/DistributionTemplateSettingsView.swift (in target 'ProjectProfit' from project 'ProjectProfit')
    cd /Users/yutaro/project-profit-ios
    

SwiftCompile normal arm64 /Users/yutaro/project-profit-ios/ProjectProfit/Application/UseCases/Distribution/DistributionTemplateUseCase.swift (in target 'ProjectProfit' from project 'ProjectProfit')
    cd /Users/yutaro/project-profit-ios
    

SwiftCompile normal arm64 /Users/yutaro/project-profit-ios/ProjectProfit/Core/Domain/Documents/DocumentRepository.swift (in target 'ProjectProfit' from project 'ProjectProfit')
    cd /Users/yutaro/project-profit-ios
    

SwiftCompile normal arm64 /Users/yutaro/project-profit-ios/ProjectProfit/Application/UseCases/Documents/DocumentWorkflowUseCase.swift (in target 'ProjectProfit' from project 'ProjectProfit')
    cd /Users/yutaro/project-profit-ios
    

SwiftCompile normal arm64 /Users/yutaro/project-profit-ios/ProjectProfit/Core/Domain/TaxYear/ElectronicBookLevel.swift (in target 'ProjectProfit' from project 'ProjectProfit')
    cd /Users/yutaro/project-profit-ios
    

SwiftCompile normal arm64 /Users/yutaro/project-profit-ios/ProjectProfit/Services/EtaxCharacterValidator.swift (in target 'ProjectProfit' from project 'ProjectProfit')
    cd /Users/yutaro/project-profit-ios
    

SwiftCompile normal arm64 /Users/yutaro/project-profit-ios/ProjectProfit/Views/Accounting/EtaxExportView.swift (in target 'ProjectProfit' from project 'ProjectProfit')
    cd /Users/yutaro/project-profit-ios
    

SwiftCompile normal arm64 /Users/yutaro/project-profit-ios/ProjectProfit/ViewModels/EtaxExportViewModel.swift (in target 'ProjectProfit' from project 'ProjectProfit')
    cd /Users/yutaro/project-profit-ios
    

SwiftCompile normal arm64 /Users/yutaro/project-profit-ios/ProjectProfit/Services/EtaxFieldPopulator.swift (in target 'ProjectProfit' from project 'ProjectProfit')
    cd /Users/yutaro/project-profit-ios
    

SwiftCompile normal arm64 /Users/yutaro/project-profit-ios/ProjectProfit/Views/Accounting/EtaxFormPreviewView.swift (in target 'ProjectProfit' from project 'ProjectProfit')
    cd /Users/yutaro/project-profit-ios
    

SwiftCompile normal arm64 /Users/yutaro/project-profit-ios/ProjectProfit/Models/EtaxModels.swift (in target 'ProjectProfit' from project 'ProjectProfit')
    cd /Users/yutaro/project-profit-ios
    

SwiftCompile normal arm64 /Users/yutaro/project-profit-ios/ProjectProfit/Services/EtaxXtxExporter.swift (in target 'ProjectProfit' from project 'ProjectProfit')
    cd /Users/yutaro/project-profit-ios
    

SwiftCompile normal arm64 /Users/yutaro/project-profit-ios/ProjectProfit/Application/UseCases/Evidence/EvidenceCatalogUseCase.swift (in target 'ProjectProfit' from project 'ProjectProfit')
    cd /Users/yutaro/project-profit-ios
    

SwiftCompile normal arm64 /Users/yutaro/project-profit-ios/ProjectProfit/Core/Domain/Evidence/EvidenceDocument.swift (in target 'ProjectProfit' from project 'ProjectProfit')
    cd /Users/yutaro/project-profit-ios
    

SwiftCompile normal arm64 /Users/yutaro/project-profit-ios/ProjectProfit/Application/UseCases/Evidence/EvidenceInboxQueryUseCase.swift (in target 'ProjectProfit' from project 'ProjectProfit')
    cd /Users/yutaro/project-profit-ios
    

SwiftCompile normal arm64 Compiling\ ConsumptionTaxWorksheet.swift,\ ContentView.swift,\ Counterparty.swift,\ CounterpartyEntity.swift,\ CounterpartyEntityMapper.swift,\ CounterpartyFormView.swift,\ CounterpartyListView.swift,\ CounterpartyMasterUseCase.swift,\ CounterpartyRepository.swift,\ CurrencyText.swift,\ DashboardView.swift,\ DashboardViewModel.swift,\ DataRevisionQueryUseCase.swift,\ DataRevisionRepository.swift,\ DataStore+Accounting.swift,\ DataStore+Documents.swift,\ DataStore+FixedAsset.swift,\ DataStore+Inventory.swift,\ DataStore+MonthlySummary.swift,\ DataStore+ProfileMigration.swift,\ DataStore+SubLedger.swift,\ DataStore+YearLock.swift,\ DataStore.swift,\ DepreciationEngine.swift,\ DepreciationScheduleBuilder.swift /Users/yutaro/project-profit-ios/ProjectProfit/Core/Domain/Tax/ConsumptionTaxWorksheet.swift /Users/yutaro/project-profit-ios/ProjectProfit/Views/ContentView.swift /Users/yutaro/project-profit-ios/ProjectProfit/Core/Domain/Counterparties/Counterparty.swift /Users/yutaro/project-profit-ios/ProjectProfit/Infrastructure/Persistence/SwiftData/Entities/CounterpartyEntity.swift /Users/yutaro/project-profit-ios/ProjectProfit/Application/Mappers/CounterpartyEntityMapper.swift /Users/yutaro/project-profit-ios/ProjectProfit/Features/Masters/Counterparties/Presentation/Screens/CounterpartyFormView.swift /Users/yutaro/project-profit-ios/ProjectProfit/Features/Masters/Counterparties/Presentation/Screens/CounterpartyListView.swift /Users/yutaro/project-profit-ios/ProjectProfit/Application/UseCases/Masters/CounterpartyMasterUseCase.swift /Users/yutaro/project-profit-ios/ProjectProfit/Core/Domain/Counterparties/CounterpartyRepository.swift /Users/yutaro/project-profit-ios/ProjectProfit/Utilities/CurrencyText.swift /Users/yutaro/project-profit-ios/ProjectProfit/Views/Dashboard/DashboardView.swift /Users/yutaro/project-profit-ios/ProjectProfit/ViewModels/DashboardViewModel.swift /Users/yutaro/project-profit-ios/ProjectProfit/Application/UseCases/App/DataRevisionQueryUseCase.swift /Users/yutaro/project-profit-ios/ProjectProfit/Core/Domain/App/DataRevisionRepository.swift /Users/yutaro/project-profit-ios/ProjectProfit/Services/DataStore+Accounting.swift /Users/yutaro/project-profit-ios/ProjectProfit/Services/DataStore+Documents.swift /Users/yutaro/project-profit-ios/ProjectProfit/Services/DataStore+FixedAsset.swift /Users/yutaro/project-profit-ios/ProjectProfit/Services/DataStore+Inventory.swift /Users/yutaro/project-profit-ios/ProjectProfit/Services/DataStore+MonthlySummary.swift /Users/yutaro/project-profit-ios/ProjectProfit/Services/DataStore+ProfileMigration.swift /Users/yutaro/project-profit-ios/ProjectProfit/Services/DataStore+SubLedger.swift /Users/yutaro/project-profit-ios/ProjectProfit/Services/DataStore+YearLock.swift /Users/yutaro/project-profit-ios/ProjectProfit/Services/DataStore.swift /Users/yutaro/project-profit-ios/ProjectProfit/Services/DepreciationEngine.swift /Users/yutaro/project-profit-ios/ProjectProfit/Services/DepreciationScheduleBuilder.swift (in target 'ProjectProfit' from project 'ProjectProfit')

SwiftCompile normal arm64 /Users/yutaro/project-profit-ios/ProjectProfit/Core/Domain/Tax/ConsumptionTaxWorksheet.swift (in target 'ProjectProfit' from project 'ProjectProfit')
    cd /Users/yutaro/project-profit-ios
    

SwiftCompile normal arm64 /Users/yutaro/project-profit-ios/ProjectProfit/Views/ContentView.swift (in target 'ProjectProfit' from project 'ProjectProfit')
    cd /Users/yutaro/project-profit-ios
    

SwiftCompile normal arm64 /Users/yutaro/project-profit-ios/ProjectProfit/Core/Domain/Counterparties/Counterparty.swift (in target 'ProjectProfit' from project 'ProjectProfit')
    cd /Users/yutaro/project-profit-ios
    

SwiftCompile normal arm64 /Users/yutaro/project-profit-ios/ProjectProfit/Infrastructure/Persistence/SwiftData/Entities/CounterpartyEntity.swift (in target 'ProjectProfit' from project 'ProjectProfit')
    cd /Users/yutaro/project-profit-ios
    

SwiftCompile normal arm64 /Users/yutaro/project-profit-ios/ProjectProfit/Application/Mappers/CounterpartyEntityMapper.swift (in target 'ProjectProfit' from project 'ProjectProfit')
    cd /Users/yutaro/project-profit-ios
    

SwiftCompile normal arm64 /Users/yutaro/project-profit-ios/ProjectProfit/Features/Masters/Counterparties/Presentation/Screens/CounterpartyFormView.swift (in target 'ProjectProfit' from project 'ProjectProfit')
    cd /Users/yutaro/project-profit-ios
    

SwiftCompile normal arm64 /Users/yutaro/project-profit-ios/ProjectProfit/Features/Masters/Counterparties/Presentation/Screens/CounterpartyListView.swift (in target 'ProjectProfit' from project 'ProjectProfit')
    cd /Users/yutaro/project-profit-ios
    

SwiftCompile normal arm64 /Users/yutaro/project-profit-ios/ProjectProfit/Application/UseCases/Masters/CounterpartyMasterUseCase.swift (in target 'ProjectProfit' from project 'ProjectProfit')
    cd /Users/yutaro/project-profit-ios
    

SwiftCompile normal arm64 /Users/yutaro/project-profit-ios/ProjectProfit/Core/Domain/Counterparties/CounterpartyRepository.swift (in target 'ProjectProfit' from project 'ProjectProfit')
    cd /Users/yutaro/project-profit-ios
    

SwiftCompile normal arm64 /Users/yutaro/project-profit-ios/ProjectProfit/Utilities/CurrencyText.swift (in target 'ProjectProfit' from project 'ProjectProfit')
    cd /Users/yutaro/project-profit-ios
    

SwiftCompile normal arm64 /Users/yutaro/project-profit-ios/ProjectProfit/Views/Dashboard/DashboardView.swift (in target 'ProjectProfit' from project 'ProjectProfit')
    cd /Users/yutaro/project-profit-ios
    

SwiftCompile normal arm64 /Users/yutaro/project-profit-ios/ProjectProfit/ViewModels/DashboardViewModel.swift (in target 'ProjectProfit' from project 'ProjectProfit')
    cd /Users/yutaro/project-profit-ios
    

SwiftCompile normal arm64 /Users/yutaro/project-profit-ios/ProjectProfit/Application/UseCases/App/DataRevisionQueryUseCase.swift (in target 'ProjectProfit' from project 'ProjectProfit')
    cd /Users/yutaro/project-profit-ios
    

SwiftCompile normal arm64 /Users/yutaro/project-profit-ios/ProjectProfit/Core/Domain/App/DataRevisionRepository.swift (in target 'ProjectProfit' from project 'ProjectProfit')
    cd /Users/yutaro/project-profit-ios
    

SwiftCompile normal arm64 /Users/yutaro/project-profit-ios/ProjectProfit/Services/DataStore+Accounting.swift (in target 'ProjectProfit' from project 'ProjectProfit')
    cd /Users/yutaro/project-profit-ios
    

SwiftCompile normal arm64 /Users/yutaro/project-profit-ios/ProjectProfit/Services/DataStore+Documents.swift (in target 'ProjectProfit' from project 'ProjectProfit')
    cd /Users/yutaro/project-profit-ios
    

SwiftCompile normal arm64 /Users/yutaro/project-profit-ios/ProjectProfit/Services/DataStore+FixedAsset.swift (in target 'ProjectProfit' from project 'ProjectProfit')
    cd /Users/yutaro/project-profit-ios
    

SwiftCompile normal arm64 /Users/yutaro/project-profit-ios/ProjectProfit/Services/DataStore+Inventory.swift (in target 'ProjectProfit' from project 'ProjectProfit')
    cd /Users/yutaro/project-profit-ios
    

SwiftCompile normal arm64 /Users/yutaro/project-profit-ios/ProjectProfit/Services/DataStore+MonthlySummary.swift (in target 'ProjectProfit' from project 'ProjectProfit')
    cd /Users/yutaro/project-profit-ios
    

SwiftCompile normal arm64 /Users/yutaro/project-profit-ios/ProjectProfit/Services/DataStore+ProfileMigration.swift (in target 'ProjectProfit' from project 'ProjectProfit')
    cd /Users/yutaro/project-profit-ios
    

SwiftCompile normal arm64 /Users/yutaro/project-profit-ios/ProjectProfit/Services/DataStore+SubLedger.swift (in target 'ProjectProfit' from project 'ProjectProfit')
    cd /Users/yutaro/project-profit-ios
    

SwiftCompile normal arm64 /Users/yutaro/project-profit-ios/ProjectProfit/Services/DataStore+YearLock.swift (in target 'ProjectProfit' from project 'ProjectProfit')
    cd /Users/yutaro/project-profit-ios
    

SwiftCompile normal arm64 /Users/yutaro/project-profit-ios/ProjectProfit/Services/DataStore.swift (in target 'ProjectProfit' from project 'ProjectProfit')
    cd /Users/yutaro/project-profit-ios
    

SwiftCompile normal arm64 /Users/yutaro/project-profit-ios/ProjectProfit/Services/DepreciationEngine.swift (in target 'ProjectProfit' from project 'ProjectProfit')
    cd /Users/yutaro/project-profit-ios
    

SwiftCompile normal arm64 /Users/yutaro/project-profit-ios/ProjectProfit/Services/DepreciationScheduleBuilder.swift (in target 'ProjectProfit' from project 'ProjectProfit')
    cd /Users/yutaro/project-profit-ios
    

LinkAssetCatalog /Users/yutaro/project-profit-ios/ProjectProfit/Assets.xcassets /Users/yutaro/project-profit-ios/ProjectProfit/Preview\ Content/Preview\ Assets.xcassets (in target 'ProjectProfit' from project 'ProjectProfit')
    cd /Users/yutaro/project-profit-ios
    builtin-linkAssetCatalog --thinned /Users/yutaro/project-profit-ios/artifacts/release-quality/canonical-e2e/DerivedData/Build/Intermediates.noindex/ProjectProfit.build/Debug-iphonesimulator/ProjectProfit.build/assetcatalog_output/thinned --thinned-dependencies /Users/yutaro/project-profit-ios/artifacts/release-quality/canonical-e2e/DerivedData/Build/Intermediates.noindex/ProjectProfit.build/Debug-iphonesimulator/ProjectProfit.build/assetcatalog_dependencies_thinned --thinned-info-plist-content /Users/yutaro/project-profit-ios/artifacts/release-quality/canonical-e2e/DerivedData/Build/Intermediates.noindex/ProjectProfit.build/Debug-iphonesimulator/ProjectProfit.build/assetcatalog_generated_info.plist_thinned --unthinned /Users/yutaro/project-profit-ios/artifacts/release-quality/canonical-e2e/DerivedData/Build/Intermediates.noindex/ProjectProfit.build/Debug-iphonesimulator/ProjectProfit.build/assetcatalog_output/unthinned --unthinned-dependencies /Users/yutaro/project-profit-ios/artifacts/release-quality/canonical-e2e/DerivedData/Build/Intermediates.noindex/ProjectProfit.build/Debug-iphonesimulator/ProjectProfit.build/assetcatalog_dependencies_unthinned --unthinned-info-plist-content /Users/yutaro/project-profit-ios/artifacts/release-quality/canonical-e2e/DerivedData/Build/Intermediates.noindex/ProjectProfit.build/Debug-iphonesimulator/ProjectProfit.build/assetcatalog_generated_info.plist_unthinned --output /Users/yutaro/project-profit-ios/artifacts/release-quality/canonical-e2e/DerivedData/Build/Products/Debug-iphonesimulator/ProjectProfit.app --plist-output /Users/yutaro/project-profit-ios/artifacts/release-quality/canonical-e2e/DerivedData/Build/Intermediates.noindex/ProjectProfit.build/Debug-iphonesimulator/ProjectProfit.build/assetcatalog_generated_info.plist
note: Emplaced /Users/yutaro/project-profit-ios/artifacts/release-quality/canonical-e2e/DerivedData/Build/Products/Debug-iphonesimulator/ProjectProfit.app/Assets.car (in target 'ProjectProfit' from project 'ProjectProfit')

SwiftDriverJobDiscovery normal arm64 Emitting module for ProjectProfit (in target 'ProjectProfit' from project 'ProjectProfit')

SwiftDriver\ Compilation\ Requirements ProjectProfit normal arm64 com.apple.xcode.tools.swift.compiler (in target 'ProjectProfit' from project 'ProjectProfit')
    cd /Users/yutaro/project-profit-ios
    builtin-Swift-Compilation-Requirements -- /Applications/Xcode-26.3.app/Contents/Developer/Toolchains/XcodeDefault.xctoolchain/usr/bin/swiftc -module-name ProjectProfit -Onone -enforce-exclusivity\=checked @/Users/yutaro/project-profit-ios/artifacts/release-quality/canonical-e2e/DerivedData/Build/Intermediates.noindex/ProjectProfit.build/Debug-iphonesimulator/ProjectProfit.build/Objects-normal/arm64/ProjectProfit.SwiftFileList -DDEBUG -Xcc -fmodule-map-file\=/Users/yutaro/project-profit-ios/artifacts/release-quality/canonical-e2e/DerivedData/Build/Intermediates.noindex/GeneratedModuleMaps-iphonesimulator/libxlsxwriter.modulemap -Xfrontend -solver-expression-time-threshold\=60 -enable-bare-slash-regex -enable-experimental-feature DebugDescriptionMacro -sdk /Applications/Xcode-26.3.app/Contents/Developer/Platforms/iPhoneSimulator.platform/Developer/SDKs/iPhoneSimulator26.2.sdk -target arm64-apple-ios17.0-simulator -g -module-cache-path /Users/yutaro/project-profit-ios/artifacts/release-quality/canonical-e2e/DerivedData/ModuleCache.noindex -Xfrontend -serialize-debugging-options -profile-coverage-mapping -profile-generate -enable-testing -index-store-path /Users/yutaro/project-profit-ios/artifacts/release-quality/canonical-e2e/DerivedData/Index.noindex/DataStore -Xcc -D_LIBCPP_HARDENING_MODE\=_LIBCPP_HARDENING_MODE_DEBUG -swift-version 5 -I /Users/yutaro/project-profit-ios/artifacts/release-quality/canonical-e2e/DerivedData/Build/Products/Debug-iphonesimulator -I /Users/yutaro/project-profit-ios/ProjectProfit/Ledger/Bridge/xlsxwriter -F /Users/yutaro/project-profit-ios/artifacts/release-quality/canonical-e2e/DerivedData/Build/Products/Debug-iphonesimulator/PackageFrameworks -F /Users/yutaro/project-profit-ios/artifacts/release-quality/canonical-e2e/DerivedData/Build/Products/Debug-iphonesimulator -c -j8 -enable-batch-mode -incremental -Xcc -ivfsstatcache -Xcc /Users/yutaro/project-profit-ios/artifacts/release-quality/canonical-e2e/DerivedData/SDKStatCaches.noindex/iphonesimulator26.2-23C57-91db6bf2b9df79783d042ed3cc29a58e.sdkstatcache -output-file-map /Users/yutaro/project-profit-ios/artifacts/release-quality/canonical-e2e/DerivedData/Build/Intermediates.noindex/ProjectProfit.build/Debug-iphonesimulator/ProjectProfit.build/Objects-normal/arm64/ProjectProfit-OutputFileMap.json -use-frontend-parseable-output -save-temps -no-color-diagnostics -explicit-module-build -module-cache-path /Users/yutaro/project-profit-ios/artifacts/release-quality/canonical-e2e/DerivedData/Build/Intermediates.noindex/SwiftExplicitPrecompiledModules -clang-scanner-module-cache-path /Users/yutaro/project-profit-ios/artifacts/release-quality/canonical-e2e/DerivedData/ModuleCache.noindex -sdk-module-cache-path /Users/yutaro/project-profit-ios/artifacts/release-quality/canonical-e2e/DerivedData/ModuleCache.noindex -serialize-diagnostics -emit-dependencies -emit-module -emit-module-path /Users/yutaro/project-profit-ios/artifacts/release-quality/canonical-e2e/DerivedData/Build/Intermediates.noindex/ProjectProfit.build/Debug-iphonesimulator/ProjectProfit.build/Objects-normal/arm64/ProjectProfit.swiftmodule -validate-clang-modules-once -clang-build-session-file /Users/yutaro/project-profit-ios/artifacts/release-quality/canonical-e2e/DerivedData/ModuleCache.noindex/Session.modulevalidation -Xcc -I/Users/yutaro/project-profit-ios/artifacts/release-quality/canonical-e2e/DerivedData/Build/Intermediates.noindex/ProjectProfit.build/Debug-iphonesimulator/ProjectProfit.build/swift-overrides.hmap -emit-const-values -Xfrontend -const-gather-protocols-file -Xfrontend /Users/yutaro/project-profit-ios/artifacts/release-quality/canonical-e2e/DerivedData/Build/Intermediates.noindex/ProjectProfit.build/Debug-iphonesimulator/ProjectProfit.build/Objects-normal/arm64/ProjectProfit_const_extract_protocols.json -Xcc -iquote -Xcc /Users/yutaro/project-profit-ios/artifacts/release-quality/canonical-e2e/DerivedData/Build/Intermediates.noindex/ProjectProfit.build/Debug-iphonesimulator/ProjectProfit.build/ProjectProfit-generated-files.hmap -Xcc -I/Users/yutaro/project-profit-ios/artifacts/release-quality/canonical-e2e/DerivedData/Build/Intermediates.noindex/ProjectProfit.build/Debug-iphonesimulator/ProjectProfit.build/ProjectProfit-own-target-headers.hmap -Xcc -I/Users/yutaro/project-profit-ios/artifacts/release-quality/canonical-e2e/DerivedData/Build/Intermediates.noindex/ProjectProfit.build/Debug-iphonesimulator/ProjectProfit.build/ProjectProfit-all-non-framework-target-headers.hmap -Xcc -ivfsoverlay -Xcc /Users/yutaro/project-profit-ios/artifacts/release-quality/canonical-e2e/DerivedData/Build/Intermediates.noindex/ProjectProfit.build/Debug-iphonesimulator/ProjectProfit-bc30635a8cb06e5d3ecf94d8d93f544c-VFS-iphonesimulator/all-product-headers.yaml -Xcc -iquote -Xcc /Users/yutaro/project-profit-ios/artifacts/release-quality/canonical-e2e/DerivedData/Build/Intermediates.noindex/ProjectProfit.build/Debug-iphonesimulator/ProjectProfit.build/ProjectProfit-project-headers.hmap -Xcc -I/Users/yutaro/project-profit-ios/artifacts/release-quality/canonical-e2e/DerivedData/SourcePackages/checkouts/libxlsxwriter/include -Xcc -I/Users/yutaro/project-profit-ios/artifacts/release-quality/canonical-e2e/DerivedData/Build/Products/Debug-iphonesimulator/include -Xcc -I/Users/yutaro/project-profit-ios/artifacts/release-quality/canonical-e2e/DerivedData/SourcePackages/checkouts/libxlsxwriter/include -Xcc -I/Users/yutaro/project-profit-ios/artifacts/release-quality/canonical-e2e/DerivedData/Build/Intermediates.noindex/ProjectProfit.build/Debug-iphonesimulator/ProjectProfit.build/DerivedSources-normal/arm64 -Xcc -I/Users/yutaro/project-profit-ios/artifacts/release-quality/canonical-e2e/DerivedData/Build/Intermediates.noindex/ProjectProfit.build/Debug-iphonesimulator/ProjectProfit.build/DerivedSources/arm64 -Xcc -I/Users/yutaro/project-profit-ios/artifacts/release-quality/canonical-e2e/DerivedData/Build/Intermediates.noindex/ProjectProfit.build/Debug-iphonesimulator/ProjectProfit.build/DerivedSources -Xcc -DDEBUG\=1 -emit-objc-header -emit-objc-header-path /Users/yutaro/project-profit-ios/artifacts/release-quality/canonical-e2e/DerivedData/Build/Intermediates.noindex/ProjectProfit.build/Debug-iphonesimulator/ProjectProfit.build/Objects-normal/arm64/ProjectProfit-Swift.h -working-directory /Users/yutaro/project-profit-ios -experimental-emit-module-separately -disable-cmo

SwiftCompile normal arm64 Compiling\ LegacyProjectedJournalAssembler.swift,\ LegalDocumentLedgerView.swift,\ LegalReportLine.swift,\ LineItemsEditView.swift,\ LocalEvidenceSearchIndex.swift,\ LocalJournalSearchIndex.swift,\ Logger.swift,\ ManualJournalFormView.swift,\ MigrationReportRunner.swift,\ ModelContainerFactory.swift,\ Models.swift,\ MonthlySummaryView.swift,\ NotificationService.swift,\ NotificationSettingsView.swift,\ PDFExportService.swift,\ PDFPageRenderer.swift,\ PPAccount.swift,\ PPAccountingProfile.swift,\ PPDocumentRecord.swift,\ PPFixedAsset.swift,\ PPInventoryRecord.swift,\ PPJournalEntry.swift,\ PPTransactionLog.swift,\ PPUserRule.swift /Users/yutaro/project-profit-ios/ProjectProfit/Services/LegacyProjectedJournalAssembler.swift /Users/yutaro/project-profit-ios/ProjectProfit/Views/Accounting/LegalDocumentLedgerView.swift /Users/yutaro/project-profit-ios/ProjectProfit/Core/Domain/Accounts/LegalReportLine.swift /Users/yutaro/project-profit-ios/ProjectProfit/Views/Receipt/LineItemsEditView.swift /Users/yutaro/project-profit-ios/ProjectProfit/Infrastructure/Search/LocalEvidenceSearchIndex.swift /Users/yutaro/project-profit-ios/ProjectProfit/Infrastructure/Search/LocalJournalSearchIndex.swift /Users/yutaro/project-profit-ios/ProjectProfit/Services/Logger.swift /Users/yutaro/project-profit-ios/ProjectProfit/Views/Accounting/ManualJournalFormView.swift /Users/yutaro/project-profit-ios/ProjectProfit/Application/Migrations/MigrationReportRunner.swift /Users/yutaro/project-profit-ios/ProjectProfit/Infrastructure/Persistence/SwiftData/Store/ModelContainerFactory.swift /Users/yutaro/project-profit-ios/ProjectProfit/Models/Models.swift /Users/yutaro/project-profit-ios/ProjectProfit/Views/Accounting/MonthlySummaryView.swift /Users/yutaro/project-profit-ios/ProjectProfit/Services/NotificationService.swift /Users/yutaro/project-profit-ios/ProjectProfit/Views/Components/NotificationSettingsView.swift /Users/yutaro/project-profit-ios/ProjectProfit/Services/PDFExportService.swift /Users/yutaro/project-profit-ios/ProjectProfit/Services/PDFPageRenderer.swift /Users/yutaro/project-profit-ios/ProjectProfit/Models/PPAccount.swift /Users/yutaro/project-profit-ios/ProjectProfit/Models/PPAccountingProfile.swift /Users/yutaro/project-profit-ios/ProjectProfit/Models/PPDocumentRecord.swift /Users/yutaro/project-profit-ios/ProjectProfit/Models/PPFixedAsset.swift /Users/yutaro/project-profit-ios/ProjectProfit/Models/PPInventoryRecord.swift /Users/yutaro/project-profit-ios/ProjectProfit/Models/PPJournalEntry.swift /Users/yutaro/project-profit-ios/ProjectProfit/Models/PPTransactionLog.swift /Users/yutaro/project-profit-ios/ProjectProfit/Models/PPUserRule.swift (in target 'ProjectProfit' from project 'ProjectProfit')
SwiftCompile normal arm64 /Users/yutaro/project-profit-ios/ProjectProfit/Services/LegacyProjectedJournalAssembler.swift (in target 'ProjectProfit' from project 'ProjectProfit')
    cd /Users/yutaro/project-profit-ios
    

SwiftCompile normal arm64 /Users/yutaro/project-profit-ios/ProjectProfit/Views/Accounting/LegalDocumentLedgerView.swift (in target 'ProjectProfit' from project 'ProjectProfit')
    cd /Users/yutaro/project-profit-ios
    

SwiftCompile normal arm64 /Users/yutaro/project-profit-ios/ProjectProfit/Core/Domain/Accounts/LegalReportLine.swift (in target 'ProjectProfit' from project 'ProjectProfit')
    cd /Users/yutaro/project-profit-ios
    

SwiftCompile normal arm64 /Users/yutaro/project-profit-ios/ProjectProfit/Views/Receipt/LineItemsEditView.swift (in target 'ProjectProfit' from project 'ProjectProfit')
    cd /Users/yutaro/project-profit-ios
    

SwiftCompile normal arm64 /Users/yutaro/project-profit-ios/ProjectProfit/Infrastructure/Search/LocalEvidenceSearchIndex.swift (in target 'ProjectProfit' from project 'ProjectProfit')
    cd /Users/yutaro/project-profit-ios
    

SwiftCompile normal arm64 /Users/yutaro/project-profit-ios/ProjectProfit/Infrastructure/Search/LocalJournalSearchIndex.swift (in target 'ProjectProfit' from project 'ProjectProfit')
    cd /Users/yutaro/project-profit-ios
    

SwiftCompile normal arm64 /Users/yutaro/project-profit-ios/ProjectProfit/Services/Logger.swift (in target 'ProjectProfit' from project 'ProjectProfit')
    cd /Users/yutaro/project-profit-ios
    

SwiftCompile normal arm64 /Users/yutaro/project-profit-ios/ProjectProfit/Views/Accounting/ManualJournalFormView.swift (in target 'ProjectProfit' from project 'ProjectProfit')
    cd /Users/yutaro/project-profit-ios
    

SwiftCompile normal arm64 /Users/yutaro/project-profit-ios/ProjectProfit/Application/Migrations/MigrationReportRunner.swift (in target 'ProjectProfit' from project 'ProjectProfit')
    cd /Users/yutaro/project-profit-ios
    
/Users/yutaro/project-profit-ios/ProjectProfit/Application/Migrations/MigrationReportRunner.swift:44:28: warning: conformance of 'PPAccountingProfile' to 'PersistentModel' is deprecated: Use BusinessProfile / TaxYearProfile instead. Migration-only legacy model.
        let profiles = try fetchAll(PPAccountingProfile.self)
                           ^
/Users/yutaro/project-profit-ios/ProjectProfit/Application/Migrations/MigrationReportRunner.swift:44:37: warning: 'PPAccountingProfile' is deprecated: Use BusinessProfile / TaxYearProfile instead. Migration-only legacy model.
        let profiles = try fetchAll(PPAccountingProfile.self)
                                    ^

SwiftCompile normal arm64 /Users/yutaro/project-profit-ios/ProjectProfit/Infrastructure/Persistence/SwiftData/Store/ModelContainerFactory.swift (in target 'ProjectProfit' from project 'ProjectProfit')
    cd /Users/yutaro/project-profit-ios
    
/Users/yutaro/project-profit-ios/ProjectProfit/Infrastructure/Persistence/SwiftData/Store/ModelContainerFactory.swift:18:13: warning: conformance of 'PPAccountingProfile' to 'PersistentModel' is deprecated: Use BusinessProfile / TaxYearProfile instead. Migration-only legacy model.
            PPAccountingProfile.self, // migration-only legacy compat
            ^
/Users/yutaro/project-profit-ios/ProjectProfit/Infrastructure/Persistence/SwiftData/Store/ModelContainerFactory.swift:18:13: warning: 'PPAccountingProfile' is deprecated: Use BusinessProfile / TaxYearProfile instead. Migration-only legacy model.
            PPAccountingProfile.self, // migration-only legacy compat
            ^

SwiftCompile normal arm64 /Users/yutaro/project-profit-ios/ProjectProfit/Models/Models.swift (in target 'ProjectProfit' from project 'ProjectProfit')
    cd /Users/yutaro/project-profit-ios
    

SwiftCompile normal arm64 /Users/yutaro/project-profit-ios/ProjectProfit/Views/Accounting/MonthlySummaryView.swift (in target 'ProjectProfit' from project 'ProjectProfit')
    cd /Users/yutaro/project-profit-ios
    

SwiftCompile normal arm64 /Users/yutaro/project-profit-ios/ProjectProfit/Services/NotificationService.swift (in target 'ProjectProfit' from project 'ProjectProfit')
    cd /Users/yutaro/project-profit-ios
    

SwiftCompile normal arm64 /Users/yutaro/project-profit-ios/ProjectProfit/Views/Components/NotificationSettingsView.swift (in target 'ProjectProfit' from project 'ProjectProfit')
    cd /Users/yutaro/project-profit-ios
    

SwiftCompile normal arm64 /Users/yutaro/project-profit-ios/ProjectProfit/Services/PDFExportService.swift (in target 'ProjectProfit' from project 'ProjectProfit')
    cd /Users/yutaro/project-profit-ios
    

SwiftCompile normal arm64 /Users/yutaro/project-profit-ios/ProjectProfit/Services/PDFPageRenderer.swift (in target 'ProjectProfit' from project 'ProjectProfit')
    cd /Users/yutaro/project-profit-ios
    

SwiftCompile normal arm64 /Users/yutaro/project-profit-ios/ProjectProfit/Models/PPAccount.swift (in target 'ProjectProfit' from project 'ProjectProfit')
    cd /Users/yutaro/project-profit-ios
    

SwiftCompile normal arm64 /Users/yutaro/project-profit-ios/ProjectProfit/Models/PPAccountingProfile.swift (in target 'ProjectProfit' from project 'ProjectProfit')
    cd /Users/yutaro/project-profit-ios
    
/Users/yutaro/project-profit-ios/ProjectProfit/Models/PPAccountingProfile.swift:78:11: warning: 'PPAccountingProfile' is deprecated: Use BusinessProfile / TaxYearProfile instead. Migration-only legacy model.
extension PPAccountingProfile {
          ^

SwiftCompile normal arm64 /Users/yutaro/project-profit-ios/ProjectProfit/Models/PPDocumentRecord.swift (in target 'ProjectProfit' from project 'ProjectProfit')
    cd /Users/yutaro/project-profit-ios
    

SwiftCompile normal arm64 /Users/yutaro/project-profit-ios/ProjectProfit/Models/PPFixedAsset.swift (in target 'ProjectProfit' from project 'ProjectProfit')
    cd /Users/yutaro/project-profit-ios
    

SwiftCompile normal arm64 /Users/yutaro/project-profit-ios/ProjectProfit/Models/PPInventoryRecord.swift (in target 'ProjectProfit' from project 'ProjectProfit')
    cd /Users/yutaro/project-profit-ios
    

SwiftCompile normal arm64 /Users/yutaro/project-profit-ios/ProjectProfit/Models/PPJournalEntry.swift (in target 'ProjectProfit' from project 'ProjectProfit')
    cd /Users/yutaro/project-profit-ios
    

SwiftCompile normal arm64 /Users/yutaro/project-profit-ios/ProjectProfit/Models/PPTransactionLog.swift (in target 'ProjectProfit' from project 'ProjectProfit')
    cd /Users/yutaro/project-profit-ios
    

SwiftCompile normal arm64 /Users/yutaro/project-profit-ios/ProjectProfit/Models/PPUserRule.swift (in target 'ProjectProfit' from project 'ProjectProfit')
    cd /Users/yutaro/project-profit-ios
    

SwiftMergeGeneratedHeaders /Users/yutaro/project-profit-ios/artifacts/release-quality/canonical-e2e/DerivedData/Build/Intermediates.noindex/ProjectProfit.build/Debug-iphonesimulator/ProjectProfit.build/DerivedSources/ProjectProfit-Swift.h /Users/yutaro/project-profit-ios/artifacts/release-quality/canonical-e2e/DerivedData/Build/Intermediates.noindex/ProjectProfit.build/Debug-iphonesimulator/ProjectProfit.build/Objects-normal/arm64/ProjectProfit-Swift.h (in target 'ProjectProfit' from project 'ProjectProfit')
    cd /Users/yutaro/project-profit-ios
    builtin-swiftHeaderTool -arch arm64 /Users/yutaro/project-profit-ios/artifacts/release-quality/canonical-e2e/DerivedData/Build/Intermediates.noindex/ProjectProfit.build/Debug-iphonesimulator/ProjectProfit.build/Objects-normal/arm64/ProjectProfit-Swift.h -o /Users/yutaro/project-profit-ios/artifacts/release-quality/canonical-e2e/DerivedData/Build/Intermediates.noindex/ProjectProfit.build/Debug-iphonesimulator/ProjectProfit.build/DerivedSources/ProjectProfit-Swift.h

Copy /Users/yutaro/project-profit-ios/artifacts/release-quality/canonical-e2e/DerivedData/Build/Products/Debug-iphonesimulator/ProjectProfit.swiftmodule/arm64-apple-ios-simulator.swiftmodule /Users/yutaro/project-profit-ios/artifacts/release-quality/canonical-e2e/DerivedData/Build/Intermediates.noindex/ProjectProfit.build/Debug-iphonesimulator/ProjectProfit.build/Objects-normal/arm64/ProjectProfit.swiftmodule (in target 'ProjectProfit' from project 'ProjectProfit')
    cd /Users/yutaro/project-profit-ios
    builtin-copy -exclude .DS_Store -exclude CVS -exclude .svn -exclude .git -exclude .hg -resolve-src-symlinks -rename /Users/yutaro/project-profit-ios/artifacts/release-quality/canonical-e2e/DerivedData/Build/Intermediates.noindex/ProjectProfit.build/Debug-iphonesimulator/ProjectProfit.build/Objects-normal/arm64/ProjectProfit.swiftmodule /Users/yutaro/project-profit-ios/artifacts/release-quality/canonical-e2e/DerivedData/Build/Products/Debug-iphonesimulator/ProjectProfit.swiftmodule/arm64-apple-ios-simulator.swiftmodule

SwiftDriverJobDiscovery normal arm64 Compiling SwiftDataRecurringRepository.swift, SwiftDataReportingRepository.swift, SwiftDataSettingsOverviewRepository.swift, SwiftDataStatementRepository.swift, SwiftDataTaxYearProfileRepository.swift, SwiftDataTransactionFormRepository.swift, SwiftDataTransactionHistoryRepository.swift, SwiftDataUserRuleRepository.swift, TaxCode.swift, TaxCodePickerView.swift, TaxDeductibleRateView.swift, TaxLineDefinitions.swift, TaxRuleEvaluator.swift, TaxStatusMachine.swift, TaxYearDefinitionLoader.swift, TaxYearPack.swift, TaxYearPackProviderPort.swift, TaxYearProfile.swift, TaxYearProfileEntity.swift, TaxYearProfileEntityMapper.swift, TaxYearProfileRepository.swift, TaxYearStateUseCase.swift, TransactionDetailView.swift, TransactionDocumentsView.swift (in target 'ProjectProfit' from project 'ProjectProfit')

Copy /Users/yutaro/project-profit-ios/artifacts/release-quality/canonical-e2e/DerivedData/Build/Products/Debug-iphonesimulator/ProjectProfit.swiftmodule/arm64-apple-ios-simulator.swiftdoc /Users/yutaro/project-profit-ios/artifacts/release-quality/canonical-e2e/DerivedData/Build/Intermediates.noindex/ProjectProfit.build/Debug-iphonesimulator/ProjectProfit.build/Objects-normal/arm64/ProjectProfit.swiftdoc (in target 'ProjectProfit' from project 'ProjectProfit')
    cd /Users/yutaro/project-profit-ios
    builtin-copy -exclude .DS_Store -exclude CVS -exclude .svn -exclude .git -exclude .hg -resolve-src-symlinks -rename /Users/yutaro/project-profit-ios/artifacts/release-quality/canonical-e2e/DerivedData/Build/Intermediates.noindex/ProjectProfit.build/Debug-iphonesimulator/ProjectProfit.build/Objects-normal/arm64/ProjectProfit.swiftdoc /Users/yutaro/project-profit-ios/artifacts/release-quality/canonical-e2e/DerivedData/Build/Products/Debug-iphonesimulator/ProjectProfit.swiftmodule/arm64-apple-ios-simulator.swiftdoc

Copy /Users/yutaro/project-profit-ios/artifacts/release-quality/canonical-e2e/DerivedData/Build/Products/Debug-iphonesimulator/ProjectProfit.swiftmodule/arm64-apple-ios-simulator.abi.json /Users/yutaro/project-profit-ios/artifacts/release-quality/canonical-e2e/DerivedData/Build/Intermediates.noindex/ProjectProfit.build/Debug-iphonesimulator/ProjectProfit.build/Objects-normal/arm64/ProjectProfit.abi.json (in target 'ProjectProfit' from project 'ProjectProfit')
    cd /Users/yutaro/project-profit-ios
    builtin-copy -exclude .DS_Store -exclude CVS -exclude .svn -exclude .git -exclude .hg -resolve-src-symlinks -rename /Users/yutaro/project-profit-ios/artifacts/release-quality/canonical-e2e/DerivedData/Build/Intermediates.noindex/ProjectProfit.build/Debug-iphonesimulator/ProjectProfit.build/Objects-normal/arm64/ProjectProfit.abi.json /Users/yutaro/project-profit-ios/artifacts/release-quality/canonical-e2e/DerivedData/Build/Products/Debug-iphonesimulator/ProjectProfit.swiftmodule/arm64-apple-ios-simulator.abi.json

Copy /Users/yutaro/project-profit-ios/artifacts/release-quality/canonical-e2e/DerivedData/Build/Products/Debug-iphonesimulator/ProjectProfit.swiftmodule/Project/arm64-apple-ios-simulator.swiftsourceinfo /Users/yutaro/project-profit-ios/artifacts/release-quality/canonical-e2e/DerivedData/Build/Intermediates.noindex/ProjectProfit.build/Debug-iphonesimulator/ProjectProfit.build/Objects-normal/arm64/ProjectProfit.swiftsourceinfo (in target 'ProjectProfit' from project 'ProjectProfit')
    cd /Users/yutaro/project-profit-ios
    builtin-copy -exclude .DS_Store -exclude CVS -exclude .svn -exclude .git -exclude .hg -resolve-src-symlinks -rename /Users/yutaro/project-profit-ios/artifacts/release-quality/canonical-e2e/DerivedData/Build/Intermediates.noindex/ProjectProfit.build/Debug-iphonesimulator/ProjectProfit.build/Objects-normal/arm64/ProjectProfit.swiftsourceinfo /Users/yutaro/project-profit-ios/artifacts/release-quality/canonical-e2e/DerivedData/Build/Products/Debug-iphonesimulator/ProjectProfit.swiftmodule/Project/arm64-apple-ios-simulator.swiftsourceinfo

SwiftCompile normal arm64 Compiling\ ProjectsView.swift,\ ProjectsViewModel.swift,\ ReceiptData.swift,\ ReceiptEvidenceIntakeUseCase.swift,\ ReceiptImagePreviewView.swift,\ ReceiptImageStore.swift,\ ReceiptReviewView.swift,\ ReceiptScannerService.swift,\ ReceiptScannerView.swift,\ RecurringFormSections.swift,\ RecurringFormView.swift,\ RecurringHistoryView.swift,\ RecurringPostingCoordinator.swift,\ RecurringPreviewItem.swift,\ RecurringPreviewView.swift,\ RecurringQueryUseCase.swift,\ RecurringRepository.swift,\ RecurringView.swift,\ RecurringViewModel.swift,\ RecurringWorkflowStore.swift,\ RecurringWorkflowUseCase.swift,\ ReportView.swift,\ ReportViewModel.swift,\ ReportingQueryUseCase.swift /Users/yutaro/project-profit-ios/ProjectProfit/Views/Projects/ProjectsView.swift /Users/yutaro/project-profit-ios/ProjectProfit/ViewModels/ProjectsViewModel.swift /Users/yutaro/project-profit-ios/ProjectProfit/Models/ReceiptData.swift /Users/yutaro/project-profit-ios/ProjectProfit/Application/UseCases/Evidence/ReceiptEvidenceIntakeUseCase.swift /Users/yutaro/project-profit-ios/ProjectProfit/Views/Receipt/ReceiptImagePreviewView.swift /Users/yutaro/project-profit-ios/ProjectProfit/Services/ReceiptImageStore.swift /Users/yutaro/project-profit-ios/ProjectProfit/Views/Receipt/ReceiptReviewView.swift /Users/yutaro/project-profit-ios/ProjectProfit/Services/ReceiptScannerService.swift /Users/yutaro/project-profit-ios/ProjectProfit/Views/Receipt/ReceiptScannerView.swift /Users/yutaro/project-profit-ios/ProjectProfit/Views/Components/RecurringFormSections.swift /Users/yutaro/project-profit-ios/ProjectProfit/Views/Components/RecurringFormView.swift /Users/yutaro/project-profit-ios/ProjectProfit/Views/Recurring/RecurringHistoryView.swift /Users/yutaro/project-profit-ios/ProjectProfit/Application/UseCases/Recurring/RecurringPostingCoordinator.swift /Users/yutaro/project-profit-ios/ProjectProfit/Models/RecurringPreviewItem.swift /Users/yutaro/project-profit-ios/ProjectProfit/Features/Recurring/RecurringPreviewView.swift /Users/yutaro/project-profit-ios/ProjectProfit/Application/UseCases/Recurring/RecurringQueryUseCase.swift /Users/yutaro/project-profit-ios/ProjectProfit/Core/Domain/Recurring/RecurringRepository.swift /Users/yutaro/project-profit-ios/ProjectProfit/Views/Recurring/RecurringView.swift /Users/yutaro/project-profit-ios/ProjectProfit/ViewModels/RecurringViewModel.swift /Users/yutaro/project-profit-ios/ProjectProfit/Application/UseCases/Recurring/RecurringWorkflowStore.swift /Users/yutaro/project-profit-ios/ProjectProfit/Application/UseCases/Recurring/RecurringWorkflowUseCase.swift /Users/yutaro/project-profit-ios/ProjectProfit/Views/Report/ReportView.swift /Users/yutaro/project-profit-ios/ProjectProfit/ViewModels/ReportViewModel.swift /Users/yutaro/project-profit-ios/ProjectProfit/Application/UseCases/Reporting/ReportingQueryUseCase.swift (in target 'ProjectProfit' from project 'ProjectProfit')
SwiftCompile normal arm64 /Users/yutaro/project-profit-ios/ProjectProfit/Views/Projects/ProjectsView.swift (in target 'ProjectProfit' from project 'ProjectProfit')
    cd /Users/yutaro/project-profit-ios
    

SwiftCompile normal arm64 /Users/yutaro/project-profit-ios/ProjectProfit/ViewModels/ProjectsViewModel.swift (in target 'ProjectProfit' from project 'ProjectProfit')
    cd /Users/yutaro/project-profit-ios
    

SwiftCompile normal arm64 /Users/yutaro/project-profit-ios/ProjectProfit/Models/ReceiptData.swift (in target 'ProjectProfit' from project 'ProjectProfit')
    cd /Users/yutaro/project-profit-ios
    

SwiftCompile normal arm64 /Users/yutaro/project-profit-ios/ProjectProfit/Application/UseCases/Evidence/ReceiptEvidenceIntakeUseCase.swift (in target 'ProjectProfit' from project 'ProjectProfit')
    cd /Users/yutaro/project-profit-ios
    

SwiftCompile normal arm64 /Users/yutaro/project-profit-ios/ProjectProfit/Views/Receipt/ReceiptImagePreviewView.swift (in target 'ProjectProfit' from project 'ProjectProfit')
    cd /Users/yutaro/project-profit-ios
    

SwiftCompile normal arm64 /Users/yutaro/project-profit-ios/ProjectProfit/Services/ReceiptImageStore.swift (in target 'ProjectProfit' from project 'ProjectProfit')
    cd /Users/yutaro/project-profit-ios
    

SwiftCompile normal arm64 /Users/yutaro/project-profit-ios/ProjectProfit/Views/Receipt/ReceiptReviewView.swift (in target 'ProjectProfit' from project 'ProjectProfit')
    cd /Users/yutaro/project-profit-ios
    

SwiftCompile normal arm64 /Users/yutaro/project-profit-ios/ProjectProfit/Services/ReceiptScannerService.swift (in target 'ProjectProfit' from project 'ProjectProfit')
    cd /Users/yutaro/project-profit-ios
    

SwiftCompile normal arm64 /Users/yutaro/project-profit-ios/ProjectProfit/Views/Receipt/ReceiptScannerView.swift (in target 'ProjectProfit' from project 'ProjectProfit')
    cd /Users/yutaro/project-profit-ios
    

SwiftCompile normal arm64 /Users/yutaro/project-profit-ios/ProjectProfit/Views/Components/RecurringFormSections.swift (in target 'ProjectProfit' from project 'ProjectProfit')
    cd /Users/yutaro/project-profit-ios
    

SwiftCompile normal arm64 /Users/yutaro/project-profit-ios/ProjectProfit/Views/Components/RecurringFormView.swift (in target 'ProjectProfit' from project 'ProjectProfit')
    cd /Users/yutaro/project-profit-ios
    

SwiftCompile normal arm64 /Users/yutaro/project-profit-ios/ProjectProfit/Views/Recurring/RecurringHistoryView.swift (in target 'ProjectProfit' from project 'ProjectProfit')
    cd /Users/yutaro/project-profit-ios
    

SwiftCompile normal arm64 /Users/yutaro/project-profit-ios/ProjectProfit/Application/UseCases/Recurring/RecurringPostingCoordinator.swift (in target 'ProjectProfit' from project 'ProjectProfit')
    cd /Users/yutaro/project-profit-ios
    

SwiftCompile normal arm64 /Users/yutaro/project-profit-ios/ProjectProfit/Models/RecurringPreviewItem.swift (in target 'ProjectProfit' from project 'ProjectProfit')
    cd /Users/yutaro/project-profit-ios
    

SwiftCompile normal arm64 /Users/yutaro/project-profit-ios/ProjectProfit/Features/Recurring/RecurringPreviewView.swift (in target 'ProjectProfit' from project 'ProjectProfit')
    cd /Users/yutaro/project-profit-ios
    

SwiftCompile normal arm64 /Users/yutaro/project-profit-ios/ProjectProfit/Application/UseCases/Recurring/RecurringQueryUseCase.swift (in target 'ProjectProfit' from project 'ProjectProfit')
    cd /Users/yutaro/project-profit-ios
    

SwiftCompile normal arm64 /Users/yutaro/project-profit-ios/ProjectProfit/Core/Domain/Recurring/RecurringRepository.swift (in target 'ProjectProfit' from project 'ProjectProfit')
    cd /Users/yutaro/project-profit-ios
    

SwiftCompile normal arm64 /Users/yutaro/project-profit-ios/ProjectProfit/Views/Recurring/RecurringView.swift (in target 'ProjectProfit' from project 'ProjectProfit')
    cd /Users/yutaro/project-profit-ios
    

SwiftCompile normal arm64 /Users/yutaro/project-profit-ios/ProjectProfit/ViewModels/RecurringViewModel.swift (in target 'ProjectProfit' from project 'ProjectProfit')
    cd /Users/yutaro/project-profit-ios
    

SwiftCompile normal arm64 /Users/yutaro/project-profit-ios/ProjectProfit/Application/UseCases/Recurring/RecurringWorkflowStore.swift (in target 'ProjectProfit' from project 'ProjectProfit')
    cd /Users/yutaro/project-profit-ios
    

SwiftCompile normal arm64 /Users/yutaro/project-profit-ios/ProjectProfit/Application/UseCases/Recurring/RecurringWorkflowUseCase.swift (in target 'ProjectProfit' from project 'ProjectProfit')
    cd /Users/yutaro/project-profit-ios
    

SwiftCompile normal arm64 /Users/yutaro/project-profit-ios/ProjectProfit/Views/Report/ReportView.swift (in target 'ProjectProfit' from project 'ProjectProfit')
    cd /Users/yutaro/project-profit-ios
    

SwiftCompile normal arm64 /Users/yutaro/project-profit-ios/ProjectProfit/ViewModels/ReportViewModel.swift (in target 'ProjectProfit' from project 'ProjectProfit')
    cd /Users/yutaro/project-profit-ios
    

SwiftCompile normal arm64 /Users/yutaro/project-profit-ios/ProjectProfit/Application/UseCases/Reporting/ReportingQueryUseCase.swift (in target 'ProjectProfit' from project 'ProjectProfit')
    cd /Users/yutaro/project-profit-ios
    

SwiftDriverJobDiscovery normal arm64 Compiling DistributionBasis.swift, DistributionRule.swift, DistributionRuleBuilder.swift, DistributionRuleEntity.swift, DistributionRuleEntityMapper.swift, DistributionScope.swift, DistributionTemplateApplicationUseCase.swift, DistributionTemplateListView.swift, DistributionTemplateManagementQueryUseCase.swift, DistributionTemplateRepository.swift, DistributionTemplateSettingsView.swift, DistributionTemplateUseCase.swift, DocumentRepository.swift, DocumentWorkflowUseCase.swift, ElectronicBookLevel.swift, EtaxCharacterValidator.swift, EtaxExportView.swift, EtaxExportViewModel.swift, EtaxFieldPopulator.swift, EtaxFormPreviewView.swift, EtaxModels.swift, EtaxXtxExporter.swift, EvidenceCatalogUseCase.swift, EvidenceDocument.swift, EvidenceInboxQueryUseCase.swift (in target 'ProjectProfit' from project 'ProjectProfit')

SwiftCompile normal arm64 Compiling\ EvidenceInboxRepository.swift,\ EvidenceInboxView.swift,\ EvidenceLegalType.swift,\ EvidenceLineItem.swift,\ EvidenceRecordEntity.swift,\ EvidenceRecordEntityMapper.swift,\ EvidenceRepository.swift,\ EvidenceSearchCriteria.swift,\ EvidenceSearchIndexEntity.swift,\ EvidenceSourceType.swift,\ EvidenceStatus.swift,\ EvidenceStructuredFields.swift,\ EvidenceVersion.swift,\ ExportCoordinator.swift,\ ExportMenuButton.swift,\ FeatureFlags.swift,\ FilingDashboardQueryUseCase.swift,\ FilingDashboardView.swift,\ FilingPreflightUseCase.swift,\ FilingStyle.swift,\ FilterView.swift,\ FiscalYearSettings.swift,\ FiscalYearUtilities.swift,\ FixedAssetDetailView.swift,\ FixedAssetFormView.swift /Users/yutaro/project-profit-ios/ProjectProfit/Core/Domain/Evidence/EvidenceInboxRepository.swift /Users/yutaro/project-profit-ios/ProjectProfit/Features/EvidenceInbox/EvidenceInboxView.swift /Users/yutaro/project-profit-ios/ProjectProfit/Core/Domain/Evidence/EvidenceLegalType.swift /Users/yutaro/project-profit-ios/ProjectProfit/Core/Domain/Evidence/EvidenceLineItem.swift /Users/yutaro/project-profit-ios/ProjectProfit/Infrastructure/Persistence/SwiftData/Entities/EvidenceRecordEntity.swift /Users/yutaro/project-profit-ios/ProjectProfit/Application/Mappers/EvidenceRecordEntityMapper.swift /Users/yutaro/project-profit-ios/ProjectProfit/Core/Domain/Evidence/EvidenceRepository.swift /Users/yutaro/project-profit-ios/ProjectProfit/Core/Domain/Evidence/EvidenceSearchCriteria.swift /Users/yutaro/project-profit-ios/ProjectProfit/Infrastructure/Persistence/SwiftData/Entities/EvidenceSearchIndexEntity.swift /Users/yutaro/project-profit-ios/ProjectProfit/Core/Domain/Evidence/EvidenceSourceType.swift /Users/yutaro/project-profit-ios/ProjectProfit/Core/Domain/Evidence/EvidenceStatus.swift /Users/yutaro/project-profit-ios/ProjectProfit/Core/Domain/Evidence/EvidenceStructuredFields.swift /Users/yutaro/project-profit-ios/ProjectProfit/Core/Domain/Evidence/EvidenceVersion.swift /Users/yutaro/project-profit-ios/ProjectProfit/Services/ExportCoordinator.swift /Users/yutaro/project-profit-ios/ProjectProfit/Views/Components/ExportMenuButton.swift /Users/yutaro/project-profit-ios/ProjectProfit/App/FeatureFlags.swift /Users/yutaro/project-profit-ios/ProjectProfit/Application/UseCases/Filing/FilingDashboardQueryUseCase.swift /Users/yutaro/project-profit-ios/ProjectProfit/Features/Filing/Presentation/Screens/FilingDashboardView.swift /Users/yutaro/project-profit-ios/ProjectProfit/Application/UseCases/Filing/FilingPreflightUseCase.swift /Users/yutaro/project-profit-ios/ProjectProfit/Core/Domain/TaxYear/FilingStyle.swift /Users/yutaro/project-profit-ios/ProjectProfit/Views/Components/FilterView.swift /Users/yutaro/project-profit-ios/ProjectProfit/Utilities/FiscalYearSettings.swift /Users/yutaro/project-profit-ios/ProjectProfit/Utilities/FiscalYearUtilities.swift /Users/yutaro/project-profit-ios/ProjectProfit/Views/Accounting/FixedAssetDetailView.swift /Users/yutaro/project-profit-ios/ProjectProfit/Views/Accounting/FixedAssetFormView.swift (in target 'ProjectProfit' from project 'ProjectProfit')

SwiftCompile normal arm64 /Users/yutaro/project-profit-ios/ProjectProfit/Core/Domain/Evidence/EvidenceInboxRepository.swift (in target 'ProjectProfit' from project 'ProjectProfit')
    cd /Users/yutaro/project-profit-ios
    

SwiftCompile normal arm64 /Users/yutaro/project-profit-ios/ProjectProfit/Features/EvidenceInbox/EvidenceInboxView.swift (in target 'ProjectProfit' from project 'ProjectProfit')
    cd /Users/yutaro/project-profit-ios
    

SwiftCompile normal arm64 /Users/yutaro/project-profit-ios/ProjectProfit/Core/Domain/Evidence/EvidenceLegalType.swift (in target 'ProjectProfit' from project 'ProjectProfit')
    cd /Users/yutaro/project-profit-ios
    

SwiftCompile normal arm64 /Users/yutaro/project-profit-ios/ProjectProfit/Core/Domain/Evidence/EvidenceLineItem.swift (in target 'ProjectProfit' from project 'ProjectProfit')
    cd /Users/yutaro/project-profit-ios
    

SwiftCompile normal arm64 /Users/yutaro/project-profit-ios/ProjectProfit/Infrastructure/Persistence/SwiftData/Entities/EvidenceRecordEntity.swift (in target 'ProjectProfit' from project 'ProjectProfit')
    cd /Users/yutaro/project-profit-ios
    

SwiftCompile normal arm64 /Users/yutaro/project-profit-ios/ProjectProfit/Application/Mappers/EvidenceRecordEntityMapper.swift (in target 'ProjectProfit' from project 'ProjectProfit')
    cd /Users/yutaro/project-profit-ios
    

SwiftCompile normal arm64 /Users/yutaro/project-profit-ios/ProjectProfit/Core/Domain/Evidence/EvidenceRepository.swift (in target 'ProjectProfit' from project 'ProjectProfit')
    cd /Users/yutaro/project-profit-ios
    

SwiftCompile normal arm64 /Users/yutaro/project-profit-ios/ProjectProfit/Core/Domain/Evidence/EvidenceSearchCriteria.swift (in target 'ProjectProfit' from project 'ProjectProfit')
    cd /Users/yutaro/project-profit-ios
    

SwiftCompile normal arm64 /Users/yutaro/project-profit-ios/ProjectProfit/Infrastructure/Persistence/SwiftData/Entities/EvidenceSearchIndexEntity.swift (in target 'ProjectProfit' from project 'ProjectProfit')
    cd /Users/yutaro/project-profit-ios
    

SwiftCompile normal arm64 /Users/yutaro/project-profit-ios/ProjectProfit/Core/Domain/Evidence/EvidenceSourceType.swift (in target 'ProjectProfit' from project 'ProjectProfit')
    cd /Users/yutaro/project-profit-ios
    

SwiftCompile normal arm64 /Users/yutaro/project-profit-ios/ProjectProfit/Core/Domain/Evidence/EvidenceStatus.swift (in target 'ProjectProfit' from project 'ProjectProfit')
    cd /Users/yutaro/project-profit-ios
    

SwiftCompile normal arm64 /Users/yutaro/project-profit-ios/ProjectProfit/Core/Domain/Evidence/EvidenceStructuredFields.swift (in target 'ProjectProfit' from project 'ProjectProfit')
    cd /Users/yutaro/project-profit-ios
    

SwiftCompile normal arm64 /Users/yutaro/project-profit-ios/ProjectProfit/Core/Domain/Evidence/EvidenceVersion.swift (in target 'ProjectProfit' from project 'ProjectProfit')
    cd /Users/yutaro/project-profit-ios
    

SwiftCompile normal arm64 /Users/yutaro/project-profit-ios/ProjectProfit/Services/ExportCoordinator.swift (in target 'ProjectProfit' from project 'ProjectProfit')
    cd /Users/yutaro/project-profit-ios
    

SwiftCompile normal arm64 /Users/yutaro/project-profit-ios/ProjectProfit/Views/Components/ExportMenuButton.swift (in target 'ProjectProfit' from project 'ProjectProfit')
    cd /Users/yutaro/project-profit-ios
    

SwiftCompile normal arm64 /Users/yutaro/project-profit-ios/ProjectProfit/App/FeatureFlags.swift (in target 'ProjectProfit' from project 'ProjectProfit')
    cd /Users/yutaro/project-profit-ios
    

SwiftCompile normal arm64 /Users/yutaro/project-profit-ios/ProjectProfit/Application/UseCases/Filing/FilingDashboardQueryUseCase.swift (in target 'ProjectProfit' from project 'ProjectProfit')
    cd /Users/yutaro/project-profit-ios
    
/Users/yutaro/project-profit-ios/ProjectProfit/Application/UseCases/Filing/FilingDashboardQueryUseCase.swift:31:21: warning: no 'async' operations occur within 'await' expression
                try await FilingPreflightUseCase(modelContext: modelContext).preflightReport(
                    ^

SwiftCompile normal arm64 /Users/yutaro/project-profit-ios/ProjectProfit/Features/Filing/Presentation/Screens/FilingDashboardView.swift (in target 'ProjectProfit' from project 'ProjectProfit')
    cd /Users/yutaro/project-profit-ios
    

SwiftCompile normal arm64 /Users/yutaro/project-profit-ios/ProjectProfit/Application/UseCases/Filing/FilingPreflightUseCase.swift (in target 'ProjectProfit' from project 'ProjectProfit')
    cd /Users/yutaro/project-profit-ios
    

SwiftCompile normal arm64 /Users/yutaro/project-profit-ios/ProjectProfit/Core/Domain/TaxYear/FilingStyle.swift (in target 'ProjectProfit' from project 'ProjectProfit')
    cd /Users/yutaro/project-profit-ios
    

SwiftCompile normal arm64 /Users/yutaro/project-profit-ios/ProjectProfit/Views/Components/FilterView.swift (in target 'ProjectProfit' from project 'ProjectProfit')
    cd /Users/yutaro/project-profit-ios
    

SwiftCompile normal arm64 /Users/yutaro/project-profit-ios/ProjectProfit/Utilities/FiscalYearSettings.swift (in target 'ProjectProfit' from project 'ProjectProfit')
    cd /Users/yutaro/project-profit-ios
    

SwiftCompile normal arm64 /Users/yutaro/project-profit-ios/ProjectProfit/Utilities/FiscalYearUtilities.swift (in target 'ProjectProfit' from project 'ProjectProfit')
    cd /Users/yutaro/project-profit-ios
    

SwiftCompile normal arm64 /Users/yutaro/project-profit-ios/ProjectProfit/Views/Accounting/FixedAssetDetailView.swift (in target 'ProjectProfit' from project 'ProjectProfit')
    cd /Users/yutaro/project-profit-ios
    

SwiftCompile normal arm64 /Users/yutaro/project-profit-ios/ProjectProfit/Views/Accounting/FixedAssetFormView.swift (in target 'ProjectProfit' from project 'ProjectProfit')
    cd /Users/yutaro/project-profit-ios
    

SwiftDriverJobDiscovery normal arm64 Compiling StatementPDFParser.swift, StatementReconciliationQueryUseCase.swift, StatementRepository.swift, SubLedgerView.swift, SwiftDataApprovalQueueRepository.swift, SwiftDataApprovalRequestRepository.swift, SwiftDataAuditRepository.swift, SwiftDataBusinessProfileRepository.swift, SwiftDataCanonicalJournalEntryRepository.swift, SwiftDataCategoryQueryRepository.swift, SwiftDataCategoryRepository.swift, SwiftDataChartOfAccountsRepository.swift, SwiftDataCounterpartyRepository.swift, SwiftDataDataRevisionRepository.swift, SwiftDataDistributionTemplateRepository.swift, SwiftDataDocumentRepository.swift, SwiftDataEvidenceInboxRepository.swift, SwiftDataEvidenceRepository.swift, SwiftDataFixedAssetRepository.swift, SwiftDataFormDraftRepository.swift, SwiftDataInventoryRepository.swift, SwiftDataPostingCandidateRepository.swift, SwiftDataProjectQueryRepository.swift, SwiftDataProjectRepository.swift (in target 'ProjectProfit' from project 'ProjectProfit')

SwiftCompile normal arm64 Compiling\ CanonicalCategory.swift,\ CanonicalJSONCoder.swift,\ CanonicalJournalEntryEntityMapper.swift,\ CanonicalPostingEngine.swift,\ CanonicalPostingSupport.swift,\ CanonicalRepositoryError.swift,\ CashBasisReturnBuilder.swift,\ CategoryAccountMappingView.swift,\ CategoryListView.swift,\ CategoryManageView.swift,\ CategoryQueryRepository.swift,\ CategoryQueryUseCase.swift,\ CategoryRepository.swift,\ CategoryWorkflowUseCase.swift,\ ChartOfAccountsRepository.swift,\ ChartOfAccountsUseCase.swift,\ ChartOfAccountsView.swift,\ ClassificationDictionaryLoader.swift,\ ClassificationEngine.swift,\ ClassificationLearningService.swift,\ ClassificationViewModel.swift,\ ClosingEntryView.swift,\ ClosingWorkflowUseCase.swift,\ ConsumptionTaxModels.swift,\ ConsumptionTaxReportService.swift /Users/yutaro/project-profit-ios/ProjectProfit/Core/Domain/Categories/CanonicalCategory.swift /Users/yutaro/project-profit-ios/ProjectProfit/Application/Mappers/CanonicalJSONCoder.swift /Users/yutaro/project-profit-ios/ProjectProfit/Application/Mappers/CanonicalJournalEntryEntityMapper.swift /Users/yutaro/project-profit-ios/ProjectProfit/Application/UseCases/Posting/CanonicalPostingEngine.swift /Users/yutaro/project-profit-ios/ProjectProfit/Application/UseCases/Posting/CanonicalPostingSupport.swift /Users/yutaro/project-profit-ios/ProjectProfit/Infrastructure/Persistence/SwiftData/Repositories/CanonicalRepositoryError.swift /Users/yutaro/project-profit-ios/ProjectProfit/Services/CashBasisReturnBuilder.swift /Users/yutaro/project-profit-ios/ProjectProfit/Views/Accounting/CategoryAccountMappingView.swift /Users/yutaro/project-profit-ios/ProjectProfit/Features/Masters/Categories/Presentation/Screens/CategoryListView.swift /Users/yutaro/project-profit-ios/ProjectProfit/Views/Components/CategoryManageView.swift /Users/yutaro/project-profit-ios/ProjectProfit/Core/Domain/Categories/CategoryQueryRepository.swift /Users/yutaro/project-profit-ios/ProjectProfit/Application/UseCases/Masters/CategoryQueryUseCase.swift /Users/yutaro/project-profit-ios/ProjectProfit/Core/Domain/Categories/CategoryRepository.swift /Users/yutaro/project-profit-ios/ProjectProfit/Application/UseCases/Masters/CategoryWorkflowUseCase.swift /Users/yutaro/project-profit-ios/ProjectProfit/Core/Domain/Accounts/ChartOfAccountsRepository.swift /Users/yutaro/project-profit-ios/ProjectProfit/Application/UseCases/Masters/ChartOfAccountsUseCase.swift /Users/yutaro/project-profit-ios/ProjectProfit/Views/Accounting/ChartOfAccountsView.swift /Users/yutaro/project-profit-ios/ProjectProfit/Services/ClassificationDictionaryLoader.swift /Users/yutaro/project-profit-ios/ProjectProfit/Services/ClassificationEngine.swift /Users/yutaro/project-profit-ios/ProjectProfit/Services/ClassificationLearningService.swift /Users/yutaro/project-profit-ios/ProjectProfit/ViewModels/ClassificationViewModel.swift /Users/yutaro/project-profit-ios/ProjectProfit/Views/Accounting/ClosingEntryView.swift /Users/yutaro/project-profit-ios/ProjectProfit/Application/UseCases/Closing/ClosingWorkflowUseCase.swift /Users/yutaro/project-profit-ios/ProjectProfit/Models/ConsumptionTaxModels.swift /Users/yutaro/project-profit-ios/ProjectProfit/Services/ConsumptionTaxReportService.swift (in target 'ProjectProfit' from project 'ProjectProfit')

SwiftCompile normal arm64 /Users/yutaro/project-profit-ios/ProjectProfit/Core/Domain/Categories/CanonicalCategory.swift (in target 'ProjectProfit' from project 'ProjectProfit')
    cd /Users/yutaro/project-profit-ios
    

SwiftCompile normal arm64 /Users/yutaro/project-profit-ios/ProjectProfit/Application/Mappers/CanonicalJSONCoder.swift (in target 'ProjectProfit' from project 'ProjectProfit')
    cd /Users/yutaro/project-profit-ios
    

SwiftCompile normal arm64 /Users/yutaro/project-profit-ios/ProjectProfit/Application/Mappers/CanonicalJournalEntryEntityMapper.swift (in target 'ProjectProfit' from project 'ProjectProfit')
    cd /Users/yutaro/project-profit-ios
    

SwiftCompile normal arm64 /Users/yutaro/project-profit-ios/ProjectProfit/Application/UseCases/Posting/CanonicalPostingEngine.swift (in target 'ProjectProfit' from project 'ProjectProfit')
    cd /Users/yutaro/project-profit-ios
    

SwiftCompile normal arm64 /Users/yutaro/project-profit-ios/ProjectProfit/Application/UseCases/Posting/CanonicalPostingSupport.swift (in target 'ProjectProfit' from project 'ProjectProfit')
    cd /Users/yutaro/project-profit-ios
    

SwiftCompile normal arm64 /Users/yutaro/project-profit-ios/ProjectProfit/Infrastructure/Persistence/SwiftData/Repositories/CanonicalRepositoryError.swift (in target 'ProjectProfit' from project 'ProjectProfit')
    cd /Users/yutaro/project-profit-ios
    

SwiftCompile normal arm64 /Users/yutaro/project-profit-ios/ProjectProfit/Services/CashBasisReturnBuilder.swift (in target 'ProjectProfit' from project 'ProjectProfit')
    cd /Users/yutaro/project-profit-ios
    

SwiftCompile normal arm64 /Users/yutaro/project-profit-ios/ProjectProfit/Views/Accounting/CategoryAccountMappingView.swift (in target 'ProjectProfit' from project 'ProjectProfit')
    cd /Users/yutaro/project-profit-ios
    

SwiftCompile normal arm64 /Users/yutaro/project-profit-ios/ProjectProfit/Features/Masters/Categories/Presentation/Screens/CategoryListView.swift (in target 'ProjectProfit' from project 'ProjectProfit')
    cd /Users/yutaro/project-profit-ios
    

SwiftCompile normal arm64 /Users/yutaro/project-profit-ios/ProjectProfit/Views/Components/CategoryManageView.swift (in target 'ProjectProfit' from project 'ProjectProfit')
    cd /Users/yutaro/project-profit-ios
    

SwiftCompile normal arm64 /Users/yutaro/project-profit-ios/ProjectProfit/Core/Domain/Categories/CategoryQueryRepository.swift (in target 'ProjectProfit' from project 'ProjectProfit')
    cd /Users/yutaro/project-profit-ios
    

SwiftCompile normal arm64 /Users/yutaro/project-profit-ios/ProjectProfit/Application/UseCases/Masters/CategoryQueryUseCase.swift (in target 'ProjectProfit' from project 'ProjectProfit')
    cd /Users/yutaro/project-profit-ios
    

SwiftCompile normal arm64 /Users/yutaro/project-profit-ios/ProjectProfit/Core/Domain/Categories/CategoryRepository.swift (in target 'ProjectProfit' from project 'ProjectProfit')
    cd /Users/yutaro/project-profit-ios
    

SwiftCompile normal arm64 /Users/yutaro/project-profit-ios/ProjectProfit/Application/UseCases/Masters/CategoryWorkflowUseCase.swift (in target 'ProjectProfit' from project 'ProjectProfit')
    cd /Users/yutaro/project-profit-ios
    

SwiftCompile normal arm64 /Users/yutaro/project-profit-ios/ProjectProfit/Core/Domain/Accounts/ChartOfAccountsRepository.swift (in target 'ProjectProfit' from project 'ProjectProfit')
    cd /Users/yutaro/project-profit-ios
    

SwiftCompile normal arm64 /Users/yutaro/project-profit-ios/ProjectProfit/Application/UseCases/Masters/ChartOfAccountsUseCase.swift (in target 'ProjectProfit' from project 'ProjectProfit')
    cd /Users/yutaro/project-profit-ios
    

SwiftCompile normal arm64 /Users/yutaro/project-profit-ios/ProjectProfit/Views/Accounting/ChartOfAccountsView.swift (in target 'ProjectProfit' from project 'ProjectProfit')
    cd /Users/yutaro/project-profit-ios
    

SwiftCompile normal arm64 /Users/yutaro/project-profit-ios/ProjectProfit/Services/ClassificationDictionaryLoader.swift (in target 'ProjectProfit' from project 'ProjectProfit')
    cd /Users/yutaro/project-profit-ios
    

SwiftCompile normal arm64 /Users/yutaro/project-profit-ios/ProjectProfit/Services/ClassificationEngine.swift (in target 'ProjectProfit' from project 'ProjectProfit')
    cd /Users/yutaro/project-profit-ios
    

SwiftCompile normal arm64 /Users/yutaro/project-profit-ios/ProjectProfit/Services/ClassificationLearningService.swift (in target 'ProjectProfit' from project 'ProjectProfit')
    cd /Users/yutaro/project-profit-ios
    

SwiftCompile normal arm64 /Users/yutaro/project-profit-ios/ProjectProfit/ViewModels/ClassificationViewModel.swift (in target 'ProjectProfit' from project 'ProjectProfit')
    cd /Users/yutaro/project-profit-ios
    

SwiftCompile normal arm64 /Users/yutaro/project-profit-ios/ProjectProfit/Views/Accounting/ClosingEntryView.swift (in target 'ProjectProfit' from project 'ProjectProfit')
    cd /Users/yutaro/project-profit-ios
    

SwiftCompile normal arm64 /Users/yutaro/project-profit-ios/ProjectProfit/Application/UseCases/Closing/ClosingWorkflowUseCase.swift (in target 'ProjectProfit' from project 'ProjectProfit')
    cd /Users/yutaro/project-profit-ios
    

SwiftCompile normal arm64 /Users/yutaro/project-profit-ios/ProjectProfit/Models/ConsumptionTaxModels.swift (in target 'ProjectProfit' from project 'ProjectProfit')
    cd /Users/yutaro/project-profit-ios
    

SwiftCompile normal arm64 /Users/yutaro/project-profit-ios/ProjectProfit/Services/ConsumptionTaxReportService.swift (in target 'ProjectProfit' from project 'ProjectProfit')
    cd /Users/yutaro/project-profit-ios
    

SwiftDriverJobDiscovery normal arm64 Compiling ReportingRepository.swift, RestoreService+Upserts.swift, RestoreService.swift, SearchFilterSheets.swift, SearchIndexNormalizer.swift, SearchIndexRebuilder.swift, SearchIndexRepairVerificationError.swift, SettingsMainView.swift, SettingsMaintenanceUseCase.swift, SettingsMaintenanceWorkflowUseCase.swift, SettingsOverviewRepository.swift, SettingsOverviewUseCase.swift, SettingsView.swift, ShareImportInboxService.swift, ShareSheetView.swift, ShushiNaiyakushoBuilder.swift, SnapshotArchiveStore.swift, StatementImportEntity.swift, StatementImportEntityMapper.swift, StatementImportUseCase.swift, StatementLineEntity.swift, StatementLineEntityMapper.swift, StatementMatchService.swift, StatementModels.swift (in target 'ProjectProfit' from project 'ProjectProfit')

SwiftCompile normal arm64 Compiling\ ApprovalRequestRepository.swift,\ AuditEvent.swift,\ AuditEventEntity.swift,\ AuditEventEntityMapper.swift,\ AuditEventType.swift,\ AuditRepository.swift,\ BackupService.swift,\ BalanceSheetView.swift,\ BankCardReconciliationView.swift,\ BlueDeductionLevel.swift,\ BookkeepingBasis.swift,\ BooksWorkspaceView.swift,\ BundledTaxYearPackProvider.swift,\ BusinessProfile.swift,\ BusinessProfileEntity.swift,\ BusinessProfileEntityMapper.swift,\ BusinessProfileRepository.swift,\ CSVExportService.swift,\ CSVImportService.swift,\ CanonicalAccount.swift,\ CanonicalAccountEntity.swift,\ CanonicalAccountEntityMapper.swift,\ CanonicalAccountType.swift,\ CanonicalBookModels.swift,\ CanonicalBookService.swift /Users/yutaro/project-profit-ios/ProjectProfit/Core/Domain/Posting/ApprovalRequestRepository.swift /Users/yutaro/project-profit-ios/ProjectProfit/Core/Domain/Audit/AuditEvent.swift /Users/yutaro/project-profit-ios/ProjectProfit/Infrastructure/Persistence/SwiftData/Entities/AuditEventEntity.swift /Users/yutaro/project-profit-ios/ProjectProfit/Application/Mappers/AuditEventEntityMapper.swift /Users/yutaro/project-profit-ios/ProjectProfit/Core/Domain/Audit/AuditEventType.swift /Users/yutaro/project-profit-ios/ProjectProfit/Core/Domain/Audit/AuditRepository.swift /Users/yutaro/project-profit-ios/ProjectProfit/Infrastructure/FileStorage/BackupService.swift /Users/yutaro/project-profit-ios/ProjectProfit/Views/Accounting/BalanceSheetView.swift /Users/yutaro/project-profit-ios/ProjectProfit/Features/Reconciliation/BankCardReconciliationView.swift /Users/yutaro/project-profit-ios/ProjectProfit/Core/Domain/TaxYear/BlueDeductionLevel.swift /Users/yutaro/project-profit-ios/ProjectProfit/Core/Domain/TaxYear/BookkeepingBasis.swift /Users/yutaro/project-profit-ios/ProjectProfit/Features/Books/Presentation/Screens/BooksWorkspaceView.swift /Users/yutaro/project-profit-ios/ProjectProfit/Infrastructure/TaxYearPack/BundledTaxYearPackProvider.swift /Users/yutaro/project-profit-ios/ProjectProfit/Core/Domain/BusinessProfile/BusinessProfile.swift /Users/yutaro/project-profit-ios/ProjectProfit/Infrastructure/Persistence/SwiftData/Entities/BusinessProfileEntity.swift /Users/yutaro/project-profit-ios/ProjectProfit/Application/Mappers/BusinessProfileEntityMapper.swift /Users/yutaro/project-profit-ios/ProjectProfit/Core/Domain/BusinessProfile/BusinessProfileRepository.swift /Users/yutaro/project-profit-ios/ProjectProfit/Services/CSVExportService.swift /Users/yutaro/project-profit-ios/ProjectProfit/Ledger/Services/CSVImportService.swift /Users/yutaro/project-profit-ios/ProjectProfit/Core/Domain/Accounts/CanonicalAccount.swift /Users/yutaro/project-profit-ios/ProjectProfit/Infrastructure/Persistence/SwiftData/Entities/CanonicalAccountEntity.swift /Users/yutaro/project-profit-ios/ProjectProfit/Application/Mappers/CanonicalAccountEntityMapper.swift /Users/yutaro/project-profit-ios/ProjectProfit/Core/Domain/Accounts/CanonicalAccountType.swift /Users/yutaro/project-profit-ios/ProjectProfit/Core/Domain/Reporting/Books/CanonicalBookModels.swift /Users/yutaro/project-profit-ios/ProjectProfit/Services/CanonicalBookService.swift (in target 'ProjectProfit' from project 'ProjectProfit')

SwiftCompile normal arm64 /Users/yutaro/project-profit-ios/ProjectProfit/Core/Domain/Posting/ApprovalRequestRepository.swift (in target 'ProjectProfit' from project 'ProjectProfit')
    cd /Users/yutaro/project-profit-ios
    

SwiftCompile normal arm64 /Users/yutaro/project-profit-ios/ProjectProfit/Core/Domain/Audit/AuditEvent.swift (in target 'ProjectProfit' from project 'ProjectProfit')
    cd /Users/yutaro/project-profit-ios
    

SwiftCompile normal arm64 /Users/yutaro/project-profit-ios/ProjectProfit/Infrastructure/Persistence/SwiftData/Entities/AuditEventEntity.swift (in target 'ProjectProfit' from project 'ProjectProfit')
    cd /Users/yutaro/project-profit-ios
    

SwiftCompile normal arm64 /Users/yutaro/project-profit-ios/ProjectProfit/Application/Mappers/AuditEventEntityMapper.swift (in target 'ProjectProfit' from project 'ProjectProfit')
    cd /Users/yutaro/project-profit-ios
    

SwiftCompile normal arm64 /Users/yutaro/project-profit-ios/ProjectProfit/Core/Domain/Audit/AuditEventType.swift (in target 'ProjectProfit' from project 'ProjectProfit')
    cd /Users/yutaro/project-profit-ios
    

SwiftCompile normal arm64 /Users/yutaro/project-profit-ios/ProjectProfit/Core/Domain/Audit/AuditRepository.swift (in target 'ProjectProfit' from project 'ProjectProfit')
    cd /Users/yutaro/project-profit-ios
    

SwiftCompile normal arm64 /Users/yutaro/project-profit-ios/ProjectProfit/Infrastructure/FileStorage/BackupService.swift (in target 'ProjectProfit' from project 'ProjectProfit')
    cd /Users/yutaro/project-profit-ios
    

SwiftCompile normal arm64 /Users/yutaro/project-profit-ios/ProjectProfit/Views/Accounting/BalanceSheetView.swift (in target 'ProjectProfit' from project 'ProjectProfit')
    cd /Users/yutaro/project-profit-ios
    

SwiftCompile normal arm64 /Users/yutaro/project-profit-ios/ProjectProfit/Features/Reconciliation/BankCardReconciliationView.swift (in target 'ProjectProfit' from project 'ProjectProfit')
    cd /Users/yutaro/project-profit-ios
    

SwiftCompile normal arm64 /Users/yutaro/project-profit-ios/ProjectProfit/Core/Domain/TaxYear/BlueDeductionLevel.swift (in target 'ProjectProfit' from project 'ProjectProfit')
    cd /Users/yutaro/project-profit-ios
    

SwiftCompile normal arm64 /Users/yutaro/project-profit-ios/ProjectProfit/Core/Domain/TaxYear/BookkeepingBasis.swift (in target 'ProjectProfit' from project 'ProjectProfit')
    cd /Users/yutaro/project-profit-ios
    

SwiftCompile normal arm64 /Users/yutaro/project-profit-ios/ProjectProfit/Features/Books/Presentation/Screens/BooksWorkspaceView.swift (in target 'ProjectProfit' from project 'ProjectProfit')
    cd /Users/yutaro/project-profit-ios
    

SwiftCompile normal arm64 /Users/yutaro/project-profit-ios/ProjectProfit/Infrastructure/TaxYearPack/BundledTaxYearPackProvider.swift (in target 'ProjectProfit' from project 'ProjectProfit')
    cd /Users/yutaro/project-profit-ios
    

SwiftCompile normal arm64 /Users/yutaro/project-profit-ios/ProjectProfit/Core/Domain/BusinessProfile/BusinessProfile.swift (in target 'ProjectProfit' from project 'ProjectProfit')
    cd /Users/yutaro/project-profit-ios
    

SwiftCompile normal arm64 /Users/yutaro/project-profit-ios/ProjectProfit/Infrastructure/Persistence/SwiftData/Entities/BusinessProfileEntity.swift (in target 'ProjectProfit' from project 'ProjectProfit')
    cd /Users/yutaro/project-profit-ios
    

SwiftCompile normal arm64 /Users/yutaro/project-profit-ios/ProjectProfit/Application/Mappers/BusinessProfileEntityMapper.swift (in target 'ProjectProfit' from project 'ProjectProfit')
    cd /Users/yutaro/project-profit-ios
    

SwiftCompile normal arm64 /Users/yutaro/project-profit-ios/ProjectProfit/Core/Domain/BusinessProfile/BusinessProfileRepository.swift (in target 'ProjectProfit' from project 'ProjectProfit')
    cd /Users/yutaro/project-profit-ios
    

SwiftCompile normal arm64 /Users/yutaro/project-profit-ios/ProjectProfit/Services/CSVExportService.swift (in target 'ProjectProfit' from project 'ProjectProfit')
    cd /Users/yutaro/project-profit-ios
    

SwiftCompile normal arm64 /Users/yutaro/project-profit-ios/ProjectProfit/Ledger/Services/CSVImportService.swift (in target 'ProjectProfit' from project 'ProjectProfit')
    cd /Users/yutaro/project-profit-ios
    

SwiftCompile normal arm64 /Users/yutaro/project-profit-ios/ProjectProfit/Core/Domain/Accounts/CanonicalAccount.swift (in target 'ProjectProfit' from project 'ProjectProfit')
    cd /Users/yutaro/project-profit-ios
    

SwiftCompile normal arm64 /Users/yutaro/project-profit-ios/ProjectProfit/Infrastructure/Persistence/SwiftData/Entities/CanonicalAccountEntity.swift (in target 'ProjectProfit' from project 'ProjectProfit')
    cd /Users/yutaro/project-profit-ios
    

SwiftCompile normal arm64 /Users/yutaro/project-profit-ios/ProjectProfit/Application/Mappers/CanonicalAccountEntityMapper.swift (in target 'ProjectProfit' from project 'ProjectProfit')
    cd /Users/yutaro/project-profit-ios
    

SwiftCompile normal arm64 /Users/yutaro/project-profit-ios/ProjectProfit/Core/Domain/Accounts/CanonicalAccountType.swift (in target 'ProjectProfit' from project 'ProjectProfit')
    cd /Users/yutaro/project-profit-ios
    

SwiftCompile normal arm64 /Users/yutaro/project-profit-ios/ProjectProfit/Core/Domain/Reporting/Books/CanonicalBookModels.swift (in target 'ProjectProfit' from project 'ProjectProfit')
    cd /Users/yutaro/project-profit-ios
    

SwiftCompile normal arm64 /Users/yutaro/project-profit-ios/ProjectProfit/Services/CanonicalBookService.swift (in target 'ProjectProfit' from project 'ProjectProfit')
    cd /Users/yutaro/project-profit-ios
    

SwiftCompile normal arm64 Compiling\ FixedAssetListView.swift,\ FixedAssetRepository.swift,\ FixedAssetScheduleView.swift,\ FixedAssetWorkflowUseCase.swift,\ FormDraftEntity.swift,\ FormDraftEntityMapper.swift,\ FormEngine.swift,\ GenreTag.swift,\ InventoryInputView.swift,\ InventoryRepository.swift,\ InventoryService.swift,\ InventoryViewModel.swift,\ InventoryWorkflowUseCase.swift,\ InvoiceIssuerStatus.swift,\ JournalBrowserView.swift,\ JournalDetailView.swift,\ JournalEntry.swift,\ JournalEntryEntity.swift,\ JournalEntryRepository.swift,\ JournalLine.swift,\ JournalLineEntity.swift,\ JournalLineEntityMapper.swift,\ JournalListView.swift,\ JournalSearchCriteria.swift /Users/yutaro/project-profit-ios/ProjectProfit/Views/Accounting/FixedAssetListView.swift /Users/yutaro/project-profit-ios/ProjectProfit/Core/Domain/FixedAssets/FixedAssetRepository.swift /Users/yutaro/project-profit-ios/ProjectProfit/Views/Accounting/FixedAssetScheduleView.swift /Users/yutaro/project-profit-ios/ProjectProfit/Application/UseCases/FixedAssets/FixedAssetWorkflowUseCase.swift /Users/yutaro/project-profit-ios/ProjectProfit/Infrastructure/Persistence/SwiftData/Entities/FormDraftEntity.swift /Users/yutaro/project-profit-ios/ProjectProfit/Application/Mappers/FormDraftEntityMapper.swift /Users/yutaro/project-profit-ios/ProjectProfit/Services/FormEngine.swift /Users/yutaro/project-profit-ios/ProjectProfit/Core/Domain/Tags/GenreTag.swift /Users/yutaro/project-profit-ios/ProjectProfit/Views/Accounting/InventoryInputView.swift /Users/yutaro/project-profit-ios/ProjectProfit/Core/Domain/Inventory/InventoryRepository.swift /Users/yutaro/project-profit-ios/ProjectProfit/Services/InventoryService.swift /Users/yutaro/project-profit-ios/ProjectProfit/ViewModels/InventoryViewModel.swift /Users/yutaro/project-profit-ios/ProjectProfit/Application/UseCases/Inventory/InventoryWorkflowUseCase.swift /Users/yutaro/project-profit-ios/ProjectProfit/Core/Domain/TaxYear/InvoiceIssuerStatus.swift /Users/yutaro/project-profit-ios/ProjectProfit/Features/Journals/Presentation/Screens/JournalBrowserView.swift /Users/yutaro/project-profit-ios/ProjectProfit/Views/Accounting/JournalDetailView.swift /Users/yutaro/project-profit-ios/ProjectProfit/Core/Domain/Posting/JournalEntry.swift /Users/yutaro/project-profit-ios/ProjectProfit/Infrastructure/Persistence/SwiftData/Entities/JournalEntryEntity.swift /Users/yutaro/project-profit-ios/ProjectProfit/Core/Domain/Posting/JournalEntryRepository.swift /Users/yutaro/project-profit-ios/ProjectProfit/Core/Domain/Posting/JournalLine.swift /Users/yutaro/project-profit-ios/ProjectProfit/Infrastructure/Persistence/SwiftData/Entities/JournalLineEntity.swift /Users/yutaro/project-profit-ios/ProjectProfit/Application/Mappers/JournalLineEntityMapper.swift /Users/yutaro/project-profit-ios/ProjectProfit/Views/Accounting/JournalListView.swift /Users/yutaro/project-profit-ios/ProjectProfit/Core/Domain/Posting/JournalSearchCriteria.swift (in target 'ProjectProfit' from project 'ProjectProfit')

SwiftCompile normal arm64 /Users/yutaro/project-profit-ios/ProjectProfit/Views/Accounting/FixedAssetListView.swift (in target 'ProjectProfit' from project 'ProjectProfit')
    cd /Users/yutaro/project-profit-ios
    

SwiftCompile normal arm64 /Users/yutaro/project-profit-ios/ProjectProfit/Core/Domain/FixedAssets/FixedAssetRepository.swift (in target 'ProjectProfit' from project 'ProjectProfit')
    cd /Users/yutaro/project-profit-ios
    

SwiftCompile normal arm64 /Users/yutaro/project-profit-ios/ProjectProfit/Views/Accounting/FixedAssetScheduleView.swift (in target 'ProjectProfit' from project 'ProjectProfit')
    cd /Users/yutaro/project-profit-ios
    

SwiftCompile normal arm64 /Users/yutaro/project-profit-ios/ProjectProfit/Application/UseCases/FixedAssets/FixedAssetWorkflowUseCase.swift (in target 'ProjectProfit' from project 'ProjectProfit')
    cd /Users/yutaro/project-profit-ios
    

SwiftCompile normal arm64 /Users/yutaro/project-profit-ios/ProjectProfit/Infrastructure/Persistence/SwiftData/Entities/FormDraftEntity.swift (in target 'ProjectProfit' from project 'ProjectProfit')
    cd /Users/yutaro/project-profit-ios
    

SwiftCompile normal arm64 /Users/yutaro/project-profit-ios/ProjectProfit/Application/Mappers/FormDraftEntityMapper.swift (in target 'ProjectProfit' from project 'ProjectProfit')
    cd /Users/yutaro/project-profit-ios
    

SwiftCompile normal arm64 /Users/yutaro/project-profit-ios/ProjectProfit/Services/FormEngine.swift (in target 'ProjectProfit' from project 'ProjectProfit')
    cd /Users/yutaro/project-profit-ios
    

SwiftCompile normal arm64 /Users/yutaro/project-profit-ios/ProjectProfit/Core/Domain/Tags/GenreTag.swift (in target 'ProjectProfit' from project 'ProjectProfit')
    cd /Users/yutaro/project-profit-ios
    

SwiftCompile normal arm64 /Users/yutaro/project-profit-ios/ProjectProfit/Views/Accounting/InventoryInputView.swift (in target 'ProjectProfit' from project 'ProjectProfit')
    cd /Users/yutaro/project-profit-ios
    

SwiftCompile normal arm64 /Users/yutaro/project-profit-ios/ProjectProfit/Core/Domain/Inventory/InventoryRepository.swift (in target 'ProjectProfit' from project 'ProjectProfit')
    cd /Users/yutaro/project-profit-ios
    

SwiftCompile normal arm64 /Users/yutaro/project-profit-ios/ProjectProfit/Services/InventoryService.swift (in target 'ProjectProfit' from project 'ProjectProfit')
    cd /Users/yutaro/project-profit-ios
    

SwiftCompile normal arm64 /Users/yutaro/project-profit-ios/ProjectProfit/ViewModels/InventoryViewModel.swift (in target 'ProjectProfit' from project 'ProjectProfit')
    cd /Users/yutaro/project-profit-ios
    

SwiftCompile normal arm64 /Users/yutaro/project-profit-ios/ProjectProfit/Application/UseCases/Inventory/InventoryWorkflowUseCase.swift (in target 'ProjectProfit' from project 'ProjectProfit')
    cd /Users/yutaro/project-profit-ios
    

SwiftCompile normal arm64 /Users/yutaro/project-profit-ios/ProjectProfit/Core/Domain/TaxYear/InvoiceIssuerStatus.swift (in target 'ProjectProfit' from project 'ProjectProfit')
    cd /Users/yutaro/project-profit-ios
    

SwiftCompile normal arm64 /Users/yutaro/project-profit-ios/ProjectProfit/Features/Journals/Presentation/Screens/JournalBrowserView.swift (in target 'ProjectProfit' from project 'ProjectProfit')
    cd /Users/yutaro/project-profit-ios
    

SwiftCompile normal arm64 /Users/yutaro/project-profit-ios/ProjectProfit/Views/Accounting/JournalDetailView.swift (in target 'ProjectProfit' from project 'ProjectProfit')
    cd /Users/yutaro/project-profit-ios
    

SwiftCompile normal arm64 /Users/yutaro/project-profit-ios/ProjectProfit/Core/Domain/Posting/JournalEntry.swift (in target 'ProjectProfit' from project 'ProjectProfit')
    cd /Users/yutaro/project-profit-ios
    

SwiftCompile normal arm64 /Users/yutaro/project-profit-ios/ProjectProfit/Infrastructure/Persistence/SwiftData/Entities/JournalEntryEntity.swift (in target 'ProjectProfit' from project 'ProjectProfit')
    cd /Users/yutaro/project-profit-ios
    

SwiftCompile normal arm64 /Users/yutaro/project-profit-ios/ProjectProfit/Core/Domain/Posting/JournalEntryRepository.swift (in target 'ProjectProfit' from project 'ProjectProfit')
    cd /Users/yutaro/project-profit-ios
    

SwiftCompile normal arm64 /Users/yutaro/project-profit-ios/ProjectProfit/Core/Domain/Posting/JournalLine.swift (in target 'ProjectProfit' from project 'ProjectProfit')
    cd /Users/yutaro/project-profit-ios
    

SwiftCompile normal arm64 /Users/yutaro/project-profit-ios/ProjectProfit/Infrastructure/Persistence/SwiftData/Entities/JournalLineEntity.swift (in target 'ProjectProfit' from project 'ProjectProfit')
    cd /Users/yutaro/project-profit-ios
    

SwiftCompile normal arm64 /Users/yutaro/project-profit-ios/ProjectProfit/Application/Mappers/JournalLineEntityMapper.swift (in target 'ProjectProfit' from project 'ProjectProfit')
    cd /Users/yutaro/project-profit-ios
    

SwiftCompile normal arm64 /Users/yutaro/project-profit-ios/ProjectProfit/Views/Accounting/JournalListView.swift (in target 'ProjectProfit' from project 'ProjectProfit')
    cd /Users/yutaro/project-profit-ios
    

SwiftCompile normal arm64 /Users/yutaro/project-profit-ios/ProjectProfit/Core/Domain/Posting/JournalSearchCriteria.swift (in target 'ProjectProfit' from project 'ProjectProfit')
    cd /Users/yutaro/project-profit-ios
    

SwiftDriverJobDiscovery normal arm64 Compiling ConsumptionTaxWorksheet.swift, ContentView.swift, Counterparty.swift, CounterpartyEntity.swift, CounterpartyEntityMapper.swift, CounterpartyFormView.swift, CounterpartyListView.swift, CounterpartyMasterUseCase.swift, CounterpartyRepository.swift, CurrencyText.swift, DashboardView.swift, DashboardViewModel.swift, DataRevisionQueryUseCase.swift, DataRevisionRepository.swift, DataStore+Accounting.swift, DataStore+Documents.swift, DataStore+FixedAsset.swift, DataStore+Inventory.swift, DataStore+MonthlySummary.swift, DataStore+ProfileMigration.swift, DataStore+SubLedger.swift, DataStore+YearLock.swift, DataStore.swift, DepreciationEngine.swift, DepreciationScheduleBuilder.swift (in target 'ProjectProfit' from project 'ProjectProfit')

SwiftCompile normal arm64 Compiling\ PayeeInfo.swift,\ PostingCandidate.swift,\ PostingCandidateEntity.swift,\ PostingCandidateEntityMapper.swift,\ PostingCandidateLine.swift,\ PostingIntakeStore.swift,\ PostingIntakeUseCase.swift,\ PostingSource.swift,\ PostingWorkflowUseCase.swift,\ ProfileSettingsUseCase.swift,\ ProfileSettingsView.swift,\ ProfileSettingsWorkflowUseCase.swift,\ ProfitLossView.swift,\ ProjectAllocation.swift,\ ProjectAllocationReprocessor.swift,\ ProjectDetailView.swift,\ ProjectDetailViewModel.swift,\ ProjectFormView.swift,\ ProjectProfitApp.swift,\ ProjectQueryRepository.swift,\ ProjectQueryUseCase.swift,\ ProjectRepository.swift,\ ProjectWorkflowStore.swift,\ ProjectWorkflowUseCase.swift /Users/yutaro/project-profit-ios/ProjectProfit/Core/Domain/Counterparties/PayeeInfo.swift /Users/yutaro/project-profit-ios/ProjectProfit/Core/Domain/Posting/PostingCandidate.swift /Users/yutaro/project-profit-ios/ProjectProfit/Infrastructure/Persistence/SwiftData/Entities/PostingCandidateEntity.swift /Users/yutaro/project-profit-ios/ProjectProfit/Application/Mappers/PostingCandidateEntityMapper.swift /Users/yutaro/project-profit-ios/ProjectProfit/Core/Domain/Posting/PostingCandidateLine.swift /Users/yutaro/project-profit-ios/ProjectProfit/Application/UseCases/Posting/PostingIntakeStore.swift /Users/yutaro/project-profit-ios/ProjectProfit/Application/UseCases/Posting/PostingIntakeUseCase.swift /Users/yutaro/project-profit-ios/ProjectProfit/Core/Domain/Posting/PostingSource.swift /Users/yutaro/project-profit-ios/ProjectProfit/Application/UseCases/Posting/PostingWorkflowUseCase.swift /Users/yutaro/project-profit-ios/ProjectProfit/Application/UseCases/Masters/ProfileSettingsUseCase.swift /Users/yutaro/project-profit-ios/ProjectProfit/Views/Settings/ProfileSettingsView.swift /Users/yutaro/project-profit-ios/ProjectProfit/Application/UseCases/Masters/ProfileSettingsWorkflowUseCase.swift /Users/yutaro/project-profit-ios/ProjectProfit/Views/Accounting/ProfitLossView.swift /Users/yutaro/project-profit-ios/ProjectProfit/Core/Domain/Distribution/ProjectAllocation.swift /Users/yutaro/project-profit-ios/ProjectProfit/Application/UseCases/Projects/ProjectAllocationReprocessor.swift /Users/yutaro/project-profit-ios/ProjectProfit/Views/Projects/ProjectDetailView.swift /Users/yutaro/project-profit-ios/ProjectProfit/ViewModels/ProjectDetailViewModel.swift /Users/yutaro/project-profit-ios/ProjectProfit/Views/Components/ProjectFormView.swift /Users/yutaro/project-profit-ios/ProjectProfit/ProjectProfitApp.swift /Users/yutaro/project-profit-ios/ProjectProfit/Core/Domain/Projects/ProjectQueryRepository.swift /Users/yutaro/project-profit-ios/ProjectProfit/Application/UseCases/Projects/ProjectQueryUseCase.swift /Users/yutaro/project-profit-ios/ProjectProfit/Core/Domain/Projects/ProjectRepository.swift /Users/yutaro/project-profit-ios/ProjectProfit/Application/UseCases/Projects/ProjectWorkflowStore.swift /Users/yutaro/project-profit-ios/ProjectProfit/Application/UseCases/Projects/ProjectWorkflowUseCase.swift (in target 'ProjectProfit' from project 'ProjectProfit')

SwiftCompile normal arm64 /Users/yutaro/project-profit-ios/ProjectProfit/Core/Domain/Counterparties/PayeeInfo.swift (in target 'ProjectProfit' from project 'ProjectProfit')
    cd /Users/yutaro/project-profit-ios
    

SwiftCompile normal arm64 /Users/yutaro/project-profit-ios/ProjectProfit/Core/Domain/Posting/PostingCandidate.swift (in target 'ProjectProfit' from project 'ProjectProfit')
    cd /Users/yutaro/project-profit-ios
    

SwiftCompile normal arm64 /Users/yutaro/project-profit-ios/ProjectProfit/Infrastructure/Persistence/SwiftData/Entities/PostingCandidateEntity.swift (in target 'ProjectProfit' from project 'ProjectProfit')
    cd /Users/yutaro/project-profit-ios
    

SwiftCompile normal arm64 /Users/yutaro/project-profit-ios/ProjectProfit/Application/Mappers/PostingCandidateEntityMapper.swift (in target 'ProjectProfit' from project 'ProjectProfit')
    cd /Users/yutaro/project-profit-ios
    

SwiftCompile normal arm64 /Users/yutaro/project-profit-ios/ProjectProfit/Core/Domain/Posting/PostingCandidateLine.swift (in target 'ProjectProfit' from project 'ProjectProfit')
    cd /Users/yutaro/project-profit-ios
    

SwiftCompile normal arm64 /Users/yutaro/project-profit-ios/ProjectProfit/Application/UseCases/Posting/PostingIntakeStore.swift (in target 'ProjectProfit' from project 'ProjectProfit')
    cd /Users/yutaro/project-profit-ios
    

SwiftCompile normal arm64 /Users/yutaro/project-profit-ios/ProjectProfit/Application/UseCases/Posting/PostingIntakeUseCase.swift (in target 'ProjectProfit' from project 'ProjectProfit')
    cd /Users/yutaro/project-profit-ios
    

SwiftCompile normal arm64 /Users/yutaro/project-profit-ios/ProjectProfit/Core/Domain/Posting/PostingSource.swift (in target 'ProjectProfit' from project 'ProjectProfit')
    cd /Users/yutaro/project-profit-ios
    

SwiftCompile normal arm64 /Users/yutaro/project-profit-ios/ProjectProfit/Application/UseCases/Posting/PostingWorkflowUseCase.swift (in target 'ProjectProfit' from project 'ProjectProfit')
    cd /Users/yutaro/project-profit-ios
    

SwiftCompile normal arm64 /Users/yutaro/project-profit-ios/ProjectProfit/Application/UseCases/Masters/ProfileSettingsUseCase.swift (in target 'ProjectProfit' from project 'ProjectProfit')
    cd /Users/yutaro/project-profit-ios
    

SwiftCompile normal arm64 /Users/yutaro/project-profit-ios/ProjectProfit/Views/Settings/ProfileSettingsView.swift (in target 'ProjectProfit' from project 'ProjectProfit')
    cd /Users/yutaro/project-profit-ios
    

SwiftCompile normal arm64 /Users/yutaro/project-profit-ios/ProjectProfit/Application/UseCases/Masters/ProfileSettingsWorkflowUseCase.swift (in target 'ProjectProfit' from project 'ProjectProfit')
    cd /Users/yutaro/project-profit-ios
    

SwiftCompile normal arm64 /Users/yutaro/project-profit-ios/ProjectProfit/Views/Accounting/ProfitLossView.swift (in target 'ProjectProfit' from project 'ProjectProfit')
    cd /Users/yutaro/project-profit-ios
    

SwiftCompile normal arm64 /Users/yutaro/project-profit-ios/ProjectProfit/Core/Domain/Distribution/ProjectAllocation.swift (in target 'ProjectProfit' from project 'ProjectProfit')
    cd /Users/yutaro/project-profit-ios
    

SwiftCompile normal arm64 /Users/yutaro/project-profit-ios/ProjectProfit/Application/UseCases/Projects/ProjectAllocationReprocessor.swift (in target 'ProjectProfit' from project 'ProjectProfit')
    cd /Users/yutaro/project-profit-ios
    

SwiftCompile normal arm64 /Users/yutaro/project-profit-ios/ProjectProfit/Views/Projects/ProjectDetailView.swift (in target 'ProjectProfit' from project 'ProjectProfit')
    cd /Users/yutaro/project-profit-ios
    

SwiftCompile normal arm64 /Users/yutaro/project-profit-ios/ProjectProfit/ViewModels/ProjectDetailViewModel.swift (in target 'ProjectProfit' from project 'ProjectProfit')
    cd /Users/yutaro/project-profit-ios
    

SwiftCompile normal arm64 /Users/yutaro/project-profit-ios/ProjectProfit/Views/Components/ProjectFormView.swift (in target 'ProjectProfit' from project 'ProjectProfit')
    cd /Users/yutaro/project-profit-ios
    

SwiftCompile normal arm64 /Users/yutaro/project-profit-ios/ProjectProfit/ProjectProfitApp.swift (in target 'ProjectProfit' from project 'ProjectProfit')
    cd /Users/yutaro/project-profit-ios
    

SwiftCompile normal arm64 /Users/yutaro/project-profit-ios/ProjectProfit/Core/Domain/Projects/ProjectQueryRepository.swift (in target 'ProjectProfit' from project 'ProjectProfit')
    cd /Users/yutaro/project-profit-ios
    

SwiftCompile normal arm64 /Users/yutaro/project-profit-ios/ProjectProfit/Application/UseCases/Projects/ProjectQueryUseCase.swift (in target 'ProjectProfit' from project 'ProjectProfit')
    cd /Users/yutaro/project-profit-ios
    

SwiftCompile normal arm64 /Users/yutaro/project-profit-ios/ProjectProfit/Core/Domain/Projects/ProjectRepository.swift (in target 'ProjectProfit' from project 'ProjectProfit')
    cd /Users/yutaro/project-profit-ios
    

SwiftCompile normal arm64 /Users/yutaro/project-profit-ios/ProjectProfit/Application/UseCases/Projects/ProjectWorkflowStore.swift (in target 'ProjectProfit' from project 'ProjectProfit')
    cd /Users/yutaro/project-profit-ios
    

SwiftCompile normal arm64 /Users/yutaro/project-profit-ios/ProjectProfit/Application/UseCases/Projects/ProjectWorkflowUseCase.swift (in target 'ProjectProfit' from project 'ProjectProfit')
    cd /Users/yutaro/project-profit-ios
    

SwiftDriverJobDiscovery normal arm64 Compiling CanonicalCategory.swift, CanonicalJSONCoder.swift, CanonicalJournalEntryEntityMapper.swift, CanonicalPostingEngine.swift, CanonicalPostingSupport.swift, CanonicalRepositoryError.swift, CashBasisReturnBuilder.swift, CategoryAccountMappingView.swift, CategoryListView.swift, CategoryManageView.swift, CategoryQueryRepository.swift, CategoryQueryUseCase.swift, CategoryRepository.swift, CategoryWorkflowUseCase.swift, ChartOfAccountsRepository.swift, ChartOfAccountsUseCase.swift, ChartOfAccountsView.swift, ClassificationDictionaryLoader.swift, ClassificationEngine.swift, ClassificationLearningService.swift, ClassificationViewModel.swift, ClosingEntryView.swift, ClosingWorkflowUseCase.swift, ConsumptionTaxModels.swift, ConsumptionTaxReportService.swift (in target 'ProjectProfit' from project 'ProjectProfit')

SwiftCompile normal arm64 Compiling\ JournalSearchIndexEntity.swift,\ JournalSearchUseCase.swift,\ JournalValidationService.swift,\ LedgerAccountPicker.swift,\ LedgerBookCreateView.swift,\ LedgerBookDetailView.swift,\ LedgerBridge.swift,\ LedgerCSVImportService.swift,\ LedgerCSVImportView.swift,\ LedgerDataStore+Calculations.swift,\ LedgerDataStore.swift,\ LedgerEntryFormView.swift,\ LedgerExcelExportService.swift,\ LedgerExportService.swift,\ LedgerHomeView.swift,\ LedgerImportCoordinator.swift,\ LedgerModels.swift,\ LedgerPDFExportService.swift,\ LedgerSwiftDataModels.swift,\ LedgerView.swift,\ LegacyAccountCanonicalMapper.swift,\ LegacyAccountingProfileCanonicalMapper.swift,\ LegacyDataMigrationExecutor.swift,\ LegacyProfileMigrationRunner.swift /Users/yutaro/project-profit-ios/ProjectProfit/Infrastructure/Persistence/SwiftData/Entities/JournalSearchIndexEntity.swift /Users/yutaro/project-profit-ios/ProjectProfit/Application/UseCases/Journals/JournalSearchUseCase.swift /Users/yutaro/project-profit-ios/ProjectProfit/Services/JournalValidationService.swift /Users/yutaro/project-profit-ios/ProjectProfit/Ledger/Views/Components/LedgerAccountPicker.swift /Users/yutaro/project-profit-ios/ProjectProfit/Ledger/Views/LedgerBookCreateView.swift /Users/yutaro/project-profit-ios/ProjectProfit/Ledger/Views/LedgerBookDetailView.swift /Users/yutaro/project-profit-ios/ProjectProfit/Ledger/Bridge/LedgerBridge.swift /Users/yutaro/project-profit-ios/ProjectProfit/Ledger/Services/LedgerCSVImportService.swift /Users/yutaro/project-profit-ios/ProjectProfit/Ledger/Views/LedgerCSVImportView.swift /Users/yutaro/project-profit-ios/ProjectProfit/Ledger/Services/LedgerDataStore+Calculations.swift /Users/yutaro/project-profit-ios/ProjectProfit/Ledger/Services/LedgerDataStore.swift /Users/yutaro/project-profit-ios/ProjectProfit/Ledger/Views/LedgerEntryFormView.swift /Users/yutaro/project-profit-ios/ProjectProfit/Ledger/Services/LedgerExcelExportService.swift /Users/yutaro/project-profit-ios/ProjectProfit/Ledger/Services/LedgerExportService.swift /Users/yutaro/project-profit-ios/ProjectProfit/Ledger/Views/LedgerHomeView.swift /Users/yutaro/project-profit-ios/ProjectProfit/Ledger/Services/LedgerImportCoordinator.swift /Users/yutaro/project-profit-ios/ProjectProfit/Ledger/Models/LedgerModels.swift /Users/yutaro/project-profit-ios/ProjectProfit/Ledger/Services/LedgerPDFExportService.swift /Users/yutaro/project-profit-ios/ProjectProfit/Ledger/Bridge/LedgerSwiftDataModels.swift /Users/yutaro/project-profit-ios/ProjectProfit/Views/Accounting/LedgerView.swift /Users/yutaro/project-profit-ios/ProjectProfit/Application/Mappers/LegacyAccountCanonicalMapper.swift /Users/yutaro/project-profit-ios/ProjectProfit/Application/Mappers/LegacyAccountingProfileCanonicalMapper.swift /Users/yutaro/project-profit-ios/ProjectProfit/Application/Migrations/LegacyDataMigrationExecutor.swift /Users/yutaro/project-profit-ios/ProjectProfit/Application/Migrations/LegacyProfileMigrationRunner.swift (in target 'ProjectProfit' from project 'ProjectProfit')

SwiftCompile normal arm64 /Users/yutaro/project-profit-ios/ProjectProfit/Infrastructure/Persistence/SwiftData/Entities/JournalSearchIndexEntity.swift (in target 'ProjectProfit' from project 'ProjectProfit')
    cd /Users/yutaro/project-profit-ios
    

SwiftCompile normal arm64 /Users/yutaro/project-profit-ios/ProjectProfit/Application/UseCases/Journals/JournalSearchUseCase.swift (in target 'ProjectProfit' from project 'ProjectProfit')
    cd /Users/yutaro/project-profit-ios
    

SwiftCompile normal arm64 /Users/yutaro/project-profit-ios/ProjectProfit/Services/JournalValidationService.swift (in target 'ProjectProfit' from project 'ProjectProfit')
    cd /Users/yutaro/project-profit-ios
    

SwiftCompile normal arm64 /Users/yutaro/project-profit-ios/ProjectProfit/Ledger/Views/Components/LedgerAccountPicker.swift (in target 'ProjectProfit' from project 'ProjectProfit')
    cd /Users/yutaro/project-profit-ios
    

SwiftCompile normal arm64 /Users/yutaro/project-profit-ios/ProjectProfit/Ledger/Views/LedgerBookCreateView.swift (in target 'ProjectProfit' from project 'ProjectProfit')
    cd /Users/yutaro/project-profit-ios
    

SwiftCompile normal arm64 /Users/yutaro/project-profit-ios/ProjectProfit/Ledger/Views/LedgerBookDetailView.swift (in target 'ProjectProfit' from project 'ProjectProfit')
    cd /Users/yutaro/project-profit-ios
    

SwiftCompile normal arm64 /Users/yutaro/project-profit-ios/ProjectProfit/Ledger/Bridge/LedgerBridge.swift (in target 'ProjectProfit' from project 'ProjectProfit')
    cd /Users/yutaro/project-profit-ios
    

SwiftCompile normal arm64 /Users/yutaro/project-profit-ios/ProjectProfit/Ledger/Services/LedgerCSVImportService.swift (in target 'ProjectProfit' from project 'ProjectProfit')
    cd /Users/yutaro/project-profit-ios
    

SwiftCompile normal arm64 /Users/yutaro/project-profit-ios/ProjectProfit/Ledger/Views/LedgerCSVImportView.swift (in target 'ProjectProfit' from project 'ProjectProfit')
    cd /Users/yutaro/project-profit-ios
    

SwiftCompile normal arm64 /Users/yutaro/project-profit-ios/ProjectProfit/Ledger/Services/LedgerDataStore+Calculations.swift (in target 'ProjectProfit' from project 'ProjectProfit')
    cd /Users/yutaro/project-profit-ios
    

SwiftCompile normal arm64 /Users/yutaro/project-profit-ios/ProjectProfit/Ledger/Services/LedgerDataStore.swift (in target 'ProjectProfit' from project 'ProjectProfit')
    cd /Users/yutaro/project-profit-ios
    

SwiftCompile normal arm64 /Users/yutaro/project-profit-ios/ProjectProfit/Ledger/Views/LedgerEntryFormView.swift (in target 'ProjectProfit' from project 'ProjectProfit')
    cd /Users/yutaro/project-profit-ios
    

SwiftCompile normal arm64 /Users/yutaro/project-profit-ios/ProjectProfit/Ledger/Services/LedgerExcelExportService.swift (in target 'ProjectProfit' from project 'ProjectProfit')
    cd /Users/yutaro/project-profit-ios
    
/Users/yutaro/project-profit-ios/ProjectProfit/Ledger/Services/LedgerExcelExportService.swift:447:13: warning: initialization of immutable value 'attrCell' was never used; consider replacing with assignment to '_' or removing it
        let attrCell = "\(columnLetter(balCol))1"  // 属性セル参照

SwiftCompile normal arm64 /Users/yutaro/project-profit-ios/ProjectProfit/Ledger/Services/LedgerExportService.swift (in target 'ProjectProfit' from project 'ProjectProfit')
    cd /Users/yutaro/project-profit-ios
    

SwiftCompile normal arm64 /Users/yutaro/project-profit-ios/ProjectProfit/Ledger/Views/LedgerHomeView.swift (in target 'ProjectProfit' from project 'ProjectProfit')
    cd /Users/yutaro/project-profit-ios
    

SwiftCompile normal arm64 /Users/yutaro/project-profit-ios/ProjectProfit/Ledger/Services/LedgerImportCoordinator.swift (in target 'ProjectProfit' from project 'ProjectProfit')
    cd /Users/yutaro/project-profit-ios
    

SwiftCompile normal arm64 /Users/yutaro/project-profit-ios/ProjectProfit/Ledger/Models/LedgerModels.swift (in target 'ProjectProfit' from project 'ProjectProfit')
    cd /Users/yutaro/project-profit-ios
    

SwiftCompile normal arm64 /Users/yutaro/project-profit-ios/ProjectProfit/Ledger/Services/LedgerPDFExportService.swift (in target 'ProjectProfit' from project 'ProjectProfit')
    cd /Users/yutaro/project-profit-ios
    

SwiftCompile normal arm64 /Users/yutaro/project-profit-ios/ProjectProfit/Ledger/Bridge/LedgerSwiftDataModels.swift (in target 'ProjectProfit' from project 'ProjectProfit')
    cd /Users/yutaro/project-profit-ios
    

SwiftCompile normal arm64 /Users/yutaro/project-profit-ios/ProjectProfit/Views/Accounting/LedgerView.swift (in target 'ProjectProfit' from project 'ProjectProfit')
    cd /Users/yutaro/project-profit-ios
    

SwiftCompile normal arm64 /Users/yutaro/project-profit-ios/ProjectProfit/Application/Mappers/LegacyAccountCanonicalMapper.swift (in target 'ProjectProfit' from project 'ProjectProfit')
    cd /Users/yutaro/project-profit-ios
    

SwiftCompile normal arm64 /Users/yutaro/project-profit-ios/ProjectProfit/Application/Mappers/LegacyAccountingProfileCanonicalMapper.swift (in target 'ProjectProfit' from project 'ProjectProfit')
    cd /Users/yutaro/project-profit-ios
    

SwiftCompile normal arm64 /Users/yutaro/project-profit-ios/ProjectProfit/Application/Migrations/LegacyDataMigrationExecutor.swift (in target 'ProjectProfit' from project 'ProjectProfit')
    cd /Users/yutaro/project-profit-ios
    

SwiftCompile normal arm64 /Users/yutaro/project-profit-ios/ProjectProfit/Application/Migrations/LegacyProfileMigrationRunner.swift (in target 'ProjectProfit' from project 'ProjectProfit')
    cd /Users/yutaro/project-profit-ios
    
/Users/yutaro/project-profit-ios/ProjectProfit/Application/Migrations/LegacyProfileMigrationRunner.swift:188:52: warning: 'PPAccountingProfile' is deprecated: Use BusinessProfile / TaxYearProfile instead. Migration-only legacy model.
    private func makeBusinessProfileEntity(legacy: PPAccountingProfile, businessId: UUID) -> BusinessProfileEntity {
                                                   ^
/Users/yutaro/project-profit-ios/ProjectProfit/Application/Migrations/LegacyProfileMigrationRunner.swift:208:51: warning: 'PPAccountingProfile' is deprecated: Use BusinessProfile / TaxYearProfile instead. Migration-only legacy model.
    private func makeTaxYearProfileEntity(legacy: PPAccountingProfile, businessId: UUID) -> TaxYearProfileEntity {
                                                  ^
/Users/yutaro/project-profit-ios/ProjectProfit/Application/Migrations/LegacyProfileMigrationRunner.swift:230:48: warning: 'PPAccountingProfile' is deprecated: Use BusinessProfile / TaxYearProfile instead. Migration-only legacy model.
    private func mapBookkeepingBasis(_ legacy: PPAccountingProfile) -> BookkeepingBasis {
                                               ^
/Users/yutaro/project-profit-ios/ProjectProfit/Application/Migrations/LegacyProfileMigrationRunner.swift:241:50: warning: 'PPAccountingProfile' is deprecated: Use BusinessProfile / TaxYearProfile instead. Migration-only legacy model.
    private func mapBlueDeductionLevel(_ legacy: PPAccountingProfile) -> BlueDeductionLevel {
                                                 ^
/Users/yutaro/project-profit-ios/ProjectProfit/Application/Migrations/LegacyProfileMigrationRunner.swift:82:51: warning: conformance of 'PPAccountingProfile' to 'PersistentModel' is deprecated: Use BusinessProfile / TaxYearProfile instead. Migration-only legacy model.
            let legacyProfiles = try modelContext.fetch(
                                                  ^
/Users/yutaro/project-profit-ios/ProjectProfit/Application/Migrations/LegacyProfileMigrationRunner.swift:83:33: warning: 'PPAccountingProfile' is deprecated: Use BusinessProfile / TaxYearProfile instead. Migration-only legacy model.
                FetchDescriptor<PPAccountingProfile>(sortBy: [SortDescriptor(\.createdAt)])
                                ^
/Users/yutaro/project-profit-ios/ProjectProfit/Application/Migrations/LegacyProfileMigrationRunner.swift:83:17: warning: conformance of 'PPAccountingProfile' to 'PersistentModel' is deprecated: Use BusinessProfile / TaxYearProfile instead. Migration-only legacy model.
                FetchDescriptor<PPAccountingProfile>(sortBy: [SortDescriptor(\.createdAt)])
                ^
/Users/yutaro/project-profit-ios/ProjectProfit/Application/Migrations/LegacyProfileMigrationRunner.swift:83:52: warning: conformance of 'PPAccountingProfile' to 'PersistentModel' is deprecated: Use BusinessProfile / TaxYearProfile instead. Migration-only legacy model.
                FetchDescriptor<PPAccountingProfile>(sortBy: [SortDescriptor(\.createdAt)])
                                                   ^
/Users/yutaro/project-profit-ios/ProjectProfit/Application/Migrations/LegacyProfileMigrationRunner.swift:147:53: warning: conformance of 'PPAccountingProfile' to 'PersistentModel' is deprecated: Use BusinessProfile / TaxYearProfile instead. Migration-only legacy model.
                legacyProfiles.forEach(modelContext.delete)
                                                    ^

SwiftDriverJobDiscovery normal arm64 Compiling AccountFormView.swift, AccountPickerView.swift, AccountingBookReadModelQueries.swift, AccountingBootstrapService.swift, AccountingConstants.swift, AccountingEngine.swift, AccountingEnums.swift, AccountingPlaceholders.swift, AccountingReadSupport.swift, AccountingReportModels.swift, AccountingReportService.swift, AccountingReportViewModel.swift, AllocationCalculator.swift, AppBootstrapWorkflowUseCase.swift, AppColors.swift, AppError.swift, AppShellWorkflowUseCase.swift, AppSnapshotModels.swift, ApprovalQueueQueryUseCase.swift, ApprovalQueueRepository.swift, ApprovalQueueView.swift, ApprovalQueueWorkflowUseCase.swift, ApprovalRequest.swift, ApprovalRequestEntity.swift, ApprovalRequestEntityMapper.swift (in target 'ProjectProfit' from project 'ProjectProfit')

SwiftDriverJobDiscovery normal arm64 Compiling EvidenceInboxRepository.swift, EvidenceInboxView.swift, EvidenceLegalType.swift, EvidenceLineItem.swift, EvidenceRecordEntity.swift, EvidenceRecordEntityMapper.swift, EvidenceRepository.swift, EvidenceSearchCriteria.swift, EvidenceSearchIndexEntity.swift, EvidenceSourceType.swift, EvidenceStatus.swift, EvidenceStructuredFields.swift, EvidenceVersion.swift, ExportCoordinator.swift, ExportMenuButton.swift, FeatureFlags.swift, FilingDashboardQueryUseCase.swift, FilingDashboardView.swift, FilingPreflightUseCase.swift, FilingStyle.swift, FilterView.swift, FiscalYearSettings.swift, FiscalYearUtilities.swift, FixedAssetDetailView.swift, FixedAssetFormView.swift (in target 'ProjectProfit' from project 'ProjectProfit')

ProcessProductPackaging "" /Users/yutaro/project-profit-ios/artifacts/release-quality/canonical-e2e/DerivedData/Build/Intermediates.noindex/ProjectProfit.build/Debug-iphonesimulator/ProjectProfitUITests.build/ProjectProfitUITests.xctest-Simulated.xcent (in target 'ProjectProfitUITests' from project 'ProjectProfit')
    cd /Users/yutaro/project-profit-ios
    
    Entitlements:
    
    {
    "application-identifier" = "52PPJXD67Z.com.projectprofit.ProjectProfitUITests.xctrunner";
    "keychain-access-groups" =     (
        "52PPJXD67Z.com.projectprofit.ProjectProfitUITests.xctrunner"
    );
}
    
    builtin-productPackagingUtility -entitlements -format xml -o /Users/yutaro/project-profit-ios/artifacts/release-quality/canonical-e2e/DerivedData/Build/Intermediates.noindex/ProjectProfit.build/Debug-iphonesimulator/ProjectProfitUITests.build/ProjectProfitUITests.xctest-Simulated.xcent

ProcessProductPackagingDER /Users/yutaro/project-profit-ios/artifacts/release-quality/canonical-e2e/DerivedData/Build/Intermediates.noindex/ProjectProfit.build/Debug-iphonesimulator/ProjectProfitUITests.build/ProjectProfitUITests.xctest-Simulated.xcent /Users/yutaro/project-profit-ios/artifacts/release-quality/canonical-e2e/DerivedData/Build/Intermediates.noindex/ProjectProfit.build/Debug-iphonesimulator/ProjectProfitUITests.build/ProjectProfitUITests.xctest-Simulated.xcent.der (in target 'ProjectProfitUITests' from project 'ProjectProfit')
    cd /Users/yutaro/project-profit-ios
    /usr/bin/derq query -f xml -i /Users/yutaro/project-profit-ios/artifacts/release-quality/canonical-e2e/DerivedData/Build/Intermediates.noindex/ProjectProfit.build/Debug-iphonesimulator/ProjectProfitUITests.build/ProjectProfitUITests.xctest-Simulated.xcent -o /Users/yutaro/project-profit-ios/artifacts/release-quality/canonical-e2e/DerivedData/Build/Intermediates.noindex/ProjectProfit.build/Debug-iphonesimulator/ProjectProfitUITests.build/ProjectProfitUITests.xctest-Simulated.xcent.der --raw

SwiftDriver ProjectProfitTests normal arm64 com.apple.xcode.tools.swift.compiler (in target 'ProjectProfitTests' from project 'ProjectProfit')
    cd /Users/yutaro/project-profit-ios
    builtin-SwiftDriver -- /Applications/Xcode-26.3.app/Contents/Developer/Toolchains/XcodeDefault.xctoolchain/usr/bin/swiftc -module-name ProjectProfitTests -Onone -enforce-exclusivity\=checked @/Users/yutaro/project-profit-ios/artifacts/release-quality/canonical-e2e/DerivedData/Build/Intermediates.noindex/ProjectProfit.build/Debug-iphonesimulator/ProjectProfitTests.build/Objects-normal/arm64/ProjectProfitTests.SwiftFileList -DDEBUG -Xcc -fmodule-map-file\=/Users/yutaro/project-profit-ios/artifacts/release-quality/canonical-e2e/DerivedData/Build/Intermediates.noindex/GeneratedModuleMaps-iphonesimulator/libxlsxwriter.modulemap -plugin-path /Applications/Xcode-26.3.app/Contents/Developer/Toolchains/XcodeDefault.xctoolchain/usr/lib/swift/host/plugins/testing -enable-bare-slash-regex -enable-experimental-feature DebugDescriptionMacro -sdk /Applications/Xcode-26.3.app/Contents/Developer/Platforms/iPhoneSimulator.platform/Developer/SDKs/iPhoneSimulator26.2.sdk -target arm64-apple-ios17.0-simulator -g -module-cache-path /Users/yutaro/project-profit-ios/artifacts/release-quality/canonical-e2e/DerivedData/ModuleCache.noindex -Xfrontend -serialize-debugging-options -profile-coverage-mapping -profile-generate -enable-testing -index-store-path /Users/yutaro/project-profit-ios/artifacts/release-quality/canonical-e2e/DerivedData/Index.noindex/DataStore -Xcc -D_LIBCPP_HARDENING_MODE\=_LIBCPP_HARDENING_MODE_DEBUG -swift-version 5 -I /Users/yutaro/project-profit-ios/artifacts/release-quality/canonical-e2e/DerivedData/Build/Products/Debug-iphonesimulator -I /Users/yutaro/project-profit-ios/ProjectProfit/Ledger/Bridge/xlsxwriter -Isystem /Applications/Xcode-26.3.app/Contents/Developer/Platforms/iPhoneSimulator.platform/Developer/usr/lib -F /Users/yutaro/project-profit-ios/artifacts/release-quality/canonical-e2e/DerivedData/Build/Products/Debug-iphonesimulator/PackageFrameworks -F /Users/yutaro/project-profit-ios/artifacts/release-quality/canonical-e2e/DerivedData/Build/Products/Debug-iphonesimulator -F /Applications/Xcode-26.3.app/Contents/Developer/Platforms/iPhoneSimulator.platform/Developer/Library/Frameworks -F /Applications/Xcode-26.3.app/Contents/Developer/Platforms/iPhoneSimulator.platform/Developer/SDKs/iPhoneSimulator26.2.sdk/Developer/Library/Frameworks -c -j8 -enable-batch-mode -incremental -Xcc -ivfsstatcache -Xcc /Users/yutaro/project-profit-ios/artifacts/release-quality/canonical-e2e/DerivedData/SDKStatCaches.noindex/iphonesimulator26.2-23C57-91db6bf2b9df79783d042ed3cc29a58e.sdkstatcache -output-file-map /Users/yutaro/project-profit-ios/artifacts/release-quality/canonical-e2e/DerivedData/Build/Intermediates.noindex/ProjectProfit.build/Debug-iphonesimulator/ProjectProfitTests.build/Objects-normal/arm64/ProjectProfitTests-OutputFileMap.json -use-frontend-parseable-output -save-temps -no-color-diagnostics -explicit-module-build -module-cache-path /Users/yutaro/project-profit-ios/artifacts/release-quality/canonical-e2e/DerivedData/Build/Intermediates.noindex/SwiftExplicitPrecompiledModules -clang-scanner-module-cache-path /Users/yutaro/project-profit-ios/artifacts/release-quality/canonical-e2e/DerivedData/ModuleCache.noindex -sdk-module-cache-path /Users/yutaro/project-profit-ios/artifacts/release-quality/canonical-e2e/DerivedData/ModuleCache.noindex -serialize-diagnostics -emit-dependencies -emit-module -emit-module-path /Users/yutaro/project-profit-ios/artifacts/release-quality/canonical-e2e/DerivedData/Build/Intermediates.noindex/ProjectProfit.build/Debug-iphonesimulator/ProjectProfitTests.build/Objects-normal/arm64/ProjectProfitTests.swiftmodule -validate-clang-modules-once -clang-build-session-file /Users/yutaro/project-profit-ios/artifacts/release-quality/canonical-e2e/DerivedData/ModuleCache.noindex/Session.modulevalidation -Xcc -I/Users/yutaro/project-profit-ios/artifacts/release-quality/canonical-e2e/DerivedData/Build/Intermediates.noindex/ProjectProfit.build/Debug-iphonesimulator/ProjectProfitTests.build/swift-overrides.hmap -emit-const-values -Xfrontend -const-gather-protocols-file -Xfrontend /Users/yutaro/project-profit-ios/artifacts/release-quality/canonical-e2e/DerivedData/Build/Intermediates.noindex/ProjectProfit.build/Debug-iphonesimulator/ProjectProfitTests.build/Objects-normal/arm64/ProjectProfitTests_const_extract_protocols.json -Xcc -iquote -Xcc /Users/yutaro/project-profit-ios/artifacts/release-quality/canonical-e2e/DerivedData/Build/Intermediates.noindex/ProjectProfit.build/Debug-iphonesimulator/ProjectProfitTests.build/ProjectProfitTests-generated-files.hmap -Xcc -I/Users/yutaro/project-profit-ios/artifacts/release-quality/canonical-e2e/DerivedData/Build/Intermediates.noindex/ProjectProfit.build/Debug-iphonesimulator/ProjectProfitTests.build/ProjectProfitTests-own-target-headers.hmap -Xcc -I/Users/yutaro/project-profit-ios/artifacts/release-quality/canonical-e2e/DerivedData/Build/Intermediates.noindex/ProjectProfit.build/Debug-iphonesimulator/ProjectProfitTests.build/ProjectProfitTests-all-non-framework-target-headers.hmap -Xcc -ivfsoverlay -Xcc /Users/yutaro/project-profit-ios/artifacts/release-quality/canonical-e2e/DerivedData/Build/Intermediates.noindex/ProjectProfit.build/Debug-iphonesimulator/ProjectProfit-bc30635a8cb06e5d3ecf94d8d93f544c-VFS-iphonesimulator/all-product-headers.yaml -Xcc -iquote -Xcc /Users/yutaro/project-profit-ios/artifacts/release-quality/canonical-e2e/DerivedData/Build/Intermediates.noindex/ProjectProfit.build/Debug-iphonesimulator/ProjectProfitTests.build/ProjectProfitTests-project-headers.hmap -Xcc -I/Users/yutaro/project-profit-ios/artifacts/release-quality/canonical-e2e/DerivedData/SourcePackages/checkouts/libxlsxwriter/include -Xcc -I/Users/yutaro/project-profit-ios/artifacts/release-quality/canonical-e2e/DerivedData/Build/Products/Debug-iphonesimulator/include -Xcc -I/Users/yutaro/project-profit-ios/artifacts/release-quality/canonical-e2e/DerivedData/SourcePackages/checkouts/libxlsxwriter/include -Xcc -I/Users/yutaro/project-profit-ios/artifacts/release-quality/canonical-e2e/DerivedData/Build/Intermediates.noindex/ProjectProfit.build/Debug-iphonesimulator/ProjectProfitTests.build/DerivedSources-normal/arm64 -Xcc -I/Users/yutaro/project-profit-ios/artifacts/release-quality/canonical-e2e/DerivedData/Build/Intermediates.noindex/ProjectProfit.build/Debug-iphonesimulator/ProjectProfitTests.build/DerivedSources/arm64 -Xcc -I/Users/yutaro/project-profit-ios/artifacts/release-quality/canonical-e2e/DerivedData/Build/Intermediates.noindex/ProjectProfit.build/Debug-iphonesimulator/ProjectProfitTests.build/DerivedSources -Xcc -DDEBUG\=1 -emit-objc-header -emit-objc-header-path /Users/yutaro/project-profit-ios/artifacts/release-quality/canonical-e2e/DerivedData/Build/Intermediates.noindex/ProjectProfit.build/Debug-iphonesimulator/ProjectProfitTests.build/Objects-normal/arm64/ProjectProfitTests-Swift.h -working-directory /Users/yutaro/project-profit-ios -experimental-emit-module-separately -disable-cmo

SwiftDriver ProjectProfitUITests normal arm64 com.apple.xcode.tools.swift.compiler (in target 'ProjectProfitUITests' from project 'ProjectProfit')
    cd /Users/yutaro/project-profit-ios
    builtin-SwiftDriver -- /Applications/Xcode-26.3.app/Contents/Developer/Toolchains/XcodeDefault.xctoolchain/usr/bin/swiftc -module-name ProjectProfitUITests -Onone -enforce-exclusivity\=checked @/Users/yutaro/project-profit-ios/artifacts/release-quality/canonical-e2e/DerivedData/Build/Intermediates.noindex/ProjectProfit.build/Debug-iphonesimulator/ProjectProfitUITests.build/Objects-normal/arm64/ProjectProfitUITests.SwiftFileList -DDEBUG -module-alias Testing\=_Testing_Unavailable -plugin-path /Applications/Xcode-26.3.app/Contents/Developer/Toolchains/XcodeDefault.xctoolchain/usr/lib/swift/host/plugins/testing -enable-bare-slash-regex -enable-experimental-feature DebugDescriptionMacro -sdk /Applications/Xcode-26.3.app/Contents/Developer/Platforms/iPhoneSimulator.platform/Developer/SDKs/iPhoneSimulator26.2.sdk -target arm64-apple-ios17.0-simulator -g -module-cache-path /Users/yutaro/project-profit-ios/artifacts/release-quality/canonical-e2e/DerivedData/ModuleCache.noindex -Xfrontend -serialize-debugging-options -profile-coverage-mapping -profile-generate -enable-testing -index-store-path /Users/yutaro/project-profit-ios/artifacts/release-quality/canonical-e2e/DerivedData/Index.noindex/DataStore -Xcc -D_LIBCPP_HARDENING_MODE\=_LIBCPP_HARDENING_MODE_DEBUG -swift-version 5 -I /Users/yutaro/project-profit-ios/artifacts/release-quality/canonical-e2e/DerivedData/Build/Products/Debug-iphonesimulator -Isystem /Applications/Xcode-26.3.app/Contents/Developer/Platforms/iPhoneSimulator.platform/Developer/usr/lib -F /Users/yutaro/project-profit-ios/artifacts/release-quality/canonical-e2e/DerivedData/Build/Products/Debug-iphonesimulator -F /Applications/Xcode-26.3.app/Contents/Developer/Platforms/iPhoneSimulator.platform/Developer/Library/Frameworks -F /Applications/Xcode-26.3.app/Contents/Developer/Platforms/iPhoneSimulator.platform/Developer/SDKs/iPhoneSimulator26.2.sdk/Developer/Library/Frameworks -parse-as-library -c -j8 -enable-batch-mode -incremental -Xcc -ivfsstatcache -Xcc /Users/yutaro/project-profit-ios/artifacts/release-quality/canonical-e2e/DerivedData/SDKStatCaches.noindex/iphonesimulator26.2-23C57-91db6bf2b9df79783d042ed3cc29a58e.sdkstatcache -output-file-map /Users/yutaro/project-profit-ios/artifacts/release-quality/canonical-e2e/DerivedData/Build/Intermediates.noindex/ProjectProfit.build/Debug-iphonesimulator/ProjectProfitUITests.build/Objects-normal/arm64/ProjectProfitUITests-OutputFileMap.json -use-frontend-parseable-output -save-temps -no-color-diagnostics -explicit-module-build -module-cache-path /Users/yutaro/project-profit-ios/artifacts/release-quality/canonical-e2e/DerivedData/Build/Intermediates.noindex/SwiftExplicitPrecompiledModules -clang-scanner-module-cache-path /Users/yutaro/project-profit-ios/artifacts/release-quality/canonical-e2e/DerivedData/ModuleCache.noindex -sdk-module-cache-path /Users/yutaro/project-profit-ios/artifacts/release-quality/canonical-e2e/DerivedData/ModuleCache.noindex -serialize-diagnostics -emit-dependencies -emit-module -emit-module-path /Users/yutaro/project-profit-ios/artifacts/release-quality/canonical-e2e/DerivedData/Build/Intermediates.noindex/ProjectProfit.build/Debug-iphonesimulator/ProjectProfitUITests.build/Objects-normal/arm64/ProjectProfitUITests.swiftmodule -validate-clang-modules-once -clang-build-session-file /Users/yutaro/project-profit-ios/artifacts/release-quality/canonical-e2e/DerivedData/ModuleCache.noindex/Session.modulevalidation -Xcc -I/Users/yutaro/project-profit-ios/artifacts/release-quality/canonical-e2e/DerivedData/Build/Intermediates.noindex/ProjectProfit.build/Debug-iphonesimulator/ProjectProfitUITests.build/swift-overrides.hmap -emit-const-values -Xfrontend -const-gather-protocols-file -Xfrontend /Users/yutaro/project-profit-ios/artifacts/release-quality/canonical-e2e/DerivedData/Build/Intermediates.noindex/ProjectProfit.build/Debug-iphonesimulator/ProjectProfitUITests.build/Objects-normal/arm64/ProjectProfitUITests_const_extract_protocols.json -Xcc -iquote -Xcc /Users/yutaro/project-profit-ios/artifacts/release-quality/canonical-e2e/DerivedData/Build/Intermediates.noindex/ProjectProfit.build/Debug-iphonesimulator/ProjectProfitUITests.build/ProjectProfitUITests-generated-files.hmap -Xcc -I/Users/yutaro/project-profit-ios/artifacts/release-quality/canonical-e2e/DerivedData/Build/Intermediates.noindex/ProjectProfit.build/Debug-iphonesimulator/ProjectProfitUITests.build/ProjectProfitUITests-own-target-headers.hmap -Xcc -I/Users/yutaro/project-profit-ios/artifacts/release-quality/canonical-e2e/DerivedData/Build/Intermediates.noindex/ProjectProfit.build/Debug-iphonesimulator/ProjectProfitUITests.build/ProjectProfitUITests-all-non-framework-target-headers.hmap -Xcc -ivfsoverlay -Xcc /Users/yutaro/project-profit-ios/artifacts/release-quality/canonical-e2e/DerivedData/Build/Intermediates.noindex/ProjectProfit.build/Debug-iphonesimulator/ProjectProfit-bc30635a8cb06e5d3ecf94d8d93f544c-VFS-iphonesimulator/all-product-headers.yaml -Xcc -iquote -Xcc /Users/yutaro/project-profit-ios/artifacts/release-quality/canonical-e2e/DerivedData/Build/Intermediates.noindex/ProjectProfit.build/Debug-iphonesimulator/ProjectProfitUITests.build/ProjectProfitUITests-project-headers.hmap -Xcc -I/Users/yutaro/project-profit-ios/artifacts/release-quality/canonical-e2e/DerivedData/Build/Products/Debug-iphonesimulator/include -Xcc -I/Users/yutaro/project-profit-ios/artifacts/release-quality/canonical-e2e/DerivedData/Build/Intermediates.noindex/ProjectProfit.build/Debug-iphonesimulator/ProjectProfitUITests.build/DerivedSources-normal/arm64 -Xcc -I/Users/yutaro/project-profit-ios/artifacts/release-quality/canonical-e2e/DerivedData/Build/Intermediates.noindex/ProjectProfit.build/Debug-iphonesimulator/ProjectProfitUITests.build/DerivedSources/arm64 -Xcc -I/Users/yutaro/project-profit-ios/artifacts/release-quality/canonical-e2e/DerivedData/Build/Intermediates.noindex/ProjectProfit.build/Debug-iphonesimulator/ProjectProfitUITests.build/DerivedSources -Xcc -DDEBUG\=1 -emit-objc-header -emit-objc-header-path /Users/yutaro/project-profit-ios/artifacts/release-quality/canonical-e2e/DerivedData/Build/Intermediates.noindex/ProjectProfit.build/Debug-iphonesimulator/ProjectProfitUITests.build/Objects-normal/arm64/ProjectProfitUITests-Swift.h -working-directory /Users/yutaro/project-profit-ios -experimental-emit-module-separately -disable-cmo

SwiftExplicitDependencyGeneratePcm arm64 /Users/yutaro/project-profit-ios/artifacts/release-quality/canonical-e2e/DerivedData/Build/Intermediates.noindex/SwiftExplicitPrecompiledModules/XCUIAutomation-5KM391JSCIZ1QFP6DMP250ULQ.pcm

SwiftDriverJobDiscovery normal arm64 Compiling TransactionFormQueryUseCase.swift, TransactionFormRepository.swift, TransactionFormView.swift, TransactionHistoryRepository.swift, TransactionHistoryUseCase.swift, TransactionsView.swift, TransactionsViewModel.swift, TrialBalanceView.swift, UITestBootstrap.swift, UnclassifiedTransactionsView.swift, UserRuleRepository.swift, Utilities.swift, VatMethod.swift, VatStatus.swift, VoucherNumber.swift, WithholdingPostingSupport.swift, WithholdingStatementQueryUseCase.swift, WithholdingStatementView.swift, WithholdingStatementViewModel.swift, WithholdingTaxCalculator.swift, WithholdingTaxCode.swift, WorkflowPersistenceSupport.swift, YearLockState.swift, GeneratedAssetSymbols.swift (in target 'ProjectProfit' from project 'ProjectProfit')

SwiftExplicitDependencyCompileModuleFromInterface arm64 /Users/yutaro/project-profit-ios/artifacts/release-quality/canonical-e2e/DerivedData/Build/Intermediates.noindex/SwiftExplicitPrecompiledModules/XCUIAutomation-SP66LQ3N9EKU.swiftmodule

SwiftExplicitDependencyGeneratePcm arm64 /Users/yutaro/project-profit-ios/artifacts/release-quality/canonical-e2e/DerivedData/Build/Intermediates.noindex/SwiftExplicitPrecompiledModules/XCTest-5V9LX66WRSIMGC2KBGKBH31HO.pcm

SwiftDriverJobDiscovery normal arm64 Compiling LegacyProjectedJournalAssembler.swift, LegalDocumentLedgerView.swift, LegalReportLine.swift, LineItemsEditView.swift, LocalEvidenceSearchIndex.swift, LocalJournalSearchIndex.swift, Logger.swift, ManualJournalFormView.swift, MigrationReportRunner.swift, ModelContainerFactory.swift, Models.swift, MonthlySummaryView.swift, NotificationService.swift, NotificationSettingsView.swift, PDFExportService.swift, PDFPageRenderer.swift, PPAccount.swift, PPAccountingProfile.swift, PPDocumentRecord.swift, PPFixedAsset.swift, PPInventoryRecord.swift, PPJournalEntry.swift, PPTransactionLog.swift, PPUserRule.swift (in target 'ProjectProfit' from project 'ProjectProfit')

SwiftExplicitDependencyCompileModuleFromInterface arm64 /Users/yutaro/project-profit-ios/artifacts/release-quality/canonical-e2e/DerivedData/Build/Intermediates.noindex/SwiftExplicitPrecompiledModules/XCTest-32Q2DJ5I2OL0I.swiftmodule

SwiftEmitModule normal arm64 Emitting\ module\ for\ ProjectProfitUITests (in target 'ProjectProfitUITests' from project 'ProjectProfit')

SwiftCompile normal arm64 /Users/yutaro/project-profit-ios/ProjectProfitUITests/WithholdingApprovalUITests.swift (in target 'ProjectProfitUITests' from project 'ProjectProfit')
    cd /Users/yutaro/project-profit-ios
    

SwiftEmitModule normal arm64 Emitting\ module\ for\ ProjectProfitTests (in target 'ProjectProfitTests' from project 'ProjectProfit')

EmitSwiftModule normal arm64 (in target 'ProjectProfitTests' from project 'ProjectProfit')
    cd /Users/yutaro/project-profit-ios
    
/Users/yutaro/project-profit-ios/ProjectProfitTests/CounterpartyMatchingTests.swift:7:9: warning: stored property 'counterparties' of 'Sendable'-conforming class 'MockCounterpartyRepository' is mutable; this is an error in the Swift 6 language mode
    var counterparties: [Counterparty] = []
        ^

SwiftCompile normal arm64 Compiling\ WithholdingApprovalUITests.swift /Users/yutaro/project-profit-ios/ProjectProfitUITests/WithholdingApprovalUITests.swift (in target 'ProjectProfitUITests' from project 'ProjectProfit')

SwiftCompile normal arm64 /Users/yutaro/project-profit-ios/ProjectProfitUITests/WithholdingApprovalUITests.swift (in target 'ProjectProfitUITests' from project 'ProjectProfit')
    cd /Users/yutaro/project-profit-ios
    

SwiftCompile normal arm64 Compiling\ DashboardViewModelTests.swift,\ DataRevisionQueryUseCaseTests.swift,\ DataStoreAccountingTests.swift,\ DataStoreCRUDTests.swift,\ DataStoreFixedAssetTests.swift,\ DataStoreInventoryTests.swift,\ DataStoreSummaryTests.swift,\ DataStoreYearLockGradedTests.swift,\ DepreciationEngineTests.swift,\ DepreciationScheduleBuilderTests.swift,\ DistributionApprovalIntegrationTests.swift,\ DistributionTemplateApplicationUseCaseTests.swift,\ DistributionTemplateManagementQueryUseCaseTests.swift,\ DocumentAndSubLedgerTests.swift,\ DocumentWorkflowUseCaseTests.swift,\ EtaxCharacterValidatorTests.swift,\ EtaxExportViewModelTests.swift,\ EtaxFieldPopulatorTests.swift /Users/yutaro/project-profit-ios/ProjectProfitTests/DashboardViewModelTests.swift /Users/yutaro/project-profit-ios/ProjectProfitTests/DataRevisionQueryUseCaseTests.swift /Users/yutaro/project-profit-ios/ProjectProfitTests/DataStoreAccountingTests.swift /Users/yutaro/project-profit-ios/ProjectProfitTests/DataStoreCRUDTests.swift /Users/yutaro/project-profit-ios/ProjectProfitTests/DataStoreFixedAssetTests.swift /Users/yutaro/project-profit-ios/ProjectProfitTests/DataStoreInventoryTests.swift /Users/yutaro/project-profit-ios/ProjectProfitTests/DataStoreSummaryTests.swift /Users/yutaro/project-profit-ios/ProjectProfitTests/DataStoreYearLockGradedTests.swift /Users/yutaro/project-profit-ios/ProjectProfitTests/DepreciationEngineTests.swift /Users/yutaro/project-profit-ios/ProjectProfitTests/DepreciationScheduleBuilderTests.swift /Users/yutaro/project-profit-ios/ProjectProfitTests/DistributionApprovalIntegrationTests.swift /Users/yutaro/project-profit-ios/ProjectProfitTests/DistributionTemplateApplicationUseCaseTests.swift /Users/yutaro/project-profit-ios/ProjectProfitTests/DistributionTemplateManagementQueryUseCaseTests.swift /Users/yutaro/project-profit-ios/ProjectProfitTests/DocumentAndSubLedgerTests.swift /Users/yutaro/project-profit-ios/ProjectProfitTests/DocumentWorkflowUseCaseTests.swift /Users/yutaro/project-profit-ios/ProjectProfitTests/EtaxCharacterValidatorTests.swift /Users/yutaro/project-profit-ios/ProjectProfitTests/EtaxExportViewModelTests.swift /Users/yutaro/project-profit-ios/ProjectProfitTests/EtaxFieldPopulatorTests.swift (in target 'ProjectProfitTests' from project 'ProjectProfit')

SwiftCompile normal arm64 /Users/yutaro/project-profit-ios/ProjectProfitTests/DashboardViewModelTests.swift (in target 'ProjectProfitTests' from project 'ProjectProfit')
    cd /Users/yutaro/project-profit-ios
    

SwiftCompile normal arm64 /Users/yutaro/project-profit-ios/ProjectProfitTests/DataRevisionQueryUseCaseTests.swift (in target 'ProjectProfitTests' from project 'ProjectProfit')
    cd /Users/yutaro/project-profit-ios
    

SwiftCompile normal arm64 /Users/yutaro/project-profit-ios/ProjectProfitTests/DataStoreAccountingTests.swift (in target 'ProjectProfitTests' from project 'ProjectProfit')
    cd /Users/yutaro/project-profit-ios
    
/Users/yutaro/project-profit-ios/ProjectProfitTests/DataStoreAccountingTests.swift:1114:13: warning: initialization of immutable value 'businessId' was never used; consider replacing with assignment to '_' or removing it
        let businessId = try XCTUnwrap(dataStore.businessProfile?.id)
        ~~~~^~~~~~~~~~
        _

SwiftCompile normal arm64 /Users/yutaro/project-profit-ios/ProjectProfitTests/DataStoreCRUDTests.swift (in target 'ProjectProfitTests' from project 'ProjectProfit')
    cd /Users/yutaro/project-profit-ios
    

SwiftCompile normal arm64 /Users/yutaro/project-profit-ios/ProjectProfitTests/DataStoreFixedAssetTests.swift (in target 'ProjectProfitTests' from project 'ProjectProfit')
    cd /Users/yutaro/project-profit-ios
    
/Users/yutaro/project-profit-ios/ProjectProfitTests/DataStoreFixedAssetTests.swift:241:27: warning: 'PPAccountingProfile' is deprecated: Use BusinessProfile / TaxYearProfile instead. Migration-only legacy model.
            let profile = PPAccountingProfile(
                          ^
/Users/yutaro/project-profit-ios/ProjectProfitTests/DataStoreFixedAssetTests.swift:245:36: warning: conformance of 'PPAccountingProfile' to 'PersistentModel' is deprecated: Use BusinessProfile / TaxYearProfile instead. Migration-only legacy model.
            dataStore.modelContext.insert(profile)
                                   ^

SwiftCompile normal arm64 /Users/yutaro/project-profit-ios/ProjectProfitTests/DataStoreInventoryTests.swift (in target 'ProjectProfitTests' from project 'ProjectProfit')
    cd /Users/yutaro/project-profit-ios
    
/Users/yutaro/project-profit-ios/ProjectProfitTests/DataStoreInventoryTests.swift:159:27: warning: 'PPAccountingProfile' is deprecated: Use BusinessProfile / TaxYearProfile instead. Migration-only legacy model.
            let profile = PPAccountingProfile(
                          ^
/Users/yutaro/project-profit-ios/ProjectProfitTests/DataStoreInventoryTests.swift:163:36: warning: conformance of 'PPAccountingProfile' to 'PersistentModel' is deprecated: Use BusinessProfile / TaxYearProfile instead. Migration-only legacy model.
            dataStore.modelContext.insert(profile)
                                   ^

SwiftCompile normal arm64 /Users/yutaro/project-profit-ios/ProjectProfitTests/DataStoreSummaryTests.swift (in target 'ProjectProfitTests' from project 'ProjectProfit')
    cd /Users/yutaro/project-profit-ios
    

SwiftCompile normal arm64 /Users/yutaro/project-profit-ios/ProjectProfitTests/DataStoreYearLockGradedTests.swift (in target 'ProjectProfitTests' from project 'ProjectProfit')
    cd /Users/yutaro/project-profit-ios
    

SwiftCompile normal arm64 /Users/yutaro/project-profit-ios/ProjectProfitTests/DepreciationEngineTests.swift (in target 'ProjectProfitTests' from project 'ProjectProfit')
    cd /Users/yutaro/project-profit-ios
    

SwiftCompile normal arm64 /Users/yutaro/project-profit-ios/ProjectProfitTests/DepreciationScheduleBuilderTests.swift (in target 'ProjectProfitTests' from project 'ProjectProfit')
    cd /Users/yutaro/project-profit-ios
    

SwiftCompile normal arm64 /Users/yutaro/project-profit-ios/ProjectProfitTests/DistributionApprovalIntegrationTests.swift (in target 'ProjectProfitTests' from project 'ProjectProfit')
    cd /Users/yutaro/project-profit-ios
    

SwiftCompile normal arm64 /Users/yutaro/project-profit-ios/ProjectProfitTests/DistributionTemplateApplicationUseCaseTests.swift (in target 'ProjectProfitTests' from project 'ProjectProfit')
    cd /Users/yutaro/project-profit-ios
    

SwiftCompile normal arm64 /Users/yutaro/project-profit-ios/ProjectProfitTests/DistributionTemplateManagementQueryUseCaseTests.swift (in target 'ProjectProfitTests' from project 'ProjectProfit')
    cd /Users/yutaro/project-profit-ios
    

SwiftCompile normal arm64 /Users/yutaro/project-profit-ios/ProjectProfitTests/DocumentAndSubLedgerTests.swift (in target 'ProjectProfitTests' from project 'ProjectProfit')
    cd /Users/yutaro/project-profit-ios
    

SwiftCompile normal arm64 /Users/yutaro/project-profit-ios/ProjectProfitTests/DocumentWorkflowUseCaseTests.swift (in target 'ProjectProfitTests' from project 'ProjectProfit')
    cd /Users/yutaro/project-profit-ios
    
/Users/yutaro/project-profit-ios/ProjectProfitTests/DocumentWorkflowUseCaseTests.swift:148:13: warning: variable 'form' was never mutated; consider changing to 'let' constant
        var form = EvidenceSearchFormState()
        ~~~ ^
        let

SwiftCompile normal arm64 /Users/yutaro/project-profit-ios/ProjectProfitTests/EtaxCharacterValidatorTests.swift (in target 'ProjectProfitTests' from project 'ProjectProfit')
    cd /Users/yutaro/project-profit-ios
    

SwiftCompile normal arm64 /Users/yutaro/project-profit-ios/ProjectProfitTests/EtaxExportViewModelTests.swift (in target 'ProjectProfitTests' from project 'ProjectProfit')
    cd /Users/yutaro/project-profit-ios
    

SwiftCompile normal arm64 /Users/yutaro/project-profit-ios/ProjectProfitTests/EtaxFieldPopulatorTests.swift (in target 'ProjectProfitTests' from project 'ProjectProfit')
    cd /Users/yutaro/project-profit-ios
    

SwiftDriverJobDiscovery normal arm64 Emitting module for ProjectProfitUITests (in target 'ProjectProfitUITests' from project 'ProjectProfit')

SwiftDriver\ Compilation\ Requirements ProjectProfitUITests normal arm64 com.apple.xcode.tools.swift.compiler (in target 'ProjectProfitUITests' from project 'ProjectProfit')
    cd /Users/yutaro/project-profit-ios
    builtin-Swift-Compilation-Requirements -- /Applications/Xcode-26.3.app/Contents/Developer/Toolchains/XcodeDefault.xctoolchain/usr/bin/swiftc -module-name ProjectProfitUITests -Onone -enforce-exclusivity\=checked @/Users/yutaro/project-profit-ios/artifacts/release-quality/canonical-e2e/DerivedData/Build/Intermediates.noindex/ProjectProfit.build/Debug-iphonesimulator/ProjectProfitUITests.build/Objects-normal/arm64/ProjectProfitUITests.SwiftFileList -DDEBUG -module-alias Testing\=_Testing_Unavailable -plugin-path /Applications/Xcode-26.3.app/Contents/Developer/Toolchains/XcodeDefault.xctoolchain/usr/lib/swift/host/plugins/testing -enable-bare-slash-regex -enable-experimental-feature DebugDescriptionMacro -sdk /Applications/Xcode-26.3.app/Contents/Developer/Platforms/iPhoneSimulator.platform/Developer/SDKs/iPhoneSimulator26.2.sdk -target arm64-apple-ios17.0-simulator -g -module-cache-path /Users/yutaro/project-profit-ios/artifacts/release-quality/canonical-e2e/DerivedData/ModuleCache.noindex -Xfrontend -serialize-debugging-options -profile-coverage-mapping -profile-generate -enable-testing -index-store-path /Users/yutaro/project-profit-ios/artifacts/release-quality/canonical-e2e/DerivedData/Index.noindex/DataStore -Xcc -D_LIBCPP_HARDENING_MODE\=_LIBCPP_HARDENING_MODE_DEBUG -swift-version 5 -I /Users/yutaro/project-profit-ios/artifacts/release-quality/canonical-e2e/DerivedData/Build/Products/Debug-iphonesimulator -Isystem /Applications/Xcode-26.3.app/Contents/Developer/Platforms/iPhoneSimulator.platform/Developer/usr/lib -F /Users/yutaro/project-profit-ios/artifacts/release-quality/canonical-e2e/DerivedData/Build/Products/Debug-iphonesimulator -F /Applications/Xcode-26.3.app/Contents/Developer/Platforms/iPhoneSimulator.platform/Developer/Library/Frameworks -F /Applications/Xcode-26.3.app/Contents/Developer/Platforms/iPhoneSimulator.platform/Developer/SDKs/iPhoneSimulator26.2.sdk/Developer/Library/Frameworks -parse-as-library -c -j8 -enable-batch-mode -incremental -Xcc -ivfsstatcache -Xcc /Users/yutaro/project-profit-ios/artifacts/release-quality/canonical-e2e/DerivedData/SDKStatCaches.noindex/iphonesimulator26.2-23C57-91db6bf2b9df79783d042ed3cc29a58e.sdkstatcache -output-file-map /Users/yutaro/project-profit-ios/artifacts/release-quality/canonical-e2e/DerivedData/Build/Intermediates.noindex/ProjectProfit.build/Debug-iphonesimulator/ProjectProfitUITests.build/Objects-normal/arm64/ProjectProfitUITests-OutputFileMap.json -use-frontend-parseable-output -save-temps -no-color-diagnostics -explicit-module-build -module-cache-path /Users/yutaro/project-profit-ios/artifacts/release-quality/canonical-e2e/DerivedData/Build/Intermediates.noindex/SwiftExplicitPrecompiledModules -clang-scanner-module-cache-path /Users/yutaro/project-profit-ios/artifacts/release-quality/canonical-e2e/DerivedData/ModuleCache.noindex -sdk-module-cache-path /Users/yutaro/project-profit-ios/artifacts/release-quality/canonical-e2e/DerivedData/ModuleCache.noindex -serialize-diagnostics -emit-dependencies -emit-module -emit-module-path /Users/yutaro/project-profit-ios/artifacts/release-quality/canonical-e2e/DerivedData/Build/Intermediates.noindex/ProjectProfit.build/Debug-iphonesimulator/ProjectProfitUITests.build/Objects-normal/arm64/ProjectProfitUITests.swiftmodule -validate-clang-modules-once -clang-build-session-file /Users/yutaro/project-profit-ios/artifacts/release-quality/canonical-e2e/DerivedData/ModuleCache.noindex/Session.modulevalidation -Xcc -I/Users/yutaro/project-profit-ios/artifacts/release-quality/canonical-e2e/DerivedData/Build/Intermediates.noindex/ProjectProfit.build/Debug-iphonesimulator/ProjectProfitUITests.build/swift-overrides.hmap -emit-const-values -Xfrontend -const-gather-protocols-file -Xfrontend /Users/yutaro/project-profit-ios/artifacts/release-quality/canonical-e2e/DerivedData/Build/Intermediates.noindex/ProjectProfit.build/Debug-iphonesimulator/ProjectProfitUITests.build/Objects-normal/arm64/ProjectProfitUITests_const_extract_protocols.json -Xcc -iquote -Xcc /Users/yutaro/project-profit-ios/artifacts/release-quality/canonical-e2e/DerivedData/Build/Intermediates.noindex/ProjectProfit.build/Debug-iphonesimulator/ProjectProfitUITests.build/ProjectProfitUITests-generated-files.hmap -Xcc -I/Users/yutaro/project-profit-ios/artifacts/release-quality/canonical-e2e/DerivedData/Build/Intermediates.noindex/ProjectProfit.build/Debug-iphonesimulator/ProjectProfitUITests.build/ProjectProfitUITests-own-target-headers.hmap -Xcc -I/Users/yutaro/project-profit-ios/artifacts/release-quality/canonical-e2e/DerivedData/Build/Intermediates.noindex/ProjectProfit.build/Debug-iphonesimulator/ProjectProfitUITests.build/ProjectProfitUITests-all-non-framework-target-headers.hmap -Xcc -ivfsoverlay -Xcc /Users/yutaro/project-profit-ios/artifacts/release-quality/canonical-e2e/DerivedData/Build/Intermediates.noindex/ProjectProfit.build/Debug-iphonesimulator/ProjectProfit-bc30635a8cb06e5d3ecf94d8d93f544c-VFS-iphonesimulator/all-product-headers.yaml -Xcc -iquote -Xcc /Users/yutaro/project-profit-ios/artifacts/release-quality/canonical-e2e/DerivedData/Build/Intermediates.noindex/ProjectProfit.build/Debug-iphonesimulator/ProjectProfitUITests.build/ProjectProfitUITests-project-headers.hmap -Xcc -I/Users/yutaro/project-profit-ios/artifacts/release-quality/canonical-e2e/DerivedData/Build/Products/Debug-iphonesimulator/include -Xcc -I/Users/yutaro/project-profit-ios/artifacts/release-quality/canonical-e2e/DerivedData/Build/Intermediates.noindex/ProjectProfit.build/Debug-iphonesimulator/ProjectProfitUITests.build/DerivedSources-normal/arm64 -Xcc -I/Users/yutaro/project-profit-ios/artifacts/release-quality/canonical-e2e/DerivedData/Build/Intermediates.noindex/ProjectProfit.build/Debug-iphonesimulator/ProjectProfitUITests.build/DerivedSources/arm64 -Xcc -I/Users/yutaro/project-profit-ios/artifacts/release-quality/canonical-e2e/DerivedData/Build/Intermediates.noindex/ProjectProfit.build/Debug-iphonesimulator/ProjectProfitUITests.build/DerivedSources -Xcc -DDEBUG\=1 -emit-objc-header -emit-objc-header-path /Users/yutaro/project-profit-ios/artifacts/release-quality/canonical-e2e/DerivedData/Build/Intermediates.noindex/ProjectProfit.build/Debug-iphonesimulator/ProjectProfitUITests.build/Objects-normal/arm64/ProjectProfitUITests-Swift.h -working-directory /Users/yutaro/project-profit-ios -experimental-emit-module-separately -disable-cmo

SwiftDriverJobDiscovery normal arm64 Compiling WithholdingApprovalUITests.swift (in target 'ProjectProfitUITests' from project 'ProjectProfit')

SwiftDriver\ Compilation ProjectProfitUITests normal arm64 com.apple.xcode.tools.swift.compiler (in target 'ProjectProfitUITests' from project 'ProjectProfit')
    cd /Users/yutaro/project-profit-ios
    builtin-Swift-Compilation -- /Applications/Xcode-26.3.app/Contents/Developer/Toolchains/XcodeDefault.xctoolchain/usr/bin/swiftc -module-name ProjectProfitUITests -Onone -enforce-exclusivity\=checked @/Users/yutaro/project-profit-ios/artifacts/release-quality/canonical-e2e/DerivedData/Build/Intermediates.noindex/ProjectProfit.build/Debug-iphonesimulator/ProjectProfitUITests.build/Objects-normal/arm64/ProjectProfitUITests.SwiftFileList -DDEBUG -module-alias Testing\=_Testing_Unavailable -plugin-path /Applications/Xcode-26.3.app/Contents/Developer/Toolchains/XcodeDefault.xctoolchain/usr/lib/swift/host/plugins/testing -enable-bare-slash-regex -enable-experimental-feature DebugDescriptionMacro -sdk /Applications/Xcode-26.3.app/Contents/Developer/Platforms/iPhoneSimulator.platform/Developer/SDKs/iPhoneSimulator26.2.sdk -target arm64-apple-ios17.0-simulator -g -module-cache-path /Users/yutaro/project-profit-ios/artifacts/release-quality/canonical-e2e/DerivedData/ModuleCache.noindex -Xfrontend -serialize-debugging-options -profile-coverage-mapping -profile-generate -enable-testing -index-store-path /Users/yutaro/project-profit-ios/artifacts/release-quality/canonical-e2e/DerivedData/Index.noindex/DataStore -Xcc -D_LIBCPP_HARDENING_MODE\=_LIBCPP_HARDENING_MODE_DEBUG -swift-version 5 -I /Users/yutaro/project-profit-ios/artifacts/release-quality/canonical-e2e/DerivedData/Build/Products/Debug-iphonesimulator -Isystem /Applications/Xcode-26.3.app/Contents/Developer/Platforms/iPhoneSimulator.platform/Developer/usr/lib -F /Users/yutaro/project-profit-ios/artifacts/release-quality/canonical-e2e/DerivedData/Build/Products/Debug-iphonesimulator -F /Applications/Xcode-26.3.app/Contents/Developer/Platforms/iPhoneSimulator.platform/Developer/Library/Frameworks -F /Applications/Xcode-26.3.app/Contents/Developer/Platforms/iPhoneSimulator.platform/Developer/SDKs/iPhoneSimulator26.2.sdk/Developer/Library/Frameworks -parse-as-library -c -j8 -enable-batch-mode -incremental -Xcc -ivfsstatcache -Xcc /Users/yutaro/project-profit-ios/artifacts/release-quality/canonical-e2e/DerivedData/SDKStatCaches.noindex/iphonesimulator26.2-23C57-91db6bf2b9df79783d042ed3cc29a58e.sdkstatcache -output-file-map /Users/yutaro/project-profit-ios/artifacts/release-quality/canonical-e2e/DerivedData/Build/Intermediates.noindex/ProjectProfit.build/Debug-iphonesimulator/ProjectProfitUITests.build/Objects-normal/arm64/ProjectProfitUITests-OutputFileMap.json -use-frontend-parseable-output -save-temps -no-color-diagnostics -explicit-module-build -module-cache-path /Users/yutaro/project-profit-ios/artifacts/release-quality/canonical-e2e/DerivedData/Build/Intermediates.noindex/SwiftExplicitPrecompiledModules -clang-scanner-module-cache-path /Users/yutaro/project-profit-ios/artifacts/release-quality/canonical-e2e/DerivedData/ModuleCache.noindex -sdk-module-cache-path /Users/yutaro/project-profit-ios/artifacts/release-quality/canonical-e2e/DerivedData/ModuleCache.noindex -serialize-diagnostics -emit-dependencies -emit-module -emit-module-path /Users/yutaro/project-profit-ios/artifacts/release-quality/canonical-e2e/DerivedData/Build/Intermediates.noindex/ProjectProfit.build/Debug-iphonesimulator/ProjectProfitUITests.build/Objects-normal/arm64/ProjectProfitUITests.swiftmodule -validate-clang-modules-once -clang-build-session-file /Users/yutaro/project-profit-ios/artifacts/release-quality/canonical-e2e/DerivedData/ModuleCache.noindex/Session.modulevalidation -Xcc -I/Users/yutaro/project-profit-ios/artifacts/release-quality/canonical-e2e/DerivedData/Build/Intermediates.noindex/ProjectProfit.build/Debug-iphonesimulator/ProjectProfitUITests.build/swift-overrides.hmap -emit-const-values -Xfrontend -const-gather-protocols-file -Xfrontend /Users/yutaro/project-profit-ios/artifacts/release-quality/canonical-e2e/DerivedData/Build/Intermediates.noindex/ProjectProfit.build/Debug-iphonesimulator/ProjectProfitUITests.build/Objects-normal/arm64/ProjectProfitUITests_const_extract_protocols.json -Xcc -iquote -Xcc /Users/yutaro/project-profit-ios/artifacts/release-quality/canonical-e2e/DerivedData/Build/Intermediates.noindex/ProjectProfit.build/Debug-iphonesimulator/ProjectProfitUITests.build/ProjectProfitUITests-generated-files.hmap -Xcc -I/Users/yutaro/project-profit-ios/artifacts/release-quality/canonical-e2e/DerivedData/Build/Intermediates.noindex/ProjectProfit.build/Debug-iphonesimulator/ProjectProfitUITests.build/ProjectProfitUITests-own-target-headers.hmap -Xcc -I/Users/yutaro/project-profit-ios/artifacts/release-quality/canonical-e2e/DerivedData/Build/Intermediates.noindex/ProjectProfit.build/Debug-iphonesimulator/ProjectProfitUITests.build/ProjectProfitUITests-all-non-framework-target-headers.hmap -Xcc -ivfsoverlay -Xcc /Users/yutaro/project-profit-ios/artifacts/release-quality/canonical-e2e/DerivedData/Build/Intermediates.noindex/ProjectProfit.build/Debug-iphonesimulator/ProjectProfit-bc30635a8cb06e5d3ecf94d8d93f544c-VFS-iphonesimulator/all-product-headers.yaml -Xcc -iquote -Xcc /Users/yutaro/project-profit-ios/artifacts/release-quality/canonical-e2e/DerivedData/Build/Intermediates.noindex/ProjectProfit.build/Debug-iphonesimulator/ProjectProfitUITests.build/ProjectProfitUITests-project-headers.hmap -Xcc -I/Users/yutaro/project-profit-ios/artifacts/release-quality/canonical-e2e/DerivedData/Build/Products/Debug-iphonesimulator/include -Xcc -I/Users/yutaro/project-profit-ios/artifacts/release-quality/canonical-e2e/DerivedData/Build/Intermediates.noindex/ProjectProfit.build/Debug-iphonesimulator/ProjectProfitUITests.build/DerivedSources-normal/arm64 -Xcc -I/Users/yutaro/project-profit-ios/artifacts/release-quality/canonical-e2e/DerivedData/Build/Intermediates.noindex/ProjectProfit.build/Debug-iphonesimulator/ProjectProfitUITests.build/DerivedSources/arm64 -Xcc -I/Users/yutaro/project-profit-ios/artifacts/release-quality/canonical-e2e/DerivedData/Build/Intermediates.noindex/ProjectProfit.build/Debug-iphonesimulator/ProjectProfitUITests.build/DerivedSources -Xcc -DDEBUG\=1 -emit-objc-header -emit-objc-header-path /Users/yutaro/project-profit-ios/artifacts/release-quality/canonical-e2e/DerivedData/Build/Intermediates.noindex/ProjectProfit.build/Debug-iphonesimulator/ProjectProfitUITests.build/Objects-normal/arm64/ProjectProfitUITests-Swift.h -working-directory /Users/yutaro/project-profit-ios -experimental-emit-module-separately -disable-cmo

SwiftMergeGeneratedHeaders /Users/yutaro/project-profit-ios/artifacts/release-quality/canonical-e2e/DerivedData/Build/Intermediates.noindex/ProjectProfit.build/Debug-iphonesimulator/ProjectProfitUITests.build/DerivedSources/ProjectProfitUITests-Swift.h /Users/yutaro/project-profit-ios/artifacts/release-quality/canonical-e2e/DerivedData/Build/Intermediates.noindex/ProjectProfit.build/Debug-iphonesimulator/ProjectProfitUITests.build/Objects-normal/arm64/ProjectProfitUITests-Swift.h (in target 'ProjectProfitUITests' from project 'ProjectProfit')
    cd /Users/yutaro/project-profit-ios
    builtin-swiftHeaderTool -arch arm64 /Users/yutaro/project-profit-ios/artifacts/release-quality/canonical-e2e/DerivedData/Build/Intermediates.noindex/ProjectProfit.build/Debug-iphonesimulator/ProjectProfitUITests.build/Objects-normal/arm64/ProjectProfitUITests-Swift.h -o /Users/yutaro/project-profit-ios/artifacts/release-quality/canonical-e2e/DerivedData/Build/Intermediates.noindex/ProjectProfit.build/Debug-iphonesimulator/ProjectProfitUITests.build/DerivedSources/ProjectProfitUITests-Swift.h

Copy /Users/yutaro/project-profit-ios/artifacts/release-quality/canonical-e2e/DerivedData/Build/Products/Debug-iphonesimulator/ProjectProfitUITests.swiftmodule/arm64-apple-ios-simulator.swiftmodule /Users/yutaro/project-profit-ios/artifacts/release-quality/canonical-e2e/DerivedData/Build/Intermediates.noindex/ProjectProfit.build/Debug-iphonesimulator/ProjectProfitUITests.build/Objects-normal/arm64/ProjectProfitUITests.swiftmodule (in target 'ProjectProfitUITests' from project 'ProjectProfit')
    cd /Users/yutaro/project-profit-ios
    builtin-copy -exclude .DS_Store -exclude CVS -exclude .svn -exclude .git -exclude .hg -resolve-src-symlinks -rename /Users/yutaro/project-profit-ios/artifacts/release-quality/canonical-e2e/DerivedData/Build/Intermediates.noindex/ProjectProfit.build/Debug-iphonesimulator/ProjectProfitUITests.build/Objects-normal/arm64/ProjectProfitUITests.swiftmodule /Users/yutaro/project-profit-ios/artifacts/release-quality/canonical-e2e/DerivedData/Build/Products/Debug-iphonesimulator/ProjectProfitUITests.swiftmodule/arm64-apple-ios-simulator.swiftmodule

Copy /Users/yutaro/project-profit-ios/artifacts/release-quality/canonical-e2e/DerivedData/Build/Products/Debug-iphonesimulator/ProjectProfitUITests.swiftmodule/arm64-apple-ios-simulator.swiftdoc /Users/yutaro/project-profit-ios/artifacts/release-quality/canonical-e2e/DerivedData/Build/Intermediates.noindex/ProjectProfit.build/Debug-iphonesimulator/ProjectProfitUITests.build/Objects-normal/arm64/ProjectProfitUITests.swiftdoc (in target 'ProjectProfitUITests' from project 'ProjectProfit')
    cd /Users/yutaro/project-profit-ios
    builtin-copy -exclude .DS_Store -exclude CVS -exclude .svn -exclude .git -exclude .hg -resolve-src-symlinks -rename /Users/yutaro/project-profit-ios/artifacts/release-quality/canonical-e2e/DerivedData/Build/Intermediates.noindex/ProjectProfit.build/Debug-iphonesimulator/ProjectProfitUITests.build/Objects-normal/arm64/ProjectProfitUITests.swiftdoc /Users/yutaro/project-profit-ios/artifacts/release-quality/canonical-e2e/DerivedData/Build/Products/Debug-iphonesimulator/ProjectProfitUITests.swiftmodule/arm64-apple-ios-simulator.swiftdoc

Copy /Users/yutaro/project-profit-ios/artifacts/release-quality/canonical-e2e/DerivedData/Build/Products/Debug-iphonesimulator/ProjectProfitUITests.swiftmodule/arm64-apple-ios-simulator.abi.json /Users/yutaro/project-profit-ios/artifacts/release-quality/canonical-e2e/DerivedData/Build/Intermediates.noindex/ProjectProfit.build/Debug-iphonesimulator/ProjectProfitUITests.build/Objects-normal/arm64/ProjectProfitUITests.abi.json (in target 'ProjectProfitUITests' from project 'ProjectProfit')
    cd /Users/yutaro/project-profit-ios
    builtin-copy -exclude .DS_Store -exclude CVS -exclude .svn -exclude .git -exclude .hg -resolve-src-symlinks -rename /Users/yutaro/project-profit-ios/artifacts/release-quality/canonical-e2e/DerivedData/Build/Intermediates.noindex/ProjectProfit.build/Debug-iphonesimulator/ProjectProfitUITests.build/Objects-normal/arm64/ProjectProfitUITests.abi.json /Users/yutaro/project-profit-ios/artifacts/release-quality/canonical-e2e/DerivedData/Build/Products/Debug-iphonesimulator/ProjectProfitUITests.swiftmodule/arm64-apple-ios-simulator.abi.json

Copy /Users/yutaro/project-profit-ios/artifacts/release-quality/canonical-e2e/DerivedData/Build/Products/Debug-iphonesimulator/ProjectProfitUITests.swiftmodule/Project/arm64-apple-ios-simulator.swiftsourceinfo /Users/yutaro/project-profit-ios/artifacts/release-quality/canonical-e2e/DerivedData/Build/Intermediates.noindex/ProjectProfit.build/Debug-iphonesimulator/ProjectProfitUITests.build/Objects-normal/arm64/ProjectProfitUITests.swiftsourceinfo (in target 'ProjectProfitUITests' from project 'ProjectProfit')
    cd /Users/yutaro/project-profit-ios
    builtin-copy -exclude .DS_Store -exclude CVS -exclude .svn -exclude .git -exclude .hg -resolve-src-symlinks -rename /Users/yutaro/project-profit-ios/artifacts/release-quality/canonical-e2e/DerivedData/Build/Intermediates.noindex/ProjectProfit.build/Debug-iphonesimulator/ProjectProfitUITests.build/Objects-normal/arm64/ProjectProfitUITests.swiftsourceinfo /Users/yutaro/project-profit-ios/artifacts/release-quality/canonical-e2e/DerivedData/Build/Products/Debug-iphonesimulator/ProjectProfitUITests.swiftmodule/Project/arm64-apple-ios-simulator.swiftsourceinfo

SwiftCompile normal arm64 Compiling\ APBookTests.swift,\ ARBookTests.swift,\ AccountingBootstrapTests.swift,\ AccountingConstantsTests.swift,\ AccountingEngineTests.swift,\ AccountingIntegrationTests.swift,\ AccountingPerformanceTests.swift,\ AccountingReadQueryUseCaseTests.swift,\ AccountingReportServiceTests.swift,\ AllocationCalculatorTests.swift,\ AnnualBlueReturnScenarioTests.swift,\ AppBootstrapWorkflowUseCaseTests.swift,\ AppShellWorkflowUseCaseTests.swift,\ ApprovalQueueQueryUseCaseTests.swift,\ ApprovalQueueWorkflowUseCaseTests.swift,\ BackupRestoreServiceTests.swift,\ BooksWorkspaceViewTests.swift,\ BusinessProfileTests.swift,\ CSVExportServiceTests.swift /Users/yutaro/project-profit-ios/ProjectProfitTests/APBookTests.swift /Users/yutaro/project-profit-ios/ProjectProfitTests/ARBookTests.swift /Users/yutaro/project-profit-ios/ProjectProfitTests/AccountingBootstrapTests.swift /Users/yutaro/project-profit-ios/ProjectProfitTests/AccountingConstantsTests.swift /Users/yutaro/project-profit-ios/ProjectProfitTests/AccountingEngineTests.swift /Users/yutaro/project-profit-ios/ProjectProfitTests/AccountingIntegrationTests.swift /Users/yutaro/project-profit-ios/ProjectProfitTests/AccountingPerformanceTests.swift /Users/yutaro/project-profit-ios/ProjectProfitTests/AccountingReadQueryUseCaseTests.swift /Users/yutaro/project-profit-ios/ProjectProfitTests/AccountingReportServiceTests.swift /Users/yutaro/project-profit-ios/ProjectProfitTests/Core/AllocationCalculatorTests.swift /Users/yutaro/project-profit-ios/ProjectProfitTests/AnnualBlueReturnScenarioTests.swift /Users/yutaro/project-profit-ios/ProjectProfitTests/AppBootstrapWorkflowUseCaseTests.swift /Users/yutaro/project-profit-ios/ProjectProfitTests/AppShellWorkflowUseCaseTests.swift /Users/yutaro/project-profit-ios/ProjectProfitTests/ApprovalQueueQueryUseCaseTests.swift /Users/yutaro/project-profit-ios/ProjectProfitTests/ApprovalQueueWorkflowUseCaseTests.swift /Users/yutaro/project-profit-ios/ProjectProfitTests/BackupRestoreServiceTests.swift /Users/yutaro/project-profit-ios/ProjectProfitTests/BooksWorkspaceViewTests.swift /Users/yutaro/project-profit-ios/ProjectProfitTests/Core/BusinessProfileTests.swift /Users/yutaro/project-profit-ios/ProjectProfitTests/CSVExportServiceTests.swift (in target 'ProjectProfitTests' from project 'ProjectProfit')

SwiftCompile normal arm64 /Users/yutaro/project-profit-ios/ProjectProfitTests/APBookTests.swift (in target 'ProjectProfitTests' from project 'ProjectProfit')
    cd /Users/yutaro/project-profit-ios
    

SwiftCompile normal arm64 /Users/yutaro/project-profit-ios/ProjectProfitTests/ARBookTests.swift (in target 'ProjectProfitTests' from project 'ProjectProfit')
    cd /Users/yutaro/project-profit-ios
    

SwiftCompile normal arm64 /Users/yutaro/project-profit-ios/ProjectProfitTests/AccountingBootstrapTests.swift (in target 'ProjectProfitTests' from project 'ProjectProfit')
    cd /Users/yutaro/project-profit-ios
    

SwiftCompile normal arm64 /Users/yutaro/project-profit-ios/ProjectProfitTests/AccountingConstantsTests.swift (in target 'ProjectProfitTests' from project 'ProjectProfit')
    cd /Users/yutaro/project-profit-ios
    

SwiftCompile normal arm64 /Users/yutaro/project-profit-ios/ProjectProfitTests/AccountingEngineTests.swift (in target 'ProjectProfitTests' from project 'ProjectProfit')
    cd /Users/yutaro/project-profit-ios
    

SwiftCompile normal arm64 /Users/yutaro/project-profit-ios/ProjectProfitTests/AccountingIntegrationTests.swift (in target 'ProjectProfitTests' from project 'ProjectProfit')
    cd /Users/yutaro/project-profit-ios
    

SwiftCompile normal arm64 /Users/yutaro/project-profit-ios/ProjectProfitTests/AccountingPerformanceTests.swift (in target 'ProjectProfitTests' from project 'ProjectProfit')
    cd /Users/yutaro/project-profit-ios
    

SwiftCompile normal arm64 /Users/yutaro/project-profit-ios/ProjectProfitTests/AccountingReadQueryUseCaseTests.swift (in target 'ProjectProfitTests' from project 'ProjectProfit')
    cd /Users/yutaro/project-profit-ios
    

SwiftCompile normal arm64 /Users/yutaro/project-profit-ios/ProjectProfitTests/AccountingReportServiceTests.swift (in target 'ProjectProfitTests' from project 'ProjectProfit')
    cd /Users/yutaro/project-profit-ios
    

SwiftCompile normal arm64 /Users/yutaro/project-profit-ios/ProjectProfitTests/Core/AllocationCalculatorTests.swift (in target 'ProjectProfitTests' from project 'ProjectProfit')
    cd /Users/yutaro/project-profit-ios
    

SwiftCompile normal arm64 /Users/yutaro/project-profit-ios/ProjectProfitTests/AnnualBlueReturnScenarioTests.swift (in target 'ProjectProfitTests' from project 'ProjectProfit')
    cd /Users/yutaro/project-profit-ios
    

SwiftCompile normal arm64 /Users/yutaro/project-profit-ios/ProjectProfitTests/AppBootstrapWorkflowUseCaseTests.swift (in target 'ProjectProfitTests' from project 'ProjectProfit')
    cd /Users/yutaro/project-profit-ios
    

SwiftCompile normal arm64 /Users/yutaro/project-profit-ios/ProjectProfitTests/AppShellWorkflowUseCaseTests.swift (in target 'ProjectProfitTests' from project 'ProjectProfit')
    cd /Users/yutaro/project-profit-ios
    

SwiftCompile normal arm64 /Users/yutaro/project-profit-ios/ProjectProfitTests/ApprovalQueueQueryUseCaseTests.swift (in target 'ProjectProfitTests' from project 'ProjectProfit')
    cd /Users/yutaro/project-profit-ios
    

SwiftCompile normal arm64 /Users/yutaro/project-profit-ios/ProjectProfitTests/ApprovalQueueWorkflowUseCaseTests.swift (in target 'ProjectProfitTests' from project 'ProjectProfit')
    cd /Users/yutaro/project-profit-ios
    

SwiftCompile normal arm64 /Users/yutaro/project-profit-ios/ProjectProfitTests/BackupRestoreServiceTests.swift (in target 'ProjectProfitTests' from project 'ProjectProfit')
    cd /Users/yutaro/project-profit-ios
    
/Users/yutaro/project-profit-ios/ProjectProfitTests/BackupRestoreServiceTests.swift:161:42: warning: conformance of 'PPAccountingProfile' to 'PersistentModel' is deprecated: Use BusinessProfile / TaxYearProfile instead. Migration-only legacy model.
        let legacyProfiles = try context.fetch(FetchDescriptor<PPAccountingProfile>())
                                         ^
/Users/yutaro/project-profit-ios/ProjectProfitTests/BackupRestoreServiceTests.swift:161:64: warning: 'PPAccountingProfile' is deprecated: Use BusinessProfile / TaxYearProfile instead. Migration-only legacy model.
        let legacyProfiles = try context.fetch(FetchDescriptor<PPAccountingProfile>())
                                                               ^
/Users/yutaro/project-profit-ios/ProjectProfitTests/BackupRestoreServiceTests.swift:161:48: warning: conformance of 'PPAccountingProfile' to 'PersistentModel' is deprecated: Use BusinessProfile / TaxYearProfile instead. Migration-only legacy model.
        let legacyProfiles = try context.fetch(FetchDescriptor<PPAccountingProfile>())
                                               ^
/Users/yutaro/project-profit-ios/ProjectProfitTests/BackupRestoreServiceTests.swift:161:83: warning: conformance of 'PPAccountingProfile' to 'PersistentModel' is deprecated: Use BusinessProfile / TaxYearProfile instead. Migration-only legacy model.
        let legacyProfiles = try context.fetch(FetchDescriptor<PPAccountingProfile>())
                                                                                  ^
/Users/yutaro/project-profit-ios/ProjectProfitTests/BackupRestoreServiceTests.swift:239:42: warning: conformance of 'PPAccountingProfile' to 'PersistentModel' is deprecated: Use BusinessProfile / TaxYearProfile instead. Migration-only legacy model.
        let legacyProfiles = try context.fetch(FetchDescriptor<PPAccountingProfile>())
                                         ^
/Users/yutaro/project-profit-ios/ProjectProfitTests/BackupRestoreServiceTests.swift:239:64: warning: 'PPAccountingProfile' is deprecated: Use BusinessProfile / TaxYearProfile instead. Migration-only legacy model.
        let legacyProfiles = try context.fetch(FetchDescriptor<PPAccountingProfile>())
                                                               ^
/Users/yutaro/project-profit-ios/ProjectProfitTests/BackupRestoreServiceTests.swift:239:48: warning: conformance of 'PPAccountingProfile' to 'PersistentModel' is deprecated: Use BusinessProfile / TaxYearProfile instead. Migration-only legacy model.
        let legacyProfiles = try context.fetch(FetchDescriptor<PPAccountingProfile>())
                                               ^
/Users/yutaro/project-profit-ios/ProjectProfitTests/BackupRestoreServiceTests.swift:239:83: warning: conformance of 'PPAccountingProfile' to 'PersistentModel' is deprecated: Use BusinessProfile / TaxYearProfile instead. Migration-only legacy model.
        let legacyProfiles = try context.fetch(FetchDescriptor<PPAccountingProfile>())
                                                                                  ^
/Users/yutaro/project-profit-ios/ProjectProfitTests/BackupRestoreServiceTests.swift:485:29: warning: 'PPAccountingProfile' is deprecated: Use BusinessProfile / TaxYearProfile instead. Migration-only legacy model.
        let legacyProfile = PPAccountingProfile(
                            ^
/Users/yutaro/project-profit-ios/ProjectProfitTests/BackupRestoreServiceTests.swift:506:30: warning: 'LegacyAccountingProfileSnapshot' is deprecated: Legacy profile snapshots are restore-compat only. New backups must use canonical profiles.
        let legacySnapshot = LegacyAccountingProfileSnapshot(legacyProfile)
                             ^
/Users/yutaro/project-profit-ios/ProjectProfitTests/BackupRestoreServiceTests.swift:587:29: warning: 'PPAccountingProfile' is deprecated: Use BusinessProfile / TaxYearProfile instead. Migration-only legacy model.
        let legacyProfile = PPAccountingProfile(
                            ^
/Users/yutaro/project-profit-ios/ProjectProfitTests/BackupRestoreServiceTests.swift:611:30: warning: 'LegacyAccountingProfileSnapshot' is deprecated: Legacy profile snapshots are restore-compat only. New backups must use canonical profiles.
        let legacySnapshot = LegacyAccountingProfileSnapshot(legacyProfile)
                             ^

SwiftCompile normal arm64 /Users/yutaro/project-profit-ios/ProjectProfitTests/BooksWorkspaceViewTests.swift (in target 'ProjectProfitTests' from project 'ProjectProfit')
    cd /Users/yutaro/project-profit-ios
    

SwiftCompile normal arm64 /Users/yutaro/project-profit-ios/ProjectProfitTests/Core/BusinessProfileTests.swift (in target 'ProjectProfitTests' from project 'ProjectProfit')
    cd /Users/yutaro/project-profit-ios
    

SwiftCompile normal arm64 /Users/yutaro/project-profit-ios/ProjectProfitTests/CSVExportServiceTests.swift (in target 'ProjectProfitTests' from project 'ProjectProfit')
    cd /Users/yutaro/project-profit-ios
    

SwiftDriverJobDiscovery normal arm64 Emitting module for ProjectProfitTests (in target 'ProjectProfitTests' from project 'ProjectProfit')

SwiftCompile normal arm64 Compiling\ EtaxXtxExporterTests.swift,\ EvidenceInboxQueryUseCaseTests.swift,\ ExpenseBookTests.swift,\ ExportCoordinatorTests.swift,\ FilingDashboardQueryUseCaseTests.swift,\ FilingPreflightUseCaseTests.swift,\ FiscalYearDataStoreTests.swift,\ FiscalYearUtilitiesTests.swift,\ FixedAssetNTATests.swift,\ FixedAssetWorkflowUseCaseTests.swift,\ FormEngineTests.swift,\ GeneralLedgerEnrichmentTests.swift,\ GoldenBaselineTests.swift,\ GoldenFixtureSupport.swift,\ InventoryServiceTests.swift,\ InventoryViewModelTests.swift,\ InventoryWorkflowUseCaseTests.swift,\ JournalValidationTests.swift /Users/yutaro/project-profit-ios/ProjectProfitTests/EtaxXtxExporterTests.swift /Users/yutaro/project-profit-ios/ProjectProfitTests/EvidenceInboxQueryUseCaseTests.swift /Users/yutaro/project-profit-ios/ProjectProfitTests/ExpenseBookTests.swift /Users/yutaro/project-profit-ios/ProjectProfitTests/ExportCoordinatorTests.swift /Users/yutaro/project-profit-ios/ProjectProfitTests/FilingDashboardQueryUseCaseTests.swift /Users/yutaro/project-profit-ios/ProjectProfitTests/FilingPreflightUseCaseTests.swift /Users/yutaro/project-profit-ios/ProjectProfitTests/FiscalYearDataStoreTests.swift /Users/yutaro/project-profit-ios/ProjectProfitTests/FiscalYearUtilitiesTests.swift /Users/yutaro/project-profit-ios/ProjectProfitTests/FixedAssetNTATests.swift /Users/yutaro/project-profit-ios/ProjectProfitTests/FixedAssetWorkflowUseCaseTests.swift /Users/yutaro/project-profit-ios/ProjectProfitTests/FormEngineTests.swift /Users/yutaro/project-profit-ios/ProjectProfitTests/GeneralLedgerEnrichmentTests.swift /Users/yutaro/project-profit-ios/ProjectProfitTests/Golden/GoldenBaselineTests.swift /Users/yutaro/project-profit-ios/ProjectProfitTests/Golden/GoldenFixtureSupport.swift /Users/yutaro/project-profit-ios/ProjectProfitTests/InventoryServiceTests.swift /Users/yutaro/project-profit-ios/ProjectProfitTests/InventoryViewModelTests.swift /Users/yutaro/project-profit-ios/ProjectProfitTests/InventoryWorkflowUseCaseTests.swift /Users/yutaro/project-profit-ios/ProjectProfitTests/JournalValidationTests.swift (in target 'ProjectProfitTests' from project 'ProjectProfit')

SwiftCompile normal arm64 /Users/yutaro/project-profit-ios/ProjectProfitTests/EtaxXtxExporterTests.swift (in target 'ProjectProfitTests' from project 'ProjectProfit')
    cd /Users/yutaro/project-profit-ios
    

SwiftCompile normal arm64 /Users/yutaro/project-profit-ios/ProjectProfitTests/EvidenceInboxQueryUseCaseTests.swift (in target 'ProjectProfitTests' from project 'ProjectProfit')
    cd /Users/yutaro/project-profit-ios
    

SwiftCompile normal arm64 /Users/yutaro/project-profit-ios/ProjectProfitTests/ExpenseBookTests.swift (in target 'ProjectProfitTests' from project 'ProjectProfit')
    cd /Users/yutaro/project-profit-ios
    

SwiftCompile normal arm64 /Users/yutaro/project-profit-ios/ProjectProfitTests/ExportCoordinatorTests.swift (in target 'ProjectProfitTests' from project 'ProjectProfit')
    cd /Users/yutaro/project-profit-ios
    

SwiftCompile normal arm64 /Users/yutaro/project-profit-ios/ProjectProfitTests/FilingDashboardQueryUseCaseTests.swift (in target 'ProjectProfitTests' from project 'ProjectProfit')
    cd /Users/yutaro/project-profit-ios
    
/Users/yutaro/project-profit-ios/ProjectProfitTests/FilingDashboardQueryUseCaseTests.swift:128:99: warning: left side of nil coalescing operator '??' has non-optional type 'String', so the right side is never used
        XCTAssertEqual(snapshot.preflightIssues, [StubError.preflightFailure.localizedDescription ?? ""])
                                                  ~~~~~~~~~~~~~~~~~~~~~~~~~~~~~~~~~~~~~~~~~~~~~~~~^~~~~
                                                                                                 

SwiftCompile normal arm64 /Users/yutaro/project-profit-ios/ProjectProfitTests/FilingPreflightUseCaseTests.swift (in target 'ProjectProfitTests' from project 'ProjectProfit')
    cd /Users/yutaro/project-profit-ios
    
/Users/yutaro/project-profit-ios/ProjectProfitTests/FilingPreflightUseCaseTests.swift:148:22: warning: 'PPAccountingProfile' is deprecated: Use BusinessProfile / TaxYearProfile instead. Migration-only legacy model.
        let legacy = PPAccountingProfile(
                     ^
/Users/yutaro/project-profit-ios/ProjectProfitTests/FilingPreflightUseCaseTests.swift:157:17: warning: conformance of 'PPAccountingProfile' to 'PersistentModel' is deprecated: Use BusinessProfile / TaxYearProfile instead. Migration-only legacy model.
        context.insert(legacy)
                ^

SwiftCompile normal arm64 /Users/yutaro/project-profit-ios/ProjectProfitTests/FiscalYearDataStoreTests.swift (in target 'ProjectProfitTests' from project 'ProjectProfit')
    cd /Users/yutaro/project-profit-ios
    

SwiftCompile normal arm64 /Users/yutaro/project-profit-ios/ProjectProfitTests/FiscalYearUtilitiesTests.swift (in target 'ProjectProfitTests' from project 'ProjectProfit')
    cd /Users/yutaro/project-profit-ios
    

SwiftCompile normal arm64 /Users/yutaro/project-profit-ios/ProjectProfitTests/FixedAssetNTATests.swift (in target 'ProjectProfitTests' from project 'ProjectProfit')
    cd /Users/yutaro/project-profit-ios
    
/Users/yutaro/project-profit-ios/ProjectProfitTests/FixedAssetNTATests.swift:68:19: warning: value 'asset' was defined but never used; consider replacing with boolean test
        guard let asset = dataStore.addFixedAsset(
              ~~~~^~~~~~~~
              

SwiftCompile normal arm64 /Users/yutaro/project-profit-ios/ProjectProfitTests/FixedAssetWorkflowUseCaseTests.swift (in target 'ProjectProfitTests' from project 'ProjectProfit')
    cd /Users/yutaro/project-profit-ios
    
/Users/yutaro/project-profit-ios/ProjectProfitTests/FixedAssetWorkflowUseCaseTests.swift:163:27: warning: 'PPAccountingProfile' is deprecated: Use BusinessProfile / TaxYearProfile instead. Migration-only legacy model.
            let profile = PPAccountingProfile(
                          ^
/Users/yutaro/project-profit-ios/ProjectProfitTests/FixedAssetWorkflowUseCaseTests.swift:167:36: warning: conformance of 'PPAccountingProfile' to 'PersistentModel' is deprecated: Use BusinessProfile / TaxYearProfile instead. Migration-only legacy model.
            dataStore.modelContext.insert(profile)
                                   ^

SwiftCompile normal arm64 /Users/yutaro/project-profit-ios/ProjectProfitTests/FormEngineTests.swift (in target 'ProjectProfitTests' from project 'ProjectProfit')
    cd /Users/yutaro/project-profit-ios
    

SwiftCompile normal arm64 /Users/yutaro/project-profit-ios/ProjectProfitTests/GeneralLedgerEnrichmentTests.swift (in target 'ProjectProfitTests' from project 'ProjectProfit')
    cd /Users/yutaro/project-profit-ios
    

SwiftCompile normal arm64 /Users/yutaro/project-profit-ios/ProjectProfitTests/Golden/GoldenBaselineTests.swift (in target 'ProjectProfitTests' from project 'ProjectProfit')
    cd /Users/yutaro/project-profit-ios
    

SwiftCompile normal arm64 /Users/yutaro/project-profit-ios/ProjectProfitTests/Golden/GoldenFixtureSupport.swift (in target 'ProjectProfitTests' from project 'ProjectProfit')
    cd /Users/yutaro/project-profit-ios
    

SwiftCompile normal arm64 /Users/yutaro/project-profit-ios/ProjectProfitTests/InventoryServiceTests.swift (in target 'ProjectProfitTests' from project 'ProjectProfit')
    cd /Users/yutaro/project-profit-ios
    

SwiftCompile normal arm64 /Users/yutaro/project-profit-ios/ProjectProfitTests/InventoryViewModelTests.swift (in target 'ProjectProfitTests' from project 'ProjectProfit')
    cd /Users/yutaro/project-profit-ios
    
/Users/yutaro/project-profit-ios/ProjectProfitTests/InventoryViewModelTests.swift:117:27: warning: 'PPAccountingProfile' is deprecated: Use BusinessProfile / TaxYearProfile instead. Migration-only legacy model.
            let profile = PPAccountingProfile(
                          ^
/Users/yutaro/project-profit-ios/ProjectProfitTests/InventoryViewModelTests.swift:121:36: warning: conformance of 'PPAccountingProfile' to 'PersistentModel' is deprecated: Use BusinessProfile / TaxYearProfile instead. Migration-only legacy model.
            dataStore.modelContext.insert(profile)
                                   ^

SwiftCompile normal arm64 /Users/yutaro/project-profit-ios/ProjectProfitTests/InventoryWorkflowUseCaseTests.swift (in target 'ProjectProfitTests' from project 'ProjectProfit')
    cd /Users/yutaro/project-profit-ios
    
/Users/yutaro/project-profit-ios/ProjectProfitTests/InventoryWorkflowUseCaseTests.swift:158:27: warning: 'PPAccountingProfile' is deprecated: Use BusinessProfile / TaxYearProfile instead. Migration-only legacy model.
            let profile = PPAccountingProfile(
                          ^
/Users/yutaro/project-profit-ios/ProjectProfitTests/InventoryWorkflowUseCaseTests.swift:162:36: warning: conformance of 'PPAccountingProfile' to 'PersistentModel' is deprecated: Use BusinessProfile / TaxYearProfile instead. Migration-only legacy model.
            dataStore.modelContext.insert(profile)
                                   ^

SwiftCompile normal arm64 /Users/yutaro/project-profit-ios/ProjectProfitTests/JournalValidationTests.swift (in target 'ProjectProfitTests' from project 'ProjectProfit')
    cd /Users/yutaro/project-profit-ios
    

SwiftDriver\ Compilation\ Requirements ProjectProfitTests normal arm64 com.apple.xcode.tools.swift.compiler (in target 'ProjectProfitTests' from project 'ProjectProfit')
    cd /Users/yutaro/project-profit-ios
    builtin-Swift-Compilation-Requirements -- /Applications/Xcode-26.3.app/Contents/Developer/Toolchains/XcodeDefault.xctoolchain/usr/bin/swiftc -module-name ProjectProfitTests -Onone -enforce-exclusivity\=checked @/Users/yutaro/project-profit-ios/artifacts/release-quality/canonical-e2e/DerivedData/Build/Intermediates.noindex/ProjectProfit.build/Debug-iphonesimulator/ProjectProfitTests.build/Objects-normal/arm64/ProjectProfitTests.SwiftFileList -DDEBUG -Xcc -fmodule-map-file\=/Users/yutaro/project-profit-ios/artifacts/release-quality/canonical-e2e/DerivedData/Build/Intermediates.noindex/GeneratedModuleMaps-iphonesimulator/libxlsxwriter.modulemap -plugin-path /Applications/Xcode-26.3.app/Contents/Developer/Toolchains/XcodeDefault.xctoolchain/usr/lib/swift/host/plugins/testing -enable-bare-slash-regex -enable-experimental-feature DebugDescriptionMacro -sdk /Applications/Xcode-26.3.app/Contents/Developer/Platforms/iPhoneSimulator.platform/Developer/SDKs/iPhoneSimulator26.2.sdk -target arm64-apple-ios17.0-simulator -g -module-cache-path /Users/yutaro/project-profit-ios/artifacts/release-quality/canonical-e2e/DerivedData/ModuleCache.noindex -Xfrontend -serialize-debugging-options -profile-coverage-mapping -profile-generate -enable-testing -index-store-path /Users/yutaro/project-profit-ios/artifacts/release-quality/canonical-e2e/DerivedData/Index.noindex/DataStore -Xcc -D_LIBCPP_HARDENING_MODE\=_LIBCPP_HARDENING_MODE_DEBUG -swift-version 5 -I /Users/yutaro/project-profit-ios/artifacts/release-quality/canonical-e2e/DerivedData/Build/Products/Debug-iphonesimulator -I /Users/yutaro/project-profit-ios/ProjectProfit/Ledger/Bridge/xlsxwriter -Isystem /Applications/Xcode-26.3.app/Contents/Developer/Platforms/iPhoneSimulator.platform/Developer/usr/lib -F /Users/yutaro/project-profit-ios/artifacts/release-quality/canonical-e2e/DerivedData/Build/Products/Debug-iphonesimulator/PackageFrameworks -F /Users/yutaro/project-profit-ios/artifacts/release-quality/canonical-e2e/DerivedData/Build/Products/Debug-iphonesimulator -F /Applications/Xcode-26.3.app/Contents/Developer/Platforms/iPhoneSimulator.platform/Developer/Library/Frameworks -F /Applications/Xcode-26.3.app/Contents/Developer/Platforms/iPhoneSimulator.platform/Developer/SDKs/iPhoneSimulator26.2.sdk/Developer/Library/Frameworks -c -j8 -enable-batch-mode -incremental -Xcc -ivfsstatcache -Xcc /Users/yutaro/project-profit-ios/artifacts/release-quality/canonical-e2e/DerivedData/SDKStatCaches.noindex/iphonesimulator26.2-23C57-91db6bf2b9df79783d042ed3cc29a58e.sdkstatcache -output-file-map /Users/yutaro/project-profit-ios/artifacts/release-quality/canonical-e2e/DerivedData/Build/Intermediates.noindex/ProjectProfit.build/Debug-iphonesimulator/ProjectProfitTests.build/Objects-normal/arm64/ProjectProfitTests-OutputFileMap.json -use-frontend-parseable-output -save-temps -no-color-diagnostics -explicit-module-build -module-cache-path /Users/yutaro/project-profit-ios/artifacts/release-quality/canonical-e2e/DerivedData/Build/Intermediates.noindex/SwiftExplicitPrecompiledModules -clang-scanner-module-cache-path /Users/yutaro/project-profit-ios/artifacts/release-quality/canonical-e2e/DerivedData/ModuleCache.noindex -sdk-module-cache-path /Users/yutaro/project-profit-ios/artifacts/release-quality/canonical-e2e/DerivedData/ModuleCache.noindex -serialize-diagnostics -emit-dependencies -emit-module -emit-module-path /Users/yutaro/project-profit-ios/artifacts/release-quality/canonical-e2e/DerivedData/Build/Intermediates.noindex/ProjectProfit.build/Debug-iphonesimulator/ProjectProfitTests.build/Objects-normal/arm64/ProjectProfitTests.swiftmodule -validate-clang-modules-once -clang-build-session-file /Users/yutaro/project-profit-ios/artifacts/release-quality/canonical-e2e/DerivedData/ModuleCache.noindex/Session.modulevalidation -Xcc -I/Users/yutaro/project-profit-ios/artifacts/release-quality/canonical-e2e/DerivedData/Build/Intermediates.noindex/ProjectProfit.build/Debug-iphonesimulator/ProjectProfitTests.build/swift-overrides.hmap -emit-const-values -Xfrontend -const-gather-protocols-file -Xfrontend /Users/yutaro/project-profit-ios/artifacts/release-quality/canonical-e2e/DerivedData/Build/Intermediates.noindex/ProjectProfit.build/Debug-iphonesimulator/ProjectProfitTests.build/Objects-normal/arm64/ProjectProfitTests_const_extract_protocols.json -Xcc -iquote -Xcc /Users/yutaro/project-profit-ios/artifacts/release-quality/canonical-e2e/DerivedData/Build/Intermediates.noindex/ProjectProfit.build/Debug-iphonesimulator/ProjectProfitTests.build/ProjectProfitTests-generated-files.hmap -Xcc -I/Users/yutaro/project-profit-ios/artifacts/release-quality/canonical-e2e/DerivedData/Build/Intermediates.noindex/ProjectProfit.build/Debug-iphonesimulator/ProjectProfitTests.build/ProjectProfitTests-own-target-headers.hmap -Xcc -I/Users/yutaro/project-profit-ios/artifacts/release-quality/canonical-e2e/DerivedData/Build/Intermediates.noindex/ProjectProfit.build/Debug-iphonesimulator/ProjectProfitTests.build/ProjectProfitTests-all-non-framework-target-headers.hmap -Xcc -ivfsoverlay -Xcc /Users/yutaro/project-profit-ios/artifacts/release-quality/canonical-e2e/DerivedData/Build/Intermediates.noindex/ProjectProfit.build/Debug-iphonesimulator/ProjectProfit-bc30635a8cb06e5d3ecf94d8d93f544c-VFS-iphonesimulator/all-product-headers.yaml -Xcc -iquote -Xcc /Users/yutaro/project-profit-ios/artifacts/release-quality/canonical-e2e/DerivedData/Build/Intermediates.noindex/ProjectProfit.build/Debug-iphonesimulator/ProjectProfitTests.build/ProjectProfitTests-project-headers.hmap -Xcc -I/Users/yutaro/project-profit-ios/artifacts/release-quality/canonical-e2e/DerivedData/SourcePackages/checkouts/libxlsxwriter/include -Xcc -I/Users/yutaro/project-profit-ios/artifacts/release-quality/canonical-e2e/DerivedData/Build/Products/Debug-iphonesimulator/include -Xcc -I/Users/yutaro/project-profit-ios/artifacts/release-quality/canonical-e2e/DerivedData/SourcePackages/checkouts/libxlsxwriter/include -Xcc -I/Users/yutaro/project-profit-ios/artifacts/release-quality/canonical-e2e/DerivedData/Build/Intermediates.noindex/ProjectProfit.build/Debug-iphonesimulator/ProjectProfitTests.build/DerivedSources-normal/arm64 -Xcc -I/Users/yutaro/project-profit-ios/artifacts/release-quality/canonical-e2e/DerivedData/Build/Intermediates.noindex/ProjectProfit.build/Debug-iphonesimulator/ProjectProfitTests.build/DerivedSources/arm64 -Xcc -I/Users/yutaro/project-profit-ios/artifacts/release-quality/canonical-e2e/DerivedData/Build/Intermediates.noindex/ProjectProfit.build/Debug-iphonesimulator/ProjectProfitTests.build/DerivedSources -Xcc -DDEBUG\=1 -emit-objc-header -emit-objc-header-path /Users/yutaro/project-profit-ios/artifacts/release-quality/canonical-e2e/DerivedData/Build/Intermediates.noindex/ProjectProfit.build/Debug-iphonesimulator/ProjectProfitTests.build/Objects-normal/arm64/ProjectProfitTests-Swift.h -working-directory /Users/yutaro/project-profit-ios -experimental-emit-module-separately -disable-cmo

SwiftDriverJobDiscovery normal arm64 Compiling ApprovalRequestRepository.swift, AuditEvent.swift, AuditEventEntity.swift, AuditEventEntityMapper.swift, AuditEventType.swift, AuditRepository.swift, BackupService.swift, BalanceSheetView.swift, BankCardReconciliationView.swift, BlueDeductionLevel.swift, BookkeepingBasis.swift, BooksWorkspaceView.swift, BundledTaxYearPackProvider.swift, BusinessProfile.swift, BusinessProfileEntity.swift, BusinessProfileEntityMapper.swift, BusinessProfileRepository.swift, CSVExportService.swift, CSVImportService.swift, CanonicalAccount.swift, CanonicalAccountEntity.swift, CanonicalAccountEntityMapper.swift, CanonicalAccountType.swift, CanonicalBookModels.swift, CanonicalBookService.swift (in target 'ProjectProfit' from project 'ProjectProfit')

SwiftCompile normal arm64 Compiling\ TaxStatusMachineTests.swift,\ TaxYearDefinitionLoaderTests.swift,\ TaxYearProfileTests.swift,\ TaxYearStateUseCaseTests.swift,\ TestHelpers.swift,\ TestMutationDriver.swift,\ TransactionFormQueryUseCaseTests.swift,\ TransactionHistoryTests.swift,\ TransactionHistoryUseCaseTests.swift,\ TransactionLogTests.swift,\ TransactionsViewModelTests.swift,\ UITestBootstrapTests.swift,\ UtilitiesTests.swift,\ WithholdingFlowE2ETests.swift,\ WithholdingStatementQueryUseCaseTests.swift,\ WithholdingTaxCalculatorTests.swift,\ WorkflowNavigationTests.swift,\ YearLockTests.swift /Users/yutaro/project-profit-ios/ProjectProfitTests/Core/TaxStatusMachineTests.swift /Users/yutaro/project-profit-ios/ProjectProfitTests/TaxYearDefinitionLoaderTests.swift /Users/yutaro/project-profit-ios/ProjectProfitTests/Core/TaxYearProfileTests.swift /Users/yutaro/project-profit-ios/ProjectProfitTests/TaxYearStateUseCaseTests.swift /Users/yutaro/project-profit-ios/ProjectProfitTests/TestHelpers.swift /Users/yutaro/project-profit-ios/ProjectProfitTests/TestMutationDriver.swift /Users/yutaro/project-profit-ios/ProjectProfitTests/TransactionFormQueryUseCaseTests.swift /Users/yutaro/project-profit-ios/ProjectProfitTests/TransactionHistoryTests.swift /Users/yutaro/project-profit-ios/ProjectProfitTests/TransactionHistoryUseCaseTests.swift /Users/yutaro/project-profit-ios/ProjectProfitTests/TransactionLogTests.swift /Users/yutaro/project-profit-ios/ProjectProfitTests/TransactionsViewModelTests.swift /Users/yutaro/project-profit-ios/ProjectProfitTests/UITestBootstrapTests.swift /Users/yutaro/project-profit-ios/ProjectProfitTests/UtilitiesTests.swift /Users/yutaro/project-profit-ios/ProjectProfitTests/WithholdingFlowE2ETests.swift /Users/yutaro/project-profit-ios/ProjectProfitTests/WithholdingStatementQueryUseCaseTests.swift /Users/yutaro/project-profit-ios/ProjectProfitTests/Core/WithholdingTaxCalculatorTests.swift /Users/yutaro/project-profit-ios/ProjectProfitTests/WorkflowNavigationTests.swift /Users/yutaro/project-profit-ios/ProjectProfitTests/YearLockTests.swift (in target 'ProjectProfitTests' from project 'ProjectProfit')

SwiftCompile normal arm64 /Users/yutaro/project-profit-ios/ProjectProfitTests/Core/TaxStatusMachineTests.swift (in target 'ProjectProfitTests' from project 'ProjectProfit')
    cd /Users/yutaro/project-profit-ios
    

SwiftCompile normal arm64 /Users/yutaro/project-profit-ios/ProjectProfitTests/TaxYearDefinitionLoaderTests.swift (in target 'ProjectProfitTests' from project 'ProjectProfit')
    cd /Users/yutaro/project-profit-ios
    

SwiftCompile normal arm64 /Users/yutaro/project-profit-ios/ProjectProfitTests/Core/TaxYearProfileTests.swift (in target 'ProjectProfitTests' from project 'ProjectProfit')
    cd /Users/yutaro/project-profit-ios
    

SwiftCompile normal arm64 /Users/yutaro/project-profit-ios/ProjectProfitTests/TaxYearStateUseCaseTests.swift (in target 'ProjectProfitTests' from project 'ProjectProfit')
    cd /Users/yutaro/project-profit-ios
    

SwiftCompile normal arm64 /Users/yutaro/project-profit-ios/ProjectProfitTests/TestHelpers.swift (in target 'ProjectProfitTests' from project 'ProjectProfit')
    cd /Users/yutaro/project-profit-ios
    

SwiftCompile normal arm64 /Users/yutaro/project-profit-ios/ProjectProfitTests/TestMutationDriver.swift (in target 'ProjectProfitTests' from project 'ProjectProfit')
    cd /Users/yutaro/project-profit-ios
    

SwiftCompile normal arm64 /Users/yutaro/project-profit-ios/ProjectProfitTests/TransactionFormQueryUseCaseTests.swift (in target 'ProjectProfitTests' from project 'ProjectProfit')
    cd /Users/yutaro/project-profit-ios
    

SwiftCompile normal arm64 /Users/yutaro/project-profit-ios/ProjectProfitTests/TransactionHistoryTests.swift (in target 'ProjectProfitTests' from project 'ProjectProfit')
    cd /Users/yutaro/project-profit-ios
    

SwiftCompile normal arm64 /Users/yutaro/project-profit-ios/ProjectProfitTests/TransactionHistoryUseCaseTests.swift (in target 'ProjectProfitTests' from project 'ProjectProfit')
    cd /Users/yutaro/project-profit-ios
    

SwiftCompile normal arm64 /Users/yutaro/project-profit-ios/ProjectProfitTests/TransactionLogTests.swift (in target 'ProjectProfitTests' from project 'ProjectProfit')
    cd /Users/yutaro/project-profit-ios
    

SwiftCompile normal arm64 /Users/yutaro/project-profit-ios/ProjectProfitTests/TransactionsViewModelTests.swift (in target 'ProjectProfitTests' from project 'ProjectProfit')
    cd /Users/yutaro/project-profit-ios
    

SwiftCompile normal arm64 /Users/yutaro/project-profit-ios/ProjectProfitTests/UITestBootstrapTests.swift (in target 'ProjectProfitTests' from project 'ProjectProfit')
    cd /Users/yutaro/project-profit-ios
    

SwiftCompile normal arm64 /Users/yutaro/project-profit-ios/ProjectProfitTests/UtilitiesTests.swift (in target 'ProjectProfitTests' from project 'ProjectProfit')
    cd /Users/yutaro/project-profit-ios
    
/Users/yutaro/project-profit-ios/ProjectProfitTests/UtilitiesTests.swift:362:81: warning: immutable value 'currentDay' was never used; consider replacing with '_' or removing it
        guard let currentYear = comps.year, let currentMonth = comps.month, let currentDay = comps.day else {
                                                                            ~~~~^~~~~~~~~~
                                                                            _

SwiftCompile normal arm64 /Users/yutaro/project-profit-ios/ProjectProfitTests/WithholdingFlowE2ETests.swift (in target 'ProjectProfitTests' from project 'ProjectProfit')
    cd /Users/yutaro/project-profit-ios
    

SwiftCompile normal arm64 /Users/yutaro/project-profit-ios/ProjectProfitTests/WithholdingStatementQueryUseCaseTests.swift (in target 'ProjectProfitTests' from project 'ProjectProfit')
    cd /Users/yutaro/project-profit-ios
    

SwiftCompile normal arm64 /Users/yutaro/project-profit-ios/ProjectProfitTests/Core/WithholdingTaxCalculatorTests.swift (in target 'ProjectProfitTests' from project 'ProjectProfit')
    cd /Users/yutaro/project-profit-ios
    

SwiftCompile normal arm64 /Users/yutaro/project-profit-ios/ProjectProfitTests/WorkflowNavigationTests.swift (in target 'ProjectProfitTests' from project 'ProjectProfit')
    cd /Users/yutaro/project-profit-ios
    

SwiftCompile normal arm64 /Users/yutaro/project-profit-ios/ProjectProfitTests/YearLockTests.swift (in target 'ProjectProfitTests' from project 'ProjectProfit')
    cd /Users/yutaro/project-profit-ios
    

SwiftMergeGeneratedHeaders /Users/yutaro/project-profit-ios/artifacts/release-quality/canonical-e2e/DerivedData/Build/Intermediates.noindex/ProjectProfit.build/Debug-iphonesimulator/ProjectProfitTests.build/DerivedSources/ProjectProfitTests-Swift.h /Users/yutaro/project-profit-ios/artifacts/release-quality/canonical-e2e/DerivedData/Build/Intermediates.noindex/ProjectProfit.build/Debug-iphonesimulator/ProjectProfitTests.build/Objects-normal/arm64/ProjectProfitTests-Swift.h (in target 'ProjectProfitTests' from project 'ProjectProfit')
    cd /Users/yutaro/project-profit-ios
    builtin-swiftHeaderTool -arch arm64 /Users/yutaro/project-profit-ios/artifacts/release-quality/canonical-e2e/DerivedData/Build/Intermediates.noindex/ProjectProfit.build/Debug-iphonesimulator/ProjectProfitTests.build/Objects-normal/arm64/ProjectProfitTests-Swift.h -o /Users/yutaro/project-profit-ios/artifacts/release-quality/canonical-e2e/DerivedData/Build/Intermediates.noindex/ProjectProfit.build/Debug-iphonesimulator/ProjectProfitTests.build/DerivedSources/ProjectProfitTests-Swift.h

SwiftDriverJobDiscovery normal arm64 Compiling FixedAssetListView.swift, FixedAssetRepository.swift, FixedAssetScheduleView.swift, FixedAssetWorkflowUseCase.swift, FormDraftEntity.swift, FormDraftEntityMapper.swift, FormEngine.swift, GenreTag.swift, InventoryInputView.swift, InventoryRepository.swift, InventoryService.swift, InventoryViewModel.swift, InventoryWorkflowUseCase.swift, InvoiceIssuerStatus.swift, JournalBrowserView.swift, JournalDetailView.swift, JournalEntry.swift, JournalEntryEntity.swift, JournalEntryRepository.swift, JournalLine.swift, JournalLineEntity.swift, JournalLineEntityMapper.swift, JournalListView.swift, JournalSearchCriteria.swift (in target 'ProjectProfit' from project 'ProjectProfit')

Copy /Users/yutaro/project-profit-ios/artifacts/release-quality/canonical-e2e/DerivedData/Build/Products/Debug-iphonesimulator/ProjectProfitTests.swiftmodule/arm64-apple-ios-simulator.swiftmodule /Users/yutaro/project-profit-ios/artifacts/release-quality/canonical-e2e/DerivedData/Build/Intermediates.noindex/ProjectProfit.build/Debug-iphonesimulator/ProjectProfitTests.build/Objects-normal/arm64/ProjectProfitTests.swiftmodule (in target 'ProjectProfitTests' from project 'ProjectProfit')
    cd /Users/yutaro/project-profit-ios
    builtin-copy -exclude .DS_Store -exclude CVS -exclude .svn -exclude .git -exclude .hg -resolve-src-symlinks -rename /Users/yutaro/project-profit-ios/artifacts/release-quality/canonical-e2e/DerivedData/Build/Intermediates.noindex/ProjectProfit.build/Debug-iphonesimulator/ProjectProfitTests.build/Objects-normal/arm64/ProjectProfitTests.swiftmodule /Users/yutaro/project-profit-ios/artifacts/release-quality/canonical-e2e/DerivedData/Build/Products/Debug-iphonesimulator/ProjectProfitTests.swiftmodule/arm64-apple-ios-simulator.swiftmodule

Copy /Users/yutaro/project-profit-ios/artifacts/release-quality/canonical-e2e/DerivedData/Build/Products/Debug-iphonesimulator/ProjectProfitTests.swiftmodule/arm64-apple-ios-simulator.swiftdoc /Users/yutaro/project-profit-ios/artifacts/release-quality/canonical-e2e/DerivedData/Build/Intermediates.noindex/ProjectProfit.build/Debug-iphonesimulator/ProjectProfitTests.build/Objects-normal/arm64/ProjectProfitTests.swiftdoc (in target 'ProjectProfitTests' from project 'ProjectProfit')
    cd /Users/yutaro/project-profit-ios
    builtin-copy -exclude .DS_Store -exclude CVS -exclude .svn -exclude .git -exclude .hg -resolve-src-symlinks -rename /Users/yutaro/project-profit-ios/artifacts/release-quality/canonical-e2e/DerivedData/Build/Intermediates.noindex/ProjectProfit.build/Debug-iphonesimulator/ProjectProfitTests.build/Objects-normal/arm64/ProjectProfitTests.swiftdoc /Users/yutaro/project-profit-ios/artifacts/release-quality/canonical-e2e/DerivedData/Build/Products/Debug-iphonesimulator/ProjectProfitTests.swiftmodule/arm64-apple-ios-simulator.swiftdoc

Copy /Users/yutaro/project-profit-ios/artifacts/release-quality/canonical-e2e/DerivedData/Build/Products/Debug-iphonesimulator/ProjectProfitTests.swiftmodule/arm64-apple-ios-simulator.abi.json /Users/yutaro/project-profit-ios/artifacts/release-quality/canonical-e2e/DerivedData/Build/Intermediates.noindex/ProjectProfit.build/Debug-iphonesimulator/ProjectProfitTests.build/Objects-normal/arm64/ProjectProfitTests.abi.json (in target 'ProjectProfitTests' from project 'ProjectProfit')
    cd /Users/yutaro/project-profit-ios
    builtin-copy -exclude .DS_Store -exclude CVS -exclude .svn -exclude .git -exclude .hg -resolve-src-symlinks -rename /Users/yutaro/project-profit-ios/artifacts/release-quality/canonical-e2e/DerivedData/Build/Intermediates.noindex/ProjectProfit.build/Debug-iphonesimulator/ProjectProfitTests.build/Objects-normal/arm64/ProjectProfitTests.abi.json /Users/yutaro/project-profit-ios/artifacts/release-quality/canonical-e2e/DerivedData/Build/Products/Debug-iphonesimulator/ProjectProfitTests.swiftmodule/arm64-apple-ios-simulator.abi.json

Copy /Users/yutaro/project-profit-ios/artifacts/release-quality/canonical-e2e/DerivedData/Build/Products/Debug-iphonesimulator/ProjectProfitTests.swiftmodule/Project/arm64-apple-ios-simulator.swiftsourceinfo /Users/yutaro/project-profit-ios/artifacts/release-quality/canonical-e2e/DerivedData/Build/Intermediates.noindex/ProjectProfit.build/Debug-iphonesimulator/ProjectProfitTests.build/Objects-normal/arm64/ProjectProfitTests.swiftsourceinfo (in target 'ProjectProfitTests' from project 'ProjectProfit')
    cd /Users/yutaro/project-profit-ios
    builtin-copy -exclude .DS_Store -exclude CVS -exclude .svn -exclude .git -exclude .hg -resolve-src-symlinks -rename /Users/yutaro/project-profit-ios/artifacts/release-quality/canonical-e2e/DerivedData/Build/Intermediates.noindex/ProjectProfit.build/Debug-iphonesimulator/ProjectProfitTests.build/Objects-normal/arm64/ProjectProfitTests.swiftsourceinfo /Users/yutaro/project-profit-ios/artifacts/release-quality/canonical-e2e/DerivedData/Build/Products/Debug-iphonesimulator/ProjectProfitTests.swiftmodule/Project/arm64-apple-ios-simulator.swiftsourceinfo

SwiftCompile normal arm64 Compiling\ RegexReceiptParserLineItemTests.swift,\ ReleasePerformanceGateTests.swift,\ ReportViewModelTests.swift,\ ReportingQueryUseCaseTests.swift,\ SearchIndexTests.swift,\ SettingsMaintenanceUseCaseTests.swift,\ SettingsMaintenanceWorkflowUseCaseTests.swift,\ SettingsOverviewUseCaseTests.swift,\ ShareImportInboxServiceTests.swift,\ ShushiNaiyakushoBuilderTests.swift,\ StatementImportUseCaseTests.swift,\ StatementMatchServiceTests.swift,\ StatementPDFParserTests.swift,\ StatementPrefillTests.swift,\ SubLedgerEnrichmentTests.swift,\ SubLedgerExportTests.swift,\ TaxCategoryTests.swift,\ TaxCodeTests.swift /Users/yutaro/project-profit-ios/ProjectProfitTests/RegexReceiptParserLineItemTests.swift /Users/yutaro/project-profit-ios/ProjectProfitTests/ReleasePerformanceGateTests.swift /Users/yutaro/project-profit-ios/ProjectProfitTests/ReportViewModelTests.swift /Users/yutaro/project-profit-ios/ProjectProfitTests/ReportingQueryUseCaseTests.swift /Users/yutaro/project-profit-ios/ProjectProfitTests/SearchIndexTests.swift /Users/yutaro/project-profit-ios/ProjectProfitTests/SettingsMaintenanceUseCaseTests.swift /Users/yutaro/project-profit-ios/ProjectProfitTests/SettingsMaintenanceWorkflowUseCaseTests.swift /Users/yutaro/project-profit-ios/ProjectProfitTests/SettingsOverviewUseCaseTests.swift /Users/yutaro/project-profit-ios/ProjectProfitTests/ShareImportInboxServiceTests.swift /Users/yutaro/project-profit-ios/ProjectProfitTests/ShushiNaiyakushoBuilderTests.swift /Users/yutaro/project-profit-ios/ProjectProfitTests/StatementImportUseCaseTests.swift /Users/yutaro/project-profit-ios/ProjectProfitTests/StatementMatchServiceTests.swift /Users/yutaro/project-profit-ios/ProjectProfitTests/StatementPDFParserTests.swift /Users/yutaro/project-profit-ios/ProjectProfitTests/StatementPrefillTests.swift /Users/yutaro/project-profit-ios/ProjectProfitTests/SubLedgerEnrichmentTests.swift /Users/yutaro/project-profit-ios/ProjectProfitTests/SubLedgerExportTests.swift /Users/yutaro/project-profit-ios/ProjectProfitTests/TaxCategoryTests.swift /Users/yutaro/project-profit-ios/ProjectProfitTests/TaxCodeTests.swift (in target 'ProjectProfitTests' from project 'ProjectProfit')

SwiftCompile normal arm64 /Users/yutaro/project-profit-ios/ProjectProfitTests/RegexReceiptParserLineItemTests.swift (in target 'ProjectProfitTests' from project 'ProjectProfit')
    cd /Users/yutaro/project-profit-ios
    

SwiftCompile normal arm64 /Users/yutaro/project-profit-ios/ProjectProfitTests/ReleasePerformanceGateTests.swift (in target 'ProjectProfitTests' from project 'ProjectProfit')
    cd /Users/yutaro/project-profit-ios
    

SwiftCompile normal arm64 /Users/yutaro/project-profit-ios/ProjectProfitTests/ReportViewModelTests.swift (in target 'ProjectProfitTests' from project 'ProjectProfit')
    cd /Users/yutaro/project-profit-ios
    

SwiftCompile normal arm64 /Users/yutaro/project-profit-ios/ProjectProfitTests/ReportingQueryUseCaseTests.swift (in target 'ProjectProfitTests' from project 'ProjectProfit')
    cd /Users/yutaro/project-profit-ios
    

SwiftCompile normal arm64 /Users/yutaro/project-profit-ios/ProjectProfitTests/SearchIndexTests.swift (in target 'ProjectProfitTests' from project 'ProjectProfit')
    cd /Users/yutaro/project-profit-ios
    
/Users/yutaro/project-profit-ios/ProjectProfitTests/SearchIndexTests.swift:252:19: warning: value 'entry' was defined but never used; consider replacing with boolean test
        guard let entry = try context.fetch(descriptor).first else {
              ~~~~^~~~~~~~
              (                                              ) != nil

SwiftCompile normal arm64 /Users/yutaro/project-profit-ios/ProjectProfitTests/SettingsMaintenanceUseCaseTests.swift (in target 'ProjectProfitTests' from project 'ProjectProfit')
    cd /Users/yutaro/project-profit-ios
    

SwiftCompile normal arm64 /Users/yutaro/project-profit-ios/ProjectProfitTests/SettingsMaintenanceWorkflowUseCaseTests.swift (in target 'ProjectProfitTests' from project 'ProjectProfit')
    cd /Users/yutaro/project-profit-ios
    

SwiftCompile normal arm64 /Users/yutaro/project-profit-ios/ProjectProfitTests/SettingsOverviewUseCaseTests.swift (in target 'ProjectProfitTests' from project 'ProjectProfit')
    cd /Users/yutaro/project-profit-ios
    

SwiftCompile normal arm64 /Users/yutaro/project-profit-ios/ProjectProfitTests/ShareImportInboxServiceTests.swift (in target 'ProjectProfitTests' from project 'ProjectProfit')
    cd /Users/yutaro/project-profit-ios
    

SwiftCompile normal arm64 /Users/yutaro/project-profit-ios/ProjectProfitTests/ShushiNaiyakushoBuilderTests.swift (in target 'ProjectProfitTests' from project 'ProjectProfit')
    cd /Users/yutaro/project-profit-ios
    

SwiftCompile normal arm64 /Users/yutaro/project-profit-ios/ProjectProfitTests/StatementImportUseCaseTests.swift (in target 'ProjectProfitTests' from project 'ProjectProfit')
    cd /Users/yutaro/project-profit-ios
    

SwiftCompile normal arm64 /Users/yutaro/project-profit-ios/ProjectProfitTests/StatementMatchServiceTests.swift (in target 'ProjectProfitTests' from project 'ProjectProfit')
    cd /Users/yutaro/project-profit-ios
    

SwiftCompile normal arm64 /Users/yutaro/project-profit-ios/ProjectProfitTests/StatementPDFParserTests.swift (in target 'ProjectProfitTests' from project 'ProjectProfit')
    cd /Users/yutaro/project-profit-ios
    

SwiftCompile normal arm64 /Users/yutaro/project-profit-ios/ProjectProfitTests/StatementPrefillTests.swift (in target 'ProjectProfitTests' from project 'ProjectProfit')
    cd /Users/yutaro/project-profit-ios
    

SwiftCompile normal arm64 /Users/yutaro/project-profit-ios/ProjectProfitTests/SubLedgerEnrichmentTests.swift (in target 'ProjectProfitTests' from project 'ProjectProfit')
    cd /Users/yutaro/project-profit-ios
    

SwiftCompile normal arm64 /Users/yutaro/project-profit-ios/ProjectProfitTests/SubLedgerExportTests.swift (in target 'ProjectProfitTests' from project 'ProjectProfit')
    cd /Users/yutaro/project-profit-ios
    

SwiftCompile normal arm64 /Users/yutaro/project-profit-ios/ProjectProfitTests/TaxCategoryTests.swift (in target 'ProjectProfitTests' from project 'ProjectProfit')
    cd /Users/yutaro/project-profit-ios
    

SwiftCompile normal arm64 /Users/yutaro/project-profit-ios/ProjectProfitTests/TaxCodeTests.swift (in target 'ProjectProfitTests' from project 'ProjectProfit')
    cd /Users/yutaro/project-profit-ios
    

SwiftDriverJobDiscovery normal arm64 Compiling APBookTests.swift, ARBookTests.swift, AccountingBootstrapTests.swift, AccountingConstantsTests.swift, AccountingEngineTests.swift, AccountingIntegrationTests.swift, AccountingPerformanceTests.swift, AccountingReadQueryUseCaseTests.swift, AccountingReportServiceTests.swift, AllocationCalculatorTests.swift, AnnualBlueReturnScenarioTests.swift, AppBootstrapWorkflowUseCaseTests.swift, AppShellWorkflowUseCaseTests.swift, ApprovalQueueQueryUseCaseTests.swift, ApprovalQueueWorkflowUseCaseTests.swift, BackupRestoreServiceTests.swift, BooksWorkspaceViewTests.swift, BusinessProfileTests.swift, CSVExportServiceTests.swift (in target 'ProjectProfitTests' from project 'ProjectProfit')

SwiftCompile normal arm64 Compiling\ LedgerCSVImportServiceTests.swift,\ LedgerDataStoreReadOnlyTests.swift,\ LedgerDataStoreTests.swift,\ LedgerImportCoordinatorTests.swift,\ LegacyProfileMigrationRunnerTests.swift,\ LegacyTransactionCompatibilityUseCase.swift,\ LegalReportLineTests.swift,\ LineItemTests.swift,\ MigrationReportRunnerTests.swift,\ ModelsTests.swift,\ MonthlyAmortizationTests.swift,\ MonthlySummaryTests.swift,\ PDFExportServiceTests.swift,\ PPAccountTests.swift,\ PPAccountingProfileTests.swift,\ PPInventoryRecordTests.swift,\ PPJournalEntryTests.swift,\ PlannedEndDateTests.swift /Users/yutaro/project-profit-ios/ProjectProfitTests/LedgerCSVImportServiceTests.swift /Users/yutaro/project-profit-ios/ProjectProfitTests/LedgerDataStoreReadOnlyTests.swift /Users/yutaro/project-profit-ios/ProjectProfitTests/LedgerDataStoreTests.swift /Users/yutaro/project-profit-ios/ProjectProfitTests/LedgerImportCoordinatorTests.swift /Users/yutaro/project-profit-ios/ProjectProfitTests/LegacyProfileMigrationRunnerTests.swift /Users/yutaro/project-profit-ios/ProjectProfit/Application/UseCases/Legacy/LegacyTransactionCompatibilityUseCase.swift /Users/yutaro/project-profit-ios/ProjectProfitTests/LegalReportLineTests.swift /Users/yutaro/project-profit-ios/ProjectProfitTests/LineItemTests.swift /Users/yutaro/project-profit-ios/ProjectProfitTests/MigrationReportRunnerTests.swift /Users/yutaro/project-profit-ios/ProjectProfitTests/ModelsTests.swift /Users/yutaro/project-profit-ios/ProjectProfitTests/MonthlyAmortizationTests.swift /Users/yutaro/project-profit-ios/ProjectProfitTests/MonthlySummaryTests.swift /Users/yutaro/project-profit-ios/ProjectProfitTests/PDFExportServiceTests.swift /Users/yutaro/project-profit-ios/ProjectProfitTests/PPAccountTests.swift /Users/yutaro/project-profit-ios/ProjectProfitTests/PPAccountingProfileTests.swift /Users/yutaro/project-profit-ios/ProjectProfitTests/PPInventoryRecordTests.swift /Users/yutaro/project-profit-ios/ProjectProfitTests/PPJournalEntryTests.swift /Users/yutaro/project-profit-ios/ProjectProfitTests/PlannedEndDateTests.swift (in target 'ProjectProfitTests' from project 'ProjectProfit')

SwiftCompile normal arm64 /Users/yutaro/project-profit-ios/ProjectProfitTests/LedgerCSVImportServiceTests.swift (in target 'ProjectProfitTests' from project 'ProjectProfit')
    cd /Users/yutaro/project-profit-ios
    

SwiftCompile normal arm64 /Users/yutaro/project-profit-ios/ProjectProfitTests/LedgerDataStoreReadOnlyTests.swift (in target 'ProjectProfitTests' from project 'ProjectProfit')
    cd /Users/yutaro/project-profit-ios
    

SwiftCompile normal arm64 /Users/yutaro/project-profit-ios/ProjectProfitTests/LedgerDataStoreTests.swift (in target 'ProjectProfitTests' from project 'ProjectProfit')
    cd /Users/yutaro/project-profit-ios
    

SwiftCompile normal arm64 /Users/yutaro/project-profit-ios/ProjectProfitTests/LedgerImportCoordinatorTests.swift (in target 'ProjectProfitTests' from project 'ProjectProfit')
    cd /Users/yutaro/project-profit-ios
    

SwiftCompile normal arm64 /Users/yutaro/project-profit-ios/ProjectProfitTests/LegacyProfileMigrationRunnerTests.swift (in target 'ProjectProfitTests' from project 'ProjectProfit')
    cd /Users/yutaro/project-profit-ios
    
/Users/yutaro/project-profit-ios/ProjectProfitTests/LegacyProfileMigrationRunnerTests.swift:10:18: warning: conformance of 'PPAccountingProfile' to 'PersistentModel' is deprecated: Use BusinessProfile / TaxYearProfile instead. Migration-only legacy model.
            for: PPAccountingProfile.self,
                 ^
/Users/yutaro/project-profit-ios/ProjectProfitTests/LegacyProfileMigrationRunnerTests.swift:10:18: warning: 'PPAccountingProfile' is deprecated: Use BusinessProfile / TaxYearProfile instead. Migration-only legacy model.
            for: PPAccountingProfile.self,
                 ^
/Users/yutaro/project-profit-ios/ProjectProfitTests/LegacyProfileMigrationRunnerTests.swift:20:18: warning: conformance of 'PPAccountingProfile' to 'PersistentModel' is deprecated: Use BusinessProfile / TaxYearProfile instead. Migration-only legacy model.
            for: PPAccountingProfile.self,
                 ^
/Users/yutaro/project-profit-ios/ProjectProfitTests/LegacyProfileMigrationRunnerTests.swift:20:18: warning: 'PPAccountingProfile' is deprecated: Use BusinessProfile / TaxYearProfile instead. Migration-only legacy model.
            for: PPAccountingProfile.self,
                 ^
/Users/yutaro/project-profit-ios/ProjectProfitTests/LegacyProfileMigrationRunnerTests.swift:38:17: warning: conformance of 'PPAccountingProfile' to 'PersistentModel' is deprecated: Use BusinessProfile / TaxYearProfile instead. Migration-only legacy model.
        context.insert(PPAccountingProfile(fiscalYear: 2025, businessName: "テスト商店", ownerName: "田中太郎"))
/Users/yutaro/project-profit-ios/ProjectProfitTests/LegacyProfileMigrationRunnerTests.swift:38:24: warning: 'PPAccountingProfile' is deprecated: Use BusinessProfile / TaxYearProfile instead. Migration-only legacy model.
        context.insert(PPAccountingProfile(fiscalYear: 2025, businessName: "テスト商店", ownerName: "田中太郎"))
/Users/yutaro/project-profit-ios/ProjectProfitTests/LegacyProfileMigrationRunnerTests.swift:57:22: warning: 'PPAccountingProfile' is deprecated: Use BusinessProfile / TaxYearProfile instead. Migration-only legacy model.
        let legacy = PPAccountingProfile(
                     ^
/Users/yutaro/project-profit-ios/ProjectProfitTests/LegacyProfileMigrationRunnerTests.swift:72:17: warning: conformance of 'PPAccountingProfile' to 'PersistentModel' is deprecated: Use BusinessProfile / TaxYearProfile instead. Migration-only legacy model.
        context.insert(legacy)
                ^
/Users/yutaro/project-profit-ios/ProjectProfitTests/LegacyProfileMigrationRunnerTests.swift:84:42: warning: conformance of 'PPAccountingProfile' to 'PersistentModel' is deprecated: Use BusinessProfile / TaxYearProfile instead. Migration-only legacy model.
        let legacyProfiles = try context.fetch(FetchDescriptor<PPAccountingProfile>())
                                         ^
/Users/yutaro/project-profit-ios/ProjectProfitTests/LegacyProfileMigrationRunnerTests.swift:84:64: warning: 'PPAccountingProfile' is deprecated: Use BusinessProfile / TaxYearProfile instead. Migration-only legacy model.
        let legacyProfiles = try context.fetch(FetchDescriptor<PPAccountingProfile>())
                                                               ^
/Users/yutaro/project-profit-ios/ProjectProfitTests/LegacyProfileMigrationRunnerTests.swift:84:48: warning: conformance of 'PPAccountingProfile' to 'PersistentModel' is deprecated: Use BusinessProfile / TaxYearProfile instead. Migration-only legacy model.
        let legacyProfiles = try context.fetch(FetchDescriptor<PPAccountingProfile>())
                                               ^
/Users/yutaro/project-profit-ios/ProjectProfitTests/LegacyProfileMigrationRunnerTests.swift:84:83: warning: conformance of 'PPAccountingProfile' to 'PersistentModel' is deprecated: Use BusinessProfile / TaxYearProfile instead. Migration-only legacy model.
        let legacyProfiles = try context.fetch(FetchDescriptor<PPAccountingProfile>())
                                                                                  ^
/Users/yutaro/project-profit-ios/ProjectProfitTests/LegacyProfileMigrationRunnerTests.swift:112:22: warning: 'PPAccountingProfile' is deprecated: Use BusinessProfile / TaxYearProfile instead. Migration-only legacy model.
        let legacy = PPAccountingProfile(
                     ^
/Users/yutaro/project-profit-ios/ProjectProfitTests/LegacyProfileMigrationRunnerTests.swift:119:17: warning: conformance of 'PPAccountingProfile' to 'PersistentModel' is deprecated: Use BusinessProfile / TaxYearProfile instead. Migration-only legacy model.
        context.insert(legacy)
                ^
/Users/yutaro/project-profit-ios/ProjectProfitTests/LegacyProfileMigrationRunnerTests.swift:153:42: warning: conformance of 'PPAccountingProfile' to 'PersistentModel' is deprecated: Use BusinessProfile / TaxYearProfile instead. Migration-only legacy model.
        let legacyProfiles = try context.fetch(FetchDescriptor<PPAccountingProfile>())
                                         ^
/Users/yutaro/project-profit-ios/ProjectProfitTests/LegacyProfileMigrationRunnerTests.swift:153:64: warning: 'PPAccountingProfile' is deprecated: Use BusinessProfile / TaxYearProfile instead. Migration-only legacy model.
        let legacyProfiles = try context.fetch(FetchDescriptor<PPAccountingProfile>())
                                                               ^
/Users/yutaro/project-profit-ios/ProjectProfitTests/LegacyProfileMigrationRunnerTests.swift:153:48: warning: conformance of 'PPAccountingProfile' to 'PersistentModel' is deprecated: Use BusinessProfile / TaxYearProfile instead. Migration-only legacy model.
        let legacyProfiles = try context.fetch(FetchDescriptor<PPAccountingProfile>())
                                               ^
/Users/yutaro/project-profit-ios/ProjectProfitTests/LegacyProfileMigrationRunnerTests.swift:153:83: warning: conformance of 'PPAccountingProfile' to 'PersistentModel' is deprecated: Use BusinessProfile / TaxYearProfile instead. Migration-only legacy model.
        let legacyProfiles = try context.fetch(FetchDescriptor<PPAccountingProfile>())
                                                                                  ^
/Users/yutaro/project-profit-ios/ProjectProfitTests/LegacyProfileMigrationRunnerTests.swift:225:22: warning: 'PPAccountingProfile' is deprecated: Use BusinessProfile / TaxYearProfile instead. Migration-only legacy model.
        let legacy = PPAccountingProfile(
                     ^
/Users/yutaro/project-profit-ios/ProjectProfitTests/LegacyProfileMigrationRunnerTests.swift:234:17: warning: conformance of 'PPAccountingProfile' to 'PersistentModel' is deprecated: Use BusinessProfile / TaxYearProfile instead. Migration-only legacy model.
        context.insert(legacy)
                ^
/Users/yutaro/project-profit-ios/ProjectProfitTests/LegacyProfileMigrationRunnerTests.swift:247:42: warning: conformance of 'PPAccountingProfile' to 'PersistentModel' is deprecated: Use BusinessProfile / TaxYearProfile instead. Migration-only legacy model.
        let legacyProfiles = try context.fetch(FetchDescriptor<PPAccountingProfile>())
                                         ^
/Users/yutaro/project-profit-ios/ProjectProfitTests/LegacyProfileMigrationRunnerTests.swift:247:64: warning: 'PPAccountingProfile' is deprecated: Use BusinessProfile / TaxYearProfile instead. Migration-only legacy model.
        let legacyProfiles = try context.fetch(FetchDescriptor<PPAccountingProfile>())
                                                               ^
/Users/yutaro/project-profit-ios/ProjectProfitTests/LegacyProfileMigrationRunnerTests.swift:247:48: warning: conformance of 'PPAccountingProfile' to 'PersistentModel' is deprecated: Use BusinessProfile / TaxYearProfile instead. Migration-only legacy model.
        let legacyProfiles = try context.fetch(FetchDescriptor<PPAccountingProfile>())
                                               ^
/Users/yutaro/project-profit-ios/ProjectProfitTests/LegacyProfileMigrationRunnerTests.swift:247:83: warning: conformance of 'PPAccountingProfile' to 'PersistentModel' is deprecated: Use BusinessProfile / TaxYearProfile instead. Migration-only legacy model.
        let legacyProfiles = try context.fetch(FetchDescriptor<PPAccountingProfile>())
                                                                                  ^
/Users/yutaro/project-profit-ios/ProjectProfitTests/LegacyProfileMigrationRunnerTests.swift:255:17: warning: conformance of 'PPAccountingProfile' to 'PersistentModel' is deprecated: Use BusinessProfile / TaxYearProfile instead. Migration-only legacy model.
        context.insert(PPAccountingProfile(fiscalYear: 2025, businessName: "Legacy", ownerName: "User"))
                ^
/Users/yutaro/project-profit-ios/ProjectProfitTests/LegacyProfileMigrationRunnerTests.swift:255:24: warning: 'PPAccountingProfile' is deprecated: Use BusinessProfile / TaxYearProfile instead. Migration-only legacy model.
        context.insert(PPAccountingProfile(fiscalYear: 2025, businessName: "Legacy", ownerName: "User"))
                       ^
/Users/yutaro/project-profit-ios/ProjectProfitTests/LegacyProfileMigrationRunnerTests.swift:281:22: warning: 'PPAccountingProfile' is deprecated: Use BusinessProfile / TaxYearProfile instead. Migration-only legacy model.
        let legacy = PPAccountingProfile(
                     ^
/Users/yutaro/project-profit-ios/ProjectProfitTests/LegacyProfileMigrationRunnerTests.swift:290:17: warning: conformance of 'PPAccountingProfile' to 'PersistentModel' is deprecated: Use BusinessProfile / TaxYearProfile instead. Migration-only legacy model.
        context.insert(legacy)
                ^
/Users/yutaro/project-profit-ios/ProjectProfitTests/LegacyProfileMigrationRunnerTests.swift:301:35: warning: conformance of 'PPAccountingProfile' to 'PersistentModel' is deprecated: Use BusinessProfile / TaxYearProfile instead. Migration-only legacy model.
        XCTAssertTrue(try context.fetch(FetchDescriptor<PPAccountingProfile>()).isEmpty)
                                  ^
/Users/yutaro/project-profit-ios/ProjectProfitTests/LegacyProfileMigrationRunnerTests.swift:301:57: warning: 'PPAccountingProfile' is deprecated: Use BusinessProfile / TaxYearProfile instead. Migration-only legacy model.
        XCTAssertTrue(try context.fetch(FetchDescriptor<PPAccountingProfile>()).isEmpty)
                                                        ^
/Users/yutaro/project-profit-ios/ProjectProfitTests/LegacyProfileMigrationRunnerTests.swift:301:41: warning: conformance of 'PPAccountingProfile' to 'PersistentModel' is deprecated: Use BusinessProfile / TaxYearProfile instead. Migration-only legacy model.
        XCTAssertTrue(try context.fetch(FetchDescriptor<PPAccountingProfile>()).isEmpty)
                                        ^
/Users/yutaro/project-profit-ios/ProjectProfitTests/LegacyProfileMigrationRunnerTests.swift:301:76: warning: conformance of 'PPAccountingProfile' to 'PersistentModel' is deprecated: Use BusinessProfile / TaxYearProfile instead. Migration-only legacy model.
        XCTAssertTrue(try context.fetch(FetchDescriptor<PPAccountingProfile>()).isEmpty)
                                                                           ^

SwiftCompile normal arm64 /Users/yutaro/project-profit-ios/ProjectProfit/Application/UseCases/Legacy/LegacyTransactionCompatibilityUseCase.swift (in target 'ProjectProfitTests' from project 'ProjectProfit')
    cd /Users/yutaro/project-profit-ios
    

SwiftCompile normal arm64 /Users/yutaro/project-profit-ios/ProjectProfitTests/LegalReportLineTests.swift (in target 'ProjectProfitTests' from project 'ProjectProfit')
    cd /Users/yutaro/project-profit-ios
    

SwiftCompile normal arm64 /Users/yutaro/project-profit-ios/ProjectProfitTests/LineItemTests.swift (in target 'ProjectProfitTests' from project 'ProjectProfit')
    cd /Users/yutaro/project-profit-ios
    

SwiftCompile normal arm64 /Users/yutaro/project-profit-ios/ProjectProfitTests/MigrationReportRunnerTests.swift (in target 'ProjectProfitTests' from project 'ProjectProfit')
    cd /Users/yutaro/project-profit-ios
    
/Users/yutaro/project-profit-ios/ProjectProfitTests/MigrationReportRunnerTests.swift:33:17: warning: conformance of 'PPAccountingProfile' to 'PersistentModel' is deprecated: Use BusinessProfile / TaxYearProfile instead. Migration-only legacy model.
        context.insert(PPAccountingProfile(
                ^
/Users/yutaro/project-profit-ios/ProjectProfitTests/MigrationReportRunnerTests.swift:33:24: warning: 'PPAccountingProfile' is deprecated: Use BusinessProfile / TaxYearProfile instead. Migration-only legacy model.
        context.insert(PPAccountingProfile(
                       ^
/Users/yutaro/project-profit-ios/ProjectProfitTests/MigrationReportRunnerTests.swift:51:17: warning: conformance of 'PPAccountingProfile' to 'PersistentModel' is deprecated: Use BusinessProfile / TaxYearProfile instead. Migration-only legacy model.
        context.insert(PPAccountingProfile(
                ^
/Users/yutaro/project-profit-ios/ProjectProfitTests/MigrationReportRunnerTests.swift:51:24: warning: 'PPAccountingProfile' is deprecated: Use BusinessProfile / TaxYearProfile instead. Migration-only legacy model.
        context.insert(PPAccountingProfile(
                       ^

SwiftCompile normal arm64 /Users/yutaro/project-profit-ios/ProjectProfitTests/ModelsTests.swift (in target 'ProjectProfitTests' from project 'ProjectProfit')
    cd /Users/yutaro/project-profit-ios
    

SwiftCompile normal arm64 /Users/yutaro/project-profit-ios/ProjectProfitTests/MonthlyAmortizationTests.swift (in target 'ProjectProfitTests' from project 'ProjectProfit')
    cd /Users/yutaro/project-profit-ios
    
/Users/yutaro/project-profit-ios/ProjectProfitTests/MonthlyAmortizationTests.swift:135:13: warning: initialization of immutable value 'recurring' was never used; consider replacing with assignment to '_' or removing it
        let recurring = mutations(dataStore).addRecurring(
        ~~~~^~~~~~~~~
        _
/Users/yutaro/project-profit-ios/ProjectProfitTests/MonthlyAmortizationTests.swift:212:13: warning: initialization of immutable value 'recurring' was never used; consider replacing with assignment to '_' or removing it
        let recurring = mutations(dataStore).addRecurring(
        ~~~~^~~~~~~~~
        _
/Users/yutaro/project-profit-ios/ProjectProfitTests/MonthlyAmortizationTests.swift:385:42: warning: immutable value 'month' was never used; consider replacing with '_' or removing it
        guard let year = today.year, let month = today.month else { return }
                                     ~~~~^~~~~
                                     _
/Users/yutaro/project-profit-ios/ProjectProfitTests/MonthlyAmortizationTests.swift:573:13: warning: initialization of immutable value 'currentYear' was never used; consider replacing with assignment to '_' or removing it
        let currentYear = comps.year!
        ~~~~^~~~~~~~~~~
        _

SwiftCompile normal arm64 /Users/yutaro/project-profit-ios/ProjectProfitTests/MonthlySummaryTests.swift (in target 'ProjectProfitTests' from project 'ProjectProfit')
    cd /Users/yutaro/project-profit-ios
    

SwiftCompile normal arm64 /Users/yutaro/project-profit-ios/ProjectProfitTests/PDFExportServiceTests.swift (in target 'ProjectProfitTests' from project 'ProjectProfit')
    cd /Users/yutaro/project-profit-ios
    

SwiftCompile normal arm64 /Users/yutaro/project-profit-ios/ProjectProfitTests/PPAccountTests.swift (in target 'ProjectProfitTests' from project 'ProjectProfit')
    cd /Users/yutaro/project-profit-ios
    

SwiftCompile normal arm64 /Users/yutaro/project-profit-ios/ProjectProfitTests/PPAccountingProfileTests.swift (in target 'ProjectProfitTests' from project 'ProjectProfit')
    cd /Users/yutaro/project-profit-ios
    
/Users/yutaro/project-profit-ios/ProjectProfitTests/PPAccountingProfileTests.swift:10:23: warning: 'PPAccountingProfile' is deprecated: Use BusinessProfile / TaxYearProfile instead. Migration-only legacy model.
        let profile = PPAccountingProfile(fiscalYear: 2026)
                      ^
/Users/yutaro/project-profit-ios/ProjectProfitTests/PPAccountingProfileTests.swift:28:23: warning: 'PPAccountingProfile' is deprecated: Use BusinessProfile / TaxYearProfile instead. Migration-only legacy model.
        let profile = PPAccountingProfile(
                      ^
/Users/yutaro/project-profit-ios/ProjectProfitTests/PPAccountingProfileTests.swift:57:23: warning: 'PPAccountingProfile' is deprecated: Use BusinessProfile / TaxYearProfile instead. Migration-only legacy model.
        let profile = PPAccountingProfile(fiscalYear: 2026)
                      ^
/Users/yutaro/project-profit-ios/ProjectProfitTests/PPAccountingProfileTests.swift:62:23: warning: 'PPAccountingProfile' is deprecated: Use BusinessProfile / TaxYearProfile instead. Migration-only legacy model.
        let profile = PPAccountingProfile(fiscalYear: 2026, lockedAt: Date())
                      ^
/Users/yutaro/project-profit-ios/ProjectProfitTests/PPAccountingProfileTests.swift:69:23: warning: 'PPAccountingProfile' is deprecated: Use BusinessProfile / TaxYearProfile instead. Migration-only legacy model.
        let profile = PPAccountingProfile(fiscalYear: 2026, bookkeepingMode: .doubleEntry)
                      ^
/Users/yutaro/project-profit-ios/ProjectProfitTests/PPAccountingProfileTests.swift:74:23: warning: 'PPAccountingProfile' is deprecated: Use BusinessProfile / TaxYearProfile instead. Migration-only legacy model.
        let profile = PPAccountingProfile(fiscalYear: 2026, bookkeepingMode: .singleEntry)
                      ^
/Users/yutaro/project-profit-ios/ProjectProfitTests/PPAccountingProfileTests.swift:81:23: warning: 'PPAccountingProfile' is deprecated: Use BusinessProfile / TaxYearProfile instead. Migration-only legacy model.
        let profile = PPAccountingProfile(
                      ^
/Users/yutaro/project-profit-ios/ProjectProfitTests/PPAccountingProfileTests.swift:93:24: warning: 'LegacyAccountingProfileSnapshot' is deprecated: Legacy profile snapshots are restore-compat only. New backups must use canonical profiles.
        let snapshot = LegacyAccountingProfileSnapshot(profile)
                       ^
/Users/yutaro/project-profit-ios/ProjectProfitTests/PPAccountingProfileTests.swift:108:23: warning: 'PPAccountingProfile' is deprecated: Use BusinessProfile / TaxYearProfile instead. Migration-only legacy model.
        let profile = PPAccountingProfile(
                      ^
/Users/yutaro/project-profit-ios/ProjectProfitTests/PPAccountingProfileTests.swift:116:24: warning: 'LegacyAccountingProfileSnapshot' is deprecated: Legacy profile snapshots are restore-compat only. New backups must use canonical profiles.
        let snapshot = LegacyAccountingProfileSnapshot(profile)
                       ^

SwiftCompile normal arm64 /Users/yutaro/project-profit-ios/ProjectProfitTests/PPInventoryRecordTests.swift (in target 'ProjectProfitTests' from project 'ProjectProfit')
    cd /Users/yutaro/project-profit-ios
    

SwiftCompile normal arm64 /Users/yutaro/project-profit-ios/ProjectProfitTests/PPJournalEntryTests.swift (in target 'ProjectProfitTests' from project 'ProjectProfit')
    cd /Users/yutaro/project-profit-ios
    

SwiftCompile normal arm64 /Users/yutaro/project-profit-ios/ProjectProfitTests/PlannedEndDateTests.swift (in target 'ProjectProfitTests' from project 'ProjectProfit')
    cd /Users/yutaro/project-profit-ios
    

SwiftCompile normal arm64 Compiling\ PostingIntakeUseCaseTests.swift,\ ProRataDataStoreTests.swift,\ ProRataTests.swift,\ ProfileSettingsUseCaseTests.swift,\ ProfileSettingsViewTests.swift,\ ProfileSettingsWorkflowUseCaseTests.swift,\ ProjectQueryUseCaseTests.swift,\ ProjectWorkflowUseCaseTests.swift,\ ReceiptAmountExtractionTests.swift,\ ReceiptDateExtractionTests.swift,\ ReceiptEvidenceIntakeUseCaseTests.swift,\ ReceiptImageStoreTests.swift,\ ReceiptReviewViewTests.swift,\ ReceiptStoreNameExtractionTests.swift,\ RecurringPreviewTests.swift,\ RecurringProcessingTests.swift,\ RecurringQueryUseCaseTests.swift,\ RecurringWorkflowUseCaseTests.swift /Users/yutaro/project-profit-ios/ProjectProfitTests/PostingIntakeUseCaseTests.swift /Users/yutaro/project-profit-ios/ProjectProfitTests/ProRataDataStoreTests.swift /Users/yutaro/project-profit-ios/ProjectProfitTests/ProRataTests.swift /Users/yutaro/project-profit-ios/ProjectProfitTests/ProfileSettingsUseCaseTests.swift /Users/yutaro/project-profit-ios/ProjectProfitTests/ProfileSettingsViewTests.swift /Users/yutaro/project-profit-ios/ProjectProfitTests/ProfileSettingsWorkflowUseCaseTests.swift /Users/yutaro/project-profit-ios/ProjectProfitTests/ProjectQueryUseCaseTests.swift /Users/yutaro/project-profit-ios/ProjectProfitTests/ProjectWorkflowUseCaseTests.swift /Users/yutaro/project-profit-ios/ProjectProfitTests/ReceiptAmountExtractionTests.swift /Users/yutaro/project-profit-ios/ProjectProfitTests/ReceiptDateExtractionTests.swift /Users/yutaro/project-profit-ios/ProjectProfitTests/ReceiptEvidenceIntakeUseCaseTests.swift /Users/yutaro/project-profit-ios/ProjectProfitTests/ReceiptImageStoreTests.swift /Users/yutaro/project-profit-ios/ProjectProfitTests/ReceiptReviewViewTests.swift /Users/yutaro/project-profit-ios/ProjectProfitTests/ReceiptStoreNameExtractionTests.swift /Users/yutaro/project-profit-ios/ProjectProfitTests/RecurringPreviewTests.swift /Users/yutaro/project-profit-ios/ProjectProfitTests/RecurringProcessingTests.swift /Users/yutaro/project-profit-ios/ProjectProfitTests/RecurringQueryUseCaseTests.swift /Users/yutaro/project-profit-ios/ProjectProfitTests/RecurringWorkflowUseCaseTests.swift (in target 'ProjectProfitTests' from project 'ProjectProfit')

SwiftCompile normal arm64 /Users/yutaro/project-profit-ios/ProjectProfitTests/PostingIntakeUseCaseTests.swift (in target 'ProjectProfitTests' from project 'ProjectProfit')
    cd /Users/yutaro/project-profit-ios
    

SwiftCompile normal arm64 /Users/yutaro/project-profit-ios/ProjectProfitTests/ProRataDataStoreTests.swift (in target 'ProjectProfitTests' from project 'ProjectProfit')
    cd /Users/yutaro/project-profit-ios
    
/Users/yutaro/project-profit-ios/ProjectProfitTests/ProRataDataStoreTests.swift:258:67: warning: immutable value 'day' was never used; consider replacing with '_' or removing it
        guard let year = today.year, let month = today.month, let day = today.day else {
                                                              ~~~~^~~
                                                              _
/Users/yutaro/project-profit-ios/ProjectProfitTests/ProRataDataStoreTests.swift:836:19: warning: value 'tx' was defined but never used; consider replacing with boolean test
        guard let tx = yearlyTx.first else { return }
              ~~~~^~~~~
                                      != nil

SwiftCompile normal arm64 /Users/yutaro/project-profit-ios/ProjectProfitTests/ProRataTests.swift (in target 'ProjectProfitTests' from project 'ProjectProfit')
    cd /Users/yutaro/project-profit-ios
    

SwiftCompile normal arm64 /Users/yutaro/project-profit-ios/ProjectProfitTests/ProfileSettingsUseCaseTests.swift (in target 'ProjectProfitTests' from project 'ProjectProfit')
    cd /Users/yutaro/project-profit-ios
    
/Users/yutaro/project-profit-ios/ProjectProfitTests/ProfileSettingsUseCaseTests.swift:10:22: warning: 'PPAccountingProfile' is deprecated: Use BusinessProfile / TaxYearProfile instead. Migration-only legacy model.
        let legacy = PPAccountingProfile(
                     ^
/Users/yutaro/project-profit-ios/ProjectProfitTests/ProfileSettingsUseCaseTests.swift:19:17: warning: conformance of 'PPAccountingProfile' to 'PersistentModel' is deprecated: Use BusinessProfile / TaxYearProfile instead. Migration-only legacy model.
        context.insert(legacy)
                ^
/Users/yutaro/project-profit-ios/ProjectProfitTests/ProfileSettingsUseCaseTests.swift:46:42: warning: conformance of 'PPAccountingProfile' to 'PersistentModel' is deprecated: Use BusinessProfile / TaxYearProfile instead. Migration-only legacy model.
        let legacyProfiles = try context.fetch(FetchDescriptor<PPAccountingProfile>())
                                         ^
/Users/yutaro/project-profit-ios/ProjectProfitTests/ProfileSettingsUseCaseTests.swift:46:64: warning: 'PPAccountingProfile' is deprecated: Use BusinessProfile / TaxYearProfile instead. Migration-only legacy model.
        let legacyProfiles = try context.fetch(FetchDescriptor<PPAccountingProfile>())
                                                               ^
/Users/yutaro/project-profit-ios/ProjectProfitTests/ProfileSettingsUseCaseTests.swift:46:48: warning: conformance of 'PPAccountingProfile' to 'PersistentModel' is deprecated: Use BusinessProfile / TaxYearProfile instead. Migration-only legacy model.
        let legacyProfiles = try context.fetch(FetchDescriptor<PPAccountingProfile>())
                                               ^
/Users/yutaro/project-profit-ios/ProjectProfitTests/ProfileSettingsUseCaseTests.swift:46:83: warning: conformance of 'PPAccountingProfile' to 'PersistentModel' is deprecated: Use BusinessProfile / TaxYearProfile instead. Migration-only legacy model.
        let legacyProfiles = try context.fetch(FetchDescriptor<PPAccountingProfile>())
                                                                                  ^
/Users/yutaro/project-profit-ios/ProjectProfitTests/ProfileSettingsUseCaseTests.swift:189:22: warning: 'PPAccountingProfile' is deprecated: Use BusinessProfile / TaxYearProfile instead. Migration-only legacy model.
        let legacy = PPAccountingProfile(
                     ^
/Users/yutaro/project-profit-ios/ProjectProfitTests/ProfileSettingsUseCaseTests.swift:200:17: warning: conformance of 'PPAccountingProfile' to 'PersistentModel' is deprecated: Use BusinessProfile / TaxYearProfile instead. Migration-only legacy model.
        context.insert(legacy)
                ^
/Users/yutaro/project-profit-ios/ProjectProfitTests/ProfileSettingsUseCaseTests.swift:237:42: warning: conformance of 'PPAccountingProfile' to 'PersistentModel' is deprecated: Use BusinessProfile / TaxYearProfile instead. Migration-only legacy model.
        let legacyProfiles = try context.fetch(FetchDescriptor<PPAccountingProfile>())
                                         ^
/Users/yutaro/project-profit-ios/ProjectProfitTests/ProfileSettingsUseCaseTests.swift:237:64: warning: 'PPAccountingProfile' is deprecated: Use BusinessProfile / TaxYearProfile instead. Migration-only legacy model.
        let legacyProfiles = try context.fetch(FetchDescriptor<PPAccountingProfile>())
                                                               ^
/Users/yutaro/project-profit-ios/ProjectProfitTests/ProfileSettingsUseCaseTests.swift:237:48: warning: conformance of 'PPAccountingProfile' to 'PersistentModel' is deprecated: Use BusinessProfile / TaxYearProfile instead. Migration-only legacy model.
        let legacyProfiles = try context.fetch(FetchDescriptor<PPAccountingProfile>())
                                               ^
/Users/yutaro/project-profit-ios/ProjectProfitTests/ProfileSettingsUseCaseTests.swift:237:83: warning: conformance of 'PPAccountingProfile' to 'PersistentModel' is deprecated: Use BusinessProfile / TaxYearProfile instead. Migration-only legacy model.
        let legacyProfiles = try context.fetch(FetchDescriptor<PPAccountingProfile>())
                                                                                  ^
/Users/yutaro/project-profit-ios/ProjectProfitTests/ProfileSettingsUseCaseTests.swift:251:35: warning: conformance of 'PPAccountingProfile' to 'PersistentModel' is deprecated: Use BusinessProfile / TaxYearProfile instead. Migration-only legacy model.
        XCTAssertTrue(try context.fetch(FetchDescriptor<PPAccountingProfile>()).isEmpty)
                                  ^
/Users/yutaro/project-profit-ios/ProjectProfitTests/ProfileSettingsUseCaseTests.swift:251:57: warning: 'PPAccountingProfile' is deprecated: Use BusinessProfile / TaxYearProfile instead. Migration-only legacy model.
        XCTAssertTrue(try context.fetch(FetchDescriptor<PPAccountingProfile>()).isEmpty)
                                                        ^
/Users/yutaro/project-profit-ios/ProjectProfitTests/ProfileSettingsUseCaseTests.swift:251:41: warning: conformance of 'PPAccountingProfile' to 'PersistentModel' is deprecated: Use BusinessProfile / TaxYearProfile instead. Migration-only legacy model.
        XCTAssertTrue(try context.fetch(FetchDescriptor<PPAccountingProfile>()).isEmpty)
                                        ^
/Users/yutaro/project-profit-ios/ProjectProfitTests/ProfileSettingsUseCaseTests.swift:251:76: warning: conformance of 'PPAccountingProfile' to 'PersistentModel' is deprecated: Use BusinessProfile / TaxYearProfile instead. Migration-only legacy model.
        XCTAssertTrue(try context.fetch(FetchDescriptor<PPAccountingProfile>()).isEmpty)
                                                                           ^

SwiftCompile normal arm64 /Users/yutaro/project-profit-ios/ProjectProfitTests/ProfileSettingsViewTests.swift (in target 'ProjectProfitTests' from project 'ProjectProfit')
    cd /Users/yutaro/project-profit-ios
    

SwiftCompile normal arm64 /Users/yutaro/project-profit-ios/ProjectProfitTests/ProfileSettingsWorkflowUseCaseTests.swift (in target 'ProjectProfitTests' from project 'ProjectProfit')
    cd /Users/yutaro/project-profit-ios
    
/Users/yutaro/project-profit-ios/ProjectProfitTests/ProfileSettingsWorkflowUseCaseTests.swift:30:22: warning: 'PPAccountingProfile' is deprecated: Use BusinessProfile / TaxYearProfile instead. Migration-only legacy model.
        let legacy = PPAccountingProfile(
                     ^
/Users/yutaro/project-profit-ios/ProjectProfitTests/ProfileSettingsWorkflowUseCaseTests.swift:39:17: warning: conformance of 'PPAccountingProfile' to 'PersistentModel' is deprecated: Use BusinessProfile / TaxYearProfile instead. Migration-only legacy model.
        context.insert(legacy)
                ^
/Users/yutaro/project-profit-ios/ProjectProfitTests/ProfileSettingsWorkflowUseCaseTests.swift:150:35: warning: conformance of 'PPAccountingProfile' to 'PersistentModel' is deprecated: Use BusinessProfile / TaxYearProfile instead. Migration-only legacy model.
        XCTAssertTrue(try context.fetch(FetchDescriptor<PPAccountingProfile>()).isEmpty)
                                  ^
/Users/yutaro/project-profit-ios/ProjectProfitTests/ProfileSettingsWorkflowUseCaseTests.swift:150:57: warning: 'PPAccountingProfile' is deprecated: Use BusinessProfile / TaxYearProfile instead. Migration-only legacy model.
        XCTAssertTrue(try context.fetch(FetchDescriptor<PPAccountingProfile>()).isEmpty)
                                                        ^
/Users/yutaro/project-profit-ios/ProjectProfitTests/ProfileSettingsWorkflowUseCaseTests.swift:150:41: warning: conformance of 'PPAccountingProfile' to 'PersistentModel' is deprecated: Use BusinessProfile / TaxYearProfile instead. Migration-only legacy model.
        XCTAssertTrue(try context.fetch(FetchDescriptor<PPAccountingProfile>()).isEmpty)
                                        ^
/Users/yutaro/project-profit-ios/ProjectProfitTests/ProfileSettingsWorkflowUseCaseTests.swift:150:76: warning: conformance of 'PPAccountingProfile' to 'PersistentModel' is deprecated: Use BusinessProfile / TaxYearProfile instead. Migration-only legacy model.
        XCTAssertTrue(try context.fetch(FetchDescriptor<PPAccountingProfile>()).isEmpty)
                                                                           ^

SwiftCompile normal arm64 /Users/yutaro/project-profit-ios/ProjectProfitTests/ProjectQueryUseCaseTests.swift (in target 'ProjectProfitTests' from project 'ProjectProfit')
    cd /Users/yutaro/project-profit-ios
    

SwiftCompile normal arm64 /Users/yutaro/project-profit-ios/ProjectProfitTests/ProjectWorkflowUseCaseTests.swift (in target 'ProjectProfitTests' from project 'ProjectProfit')
    cd /Users/yutaro/project-profit-ios
    

SwiftCompile normal arm64 /Users/yutaro/project-profit-ios/ProjectProfitTests/ReceiptAmountExtractionTests.swift (in target 'ProjectProfitTests' from project 'ProjectProfit')
    cd /Users/yutaro/project-profit-ios
    

SwiftCompile normal arm64 /Users/yutaro/project-profit-ios/ProjectProfitTests/ReceiptDateExtractionTests.swift (in target 'ProjectProfitTests' from project 'ProjectProfit')
    cd /Users/yutaro/project-profit-ios
    

SwiftCompile normal arm64 /Users/yutaro/project-profit-ios/ProjectProfitTests/ReceiptEvidenceIntakeUseCaseTests.swift (in target 'ProjectProfitTests' from project 'ProjectProfit')
    cd /Users/yutaro/project-profit-ios
    

SwiftCompile normal arm64 /Users/yutaro/project-profit-ios/ProjectProfitTests/ReceiptImageStoreTests.swift (in target 'ProjectProfitTests' from project 'ProjectProfit')
    cd /Users/yutaro/project-profit-ios
    

SwiftCompile normal arm64 /Users/yutaro/project-profit-ios/ProjectProfitTests/ReceiptReviewViewTests.swift (in target 'ProjectProfitTests' from project 'ProjectProfit')
    cd /Users/yutaro/project-profit-ios
    

SwiftCompile normal arm64 /Users/yutaro/project-profit-ios/ProjectProfitTests/ReceiptStoreNameExtractionTests.swift (in target 'ProjectProfitTests' from project 'ProjectProfit')
    cd /Users/yutaro/project-profit-ios
    

SwiftCompile normal arm64 /Users/yutaro/project-profit-ios/ProjectProfitTests/RecurringPreviewTests.swift (in target 'ProjectProfitTests' from project 'ProjectProfit')
    cd /Users/yutaro/project-profit-ios
    
/Users/yutaro/project-profit-ios/ProjectProfitTests/RecurringPreviewTests.swift:201:9: warning: result of call to 'insertRecurringDirectly(name:type:amount:categoryId:projectId:dayOfMonth:isActive:endDate:skipDates:lastGeneratedDate:)' is unused
        insertRecurringDirectly(
        ^                      ~
/Users/yutaro/project-profit-ios/ProjectProfitTests/RecurringPreviewTests.swift:222:27: warning: 'PPAccountingProfile' is deprecated: Use BusinessProfile / TaxYearProfile instead. Migration-only legacy model.
            let profile = PPAccountingProfile(fiscalYear: year)
                          ^
/Users/yutaro/project-profit-ios/ProjectProfitTests/RecurringPreviewTests.swift:223:21: warning: conformance of 'PPAccountingProfile' to 'PersistentModel' is deprecated: Use BusinessProfile / TaxYearProfile instead. Migration-only legacy model.
            context.insert(profile)
                    ^
/Users/yutaro/project-profit-ios/ProjectProfitTests/RecurringPreviewTests.swift:238:9: warning: result of call to 'insertRecurringDirectly(name:type:amount:categoryId:projectId:dayOfMonth:isActive:endDate:skipDates:lastGeneratedDate:)' is unused
        insertRecurringDirectly(
        ^                      ~

SwiftCompile normal arm64 /Users/yutaro/project-profit-ios/ProjectProfitTests/RecurringProcessingTests.swift (in target 'ProjectProfitTests' from project 'ProjectProfit')
    cd /Users/yutaro/project-profit-ios
    
/Users/yutaro/project-profit-ios/ProjectProfitTests/RecurringProcessingTests.swift:831:13: warning: initialization of immutable value 'projectA' was never used; consider replacing with assignment to '_' or removing it
        let projectA = makeProject(name: "Project A")
        ~~~~^~~~~~~~
        _
/Users/yutaro/project-profit-ios/ProjectProfitTests/RecurringProcessingTests.swift:854:13: warning: initialization of immutable value 'projectB' was never used; consider replacing with assignment to '_' or removing it
        let projectB = mutations(dataStore).addProject(name: "Project B", description: "new")
        ~~~~^~~~~~~~
        _
/Users/yutaro/project-profit-ios/ProjectProfitTests/RecurringProcessingTests.swift:1224:13: warning: initialization of immutable value 'recurring' was never used; consider replacing with assignment to '_' or removing it
        let recurring = mutations(dataStore).addRecurring(
        ~~~~^~~~~~~~~
        _

SwiftCompile normal arm64 /Users/yutaro/project-profit-ios/ProjectProfitTests/RecurringQueryUseCaseTests.swift (in target 'ProjectProfitTests' from project 'ProjectProfit')
    cd /Users/yutaro/project-profit-ios
    

SwiftCompile normal arm64 /Users/yutaro/project-profit-ios/ProjectProfitTests/RecurringWorkflowUseCaseTests.swift (in target 'ProjectProfitTests' from project 'ProjectProfit')
    cd /Users/yutaro/project-profit-ios
    

SwiftDriverJobDiscovery normal arm64 Compiling TaxStatusMachineTests.swift, TaxYearDefinitionLoaderTests.swift, TaxYearProfileTests.swift, TaxYearStateUseCaseTests.swift, TestHelpers.swift, TestMutationDriver.swift, TransactionFormQueryUseCaseTests.swift, TransactionHistoryTests.swift, TransactionHistoryUseCaseTests.swift, TransactionLogTests.swift, TransactionsViewModelTests.swift, UITestBootstrapTests.swift, UtilitiesTests.swift, WithholdingFlowE2ETests.swift, WithholdingStatementQueryUseCaseTests.swift, WithholdingTaxCalculatorTests.swift, WorkflowNavigationTests.swift, YearLockTests.swift (in target 'ProjectProfitTests' from project 'ProjectProfit')

SwiftCompile normal arm64 Compiling\ CanonicalAccountingReportTests.swift,\ CanonicalBookServiceTests.swift,\ CanonicalCSVImportIntegrationTests.swift,\ CanonicalFlowE2ETests.swift,\ CanonicalJournalEntryTests.swift,\ CanonicalPostingSupportTests.swift,\ CanonicalRepositoriesTests.swift,\ CanonicalUseCasesTests.swift,\ CashBookTests.swift,\ CategoryQueryUseCaseTests.swift,\ CategoryWorkflowUseCaseTests.swift,\ ClassificationDictionaryLoaderTests.swift,\ ClassificationEngineTests.swift,\ ClassificationLearningServiceTests.swift,\ ClassificationReviewQueryTests.swift,\ ClosingEntryTests.swift,\ ClosingWorkflowUseCaseTests.swift,\ ConsumptionTaxReportServiceTests.swift,\ CounterpartyMatchingTests.swift /Users/yutaro/project-profit-ios/ProjectProfitTests/CanonicalAccountingReportTests.swift /Users/yutaro/project-profit-ios/ProjectProfitTests/CanonicalBookServiceTests.swift /Users/yutaro/project-profit-ios/ProjectProfitTests/CanonicalCSVImportIntegrationTests.swift /Users/yutaro/project-profit-ios/ProjectProfitTests/CanonicalFlowE2ETests.swift /Users/yutaro/project-profit-ios/ProjectProfitTests/Core/CanonicalJournalEntryTests.swift /Users/yutaro/project-profit-ios/ProjectProfitTests/CanonicalPostingSupportTests.swift /Users/yutaro/project-profit-ios/ProjectProfitTests/CanonicalRepositoriesTests.swift /Users/yutaro/project-profit-ios/ProjectProfitTests/CanonicalUseCasesTests.swift /Users/yutaro/project-profit-ios/ProjectProfitTests/CashBookTests.swift /Users/yutaro/project-profit-ios/ProjectProfitTests/CategoryQueryUseCaseTests.swift /Users/yutaro/project-profit-ios/ProjectProfitTests/CategoryWorkflowUseCaseTests.swift /Users/yutaro/project-profit-ios/ProjectProfitTests/ClassificationDictionaryLoaderTests.swift /Users/yutaro/project-profit-ios/ProjectProfitTests/ClassificationEngineTests.swift /Users/yutaro/project-profit-ios/ProjectProfitTests/ClassificationLearningServiceTests.swift /Users/yutaro/project-profit-ios/ProjectProfitTests/ClassificationReviewQueryTests.swift /Users/yutaro/project-profit-ios/ProjectProfitTests/ClosingEntryTests.swift /Users/yutaro/project-profit-ios/ProjectProfitTests/ClosingWorkflowUseCaseTests.swift /Users/yutaro/project-profit-ios/ProjectProfitTests/ConsumptionTaxReportServiceTests.swift /Users/yutaro/project-profit-ios/ProjectProfitTests/CounterpartyMatchingTests.swift (in target 'ProjectProfitTests' from project 'ProjectProfit')

SwiftCompile normal arm64 /Users/yutaro/project-profit-ios/ProjectProfitTests/CanonicalAccountingReportTests.swift (in target 'ProjectProfitTests' from project 'ProjectProfit')
    cd /Users/yutaro/project-profit-ios
    

SwiftCompile normal arm64 /Users/yutaro/project-profit-ios/ProjectProfitTests/CanonicalBookServiceTests.swift (in target 'ProjectProfitTests' from project 'ProjectProfit')
    cd /Users/yutaro/project-profit-ios
    

SwiftCompile normal arm64 /Users/yutaro/project-profit-ios/ProjectProfitTests/CanonicalCSVImportIntegrationTests.swift (in target 'ProjectProfitTests' from project 'ProjectProfit')
    cd /Users/yutaro/project-profit-ios
    

SwiftCompile normal arm64 /Users/yutaro/project-profit-ios/ProjectProfitTests/CanonicalFlowE2ETests.swift (in target 'ProjectProfitTests' from project 'ProjectProfit')
    cd /Users/yutaro/project-profit-ios
    

SwiftCompile normal arm64 /Users/yutaro/project-profit-ios/ProjectProfitTests/Core/CanonicalJournalEntryTests.swift (in target 'ProjectProfitTests' from project 'ProjectProfit')
    cd /Users/yutaro/project-profit-ios
    
/Users/yutaro/project-profit-ios/ProjectProfitTests/Core/CanonicalJournalEntryTests.swift:70:13: warning: initialization of immutable value 'journalId' was never used; consider replacing with assignment to '_' or removing it
        let journalId = UUID()
        ~~~~^~~~~~~~~
        _

SwiftCompile normal arm64 /Users/yutaro/project-profit-ios/ProjectProfitTests/CanonicalPostingSupportTests.swift (in target 'ProjectProfitTests' from project 'ProjectProfit')
    cd /Users/yutaro/project-profit-ios
    

SwiftCompile normal arm64 /Users/yutaro/project-profit-ios/ProjectProfitTests/CanonicalRepositoriesTests.swift (in target 'ProjectProfitTests' from project 'ProjectProfit')
    cd /Users/yutaro/project-profit-ios
    

SwiftCompile normal arm64 /Users/yutaro/project-profit-ios/ProjectProfitTests/CanonicalUseCasesTests.swift (in target 'ProjectProfitTests' from project 'ProjectProfit')
    cd /Users/yutaro/project-profit-ios
    

SwiftCompile normal arm64 /Users/yutaro/project-profit-ios/ProjectProfitTests/CashBookTests.swift (in target 'ProjectProfitTests' from project 'ProjectProfit')
    cd /Users/yutaro/project-profit-ios
    

SwiftCompile normal arm64 /Users/yutaro/project-profit-ios/ProjectProfitTests/CategoryQueryUseCaseTests.swift (in target 'ProjectProfitTests' from project 'ProjectProfit')
    cd /Users/yutaro/project-profit-ios
    

SwiftCompile normal arm64 /Users/yutaro/project-profit-ios/ProjectProfitTests/CategoryWorkflowUseCaseTests.swift (in target 'ProjectProfitTests' from project 'ProjectProfit')
    cd /Users/yutaro/project-profit-ios
    

SwiftCompile normal arm64 /Users/yutaro/project-profit-ios/ProjectProfitTests/ClassificationDictionaryLoaderTests.swift (in target 'ProjectProfitTests' from project 'ProjectProfit')
    cd /Users/yutaro/project-profit-ios
    

SwiftCompile normal arm64 /Users/yutaro/project-profit-ios/ProjectProfitTests/ClassificationEngineTests.swift (in target 'ProjectProfitTests' from project 'ProjectProfit')
    cd /Users/yutaro/project-profit-ios
    

SwiftCompile normal arm64 /Users/yutaro/project-profit-ios/ProjectProfitTests/ClassificationLearningServiceTests.swift (in target 'ProjectProfitTests' from project 'ProjectProfit')
    cd /Users/yutaro/project-profit-ios
    

SwiftCompile normal arm64 /Users/yutaro/project-profit-ios/ProjectProfitTests/ClassificationReviewQueryTests.swift (in target 'ProjectProfitTests' from project 'ProjectProfit')
    cd /Users/yutaro/project-profit-ios
    

SwiftCompile normal arm64 /Users/yutaro/project-profit-ios/ProjectProfitTests/ClosingEntryTests.swift (in target 'ProjectProfitTests' from project 'ProjectProfit')
    cd /Users/yutaro/project-profit-ios
    

SwiftCompile normal arm64 /Users/yutaro/project-profit-ios/ProjectProfitTests/ClosingWorkflowUseCaseTests.swift (in target 'ProjectProfitTests' from project 'ProjectProfit')
    cd /Users/yutaro/project-profit-ios
    

SwiftCompile normal arm64 /Users/yutaro/project-profit-ios/ProjectProfitTests/ConsumptionTaxReportServiceTests.swift (in target 'ProjectProfitTests' from project 'ProjectProfit')
    cd /Users/yutaro/project-profit-ios
    

SwiftCompile normal arm64 /Users/yutaro/project-profit-ios/ProjectProfitTests/CounterpartyMatchingTests.swift (in target 'ProjectProfitTests' from project 'ProjectProfit')
    cd /Users/yutaro/project-profit-ios
    
/Users/yutaro/project-profit-ios/ProjectProfitTests/CounterpartyMatchingTests.swift:7:9: warning: stored property 'counterparties' of 'Sendable'-conforming class 'MockCounterpartyRepository' is mutable; this is an error in the Swift 6 language mode
    var counterparties: [Counterparty] = []
        ^

SwiftDriverJobDiscovery normal arm64 Compiling PayeeInfo.swift, PostingCandidate.swift, PostingCandidateEntity.swift, PostingCandidateEntityMapper.swift, PostingCandidateLine.swift, PostingIntakeStore.swift, PostingIntakeUseCase.swift, PostingSource.swift, PostingWorkflowUseCase.swift, ProfileSettingsUseCase.swift, ProfileSettingsView.swift, ProfileSettingsWorkflowUseCase.swift, ProfitLossView.swift, ProjectAllocation.swift, ProjectAllocationReprocessor.swift, ProjectDetailView.swift, ProjectDetailViewModel.swift, ProjectFormView.swift, ProjectProfitApp.swift, ProjectQueryRepository.swift, ProjectQueryUseCase.swift, ProjectRepository.swift, ProjectWorkflowStore.swift, ProjectWorkflowUseCase.swift (in target 'ProjectProfit' from project 'ProjectProfit')

SwiftDriverJobDiscovery normal arm64 Compiling EtaxXtxExporterTests.swift, EvidenceInboxQueryUseCaseTests.swift, ExpenseBookTests.swift, ExportCoordinatorTests.swift, FilingDashboardQueryUseCaseTests.swift, FilingPreflightUseCaseTests.swift, FiscalYearDataStoreTests.swift, FiscalYearUtilitiesTests.swift, FixedAssetNTATests.swift, FixedAssetWorkflowUseCaseTests.swift, FormEngineTests.swift, GeneralLedgerEnrichmentTests.swift, GoldenBaselineTests.swift, GoldenFixtureSupport.swift, InventoryServiceTests.swift, InventoryViewModelTests.swift, InventoryWorkflowUseCaseTests.swift, JournalValidationTests.swift (in target 'ProjectProfitTests' from project 'ProjectProfit')

SwiftDriverJobDiscovery normal arm64 Compiling RegexReceiptParserLineItemTests.swift, ReleasePerformanceGateTests.swift, ReportViewModelTests.swift, ReportingQueryUseCaseTests.swift, SearchIndexTests.swift, SettingsMaintenanceUseCaseTests.swift, SettingsMaintenanceWorkflowUseCaseTests.swift, SettingsOverviewUseCaseTests.swift, ShareImportInboxServiceTests.swift, ShushiNaiyakushoBuilderTests.swift, StatementImportUseCaseTests.swift, StatementMatchServiceTests.swift, StatementPDFParserTests.swift, StatementPrefillTests.swift, SubLedgerEnrichmentTests.swift, SubLedgerExportTests.swift, TaxCategoryTests.swift, TaxCodeTests.swift (in target 'ProjectProfitTests' from project 'ProjectProfit')

SwiftDriverJobDiscovery normal arm64 Compiling JournalSearchIndexEntity.swift, JournalSearchUseCase.swift, JournalValidationService.swift, LedgerAccountPicker.swift, LedgerBookCreateView.swift, LedgerBookDetailView.swift, LedgerBridge.swift, LedgerCSVImportService.swift, LedgerCSVImportView.swift, LedgerDataStore+Calculations.swift, LedgerDataStore.swift, LedgerEntryFormView.swift, LedgerExcelExportService.swift, LedgerExportService.swift, LedgerHomeView.swift, LedgerImportCoordinator.swift, LedgerModels.swift, LedgerPDFExportService.swift, LedgerSwiftDataModels.swift, LedgerView.swift, LegacyAccountCanonicalMapper.swift, LegacyAccountingProfileCanonicalMapper.swift, LegacyDataMigrationExecutor.swift, LegacyProfileMigrationRunner.swift (in target 'ProjectProfit' from project 'ProjectProfit')

SwiftDriverJobDiscovery normal arm64 Compiling DashboardViewModelTests.swift, DataRevisionQueryUseCaseTests.swift, DataStoreAccountingTests.swift, DataStoreCRUDTests.swift, DataStoreFixedAssetTests.swift, DataStoreInventoryTests.swift, DataStoreSummaryTests.swift, DataStoreYearLockGradedTests.swift, DepreciationEngineTests.swift, DepreciationScheduleBuilderTests.swift, DistributionApprovalIntegrationTests.swift, DistributionTemplateApplicationUseCaseTests.swift, DistributionTemplateManagementQueryUseCaseTests.swift, DocumentAndSubLedgerTests.swift, DocumentWorkflowUseCaseTests.swift, EtaxCharacterValidatorTests.swift, EtaxExportViewModelTests.swift, EtaxFieldPopulatorTests.swift (in target 'ProjectProfitTests' from project 'ProjectProfit')

SwiftDriverJobDiscovery normal arm64 Compiling LedgerCSVImportServiceTests.swift, LedgerDataStoreReadOnlyTests.swift, LedgerDataStoreTests.swift, LedgerImportCoordinatorTests.swift, LegacyProfileMigrationRunnerTests.swift, LegacyTransactionCompatibilityUseCase.swift, LegalReportLineTests.swift, LineItemTests.swift, MigrationReportRunnerTests.swift, ModelsTests.swift, MonthlyAmortizationTests.swift, MonthlySummaryTests.swift, PDFExportServiceTests.swift, PPAccountTests.swift, PPAccountingProfileTests.swift, PPInventoryRecordTests.swift, PPJournalEntryTests.swift, PlannedEndDateTests.swift (in target 'ProjectProfitTests' from project 'ProjectProfit')

SwiftDriverJobDiscovery normal arm64 Compiling CanonicalAccountingReportTests.swift, CanonicalBookServiceTests.swift, CanonicalCSVImportIntegrationTests.swift, CanonicalFlowE2ETests.swift, CanonicalJournalEntryTests.swift, CanonicalPostingSupportTests.swift, CanonicalRepositoriesTests.swift, CanonicalUseCasesTests.swift, CashBookTests.swift, CategoryQueryUseCaseTests.swift, CategoryWorkflowUseCaseTests.swift, ClassificationDictionaryLoaderTests.swift, ClassificationEngineTests.swift, ClassificationLearningServiceTests.swift, ClassificationReviewQueryTests.swift, ClosingEntryTests.swift, ClosingWorkflowUseCaseTests.swift, ConsumptionTaxReportServiceTests.swift, CounterpartyMatchingTests.swift (in target 'ProjectProfitTests' from project 'ProjectProfit')

SwiftDriverJobDiscovery normal arm64 Compiling PostingIntakeUseCaseTests.swift, ProRataDataStoreTests.swift, ProRataTests.swift, ProfileSettingsUseCaseTests.swift, ProfileSettingsViewTests.swift, ProfileSettingsWorkflowUseCaseTests.swift, ProjectQueryUseCaseTests.swift, ProjectWorkflowUseCaseTests.swift, ReceiptAmountExtractionTests.swift, ReceiptDateExtractionTests.swift, ReceiptEvidenceIntakeUseCaseTests.swift, ReceiptImageStoreTests.swift, ReceiptReviewViewTests.swift, ReceiptStoreNameExtractionTests.swift, RecurringPreviewTests.swift, RecurringProcessingTests.swift, RecurringQueryUseCaseTests.swift, RecurringWorkflowUseCaseTests.swift (in target 'ProjectProfitTests' from project 'ProjectProfit')

SwiftDriver\ Compilation ProjectProfitTests normal arm64 com.apple.xcode.tools.swift.compiler (in target 'ProjectProfitTests' from project 'ProjectProfit')
    cd /Users/yutaro/project-profit-ios
    builtin-Swift-Compilation -- /Applications/Xcode-26.3.app/Contents/Developer/Toolchains/XcodeDefault.xctoolchain/usr/bin/swiftc -module-name ProjectProfitTests -Onone -enforce-exclusivity\=checked @/Users/yutaro/project-profit-ios/artifacts/release-quality/canonical-e2e/DerivedData/Build/Intermediates.noindex/ProjectProfit.build/Debug-iphonesimulator/ProjectProfitTests.build/Objects-normal/arm64/ProjectProfitTests.SwiftFileList -DDEBUG -Xcc -fmodule-map-file\=/Users/yutaro/project-profit-ios/artifacts/release-quality/canonical-e2e/DerivedData/Build/Intermediates.noindex/GeneratedModuleMaps-iphonesimulator/libxlsxwriter.modulemap -plugin-path /Applications/Xcode-26.3.app/Contents/Developer/Toolchains/XcodeDefault.xctoolchain/usr/lib/swift/host/plugins/testing -enable-bare-slash-regex -enable-experimental-feature DebugDescriptionMacro -sdk /Applications/Xcode-26.3.app/Contents/Developer/Platforms/iPhoneSimulator.platform/Developer/SDKs/iPhoneSimulator26.2.sdk -target arm64-apple-ios17.0-simulator -g -module-cache-path /Users/yutaro/project-profit-ios/artifacts/release-quality/canonical-e2e/DerivedData/ModuleCache.noindex -Xfrontend -serialize-debugging-options -profile-coverage-mapping -profile-generate -enable-testing -index-store-path /Users/yutaro/project-profit-ios/artifacts/release-quality/canonical-e2e/DerivedData/Index.noindex/DataStore -Xcc -D_LIBCPP_HARDENING_MODE\=_LIBCPP_HARDENING_MODE_DEBUG -swift-version 5 -I /Users/yutaro/project-profit-ios/artifacts/release-quality/canonical-e2e/DerivedData/Build/Products/Debug-iphonesimulator -I /Users/yutaro/project-profit-ios/ProjectProfit/Ledger/Bridge/xlsxwriter -Isystem /Applications/Xcode-26.3.app/Contents/Developer/Platforms/iPhoneSimulator.platform/Developer/usr/lib -F /Users/yutaro/project-profit-ios/artifacts/release-quality/canonical-e2e/DerivedData/Build/Products/Debug-iphonesimulator/PackageFrameworks -F /Users/yutaro/project-profit-ios/artifacts/release-quality/canonical-e2e/DerivedData/Build/Products/Debug-iphonesimulator -F /Applications/Xcode-26.3.app/Contents/Developer/Platforms/iPhoneSimulator.platform/Developer/Library/Frameworks -F /Applications/Xcode-26.3.app/Contents/Developer/Platforms/iPhoneSimulator.platform/Developer/SDKs/iPhoneSimulator26.2.sdk/Developer/Library/Frameworks -c -j8 -enable-batch-mode -incremental -Xcc -ivfsstatcache -Xcc /Users/yutaro/project-profit-ios/artifacts/release-quality/canonical-e2e/DerivedData/SDKStatCaches.noindex/iphonesimulator26.2-23C57-91db6bf2b9df79783d042ed3cc29a58e.sdkstatcache -output-file-map /Users/yutaro/project-profit-ios/artifacts/release-quality/canonical-e2e/DerivedData/Build/Intermediates.noindex/ProjectProfit.build/Debug-iphonesimulator/ProjectProfitTests.build/Objects-normal/arm64/ProjectProfitTests-OutputFileMap.json -use-frontend-parseable-output -save-temps -no-color-diagnostics -explicit-module-build -module-cache-path /Users/yutaro/project-profit-ios/artifacts/release-quality/canonical-e2e/DerivedData/Build/Intermediates.noindex/SwiftExplicitPrecompiledModules -clang-scanner-module-cache-path /Users/yutaro/project-profit-ios/artifacts/release-quality/canonical-e2e/DerivedData/ModuleCache.noindex -sdk-module-cache-path /Users/yutaro/project-profit-ios/artifacts/release-quality/canonical-e2e/DerivedData/ModuleCache.noindex -serialize-diagnostics -emit-dependencies -emit-module -emit-module-path /Users/yutaro/project-profit-ios/artifacts/release-quality/canonical-e2e/DerivedData/Build/Intermediates.noindex/ProjectProfit.build/Debug-iphonesimulator/ProjectProfitTests.build/Objects-normal/arm64/ProjectProfitTests.swiftmodule -validate-clang-modules-once -clang-build-session-file /Users/yutaro/project-profit-ios/artifacts/release-quality/canonical-e2e/DerivedData/ModuleCache.noindex/Session.modulevalidation -Xcc -I/Users/yutaro/project-profit-ios/artifacts/release-quality/canonical-e2e/DerivedData/Build/Intermediates.noindex/ProjectProfit.build/Debug-iphonesimulator/ProjectProfitTests.build/swift-overrides.hmap -emit-const-values -Xfrontend -const-gather-protocols-file -Xfrontend /Users/yutaro/project-profit-ios/artifacts/release-quality/canonical-e2e/DerivedData/Build/Intermediates.noindex/ProjectProfit.build/Debug-iphonesimulator/ProjectProfitTests.build/Objects-normal/arm64/ProjectProfitTests_const_extract_protocols.json -Xcc -iquote -Xcc /Users/yutaro/project-profit-ios/artifacts/release-quality/canonical-e2e/DerivedData/Build/Intermediates.noindex/ProjectProfit.build/Debug-iphonesimulator/ProjectProfitTests.build/ProjectProfitTests-generated-files.hmap -Xcc -I/Users/yutaro/project-profit-ios/artifacts/release-quality/canonical-e2e/DerivedData/Build/Intermediates.noindex/ProjectProfit.build/Debug-iphonesimulator/ProjectProfitTests.build/ProjectProfitTests-own-target-headers.hmap -Xcc -I/Users/yutaro/project-profit-ios/artifacts/release-quality/canonical-e2e/DerivedData/Build/Intermediates.noindex/ProjectProfit.build/Debug-iphonesimulator/ProjectProfitTests.build/ProjectProfitTests-all-non-framework-target-headers.hmap -Xcc -ivfsoverlay -Xcc /Users/yutaro/project-profit-ios/artifacts/release-quality/canonical-e2e/DerivedData/Build/Intermediates.noindex/ProjectProfit.build/Debug-iphonesimulator/ProjectProfit-bc30635a8cb06e5d3ecf94d8d93f544c-VFS-iphonesimulator/all-product-headers.yaml -Xcc -iquote -Xcc /Users/yutaro/project-profit-ios/artifacts/release-quality/canonical-e2e/DerivedData/Build/Intermediates.noindex/ProjectProfit.build/Debug-iphonesimulator/ProjectProfitTests.build/ProjectProfitTests-project-headers.hmap -Xcc -I/Users/yutaro/project-profit-ios/artifacts/release-quality/canonical-e2e/DerivedData/SourcePackages/checkouts/libxlsxwriter/include -Xcc -I/Users/yutaro/project-profit-ios/artifacts/release-quality/canonical-e2e/DerivedData/Build/Products/Debug-iphonesimulator/include -Xcc -I/Users/yutaro/project-profit-ios/artifacts/release-quality/canonical-e2e/DerivedData/SourcePackages/checkouts/libxlsxwriter/include -Xcc -I/Users/yutaro/project-profit-ios/artifacts/release-quality/canonical-e2e/DerivedData/Build/Intermediates.noindex/ProjectProfit.build/Debug-iphonesimulator/ProjectProfitTests.build/DerivedSources-normal/arm64 -Xcc -I/Users/yutaro/project-profit-ios/artifacts/release-quality/canonical-e2e/DerivedData/Build/Intermediates.noindex/ProjectProfit.build/Debug-iphonesimulator/ProjectProfitTests.build/DerivedSources/arm64 -Xcc -I/Users/yutaro/project-profit-ios/artifacts/release-quality/canonical-e2e/DerivedData/Build/Intermediates.noindex/ProjectProfit.build/Debug-iphonesimulator/ProjectProfitTests.build/DerivedSources -Xcc -DDEBUG\=1 -emit-objc-header -emit-objc-header-path /Users/yutaro/project-profit-ios/artifacts/release-quality/canonical-e2e/DerivedData/Build/Intermediates.noindex/ProjectProfit.build/Debug-iphonesimulator/ProjectProfitTests.build/Objects-normal/arm64/ProjectProfitTests-Swift.h -working-directory /Users/yutaro/project-profit-ios -experimental-emit-module-separately -disable-cmo

SwiftDriverJobDiscovery normal arm64 Compiling ProjectsView.swift, ProjectsViewModel.swift, ReceiptData.swift, ReceiptEvidenceIntakeUseCase.swift, ReceiptImagePreviewView.swift, ReceiptImageStore.swift, ReceiptReviewView.swift, ReceiptScannerService.swift, ReceiptScannerView.swift, RecurringFormSections.swift, RecurringFormView.swift, RecurringHistoryView.swift, RecurringPostingCoordinator.swift, RecurringPreviewItem.swift, RecurringPreviewView.swift, RecurringQueryUseCase.swift, RecurringRepository.swift, RecurringView.swift, RecurringViewModel.swift, RecurringWorkflowStore.swift, RecurringWorkflowUseCase.swift, ReportView.swift, ReportViewModel.swift, ReportingQueryUseCase.swift (in target 'ProjectProfit' from project 'ProjectProfit')

SwiftDriver\ Compilation ProjectProfit normal arm64 com.apple.xcode.tools.swift.compiler (in target 'ProjectProfit' from project 'ProjectProfit')
    cd /Users/yutaro/project-profit-ios
    builtin-Swift-Compilation -- /Applications/Xcode-26.3.app/Contents/Developer/Toolchains/XcodeDefault.xctoolchain/usr/bin/swiftc -module-name ProjectProfit -Onone -enforce-exclusivity\=checked @/Users/yutaro/project-profit-ios/artifacts/release-quality/canonical-e2e/DerivedData/Build/Intermediates.noindex/ProjectProfit.build/Debug-iphonesimulator/ProjectProfit.build/Objects-normal/arm64/ProjectProfit.SwiftFileList -DDEBUG -Xcc -fmodule-map-file\=/Users/yutaro/project-profit-ios/artifacts/release-quality/canonical-e2e/DerivedData/Build/Intermediates.noindex/GeneratedModuleMaps-iphonesimulator/libxlsxwriter.modulemap -Xfrontend -solver-expression-time-threshold\=60 -enable-bare-slash-regex -enable-experimental-feature DebugDescriptionMacro -sdk /Applications/Xcode-26.3.app/Contents/Developer/Platforms/iPhoneSimulator.platform/Developer/SDKs/iPhoneSimulator26.2.sdk -target arm64-apple-ios17.0-simulator -g -module-cache-path /Users/yutaro/project-profit-ios/artifacts/release-quality/canonical-e2e/DerivedData/ModuleCache.noindex -Xfrontend -serialize-debugging-options -profile-coverage-mapping -profile-generate -enable-testing -index-store-path /Users/yutaro/project-profit-ios/artifacts/release-quality/canonical-e2e/DerivedData/Index.noindex/DataStore -Xcc -D_LIBCPP_HARDENING_MODE\=_LIBCPP_HARDENING_MODE_DEBUG -swift-version 5 -I /Users/yutaro/project-profit-ios/artifacts/release-quality/canonical-e2e/DerivedData/Build/Products/Debug-iphonesimulator -I /Users/yutaro/project-profit-ios/ProjectProfit/Ledger/Bridge/xlsxwriter -F /Users/yutaro/project-profit-ios/artifacts/release-quality/canonical-e2e/DerivedData/Build/Products/Debug-iphonesimulator/PackageFrameworks -F /Users/yutaro/project-profit-ios/artifacts/release-quality/canonical-e2e/DerivedData/Build/Products/Debug-iphonesimulator -c -j8 -enable-batch-mode -incremental -Xcc -ivfsstatcache -Xcc /Users/yutaro/project-profit-ios/artifacts/release-quality/canonical-e2e/DerivedData/SDKStatCaches.noindex/iphonesimulator26.2-23C57-91db6bf2b9df79783d042ed3cc29a58e.sdkstatcache -output-file-map /Users/yutaro/project-profit-ios/artifacts/release-quality/canonical-e2e/DerivedData/Build/Intermediates.noindex/ProjectProfit.build/Debug-iphonesimulator/ProjectProfit.build/Objects-normal/arm64/ProjectProfit-OutputFileMap.json -use-frontend-parseable-output -save-temps -no-color-diagnostics -explicit-module-build -module-cache-path /Users/yutaro/project-profit-ios/artifacts/release-quality/canonical-e2e/DerivedData/Build/Intermediates.noindex/SwiftExplicitPrecompiledModules -clang-scanner-module-cache-path /Users/yutaro/project-profit-ios/artifacts/release-quality/canonical-e2e/DerivedData/ModuleCache.noindex -sdk-module-cache-path /Users/yutaro/project-profit-ios/artifacts/release-quality/canonical-e2e/DerivedData/ModuleCache.noindex -serialize-diagnostics -emit-dependencies -emit-module -emit-module-path /Users/yutaro/project-profit-ios/artifacts/release-quality/canonical-e2e/DerivedData/Build/Intermediates.noindex/ProjectProfit.build/Debug-iphonesimulator/ProjectProfit.build/Objects-normal/arm64/ProjectProfit.swiftmodule -validate-clang-modules-once -clang-build-session-file /Users/yutaro/project-profit-ios/artifacts/release-quality/canonical-e2e/DerivedData/ModuleCache.noindex/Session.modulevalidation -Xcc -I/Users/yutaro/project-profit-ios/artifacts/release-quality/canonical-e2e/DerivedData/Build/Intermediates.noindex/ProjectProfit.build/Debug-iphonesimulator/ProjectProfit.build/swift-overrides.hmap -emit-const-values -Xfrontend -const-gather-protocols-file -Xfrontend /Users/yutaro/project-profit-ios/artifacts/release-quality/canonical-e2e/DerivedData/Build/Intermediates.noindex/ProjectProfit.build/Debug-iphonesimulator/ProjectProfit.build/Objects-normal/arm64/ProjectProfit_const_extract_protocols.json -Xcc -iquote -Xcc /Users/yutaro/project-profit-ios/artifacts/release-quality/canonical-e2e/DerivedData/Build/Intermediates.noindex/ProjectProfit.build/Debug-iphonesimulator/ProjectProfit.build/ProjectProfit-generated-files.hmap -Xcc -I/Users/yutaro/project-profit-ios/artifacts/release-quality/canonical-e2e/DerivedData/Build/Intermediates.noindex/ProjectProfit.build/Debug-iphonesimulator/ProjectProfit.build/ProjectProfit-own-target-headers.hmap -Xcc -I/Users/yutaro/project-profit-ios/artifacts/release-quality/canonical-e2e/DerivedData/Build/Intermediates.noindex/ProjectProfit.build/Debug-iphonesimulator/ProjectProfit.build/ProjectProfit-all-non-framework-target-headers.hmap -Xcc -ivfsoverlay -Xcc /Users/yutaro/project-profit-ios/artifacts/release-quality/canonical-e2e/DerivedData/Build/Intermediates.noindex/ProjectProfit.build/Debug-iphonesimulator/ProjectProfit-bc30635a8cb06e5d3ecf94d8d93f544c-VFS-iphonesimulator/all-product-headers.yaml -Xcc -iquote -Xcc /Users/yutaro/project-profit-ios/artifacts/release-quality/canonical-e2e/DerivedData/Build/Intermediates.noindex/ProjectProfit.build/Debug-iphonesimulator/ProjectProfit.build/ProjectProfit-project-headers.hmap -Xcc -I/Users/yutaro/project-profit-ios/artifacts/release-quality/canonical-e2e/DerivedData/SourcePackages/checkouts/libxlsxwriter/include -Xcc -I/Users/yutaro/project-profit-ios/artifacts/release-quality/canonical-e2e/DerivedData/Build/Products/Debug-iphonesimulator/include -Xcc -I/Users/yutaro/project-profit-ios/artifacts/release-quality/canonical-e2e/DerivedData/SourcePackages/checkouts/libxlsxwriter/include -Xcc -I/Users/yutaro/project-profit-ios/artifacts/release-quality/canonical-e2e/DerivedData/Build/Intermediates.noindex/ProjectProfit.build/Debug-iphonesimulator/ProjectProfit.build/DerivedSources-normal/arm64 -Xcc -I/Users/yutaro/project-profit-ios/artifacts/release-quality/canonical-e2e/DerivedData/Build/Intermediates.noindex/ProjectProfit.build/Debug-iphonesimulator/ProjectProfit.build/DerivedSources/arm64 -Xcc -I/Users/yutaro/project-profit-ios/artifacts/release-quality/canonical-e2e/DerivedData/Build/Intermediates.noindex/ProjectProfit.build/Debug-iphonesimulator/ProjectProfit.build/DerivedSources -Xcc -DDEBUG\=1 -emit-objc-header -emit-objc-header-path /Users/yutaro/project-profit-ios/artifacts/release-quality/canonical-e2e/DerivedData/Build/Intermediates.noindex/ProjectProfit.build/Debug-iphonesimulator/ProjectProfit.build/Objects-normal/arm64/ProjectProfit-Swift.h -working-directory /Users/yutaro/project-profit-ios -experimental-emit-module-separately -disable-cmo

Ld /Users/yutaro/project-profit-ios/artifacts/release-quality/canonical-e2e/DerivedData/Build/Products/Debug-iphonesimulator/ProjectProfit.app/ProjectProfit.debug.dylib normal (in target 'ProjectProfit' from project 'ProjectProfit')
    cd /Users/yutaro/project-profit-ios
    /Applications/Xcode-26.3.app/Contents/Developer/Toolchains/XcodeDefault.xctoolchain/usr/bin/clang -Xlinker -reproducible -target arm64-apple-ios17.0-simulator -dynamiclib -isysroot /Applications/Xcode-26.3.app/Contents/Developer/Platforms/iPhoneSimulator.platform/Developer/SDKs/iPhoneSimulator26.2.sdk -O0 -L/Users/yutaro/project-profit-ios/artifacts/release-quality/canonical-e2e/DerivedData/Build/Intermediates.noindex/EagerLinkingTBDs/Debug-iphonesimulator -L/Users/yutaro/project-profit-ios/artifacts/release-quality/canonical-e2e/DerivedData/Build/Products/Debug-iphonesimulator -F/Users/yutaro/project-profit-ios/artifacts/release-quality/canonical-e2e/DerivedData/Build/Intermediates.noindex/EagerLinkingTBDs/Debug-iphonesimulator -F/Users/yutaro/project-profit-ios/artifacts/release-quality/canonical-e2e/DerivedData/Build/Products/Debug-iphonesimulator/PackageFrameworks -F/Users/yutaro/project-profit-ios/artifacts/release-quality/canonical-e2e/DerivedData/Build/Products/Debug-iphonesimulator -filelist /Users/yutaro/project-profit-ios/artifacts/release-quality/canonical-e2e/DerivedData/Build/Intermediates.noindex/ProjectProfit.build/Debug-iphonesimulator/ProjectProfit.build/Objects-normal/arm64/ProjectProfit.LinkFileList -install_name @rpath/ProjectProfit.debug.dylib -Xlinker -rpath -Xlinker /usr/lib/swift -Xlinker -rpath -Xlinker /Users/yutaro/project-profit-ios/artifacts/release-quality/canonical-e2e/DerivedData/Build/Products/Debug-iphonesimulator/PackageFrameworks -Xlinker -rpath -Xlinker @executable_path/Frameworks -dead_strip -Xlinker -object_path_lto -Xlinker /Users/yutaro/project-profit-ios/artifacts/release-quality/canonical-e2e/DerivedData/Build/Intermediates.noindex/ProjectProfit.build/Debug-iphonesimulator/ProjectProfit.build/Objects-normal/arm64/ProjectProfit_lto.o -rdynamic -Xlinker -no_deduplicate -Xlinker -objc_abi_version -Xlinker 2 -Xlinker -debug_variant -Xlinker -dependency_info -Xlinker /Users/yutaro/project-profit-ios/artifacts/release-quality/canonical-e2e/DerivedData/Build/Intermediates.noindex/ProjectProfit.build/Debug-iphonesimulator/ProjectProfit.build/Objects-normal/arm64/ProjectProfit_dependency_info.dat -fobjc-link-runtime -fprofile-instr-generate -L/Applications/Xcode-26.3.app/Contents/Developer/Toolchains/XcodeDefault.xctoolchain/usr/lib/swift/iphonesimulator -L/usr/lib/swift -Xlinker -add_ast_path -Xlinker /Users/yutaro/project-profit-ios/artifacts/release-quality/canonical-e2e/DerivedData/Build/Intermediates.noindex/ProjectProfit.build/Debug-iphonesimulator/ProjectProfit.build/Objects-normal/arm64/ProjectProfit.swiftmodule @/Users/yutaro/project-profit-ios/artifacts/release-quality/canonical-e2e/DerivedData/Build/Intermediates.noindex/ProjectProfit.build/Debug-iphonesimulator/ProjectProfit.build/Objects-normal/arm64/ProjectProfit-linker-args.resp -Wl,-no_warn_duplicate_libraries -lz -Xlinker -alias -Xlinker _main -Xlinker ___debug_main_executable_dylib_entry_point -Xlinker -no_adhoc_codesign -o /Users/yutaro/project-profit-ios/artifacts/release-quality/canonical-e2e/DerivedData/Build/Products/Debug-iphonesimulator/ProjectProfit.app/ProjectProfit.debug.dylib

ConstructStubExecutorLinkFileList /Users/yutaro/project-profit-ios/artifacts/release-quality/canonical-e2e/DerivedData/Build/Intermediates.noindex/ProjectProfit.build/Debug-iphonesimulator/ProjectProfit.build/ProjectProfit-ExecutorLinkFileList-normal-arm64.txt (in target 'ProjectProfit' from project 'ProjectProfit')
    cd /Users/yutaro/project-profit-ios
    construct-stub-executor-link-file-list /Users/yutaro/project-profit-ios/artifacts/release-quality/canonical-e2e/DerivedData/Build/Products/Debug-iphonesimulator/ProjectProfit.app/ProjectProfit.debug.dylib /Applications/Xcode-26.3.app/Contents/Developer/Platforms/iPhoneSimulator.platform/Developer/usr/lib/libPreviewsJITStubExecutor_no_swift_entry_point.a /Applications/Xcode-26.3.app/Contents/Developer/Platforms/iPhoneSimulator.platform/Developer/usr/lib/libPreviewsJITStubExecutor.a --output /Users/yutaro/project-profit-ios/artifacts/release-quality/canonical-e2e/DerivedData/Build/Intermediates.noindex/ProjectProfit.build/Debug-iphonesimulator/ProjectProfit.build/ProjectProfit-ExecutorLinkFileList-normal-arm64.txt
note: Using stub executor library with Swift entry point. (in target 'ProjectProfit' from project 'ProjectProfit')

Ld /Users/yutaro/project-profit-ios/artifacts/release-quality/canonical-e2e/DerivedData/Build/Products/Debug-iphonesimulator/ProjectProfit.app/ProjectProfit normal (in target 'ProjectProfit' from project 'ProjectProfit')
    cd /Users/yutaro/project-profit-ios
    /Applications/Xcode-26.3.app/Contents/Developer/Toolchains/XcodeDefault.xctoolchain/usr/bin/clang -Xlinker -reproducible -target arm64-apple-ios17.0-simulator -isysroot /Applications/Xcode-26.3.app/Contents/Developer/Platforms/iPhoneSimulator.platform/Developer/SDKs/iPhoneSimulator26.2.sdk -O0 -L/Users/yutaro/project-profit-ios/artifacts/release-quality/canonical-e2e/DerivedData/Build/Products/Debug-iphonesimulator -F/Users/yutaro/project-profit-ios/artifacts/release-quality/canonical-e2e/DerivedData/Build/Products/Debug-iphonesimulator/PackageFrameworks -F/Users/yutaro/project-profit-ios/artifacts/release-quality/canonical-e2e/DerivedData/Build/Products/Debug-iphonesimulator -Xlinker -rpath -Xlinker @executable_path -Xlinker -rpath -Xlinker /Users/yutaro/project-profit-ios/artifacts/release-quality/canonical-e2e/DerivedData/Build/Products/Debug-iphonesimulator/PackageFrameworks -Xlinker -rpath -Xlinker @executable_path/Frameworks -rdynamic -Xlinker -no_deduplicate -Xlinker -objc_abi_version -Xlinker 2 -Xlinker -debug_variant -e ___debug_blank_executor_main -Xlinker -sectcreate -Xlinker __TEXT -Xlinker __debug_dylib -Xlinker /Users/yutaro/project-profit-ios/artifacts/release-quality/canonical-e2e/DerivedData/Build/Intermediates.noindex/ProjectProfit.build/Debug-iphonesimulator/ProjectProfit.build/ProjectProfit-DebugDylibPath-normal-arm64.txt -Xlinker -sectcreate -Xlinker __TEXT -Xlinker __debug_instlnm -Xlinker /Users/yutaro/project-profit-ios/artifacts/release-quality/canonical-e2e/DerivedData/Build/Intermediates.noindex/ProjectProfit.build/Debug-iphonesimulator/ProjectProfit.build/ProjectProfit-DebugDylibInstallName-normal-arm64.txt -Xlinker -filelist -Xlinker /Users/yutaro/project-profit-ios/artifacts/release-quality/canonical-e2e/DerivedData/Build/Intermediates.noindex/ProjectProfit.build/Debug-iphonesimulator/ProjectProfit.build/ProjectProfit-ExecutorLinkFileList-normal-arm64.txt -Xlinker -sectcreate -Xlinker __TEXT -Xlinker __entitlements -Xlinker /Users/yutaro/project-profit-ios/artifacts/release-quality/canonical-e2e/DerivedData/Build/Intermediates.noindex/ProjectProfit.build/Debug-iphonesimulator/ProjectProfit.build/ProjectProfit.app-Simulated.xcent -Xlinker -sectcreate -Xlinker __TEXT -Xlinker __ents_der -Xlinker /Users/yutaro/project-profit-ios/artifacts/release-quality/canonical-e2e/DerivedData/Build/Intermediates.noindex/ProjectProfit.build/Debug-iphonesimulator/ProjectProfit.build/ProjectProfit.app-Simulated.xcent.der /Users/yutaro/project-profit-ios/artifacts/release-quality/canonical-e2e/DerivedData/Build/Products/Debug-iphonesimulator/ProjectProfit.app/ProjectProfit.debug.dylib -Xlinker -no_adhoc_codesign -o /Users/yutaro/project-profit-ios/artifacts/release-quality/canonical-e2e/DerivedData/Build/Products/Debug-iphonesimulator/ProjectProfit.app/ProjectProfit

Copy /Users/yutaro/project-profit-ios/artifacts/release-quality/canonical-e2e/DerivedData/Build/Products/Debug-iphonesimulator/ProjectProfit.app/PlugIns/ProjectProfitShareExtension.appex /Users/yutaro/project-profit-ios/artifacts/release-quality/canonical-e2e/DerivedData/Build/Products/Debug-iphonesimulator/ProjectProfitShareExtension.appex (in target 'ProjectProfit' from project 'ProjectProfit')
    cd /Users/yutaro/project-profit-ios
    builtin-copy -exclude .DS_Store -exclude CVS -exclude .svn -exclude .git -exclude .hg -exclude Headers -exclude PrivateHeaders -exclude Modules -exclude \*.tbd -resolve-src-symlinks -remove-static-executable /Users/yutaro/project-profit-ios/artifacts/release-quality/canonical-e2e/DerivedData/Build/Products/Debug-iphonesimulator/ProjectProfitShareExtension.appex /Users/yutaro/project-profit-ios/artifacts/release-quality/canonical-e2e/DerivedData/Build/Products/Debug-iphonesimulator/ProjectProfit.app/PlugIns

ProcessInfoPlistFile /Users/yutaro/project-profit-ios/artifacts/release-quality/canonical-e2e/DerivedData/Build/Products/Debug-iphonesimulator/ProjectProfit.app/Info.plist /Users/yutaro/project-profit-ios/artifacts/release-quality/canonical-e2e/DerivedData/Build/Intermediates.noindex/ProjectProfit.build/Debug-iphonesimulator/ProjectProfit.build/empty-ProjectProfit.plist (in target 'ProjectProfit' from project 'ProjectProfit')
    cd /Users/yutaro/project-profit-ios
    builtin-infoPlistUtility /Users/yutaro/project-profit-ios/artifacts/release-quality/canonical-e2e/DerivedData/Build/Intermediates.noindex/ProjectProfit.build/Debug-iphonesimulator/ProjectProfit.build/empty-ProjectProfit.plist -producttype com.apple.product-type.application -genpkginfo /Users/yutaro/project-profit-ios/artifacts/release-quality/canonical-e2e/DerivedData/Build/Products/Debug-iphonesimulator/ProjectProfit.app/PkgInfo -expandbuildsettings -format binary -platform iphonesimulator -additionalcontentfile /Users/yutaro/project-profit-ios/artifacts/release-quality/canonical-e2e/DerivedData/Build/Intermediates.noindex/ProjectProfit.build/Debug-iphonesimulator/ProjectProfit.build/assetcatalog_generated_info.plist -scanforprivacyfile /Users/yutaro/project-profit-ios/artifacts/release-quality/canonical-e2e/DerivedData/Build/Products/Debug-iphonesimulator/ProjectProfit.app/PlugIns/ProjectProfitShareExtension.appex -o /Users/yutaro/project-profit-ios/artifacts/release-quality/canonical-e2e/DerivedData/Build/Products/Debug-iphonesimulator/ProjectProfit.app/Info.plist

ExtractAppIntentsMetadata (in target 'ProjectProfit' from project 'ProjectProfit')
    cd /Users/yutaro/project-profit-ios
    /Applications/Xcode-26.3.app/Contents/Developer/Toolchains/XcodeDefault.xctoolchain/usr/bin/appintentsmetadataprocessor --toolchain-dir /Applications/Xcode-26.3.app/Contents/Developer/Toolchains/XcodeDefault.xctoolchain --module-name ProjectProfit --sdk-root /Applications/Xcode-26.3.app/Contents/Developer/Platforms/iPhoneSimulator.platform/Developer/SDKs/iPhoneSimulator26.2.sdk --xcode-version 17C519 --platform-family iOS --deployment-target 17.0 --bundle-identifier com.projectprofit.ProjectProfit --output /Users/yutaro/project-profit-ios/artifacts/release-quality/canonical-e2e/DerivedData/Build/Products/Debug-iphonesimulator/ProjectProfit.app --target-triple arm64-apple-ios17.0-simulator --binary-file /Users/yutaro/project-profit-ios/artifacts/release-quality/canonical-e2e/DerivedData/Build/Products/Debug-iphonesimulator/ProjectProfit.app/ProjectProfit --dependency-file /Users/yutaro/project-profit-ios/artifacts/release-quality/canonical-e2e/DerivedData/Build/Intermediates.noindex/ProjectProfit.build/Debug-iphonesimulator/ProjectProfit.build/Objects-normal/arm64/ProjectProfit_dependency_info.dat --stringsdata-file /Users/yutaro/project-profit-ios/artifacts/release-quality/canonical-e2e/DerivedData/Build/Intermediates.noindex/ProjectProfit.build/Debug-iphonesimulator/ProjectProfit.build/Objects-normal/arm64/ExtractedAppShortcutsMetadata.stringsdata --source-file-list /Users/yutaro/project-profit-ios/artifacts/release-quality/canonical-e2e/DerivedData/Build/Intermediates.noindex/ProjectProfit.build/Debug-iphonesimulator/ProjectProfit.build/Objects-normal/arm64/ProjectProfit.SwiftFileList --metadata-file-list /Users/yutaro/project-profit-ios/artifacts/release-quality/canonical-e2e/DerivedData/Build/Intermediates.noindex/ProjectProfit.build/Debug-iphonesimulator/ProjectProfit.build/ProjectProfit.DependencyMetadataFileList --static-metadata-file-list /Users/yutaro/project-profit-ios/artifacts/release-quality/canonical-e2e/DerivedData/Build/Intermediates.noindex/ProjectProfit.build/Debug-iphonesimulator/ProjectProfit.build/ProjectProfit.DependencyStaticMetadataFileList --swift-const-vals-list /Users/yutaro/project-profit-ios/artifacts/release-quality/canonical-e2e/DerivedData/Build/Intermediates.noindex/ProjectProfit.build/Debug-iphonesimulator/ProjectProfit.build/Objects-normal/arm64/ProjectProfit.SwiftConstValuesFileList --compile-time-extraction --deployment-aware-processing --validate-assistant-intents --no-app-shortcuts-localization
2026-03-24 20:29:53.795 appintentsmetadataprocessor[90805:5016305] Starting appintentsmetadataprocessor export
2026-03-24 20:29:53.797 appintentsmetadataprocessor[90805:5016305] warning: Metadata extraction skipped. No AppIntents.framework dependency found.

CopySwiftLibs /Users/yutaro/project-profit-ios/artifacts/release-quality/canonical-e2e/DerivedData/Build/Products/Debug-iphonesimulator/ProjectProfit.app (in target 'ProjectProfit' from project 'ProjectProfit')
    cd /Users/yutaro/project-profit-ios
    builtin-swiftStdLibTool --copy --verbose --sign - --scan-executable /Users/yutaro/project-profit-ios/artifacts/release-quality/canonical-e2e/DerivedData/Build/Products/Debug-iphonesimulator/ProjectProfit.app/ProjectProfit.debug.dylib --scan-folder /Users/yutaro/project-profit-ios/artifacts/release-quality/canonical-e2e/DerivedData/Build/Products/Debug-iphonesimulator/ProjectProfit.app/Frameworks --scan-folder /Users/yutaro/project-profit-ios/artifacts/release-quality/canonical-e2e/DerivedData/Build/Products/Debug-iphonesimulator/ProjectProfit.app/PlugIns --scan-folder /Users/yutaro/project-profit-ios/artifacts/release-quality/canonical-e2e/DerivedData/Build/Products/Debug-iphonesimulator/ProjectProfit.app/SystemExtensions --scan-folder /Users/yutaro/project-profit-ios/artifacts/release-quality/canonical-e2e/DerivedData/Build/Products/Debug-iphonesimulator/ProjectProfit.app/Extensions --platform iphonesimulator --toolchain /Applications/Xcode-26.3.app/Contents/Developer/Toolchains/XcodeDefault.xctoolchain --destination /Users/yutaro/project-profit-ios/artifacts/release-quality/canonical-e2e/DerivedData/Build/Products/Debug-iphonesimulator/ProjectProfit.app/Frameworks --strip-bitcode --strip-bitcode-tool /Applications/Xcode-26.3.app/Contents/Developer/Toolchains/XcodeDefault.xctoolchain/usr/bin/bitcode_strip --emit-dependency-info /Users/yutaro/project-profit-ios/artifacts/release-quality/canonical-e2e/DerivedData/Build/Intermediates.noindex/ProjectProfit.build/Debug-iphonesimulator/ProjectProfit.build/SwiftStdLibToolInputDependencies.dep --filter-for-swift-os

AppIntentsSSUTraining (in target 'ProjectProfit' from project 'ProjectProfit')
    cd /Users/yutaro/project-profit-ios
    /Applications/Xcode-26.3.app/Contents/Developer/Toolchains/XcodeDefault.xctoolchain/usr/bin/appintentsnltrainingprocessor --infoplist-path /Users/yutaro/project-profit-ios/artifacts/release-quality/canonical-e2e/DerivedData/Build/Products/Debug-iphonesimulator/ProjectProfit.app/Info.plist --temp-dir-path /Users/yutaro/project-profit-ios/artifacts/release-quality/canonical-e2e/DerivedData/Build/Intermediates.noindex/ProjectProfit.build/Debug-iphonesimulator/ProjectProfit.build/ssu --bundle-id com.projectprofit.ProjectProfit --product-path /Users/yutaro/project-profit-ios/artifacts/release-quality/canonical-e2e/DerivedData/Build/Products/Debug-iphonesimulator/ProjectProfit.app --extracted-metadata-path /Users/yutaro/project-profit-ios/artifacts/release-quality/canonical-e2e/DerivedData/Build/Products/Debug-iphonesimulator/ProjectProfit.app/Metadata.appintents --metadata-file-list /Users/yutaro/project-profit-ios/artifacts/release-quality/canonical-e2e/DerivedData/Build/Intermediates.noindex/ProjectProfit.build/Debug-iphonesimulator/ProjectProfit.build/ProjectProfit.DependencyMetadataFileList --archive-ssu-assets
2026-03-24 20:29:53.841 appintentsnltrainingprocessor[90808:5016312] Parsing options for appintentsnltrainingprocessor
2026-03-24 20:29:53.842 appintentsnltrainingprocessor[90808:5016312] No AppShortcuts found - Skipping.

ProcessInfoPlistFile /Users/yutaro/project-profit-ios/artifacts/release-quality/canonical-e2e/DerivedData/Build/Products/Debug-iphonesimulator/ProjectProfit.app/PlugIns/ProjectProfitTests.xctest/Info.plist /Users/yutaro/project-profit-ios/artifacts/release-quality/canonical-e2e/DerivedData/Build/Intermediates.noindex/ProjectProfit.build/Debug-iphonesimulator/ProjectProfitTests.build/empty-ProjectProfitTests.plist (in target 'ProjectProfitTests' from project 'ProjectProfit')
    cd /Users/yutaro/project-profit-ios
    builtin-infoPlistUtility /Users/yutaro/project-profit-ios/artifacts/release-quality/canonical-e2e/DerivedData/Build/Intermediates.noindex/ProjectProfit.build/Debug-iphonesimulator/ProjectProfitTests.build/empty-ProjectProfitTests.plist -producttype com.apple.product-type.bundle.unit-test -expandbuildsettings -format binary -platform iphonesimulator -o /Users/yutaro/project-profit-ios/artifacts/release-quality/canonical-e2e/DerivedData/Build/Products/Debug-iphonesimulator/ProjectProfit.app/PlugIns/ProjectProfitTests.xctest/Info.plist

CpResource /Users/yutaro/project-profit-ios/artifacts/release-quality/canonical-e2e/DerivedData/Build/Products/Debug-iphonesimulator/ProjectProfit.app/PlugIns/ProjectProfitTests.xctest/journal_book_2025.json /Users/yutaro/project-profit-ios/ProjectProfitTests/Golden/expected/journal_book_2025.json (in target 'ProjectProfitTests' from project 'ProjectProfit')
    cd /Users/yutaro/project-profit-ios
    builtin-copy -exclude .DS_Store -exclude CVS -exclude .svn -exclude .git -exclude .hg -resolve-src-symlinks /Users/yutaro/project-profit-ios/ProjectProfitTests/Golden/expected/journal_book_2025.json /Users/yutaro/project-profit-ios/artifacts/release-quality/canonical-e2e/DerivedData/Build/Products/Debug-iphonesimulator/ProjectProfit.app/PlugIns/ProjectProfitTests.xctest

CpResource /Users/yutaro/project-profit-ios/artifacts/release-quality/canonical-e2e/DerivedData/Build/Products/Debug-iphonesimulator/ProjectProfit.app/PlugIns/ProjectProfitTests.xctest/migration_dry_run_2025.json /Users/yutaro/project-profit-ios/ProjectProfitTests/Golden/expected/migration_dry_run_2025.json (in target 'ProjectProfitTests' from project 'ProjectProfit')
    cd /Users/yutaro/project-profit-ios
    builtin-copy -exclude .DS_Store -exclude CVS -exclude .svn -exclude .git -exclude .hg -resolve-src-symlinks /Users/yutaro/project-profit-ios/ProjectProfitTests/Golden/expected/migration_dry_run_2025.json /Users/yutaro/project-profit-ios/artifacts/release-quality/canonical-e2e/DerivedData/Build/Products/Debug-iphonesimulator/ProjectProfit.app/PlugIns/ProjectProfitTests.xctest

CpResource /Users/yutaro/project-profit-ios/artifacts/release-quality/canonical-e2e/DerivedData/Build/Products/Debug-iphonesimulator/ProjectProfit.app/PlugIns/ProjectProfitTests.xctest/trial_balance_2025.json /Users/yutaro/project-profit-ios/ProjectProfitTests/Golden/expected/trial_balance_2025.json (in target 'ProjectProfitTests' from project 'ProjectProfit')
    cd /Users/yutaro/project-profit-ios
    builtin-copy -exclude .DS_Store -exclude CVS -exclude .svn -exclude .git -exclude .hg -resolve-src-symlinks /Users/yutaro/project-profit-ios/ProjectProfitTests/Golden/expected/trial_balance_2025.json /Users/yutaro/project-profit-ios/artifacts/release-quality/canonical-e2e/DerivedData/Build/Products/Debug-iphonesimulator/ProjectProfit.app/PlugIns/ProjectProfitTests.xctest

CpResource /Users/yutaro/project-profit-ios/artifacts/release-quality/canonical-e2e/DerivedData/Build/Products/Debug-iphonesimulator/ProjectProfit.app/PlugIns/ProjectProfitTests.xctest/consumption_tax_worksheet_2025.json /Users/yutaro/project-profit-ios/ProjectProfitTests/Golden/expected/consumption_tax_worksheet_2025.json (in target 'ProjectProfitTests' from project 'ProjectProfit')
    cd /Users/yutaro/project-profit-ios
    builtin-copy -exclude .DS_Store -exclude CVS -exclude .svn -exclude .git -exclude .hg -resolve-src-symlinks /Users/yutaro/project-profit-ios/ProjectProfitTests/Golden/expected/consumption_tax_worksheet_2025.json /Users/yutaro/project-profit-ios/artifacts/release-quality/canonical-e2e/DerivedData/Build/Products/Debug-iphonesimulator/ProjectProfit.app/PlugIns/ProjectProfitTests.xctest

CpResource /Users/yutaro/project-profit-ios/artifacts/release-quality/canonical-e2e/DerivedData/Build/Products/Debug-iphonesimulator/ProjectProfit.app/PlugIns/ProjectProfitTests.xctest/baseline_fiscal_year_2025.json /Users/yutaro/project-profit-ios/ProjectProfitTests/Golden/fixtures/baseline_fiscal_year_2025.json (in target 'ProjectProfitTests' from project 'ProjectProfit')
    cd /Users/yutaro/project-profit-ios
    builtin-copy -exclude .DS_Store -exclude CVS -exclude .svn -exclude .git -exclude .hg -resolve-src-symlinks /Users/yutaro/project-profit-ios/ProjectProfitTests/Golden/fixtures/baseline_fiscal_year_2025.json /Users/yutaro/project-profit-ios/artifacts/release-quality/canonical-e2e/DerivedData/Build/Products/Debug-iphonesimulator/ProjectProfit.app/PlugIns/ProjectProfitTests.xctest

CpResource /Users/yutaro/project-profit-ios/artifacts/release-quality/canonical-e2e/DerivedData/Build/Products/Debug-iphonesimulator/ProjectProfit.app/PlugIns/ProjectProfitTests.xctest/blue_return_2025.json /Users/yutaro/project-profit-ios/ProjectProfitTests/Golden/expected/blue_return_2025.json (in target 'ProjectProfitTests' from project 'ProjectProfit')
    cd /Users/yutaro/project-profit-ios
    builtin-copy -exclude .DS_Store -exclude CVS -exclude .svn -exclude .git -exclude .hg -resolve-src-symlinks /Users/yutaro/project-profit-ios/ProjectProfitTests/Golden/expected/blue_return_2025.json /Users/yutaro/project-profit-ios/artifacts/release-quality/canonical-e2e/DerivedData/Build/Products/Debug-iphonesimulator/ProjectProfit.app/PlugIns/ProjectProfitTests.xctest

Ld /Users/yutaro/project-profit-ios/artifacts/release-quality/canonical-e2e/DerivedData/Build/Products/Debug-iphonesimulator/ProjectProfit.app/PlugIns/ProjectProfitTests.xctest/ProjectProfitTests normal (in target 'ProjectProfitTests' from project 'ProjectProfit')
    cd /Users/yutaro/project-profit-ios
    /Applications/Xcode-26.3.app/Contents/Developer/Toolchains/XcodeDefault.xctoolchain/usr/bin/clang -Xlinker -reproducible -target arm64-apple-ios17.0-simulator -bundle -isysroot /Applications/Xcode-26.3.app/Contents/Developer/Platforms/iPhoneSimulator.platform/Developer/SDKs/iPhoneSimulator26.2.sdk -O0 -L/Users/yutaro/project-profit-ios/artifacts/release-quality/canonical-e2e/DerivedData/Build/Intermediates.noindex/EagerLinkingTBDs/Debug-iphonesimulator -L/Users/yutaro/project-profit-ios/artifacts/release-quality/canonical-e2e/DerivedData/Build/Products/Debug-iphonesimulator -L/Applications/Xcode-26.3.app/Contents/Developer/Platforms/iPhoneSimulator.platform/Developer/usr/lib -F/Users/yutaro/project-profit-ios/artifacts/release-quality/canonical-e2e/DerivedData/Build/Intermediates.noindex/EagerLinkingTBDs/Debug-iphonesimulator -F/Users/yutaro/project-profit-ios/artifacts/release-quality/canonical-e2e/DerivedData/Build/Products/Debug-iphonesimulator/PackageFrameworks -F/Users/yutaro/project-profit-ios/artifacts/release-quality/canonical-e2e/DerivedData/Build/Products/Debug-iphonesimulator -iframework /Applications/Xcode-26.3.app/Contents/Developer/Platforms/iPhoneSimulator.platform/Developer/Library/Frameworks -iframework /Applications/Xcode-26.3.app/Contents/Developer/Platforms/iPhoneSimulator.platform/Developer/SDKs/iPhoneSimulator26.2.sdk/Developer/Library/Frameworks -filelist /Users/yutaro/project-profit-ios/artifacts/release-quality/canonical-e2e/DerivedData/Build/Intermediates.noindex/ProjectProfit.build/Debug-iphonesimulator/ProjectProfitTests.build/Objects-normal/arm64/ProjectProfitTests.LinkFileList -Xlinker -rpath -Xlinker /usr/lib/swift -Xlinker -rpath -Xlinker /Users/yutaro/project-profit-ios/artifacts/release-quality/canonical-e2e/DerivedData/Build/Products/Debug-iphonesimulator/PackageFrameworks -Xlinker -rpath -Xlinker @loader_path/Frameworks -Xlinker -rpath -Xlinker @executable_path/Frameworks -dead_strip -bundle_loader /Users/yutaro/project-profit-ios/artifacts/release-quality/canonical-e2e/DerivedData/Build/Products/Debug-iphonesimulator/ProjectProfit.app/ProjectProfit -Xlinker -object_path_lto -Xlinker /Users/yutaro/project-profit-ios/artifacts/release-quality/canonical-e2e/DerivedData/Build/Intermediates.noindex/ProjectProfit.build/Debug-iphonesimulator/ProjectProfitTests.build/Objects-normal/arm64/ProjectProfitTests_lto.o -rdynamic -Xlinker -no_deduplicate -Xlinker -objc_abi_version -Xlinker 2 -Xlinker -debug_variant -Xlinker -dependency_info -Xlinker /Users/yutaro/project-profit-ios/artifacts/release-quality/canonical-e2e/DerivedData/Build/Intermediates.noindex/ProjectProfit.build/Debug-iphonesimulator/ProjectProfitTests.build/Objects-normal/arm64/ProjectProfitTests_dependency_info.dat -fobjc-link-runtime -fprofile-instr-generate -L/Applications/Xcode-26.3.app/Contents/Developer/Toolchains/XcodeDefault.xctoolchain/usr/lib/swift/iphonesimulator -L/usr/lib/swift -Xlinker -add_ast_path -Xlinker /Users/yutaro/project-profit-ios/artifacts/release-quality/canonical-e2e/DerivedData/Build/Intermediates.noindex/ProjectProfit.build/Debug-iphonesimulator/ProjectProfitTests.build/Objects-normal/arm64/ProjectProfitTests.swiftmodule @/Users/yutaro/project-profit-ios/artifacts/release-quality/canonical-e2e/DerivedData/Build/Intermediates.noindex/ProjectProfit.build/Debug-iphonesimulator/ProjectProfitTests.build/Objects-normal/arm64/ProjectProfitTests-linker-args.resp -Wl,-no_warn_duplicate_libraries -lz -Xlinker -needed_framework -Xlinker XCTest -framework XCTest -Xlinker -needed-lXCTestSwiftSupport -lXCTestSwiftSupport /Users/yutaro/project-profit-ios/artifacts/release-quality/canonical-e2e/DerivedData/Build/Products/Debug-iphonesimulator/ProjectProfit.app/ProjectProfit.debug.dylib -Xlinker -no_adhoc_codesign -o /Users/yutaro/project-profit-ios/artifacts/release-quality/canonical-e2e/DerivedData/Build/Products/Debug-iphonesimulator/ProjectProfit.app/PlugIns/ProjectProfitTests.xctest/ProjectProfitTests

ExtractAppIntentsMetadata (in target 'ProjectProfitTests' from project 'ProjectProfit')
    cd /Users/yutaro/project-profit-ios
    /Applications/Xcode-26.3.app/Contents/Developer/Toolchains/XcodeDefault.xctoolchain/usr/bin/appintentsmetadataprocessor --toolchain-dir /Applications/Xcode-26.3.app/Contents/Developer/Toolchains/XcodeDefault.xctoolchain --module-name ProjectProfitTests --sdk-root /Applications/Xcode-26.3.app/Contents/Developer/Platforms/iPhoneSimulator.platform/Developer/SDKs/iPhoneSimulator26.2.sdk --xcode-version 17C519 --platform-family iOS --deployment-target 17.0 --bundle-identifier com.projectprofit.ProjectProfitTests --output /Users/yutaro/project-profit-ios/artifacts/release-quality/canonical-e2e/DerivedData/Build/Products/Debug-iphonesimulator/ProjectProfit.app/PlugIns/ProjectProfitTests.xctest --target-triple arm64-apple-ios17.0-simulator --binary-file /Users/yutaro/project-profit-ios/artifacts/release-quality/canonical-e2e/DerivedData/Build/Products/Debug-iphonesimulator/ProjectProfit.app/PlugIns/ProjectProfitTests.xctest/ProjectProfitTests --dependency-file /Users/yutaro/project-profit-ios/artifacts/release-quality/canonical-e2e/DerivedData/Build/Intermediates.noindex/ProjectProfit.build/Debug-iphonesimulator/ProjectProfitTests.build/Objects-normal/arm64/ProjectProfitTests_dependency_info.dat --stringsdata-file /Users/yutaro/project-profit-ios/artifacts/release-quality/canonical-e2e/DerivedData/Build/Intermediates.noindex/ProjectProfit.build/Debug-iphonesimulator/ProjectProfitTests.build/Objects-normal/arm64/ExtractedAppShortcutsMetadata.stringsdata --source-file-list /Users/yutaro/project-profit-ios/artifacts/release-quality/canonical-e2e/DerivedData/Build/Intermediates.noindex/ProjectProfit.build/Debug-iphonesimulator/ProjectProfitTests.build/Objects-normal/arm64/ProjectProfitTests.SwiftFileList --metadata-file-list /Users/yutaro/project-profit-ios/artifacts/release-quality/canonical-e2e/DerivedData/Build/Intermediates.noindex/ProjectProfit.build/Debug-iphonesimulator/ProjectProfitTests.build/ProjectProfitTests.DependencyMetadataFileList --static-metadata-file-list /Users/yutaro/project-profit-ios/artifacts/release-quality/canonical-e2e/DerivedData/Build/Intermediates.noindex/ProjectProfit.build/Debug-iphonesimulator/ProjectProfitTests.build/ProjectProfitTests.DependencyStaticMetadataFileList --swift-const-vals-list /Users/yutaro/project-profit-ios/artifacts/release-quality/canonical-e2e/DerivedData/Build/Intermediates.noindex/ProjectProfit.build/Debug-iphonesimulator/ProjectProfitTests.build/Objects-normal/arm64/ProjectProfitTests.SwiftConstValuesFileList --compile-time-extraction --deployment-aware-processing --validate-assistant-intents --no-app-shortcuts-localization
2026-03-24 20:29:54.605 appintentsmetadataprocessor[90816:5016380] Starting appintentsmetadataprocessor export
2026-03-24 20:29:54.608 appintentsmetadataprocessor[90816:5016380] warning: Metadata extraction skipped. No AppIntents.framework dependency found.

CopySwiftLibs /Users/yutaro/project-profit-ios/artifacts/release-quality/canonical-e2e/DerivedData/Build/Products/Debug-iphonesimulator/ProjectProfit.app/PlugIns/ProjectProfitTests.xctest (in target 'ProjectProfitTests' from project 'ProjectProfit')
    cd /Users/yutaro/project-profit-ios
    builtin-swiftStdLibTool --copy --verbose --sign - --scan-executable /Users/yutaro/project-profit-ios/artifacts/release-quality/canonical-e2e/DerivedData/Build/Products/Debug-iphonesimulator/ProjectProfit.app/PlugIns/ProjectProfitTests.xctest/ProjectProfitTests --scan-folder /Users/yutaro/project-profit-ios/artifacts/release-quality/canonical-e2e/DerivedData/Build/Products/Debug-iphonesimulator/ProjectProfit.app/PlugIns/ProjectProfitTests.xctest/Frameworks --scan-folder /Users/yutaro/project-profit-ios/artifacts/release-quality/canonical-e2e/DerivedData/Build/Products/Debug-iphonesimulator/ProjectProfit.app/PlugIns/ProjectProfitTests.xctest/PlugIns --scan-folder /Users/yutaro/project-profit-ios/artifacts/release-quality/canonical-e2e/DerivedData/Build/Products/Debug-iphonesimulator/ProjectProfit.app/PlugIns/ProjectProfitTests.xctest/SystemExtensions --scan-folder /Users/yutaro/project-profit-ios/artifacts/release-quality/canonical-e2e/DerivedData/Build/Products/Debug-iphonesimulator/ProjectProfit.app/PlugIns/ProjectProfitTests.xctest/Extensions --platform iphonesimulator --toolchain /Applications/Xcode-26.3.app/Contents/Developer/Toolchains/XcodeDefault.xctoolchain --destination /Users/yutaro/project-profit-ios/artifacts/release-quality/canonical-e2e/DerivedData/Build/Products/Debug-iphonesimulator/ProjectProfit.app/PlugIns/ProjectProfitTests.xctest/Frameworks --strip-bitcode --scan-executable /Applications/Xcode-26.3.app/Contents/Developer/Platforms/iPhoneSimulator.platform/Developer/usr/lib/libXCTestSwiftSupport.dylib --strip-bitcode-tool /Applications/Xcode-26.3.app/Contents/Developer/Toolchains/XcodeDefault.xctoolchain/usr/bin/bitcode_strip --emit-dependency-info /Users/yutaro/project-profit-ios/artifacts/release-quality/canonical-e2e/DerivedData/Build/Intermediates.noindex/ProjectProfit.build/Debug-iphonesimulator/ProjectProfitTests.build/SwiftStdLibToolInputDependencies.dep --filter-for-swift-os

AppIntentsSSUTraining (in target 'ProjectProfitTests' from project 'ProjectProfit')
    cd /Users/yutaro/project-profit-ios
    /Applications/Xcode-26.3.app/Contents/Developer/Toolchains/XcodeDefault.xctoolchain/usr/bin/appintentsnltrainingprocessor --infoplist-path /Users/yutaro/project-profit-ios/artifacts/release-quality/canonical-e2e/DerivedData/Build/Products/Debug-iphonesimulator/ProjectProfit.app/PlugIns/ProjectProfitTests.xctest/Info.plist --temp-dir-path /Users/yutaro/project-profit-ios/artifacts/release-quality/canonical-e2e/DerivedData/Build/Intermediates.noindex/ProjectProfit.build/Debug-iphonesimulator/ProjectProfitTests.build/ssu --bundle-id com.projectprofit.ProjectProfitTests --product-path /Users/yutaro/project-profit-ios/artifacts/release-quality/canonical-e2e/DerivedData/Build/Products/Debug-iphonesimulator/ProjectProfit.app/PlugIns/ProjectProfitTests.xctest --extracted-metadata-path /Users/yutaro/project-profit-ios/artifacts/release-quality/canonical-e2e/DerivedData/Build/Products/Debug-iphonesimulator/ProjectProfit.app/PlugIns/ProjectProfitTests.xctest/Metadata.appintents --metadata-file-list /Users/yutaro/project-profit-ios/artifacts/release-quality/canonical-e2e/DerivedData/Build/Intermediates.noindex/ProjectProfit.build/Debug-iphonesimulator/ProjectProfitTests.build/ProjectProfitTests.DependencyMetadataFileList --archive-ssu-assets
2026-03-24 20:29:54.640 appintentsnltrainingprocessor[90817:5016389] Parsing options for appintentsnltrainingprocessor
2026-03-24 20:29:54.640 appintentsnltrainingprocessor[90817:5016389] No AppShortcuts found - Skipping.

CodeSign /Users/yutaro/project-profit-ios/artifacts/release-quality/canonical-e2e/DerivedData/Build/Products/Debug-iphonesimulator/ProjectProfit.app/PlugIns/ProjectProfitTests.xctest (in target 'ProjectProfitTests' from project 'ProjectProfit')
    cd /Users/yutaro/project-profit-ios
    
    Signing Identity:     "Sign to Run Locally"
    
    /usr/bin/codesign --force --sign - --timestamp\=none --generate-entitlement-der /Users/yutaro/project-profit-ios/artifacts/release-quality/canonical-e2e/DerivedData/Build/Products/Debug-iphonesimulator/ProjectProfit.app/PlugIns/ProjectProfitTests.xctest

RegisterExecutionPolicyException /Users/yutaro/project-profit-ios/artifacts/release-quality/canonical-e2e/DerivedData/Build/Products/Debug-iphonesimulator/ProjectProfit.app/PlugIns/ProjectProfitTests.xctest (in target 'ProjectProfitTests' from project 'ProjectProfit')
    cd /Users/yutaro/project-profit-ios
    builtin-RegisterExecutionPolicyException /Users/yutaro/project-profit-ios/artifacts/release-quality/canonical-e2e/DerivedData/Build/Products/Debug-iphonesimulator/ProjectProfit.app/PlugIns/ProjectProfitTests.xctest

Touch /Users/yutaro/project-profit-ios/artifacts/release-quality/canonical-e2e/DerivedData/Build/Products/Debug-iphonesimulator/ProjectProfit.app/PlugIns/ProjectProfitTests.xctest (in target 'ProjectProfitTests' from project 'ProjectProfit')
    cd /Users/yutaro/project-profit-ios
    /usr/bin/touch -c /Users/yutaro/project-profit-ios/artifacts/release-quality/canonical-e2e/DerivedData/Build/Products/Debug-iphonesimulator/ProjectProfit.app/PlugIns/ProjectProfitTests.xctest

CodeSign /Users/yutaro/project-profit-ios/artifacts/release-quality/canonical-e2e/DerivedData/Build/Products/Debug-iphonesimulator/ProjectProfit.app/ProjectProfit.debug.dylib (in target 'ProjectProfit' from project 'ProjectProfit')
    cd /Users/yutaro/project-profit-ios
    
    Signing Identity:     "Sign to Run Locally"
    
    /usr/bin/codesign --force --sign - --timestamp\=none --generate-entitlement-der /Users/yutaro/project-profit-ios/artifacts/release-quality/canonical-e2e/DerivedData/Build/Products/Debug-iphonesimulator/ProjectProfit.app/ProjectProfit.debug.dylib

CodeSign /Users/yutaro/project-profit-ios/artifacts/release-quality/canonical-e2e/DerivedData/Build/Products/Debug-iphonesimulator/ProjectProfit.app/__preview.dylib (in target 'ProjectProfit' from project 'ProjectProfit')
    cd /Users/yutaro/project-profit-ios
    
    Signing Identity:     "Sign to Run Locally"
    
    /usr/bin/codesign --force --sign - --timestamp\=none --generate-entitlement-der /Users/yutaro/project-profit-ios/artifacts/release-quality/canonical-e2e/DerivedData/Build/Products/Debug-iphonesimulator/ProjectProfit.app/__preview.dylib

CodeSign /Users/yutaro/project-profit-ios/artifacts/release-quality/canonical-e2e/DerivedData/Build/Products/Debug-iphonesimulator/ProjectProfit.app (in target 'ProjectProfit' from project 'ProjectProfit')
    cd /Users/yutaro/project-profit-ios
    
    Signing Identity:     "Sign to Run Locally"
    
    /usr/bin/codesign --force --sign - --entitlements /Users/yutaro/project-profit-ios/artifacts/release-quality/canonical-e2e/DerivedData/Build/Intermediates.noindex/ProjectProfit.build/Debug-iphonesimulator/ProjectProfit.build/ProjectProfit.app.xcent --timestamp\=none --generate-entitlement-der /Users/yutaro/project-profit-ios/artifacts/release-quality/canonical-e2e/DerivedData/Build/Products/Debug-iphonesimulator/ProjectProfit.app

ValidateEmbeddedBinary /Users/yutaro/project-profit-ios/artifacts/release-quality/canonical-e2e/DerivedData/Build/Products/Debug-iphonesimulator/ProjectProfit.app/PlugIns/ProjectProfitShareExtension.appex (in target 'ProjectProfit' from project 'ProjectProfit')
    cd /Users/yutaro/project-profit-ios
    /Applications/Xcode-26.3.app/Contents/Developer/usr/bin/embeddedBinaryValidationUtility /Users/yutaro/project-profit-ios/artifacts/release-quality/canonical-e2e/DerivedData/Build/Products/Debug-iphonesimulator/ProjectProfit.app/PlugIns/ProjectProfitShareExtension.appex -signing-cert - -info-plist-path /Users/yutaro/project-profit-ios/artifacts/release-quality/canonical-e2e/DerivedData/Build/Products/Debug-iphonesimulator/ProjectProfit.app/Info.plist

RegisterExecutionPolicyException /Users/yutaro/project-profit-ios/artifacts/release-quality/canonical-e2e/DerivedData/Build/Products/Debug-iphonesimulator/ProjectProfit.app (in target 'ProjectProfit' from project 'ProjectProfit')
    cd /Users/yutaro/project-profit-ios
    builtin-RegisterExecutionPolicyException /Users/yutaro/project-profit-ios/artifacts/release-quality/canonical-e2e/DerivedData/Build/Products/Debug-iphonesimulator/ProjectProfit.app

Validate /Users/yutaro/project-profit-ios/artifacts/release-quality/canonical-e2e/DerivedData/Build/Products/Debug-iphonesimulator/ProjectProfit.app (in target 'ProjectProfit' from project 'ProjectProfit')
    cd /Users/yutaro/project-profit-ios
    builtin-validationUtility /Users/yutaro/project-profit-ios/artifacts/release-quality/canonical-e2e/DerivedData/Build/Products/Debug-iphonesimulator/ProjectProfit.app -shallow-bundle -infoplist-subpath Info.plist

Touch /Users/yutaro/project-profit-ios/artifacts/release-quality/canonical-e2e/DerivedData/Build/Products/Debug-iphonesimulator/ProjectProfit.app (in target 'ProjectProfit' from project 'ProjectProfit')
    cd /Users/yutaro/project-profit-ios
    /usr/bin/touch -c /Users/yutaro/project-profit-ios/artifacts/release-quality/canonical-e2e/DerivedData/Build/Products/Debug-iphonesimulator/ProjectProfit.app

ProcessInfoPlistFile /Users/yutaro/project-profit-ios/artifacts/release-quality/canonical-e2e/DerivedData/Build/Products/Debug-iphonesimulator/ProjectProfitUITests-Runner.app/PlugIns/ProjectProfitUITests.xctest/Info.plist /Users/yutaro/project-profit-ios/artifacts/release-quality/canonical-e2e/DerivedData/Build/Intermediates.noindex/ProjectProfit.build/Debug-iphonesimulator/ProjectProfitUITests.build/empty-ProjectProfitUITests.plist (in target 'ProjectProfitUITests' from project 'ProjectProfit')
    cd /Users/yutaro/project-profit-ios
    builtin-infoPlistUtility /Users/yutaro/project-profit-ios/artifacts/release-quality/canonical-e2e/DerivedData/Build/Intermediates.noindex/ProjectProfit.build/Debug-iphonesimulator/ProjectProfitUITests.build/empty-ProjectProfitUITests.plist -producttype com.apple.product-type.bundle.ui-testing -expandbuildsettings -format binary -platform iphonesimulator -additionalcontentfile /Users/yutaro/project-profit-ios/artifacts/release-quality/canonical-e2e/DerivedData/Build/Intermediates.noindex/ProjectProfit.build/Debug-iphonesimulator/ProjectProfitUITests.build/ProductTypeInfoPlistAdditions.plist -o /Users/yutaro/project-profit-ios/artifacts/release-quality/canonical-e2e/DerivedData/Build/Products/Debug-iphonesimulator/ProjectProfitUITests-Runner.app/PlugIns/ProjectProfitUITests.xctest/Info.plist

Ld /Users/yutaro/project-profit-ios/artifacts/release-quality/canonical-e2e/DerivedData/Build/Products/Debug-iphonesimulator/ProjectProfitUITests-Runner.app/PlugIns/ProjectProfitUITests.xctest/ProjectProfitUITests normal (in target 'ProjectProfitUITests' from project 'ProjectProfit')
    cd /Users/yutaro/project-profit-ios
    /Applications/Xcode-26.3.app/Contents/Developer/Toolchains/XcodeDefault.xctoolchain/usr/bin/clang -Xlinker -reproducible -target arm64-apple-ios17.0-simulator -bundle -isysroot /Applications/Xcode-26.3.app/Contents/Developer/Platforms/iPhoneSimulator.platform/Developer/SDKs/iPhoneSimulator26.2.sdk -O0 -L/Users/yutaro/project-profit-ios/artifacts/release-quality/canonical-e2e/DerivedData/Build/Intermediates.noindex/EagerLinkingTBDs/Debug-iphonesimulator -L/Users/yutaro/project-profit-ios/artifacts/release-quality/canonical-e2e/DerivedData/Build/Products/Debug-iphonesimulator -L/Applications/Xcode-26.3.app/Contents/Developer/Platforms/iPhoneSimulator.platform/Developer/usr/lib -F/Users/yutaro/project-profit-ios/artifacts/release-quality/canonical-e2e/DerivedData/Build/Intermediates.noindex/EagerLinkingTBDs/Debug-iphonesimulator -F/Users/yutaro/project-profit-ios/artifacts/release-quality/canonical-e2e/DerivedData/Build/Products/Debug-iphonesimulator -iframework /Applications/Xcode-26.3.app/Contents/Developer/Platforms/iPhoneSimulator.platform/Developer/Library/Frameworks -iframework /Applications/Xcode-26.3.app/Contents/Developer/Platforms/iPhoneSimulator.platform/Developer/SDKs/iPhoneSimulator26.2.sdk/Developer/Library/Frameworks -filelist /Users/yutaro/project-profit-ios/artifacts/release-quality/canonical-e2e/DerivedData/Build/Intermediates.noindex/ProjectProfit.build/Debug-iphonesimulator/ProjectProfitUITests.build/Objects-normal/arm64/ProjectProfitUITests.LinkFileList -Xlinker -rpath -Xlinker /usr/lib/swift -Xlinker -rpath -Xlinker @loader_path/Frameworks -Xlinker -rpath -Xlinker @executable_path/Frameworks -dead_strip -Xlinker -object_path_lto -Xlinker /Users/yutaro/project-profit-ios/artifacts/release-quality/canonical-e2e/DerivedData/Build/Intermediates.noindex/ProjectProfit.build/Debug-iphonesimulator/ProjectProfitUITests.build/Objects-normal/arm64/ProjectProfitUITests_lto.o -rdynamic -Xlinker -no_deduplicate -Xlinker -objc_abi_version -Xlinker 2 -Xlinker -debug_variant -Xlinker -dependency_info -Xlinker /Users/yutaro/project-profit-ios/artifacts/release-quality/canonical-e2e/DerivedData/Build/Intermediates.noindex/ProjectProfit.build/Debug-iphonesimulator/ProjectProfitUITests.build/Objects-normal/arm64/ProjectProfitUITests_dependency_info.dat -fobjc-link-runtime -fprofile-instr-generate -L/Applications/Xcode-26.3.app/Contents/Developer/Toolchains/XcodeDefault.xctoolchain/usr/lib/swift/iphonesimulator -L/usr/lib/swift -Xlinker -add_ast_path -Xlinker /Users/yutaro/project-profit-ios/artifacts/release-quality/canonical-e2e/DerivedData/Build/Intermediates.noindex/ProjectProfit.build/Debug-iphonesimulator/ProjectProfitUITests.build/Objects-normal/arm64/ProjectProfitUITests.swiftmodule @/Users/yutaro/project-profit-ios/artifacts/release-quality/canonical-e2e/DerivedData/Build/Intermediates.noindex/ProjectProfit.build/Debug-iphonesimulator/ProjectProfitUITests.build/Objects-normal/arm64/ProjectProfitUITests-linker-args.resp -Xlinker -needed_framework -Xlinker XCTest -framework XCTest -Xlinker -needed-lXCTestSwiftSupport -lXCTestSwiftSupport -Xlinker -sectcreate -Xlinker __TEXT -Xlinker __entitlements -Xlinker /Users/yutaro/project-profit-ios/artifacts/release-quality/canonical-e2e/DerivedData/Build/Intermediates.noindex/ProjectProfit.build/Debug-iphonesimulator/ProjectProfitUITests.build/ProjectProfitUITests.xctest-Simulated.xcent -Xlinker -sectcreate -Xlinker __TEXT -Xlinker __ents_der -Xlinker /Users/yutaro/project-profit-ios/artifacts/release-quality/canonical-e2e/DerivedData/Build/Intermediates.noindex/ProjectProfit.build/Debug-iphonesimulator/ProjectProfitUITests.build/ProjectProfitUITests.xctest-Simulated.xcent.der -Xlinker -no_adhoc_codesign -o /Users/yutaro/project-profit-ios/artifacts/release-quality/canonical-e2e/DerivedData/Build/Products/Debug-iphonesimulator/ProjectProfitUITests-Runner.app/PlugIns/ProjectProfitUITests.xctest/ProjectProfitUITests

CopySwiftLibs /Users/yutaro/project-profit-ios/artifacts/release-quality/canonical-e2e/DerivedData/Build/Products/Debug-iphonesimulator/ProjectProfitUITests-Runner.app/PlugIns/ProjectProfitUITests.xctest (in target 'ProjectProfitUITests' from project 'ProjectProfit')
    cd /Users/yutaro/project-profit-ios
    builtin-swiftStdLibTool --copy --verbose --sign - --scan-executable /Users/yutaro/project-profit-ios/artifacts/release-quality/canonical-e2e/DerivedData/Build/Products/Debug-iphonesimulator/ProjectProfitUITests-Runner.app/PlugIns/ProjectProfitUITests.xctest/ProjectProfitUITests --scan-folder /Users/yutaro/project-profit-ios/artifacts/release-quality/canonical-e2e/DerivedData/Build/Products/Debug-iphonesimulator/ProjectProfitUITests-Runner.app/PlugIns/ProjectProfitUITests.xctest/Frameworks --scan-folder /Users/yutaro/project-profit-ios/artifacts/release-quality/canonical-e2e/DerivedData/Build/Products/Debug-iphonesimulator/ProjectProfitUITests-Runner.app/PlugIns/ProjectProfitUITests.xctest/PlugIns --scan-folder /Users/yutaro/project-profit-ios/artifacts/release-quality/canonical-e2e/DerivedData/Build/Products/Debug-iphonesimulator/ProjectProfitUITests-Runner.app/PlugIns/ProjectProfitUITests.xctest/SystemExtensions --scan-folder /Users/yutaro/project-profit-ios/artifacts/release-quality/canonical-e2e/DerivedData/Build/Products/Debug-iphonesimulator/ProjectProfitUITests-Runner.app/PlugIns/ProjectProfitUITests.xctest/Extensions --platform iphonesimulator --toolchain /Applications/Xcode-26.3.app/Contents/Developer/Toolchains/XcodeDefault.xctoolchain --destination /Users/yutaro/project-profit-ios/artifacts/release-quality/canonical-e2e/DerivedData/Build/Products/Debug-iphonesimulator/ProjectProfitUITests-Runner.app/PlugIns/ProjectProfitUITests.xctest/Frameworks --strip-bitcode --scan-executable /Applications/Xcode-26.3.app/Contents/Developer/Platforms/iPhoneSimulator.platform/Developer/usr/lib/libXCTestSwiftSupport.dylib --strip-bitcode-tool /Applications/Xcode-26.3.app/Contents/Developer/Toolchains/XcodeDefault.xctoolchain/usr/bin/bitcode_strip --emit-dependency-info /Users/yutaro/project-profit-ios/artifacts/release-quality/canonical-e2e/DerivedData/Build/Intermediates.noindex/ProjectProfit.build/Debug-iphonesimulator/ProjectProfitUITests.build/SwiftStdLibToolInputDependencies.dep --filter-for-swift-os

ExtractAppIntentsMetadata (in target 'ProjectProfitUITests' from project 'ProjectProfit')
    cd /Users/yutaro/project-profit-ios
    /Applications/Xcode-26.3.app/Contents/Developer/Toolchains/XcodeDefault.xctoolchain/usr/bin/appintentsmetadataprocessor --toolchain-dir /Applications/Xcode-26.3.app/Contents/Developer/Toolchains/XcodeDefault.xctoolchain --module-name ProjectProfitUITests --sdk-root /Applications/Xcode-26.3.app/Contents/Developer/Platforms/iPhoneSimulator.platform/Developer/SDKs/iPhoneSimulator26.2.sdk --xcode-version 17C519 --platform-family iOS --deployment-target 17.0 --bundle-identifier com.projectprofit.ProjectProfitUITests --output /Users/yutaro/project-profit-ios/artifacts/release-quality/canonical-e2e/DerivedData/Build/Products/Debug-iphonesimulator/ProjectProfitUITests-Runner.app/PlugIns/ProjectProfitUITests.xctest --target-triple arm64-apple-ios17.0-simulator --binary-file /Users/yutaro/project-profit-ios/artifacts/release-quality/canonical-e2e/DerivedData/Build/Products/Debug-iphonesimulator/ProjectProfitUITests-Runner.app/PlugIns/ProjectProfitUITests.xctest/ProjectProfitUITests --dependency-file /Users/yutaro/project-profit-ios/artifacts/release-quality/canonical-e2e/DerivedData/Build/Intermediates.noindex/ProjectProfit.build/Debug-iphonesimulator/ProjectProfitUITests.build/Objects-normal/arm64/ProjectProfitUITests_dependency_info.dat --stringsdata-file /Users/yutaro/project-profit-ios/artifacts/release-quality/canonical-e2e/DerivedData/Build/Intermediates.noindex/ProjectProfit.build/Debug-iphonesimulator/ProjectProfitUITests.build/Objects-normal/arm64/ExtractedAppShortcutsMetadata.stringsdata --source-file-list /Users/yutaro/project-profit-ios/artifacts/release-quality/canonical-e2e/DerivedData/Build/Intermediates.noindex/ProjectProfit.build/Debug-iphonesimulator/ProjectProfitUITests.build/Objects-normal/arm64/ProjectProfitUITests.SwiftFileList --metadata-file-list /Users/yutaro/project-profit-ios/artifacts/release-quality/canonical-e2e/DerivedData/Build/Intermediates.noindex/ProjectProfit.build/Debug-iphonesimulator/ProjectProfitUITests.build/ProjectProfitUITests.DependencyMetadataFileList --static-metadata-file-list /Users/yutaro/project-profit-ios/artifacts/release-quality/canonical-e2e/DerivedData/Build/Intermediates.noindex/ProjectProfit.build/Debug-iphonesimulator/ProjectProfitUITests.build/ProjectProfitUITests.DependencyStaticMetadataFileList --swift-const-vals-list /Users/yutaro/project-profit-ios/artifacts/release-quality/canonical-e2e/DerivedData/Build/Intermediates.noindex/ProjectProfit.build/Debug-iphonesimulator/ProjectProfitUITests.build/Objects-normal/arm64/ProjectProfitUITests.SwiftConstValuesFileList --compile-time-extraction --deployment-aware-processing --validate-assistant-intents --no-app-shortcuts-localization
2026-03-24 20:29:56.196 appintentsmetadataprocessor[90844:5016570] Starting appintentsmetadataprocessor export
2026-03-24 20:29:56.199 appintentsmetadataprocessor[90844:5016570] warning: Metadata extraction skipped. No AppIntents.framework dependency found.

AppIntentsSSUTraining (in target 'ProjectProfitUITests' from project 'ProjectProfit')
    cd /Users/yutaro/project-profit-ios
    /Applications/Xcode-26.3.app/Contents/Developer/Toolchains/XcodeDefault.xctoolchain/usr/bin/appintentsnltrainingprocessor --infoplist-path /Users/yutaro/project-profit-ios/artifacts/release-quality/canonical-e2e/DerivedData/Build/Products/Debug-iphonesimulator/ProjectProfitUITests-Runner.app/PlugIns/ProjectProfitUITests.xctest/Info.plist --temp-dir-path /Users/yutaro/project-profit-ios/artifacts/release-quality/canonical-e2e/DerivedData/Build/Intermediates.noindex/ProjectProfit.build/Debug-iphonesimulator/ProjectProfitUITests.build/ssu --bundle-id com.projectprofit.ProjectProfitUITests --product-path /Users/yutaro/project-profit-ios/artifacts/release-quality/canonical-e2e/DerivedData/Build/Products/Debug-iphonesimulator/ProjectProfitUITests-Runner.app/PlugIns/ProjectProfitUITests.xctest --extracted-metadata-path /Users/yutaro/project-profit-ios/artifacts/release-quality/canonical-e2e/DerivedData/Build/Products/Debug-iphonesimulator/ProjectProfitUITests-Runner.app/PlugIns/ProjectProfitUITests.xctest/Metadata.appintents --metadata-file-list /Users/yutaro/project-profit-ios/artifacts/release-quality/canonical-e2e/DerivedData/Build/Intermediates.noindex/ProjectProfit.build/Debug-iphonesimulator/ProjectProfitUITests.build/ProjectProfitUITests.DependencyMetadataFileList --archive-ssu-assets
2026-03-24 20:29:56.237 appintentsnltrainingprocessor[90846:5016578] Parsing options for appintentsnltrainingprocessor
2026-03-24 20:29:56.238 appintentsnltrainingprocessor[90846:5016578] No AppShortcuts found - Skipping.

Copy /Users/yutaro/project-profit-ios/artifacts/release-quality/canonical-e2e/DerivedData/Build/Products/Debug-iphonesimulator/ProjectProfitUITests-Runner.app/PkgInfo /Applications/Xcode-26.3.app/Contents/Developer/Platforms/iPhoneSimulator.platform/Developer/Library/Xcode/Agents/XCTRunner.app/PkgInfo (in target 'ProjectProfitUITests' from project 'ProjectProfit')
    cd /Users/yutaro/project-profit-ios
    builtin-copy -exclude .DS_Store -exclude CVS -exclude .svn -exclude .git -exclude .hg -resolve-src-symlinks /Applications/Xcode-26.3.app/Contents/Developer/Platforms/iPhoneSimulator.platform/Developer/Library/Xcode/Agents/XCTRunner.app/PkgInfo /Users/yutaro/project-profit-ios/artifacts/release-quality/canonical-e2e/DerivedData/Build/Products/Debug-iphonesimulator/ProjectProfitUITests-Runner.app

CopyPlistFile /Users/yutaro/project-profit-ios/artifacts/release-quality/canonical-e2e/DerivedData/Build/Products/Debug-iphonesimulator/ProjectProfitUITests-Runner.app/Info.plist /Applications/Xcode-26.3.app/Contents/Developer/Platforms/iPhoneSimulator.platform/Developer/Library/Xcode/Agents/XCTRunner.app/Info.plist (in target 'ProjectProfitUITests' from project 'ProjectProfit')
    cd /Users/yutaro/project-profit-ios
    builtin-copyPlist --validate --convert xml1 --macro-expansion WRAPPEDPRODUCTNAME ProjectProfitUITests-Runner --macro-expansion WRAPPEDPRODUCTBUNDLEIDENTIFIER com.projectprofit.ProjectProfitUITests.xctrunner --macro-expansion TESTPRODUCTNAME ProjectProfitUITests --macro-expansion TESTPRODUCTBUNDLEIDENTIFIER com.projectprofit.ProjectProfitUITests --copy-value UIDeviceFamily /Users/yutaro/project-profit-ios/artifacts/release-quality/canonical-e2e/DerivedData/Build/Products/Debug-iphonesimulator/ProjectProfitUITests-Runner.app/PlugIns/ProjectProfitUITests.xctest/Info.plist --outdir /Users/yutaro/project-profit-ios/artifacts/release-quality/canonical-e2e/DerivedData/Build/Products/Debug-iphonesimulator/ProjectProfitUITests-Runner.app -- /Applications/Xcode-26.3.app/Contents/Developer/Platforms/iPhoneSimulator.platform/Developer/Library/Xcode/Agents/XCTRunner.app/Info.plist

CopyAndPreserveArchs /Users/yutaro/project-profit-ios/artifacts/release-quality/canonical-e2e/DerivedData/Build/Products/Debug-iphonesimulator/ProjectProfitUITests-Runner.app/ProjectProfitUITests-Runner (in target 'ProjectProfitUITests' from project 'ProjectProfit')
    cd /Users/yutaro/project-profit-ios
    /Applications/Xcode-26.3.app/Contents/Developer/Toolchains/XcodeDefault.xctoolchain/usr/bin/lipo /Applications/Xcode-26.3.app/Contents/Developer/Platforms/iPhoneSimulator.platform/Developer/Library/Xcode/Agents/XCTRunner.app/XCTRunner -output /Users/yutaro/project-profit-ios/artifacts/release-quality/canonical-e2e/DerivedData/Build/Products/Debug-iphonesimulator/ProjectProfitUITests-Runner.app/ProjectProfitUITests-Runner -extract arm64

Copy /Users/yutaro/project-profit-ios/artifacts/release-quality/canonical-e2e/DerivedData/Build/Products/Debug-iphonesimulator/ProjectProfitUITests-Runner.app/Frameworks/XCUnit.framework /Applications/Xcode-26.3.app/Contents/Developer/Platforms/iPhoneSimulator.platform/Developer/Library/PrivateFrameworks/XCUnit.framework (in target 'ProjectProfitUITests' from project 'ProjectProfit')
    cd /Users/yutaro/project-profit-ios
    builtin-copy -exclude .DS_Store -exclude CVS -exclude .svn -exclude .git -exclude .hg -exclude Headers -exclude PrivateHeaders -exclude Modules -exclude \*.tbd -resolve-src-symlinks /Applications/Xcode-26.3.app/Contents/Developer/Platforms/iPhoneSimulator.platform/Developer/Library/PrivateFrameworks/XCUnit.framework /Users/yutaro/project-profit-ios/artifacts/release-quality/canonical-e2e/DerivedData/Build/Products/Debug-iphonesimulator/ProjectProfitUITests-Runner.app/Frameworks

Copy /Users/yutaro/project-profit-ios/artifacts/release-quality/canonical-e2e/DerivedData/Build/Products/Debug-iphonesimulator/ProjectProfitUITests-Runner.app/Frameworks/libXCTestSwiftSupport.dylib /Applications/Xcode-26.3.app/Contents/Developer/Platforms/iPhoneSimulator.platform/Developer/usr/lib/libXCTestSwiftSupport.dylib (in target 'ProjectProfitUITests' from project 'ProjectProfit')
    cd /Users/yutaro/project-profit-ios
    builtin-copy -exclude .DS_Store -exclude CVS -exclude .svn -exclude .git -exclude .hg -exclude Headers -exclude PrivateHeaders -exclude Modules -exclude \*.tbd -resolve-src-symlinks /Applications/Xcode-26.3.app/Contents/Developer/Platforms/iPhoneSimulator.platform/Developer/usr/lib/libXCTestSwiftSupport.dylib /Users/yutaro/project-profit-ios/artifacts/release-quality/canonical-e2e/DerivedData/Build/Products/Debug-iphonesimulator/ProjectProfitUITests-Runner.app/Frameworks

MkDir /Users/yutaro/project-profit-ios/artifacts/release-quality/canonical-e2e/DerivedData/Build/Products/Debug-iphonesimulator/ProjectProfitUITests-Runner.app (in target 'ProjectProfitUITests' from project 'ProjectProfit')
    cd /Users/yutaro/project-profit-ios
    /bin/mkdir -p /Users/yutaro/project-profit-ios/artifacts/release-quality/canonical-e2e/DerivedData/Build/Products/Debug-iphonesimulator/ProjectProfitUITests-Runner.app

Copy /Users/yutaro/project-profit-ios/artifacts/release-quality/canonical-e2e/DerivedData/Build/Products/Debug-iphonesimulator/ProjectProfitUITests-Runner.app/Frameworks/XCUIAutomation.framework /Applications/Xcode-26.3.app/Contents/Developer/Platforms/iPhoneSimulator.platform/Developer/Library/Frameworks/XCUIAutomation.framework (in target 'ProjectProfitUITests' from project 'ProjectProfit')
    cd /Users/yutaro/project-profit-ios
    builtin-copy -exclude .DS_Store -exclude CVS -exclude .svn -exclude .git -exclude .hg -exclude Headers -exclude PrivateHeaders -exclude Modules -exclude \*.tbd -resolve-src-symlinks /Applications/Xcode-26.3.app/Contents/Developer/Platforms/iPhoneSimulator.platform/Developer/Library/Frameworks/XCUIAutomation.framework /Users/yutaro/project-profit-ios/artifacts/release-quality/canonical-e2e/DerivedData/Build/Products/Debug-iphonesimulator/ProjectProfitUITests-Runner.app/Frameworks

Copy /Users/yutaro/project-profit-ios/artifacts/release-quality/canonical-e2e/DerivedData/Build/Products/Debug-iphonesimulator/ProjectProfitUITests-Runner.app/Frameworks/XCTestSupport.framework /Applications/Xcode-26.3.app/Contents/Developer/Platforms/iPhoneSimulator.platform/Developer/Library/PrivateFrameworks/XCTestSupport.framework (in target 'ProjectProfitUITests' from project 'ProjectProfit')
    cd /Users/yutaro/project-profit-ios
    builtin-copy -exclude .DS_Store -exclude CVS -exclude .svn -exclude .git -exclude .hg -exclude Headers -exclude PrivateHeaders -exclude Modules -exclude \*.tbd -resolve-src-symlinks /Applications/Xcode-26.3.app/Contents/Developer/Platforms/iPhoneSimulator.platform/Developer/Library/PrivateFrameworks/XCTestSupport.framework /Users/yutaro/project-profit-ios/artifacts/release-quality/canonical-e2e/DerivedData/Build/Products/Debug-iphonesimulator/ProjectProfitUITests-Runner.app/Frameworks

Copy /Users/yutaro/project-profit-ios/artifacts/release-quality/canonical-e2e/DerivedData/Build/Products/Debug-iphonesimulator/ProjectProfitUITests-Runner.app/Frameworks/XCTestCore.framework /Applications/Xcode-26.3.app/Contents/Developer/Platforms/iPhoneSimulator.platform/Developer/Library/PrivateFrameworks/XCTestCore.framework (in target 'ProjectProfitUITests' from project 'ProjectProfit')
    cd /Users/yutaro/project-profit-ios
    builtin-copy -exclude .DS_Store -exclude CVS -exclude .svn -exclude .git -exclude .hg -exclude Headers -exclude PrivateHeaders -exclude Modules -exclude \*.tbd -resolve-src-symlinks /Applications/Xcode-26.3.app/Contents/Developer/Platforms/iPhoneSimulator.platform/Developer/Library/PrivateFrameworks/XCTestCore.framework /Users/yutaro/project-profit-ios/artifacts/release-quality/canonical-e2e/DerivedData/Build/Products/Debug-iphonesimulator/ProjectProfitUITests-Runner.app/Frameworks

Copy /Users/yutaro/project-profit-ios/artifacts/release-quality/canonical-e2e/DerivedData/Build/Products/Debug-iphonesimulator/ProjectProfitUITests-Runner.app/Frameworks/XCTest.framework /Applications/Xcode-26.3.app/Contents/Developer/Platforms/iPhoneSimulator.platform/Developer/Library/Frameworks/XCTest.framework (in target 'ProjectProfitUITests' from project 'ProjectProfit')
    cd /Users/yutaro/project-profit-ios
    builtin-copy -exclude .DS_Store -exclude CVS -exclude .svn -exclude .git -exclude .hg -exclude Headers -exclude PrivateHeaders -exclude Modules -exclude \*.tbd -resolve-src-symlinks /Applications/Xcode-26.3.app/Contents/Developer/Platforms/iPhoneSimulator.platform/Developer/Library/Frameworks/XCTest.framework /Users/yutaro/project-profit-ios/artifacts/release-quality/canonical-e2e/DerivedData/Build/Products/Debug-iphonesimulator/ProjectProfitUITests-Runner.app/Frameworks

Copy /Users/yutaro/project-profit-ios/artifacts/release-quality/canonical-e2e/DerivedData/Build/Products/Debug-iphonesimulator/ProjectProfitUITests-Runner.app/Frameworks/XCTAutomationSupport.framework /Applications/Xcode-26.3.app/Contents/Developer/Platforms/iPhoneSimulator.platform/Developer/Library/PrivateFrameworks/XCTAutomationSupport.framework (in target 'ProjectProfitUITests' from project 'ProjectProfit')
    cd /Users/yutaro/project-profit-ios
    builtin-copy -exclude .DS_Store -exclude CVS -exclude .svn -exclude .git -exclude .hg -exclude Headers -exclude PrivateHeaders -exclude Modules -exclude \*.tbd -resolve-src-symlinks /Applications/Xcode-26.3.app/Contents/Developer/Platforms/iPhoneSimulator.platform/Developer/Library/PrivateFrameworks/XCTAutomationSupport.framework /Users/yutaro/project-profit-ios/artifacts/release-quality/canonical-e2e/DerivedData/Build/Products/Debug-iphonesimulator/ProjectProfitUITests-Runner.app/Frameworks

Copy /Users/yutaro/project-profit-ios/artifacts/release-quality/canonical-e2e/DerivedData/Build/Products/Debug-iphonesimulator/ProjectProfitUITests-Runner.app/Frameworks/Testing.framework /Applications/Xcode-26.3.app/Contents/Developer/Platforms/iPhoneSimulator.platform/Developer/Library/Frameworks/Testing.framework (in target 'ProjectProfitUITests' from project 'ProjectProfit')
    cd /Users/yutaro/project-profit-ios
    builtin-copy -exclude .DS_Store -exclude CVS -exclude .svn -exclude .git -exclude .hg -exclude Headers -exclude PrivateHeaders -exclude Modules -exclude \*.tbd -resolve-src-symlinks /Applications/Xcode-26.3.app/Contents/Developer/Platforms/iPhoneSimulator.platform/Developer/Library/Frameworks/Testing.framework /Users/yutaro/project-profit-ios/artifacts/release-quality/canonical-e2e/DerivedData/Build/Products/Debug-iphonesimulator/ProjectProfitUITests-Runner.app/Frameworks

CodeSign /Users/yutaro/project-profit-ios/artifacts/release-quality/canonical-e2e/DerivedData/Build/Products/Debug-iphonesimulator/ProjectProfitUITests-Runner.app/PlugIns/ProjectProfitUITests.xctest (in target 'ProjectProfitUITests' from project 'ProjectProfit')
    cd /Users/yutaro/project-profit-ios
    
    Signing Identity:     "Sign to Run Locally"
    
    /usr/bin/codesign --force --sign - --timestamp\=none --generate-entitlement-der /Users/yutaro/project-profit-ios/artifacts/release-quality/canonical-e2e/DerivedData/Build/Products/Debug-iphonesimulator/ProjectProfitUITests-Runner.app/PlugIns/ProjectProfitUITests.xctest

CodeSign /Users/yutaro/project-profit-ios/artifacts/release-quality/canonical-e2e/DerivedData/Build/Products/Debug-iphonesimulator/ProjectProfitUITests-Runner.app (in target 'ProjectProfitUITests' from project 'ProjectProfit')
    cd /Users/yutaro/project-profit-ios
    
    Signing Identity:     "Sign to Run Locally"
    
    /usr/bin/codesign --force --sign - --timestamp\=none --generate-entitlement-der /Users/yutaro/project-profit-ios/artifacts/release-quality/canonical-e2e/DerivedData/Build/Products/Debug-iphonesimulator/ProjectProfitUITests-Runner.app
/Users/yutaro/project-profit-ios/artifacts/release-quality/canonical-e2e/DerivedData/Build/Products/Debug-iphonesimulator/ProjectProfitUITests-Runner.app: replacing existing signature

RegisterExecutionPolicyException /Users/yutaro/project-profit-ios/artifacts/release-quality/canonical-e2e/DerivedData/Build/Products/Debug-iphonesimulator/ProjectProfitUITests-Runner.app/PlugIns/ProjectProfitUITests.xctest (in target 'ProjectProfitUITests' from project 'ProjectProfit')
    cd /Users/yutaro/project-profit-ios
    builtin-RegisterExecutionPolicyException /Users/yutaro/project-profit-ios/artifacts/release-quality/canonical-e2e/DerivedData/Build/Products/Debug-iphonesimulator/ProjectProfitUITests-Runner.app/PlugIns/ProjectProfitUITests.xctest

Touch /Users/yutaro/project-profit-ios/artifacts/release-quality/canonical-e2e/DerivedData/Build/Products/Debug-iphonesimulator/ProjectProfitUITests-Runner.app/PlugIns/ProjectProfitUITests.xctest (in target 'ProjectProfitUITests' from project 'ProjectProfit')
    cd /Users/yutaro/project-profit-ios
    /usr/bin/touch -c /Users/yutaro/project-profit-ios/artifacts/release-quality/canonical-e2e/DerivedData/Build/Products/Debug-iphonesimulator/ProjectProfitUITests-Runner.app/PlugIns/ProjectProfitUITests.xctest

2026-03-24 20:30:42.248300+0900 ProjectProfit[91129:5019278] [General] Canonical cutover active: FeatureFlags:
  useCanonicalPosting: true
  useLegacyLedger: false
  useCanonicalEvidence: true
  useCanonicalTaxEngine: true
  useCanonicalProfileOnly: true
Test Suite 'Selected tests' started at 2026-03-24 20:30:44.561.
Test Suite 'ProjectProfitTests.xctest' started at 2026-03-24 20:30:44.562.
Test Suite 'CanonicalFlowE2ETests' started at 2026-03-24 20:30:44.562.
Test Case '-[ProjectProfitTests.CanonicalFlowE2ETests testBackupRestoreRoundTripRestoresSearchableCanonicalArtifacts]' started.
2026-03-24 20:30:44.672552+0900 ProjectProfit[91129:5019278] [AccountingBootstrap] 会計ブートストラップ開始
2026-03-24 20:30:44.674328+0900 ProjectProfit[91129:5019278] [AccountingBootstrap] Step 1: canonical プロファイルのみ作成完了（PPAccountingProfile スキップ）
2026-03-24 20:30:44.676486+0900 ProjectProfit[91129:5019278] [AccountingBootstrap] Step 2: デフォルト勘定科目 35 件作成
2026-03-24 20:30:44.676839+0900 ProjectProfit[91129:5019278] [AccountingBootstrap] Step 3: カテゴリ 14 件にアカウントをリンク
2026-03-24 20:30:44.676987+0900 ProjectProfit[91129:5019278] [AccountingBootstrap] Step 4: トランザクション 0 件のフィールドを補完
2026-03-24 20:30:44.688635+0900 ProjectProfit[91129:5019278] [AccountingBootstrap] Step 7: canonical 仕訳 0 件生成
2026-03-24 20:30:44.689636+0900 ProjectProfit[91129:5019278] [AccountingBootstrap] Step 6: 整合性チェック完了 (問題 0 件)
2026-03-24 20:30:44.690440+0900 ProjectProfit[91129:5019278] [AccountingBootstrap] 会計ブートストラップ完了: accounts=35, categories=14, journals=0
2026-03-24 20:30:44.768284+0900 ProjectProfit[91129:5019278] [DataStore] Bootstrap完了: accounts=35, journals=0
Test Case '-[ProjectProfitTests.CanonicalFlowE2ETests testBackupRestoreRoundTripRestoresSearchableCanonicalArtifacts]' passed (1.357 seconds).
Test Case '-[ProjectProfitTests.CanonicalFlowE2ETests testEvidenceApprovalFlowFeedsCanonicalJournalTrialBalanceAndEtaxPreview]' started.
2026-03-24 20:30:45.968046+0900 ProjectProfit[91129:5019278] [AccountingBootstrap] 会計ブートストラップ開始
2026-03-24 20:30:45.968613+0900 ProjectProfit[91129:5019278] [AccountingBootstrap] Step 1: canonical プロファイルのみ作成完了（PPAccountingProfile スキップ）
2026-03-24 20:30:45.969966+0900 ProjectProfit[91129:5019278] [AccountingBootstrap] Step 2: デフォルト勘定科目 35 件作成
2026-03-24 20:30:45.970205+0900 ProjectProfit[91129:5019278] [AccountingBootstrap] Step 3: カテゴリ 14 件にアカウントをリンク
2026-03-24 20:30:45.970311+0900 ProjectProfit[91129:5019278] [AccountingBootstrap] Step 4: トランザクション 0 件のフィールドを補完
2026-03-24 20:30:45.974107+0900 ProjectProfit[91129:5019278] [AccountingBootstrap] Step 7: canonical 仕訳 0 件生成
2026-03-24 20:30:45.974656+0900 ProjectProfit[91129:5019278] [AccountingBootstrap] Step 6: 整合性チェック完了 (問題 0 件)
2026-03-24 20:30:45.975074+0900 ProjectProfit[91129:5019278] [AccountingBootstrap] 会計ブートストラップ完了: accounts=35, categories=14, journals=0
2026-03-24 20:30:45.995999+0900 ProjectProfit[91129:5019278] [DataStore] Bootstrap完了: accounts=35, journals=0
Test Case '-[ProjectProfitTests.CanonicalFlowE2ETests testEvidenceApprovalFlowFeedsCanonicalJournalTrialBalanceAndEtaxPreview]' passed (0.482 seconds).
Test Case '-[ProjectProfitTests.CanonicalFlowE2ETests testMigrationRehearsalOnGoldenFixtureHasNoOrphans]' started.
2026-03-24 20:30:46.452307+0900 ProjectProfit[91129:5019278] [AccountingBootstrap] 会計ブートストラップ開始
2026-03-24 20:30:46.452887+0900 ProjectProfit[91129:5019278] [AccountingBootstrap] Step 1: canonical プロファイルのみ作成完了（PPAccountingProfile スキップ）
2026-03-24 20:30:46.454572+0900 ProjectProfit[91129:5019278] [AccountingBootstrap] Step 2: デフォルト勘定科目 35 件作成
2026-03-24 20:30:46.454850+0900 ProjectProfit[91129:5019278] [AccountingBootstrap] Step 3: カテゴリ 14 件にアカウントをリンク
2026-03-24 20:30:46.454986+0900 ProjectProfit[91129:5019278] [AccountingBootstrap] Step 4: トランザクション 0 件のフィールドを補完
2026-03-24 20:30:46.460539+0900 ProjectProfit[91129:5019278] [AccountingBootstrap] Step 7: canonical 仕訳 0 件生成
2026-03-24 20:30:46.461229+0900 ProjectProfit[91129:5019278] [AccountingBootstrap] Step 6: 整合性チェック完了 (問題 0 件)
2026-03-24 20:30:46.461790+0900 ProjectProfit[91129:5019278] [AccountingBootstrap] 会計ブートストラップ完了: accounts=35, categories=14, journals=0
2026-03-24 20:30:46.487507+0900 ProjectProfit[91129:5019278] [DataStore] Bootstrap完了: accounts=35, journals=0
2026-03-24 20:30:46.592487+0900 ProjectProfit[91129:5019278] [AccountingBootstrap] 会計ブートストラップ開始
2026-03-24 20:30:46.593134+0900 ProjectProfit[91129:5019278] [AccountingBootstrap] Step 1: canonical プロファイルのみ作成完了（PPAccountingProfile スキップ）
2026-03-24 20:30:46.594840+0900 ProjectProfit[91129:5019278] [AccountingBootstrap] Step 2: デフォルト勘定科目 35 件作成
2026-03-24 20:30:46.595115+0900 ProjectProfit[91129:5019278] [AccountingBootstrap] Step 3: カテゴリ 14 件にアカウントをリンク
2026-03-24 20:30:46.595220+0900 ProjectProfit[91129:5019278] [AccountingBootstrap] Step 4: トランザクション 0 件のフィールドを補完
2026-03-24 20:30:46.599819+0900 ProjectProfit[91129:5019278] [AccountingBootstrap] Step 7: canonical 仕訳 0 件生成
2026-03-24 20:30:46.600467+0900 ProjectProfit[91129:5019278] [AccountingBootstrap] Step 6: 整合性チェック完了 (問題 0 件)
2026-03-24 20:30:46.601049+0900 ProjectProfit[91129:5019278] [AccountingBootstrap] 会計ブートストラップ完了: accounts=35, categories=14, journals=0
2026-03-24 20:30:46.626965+0900 ProjectProfit[91129:5019278] [DataStore] Bootstrap完了: accounts=35, journals=0
Test Case '-[ProjectProfitTests.CanonicalFlowE2ETests testMigrationRehearsalOnGoldenFixtureHasNoOrphans]' passed (2.781 seconds).
Test Suite 'CanonicalFlowE2ETests' passed at 2026-03-24 20:30:49.185.
	 Executed 3 tests, with 0 failures (0 unexpected) in 4.619 (4.623) seconds
Test Suite 'DataStoreAccountingTests' started at 2026-03-24 20:30:49.185.
Test Case '-[ProjectProfitTests.DataStoreAccountingTests testAddManualJournalEntry]' started.
2026-03-24 20:30:49.215706+0900 ProjectProfit[91129:5019278] [AccountingBootstrap] 会計ブートストラップ開始
2026-03-24 20:30:49.216123+0900 ProjectProfit[91129:5019278] [AccountingBootstrap] Step 1: canonical プロファイルのみ作成完了（PPAccountingProfile スキップ）
2026-03-24 20:30:49.217283+0900 ProjectProfit[91129:5019278] [AccountingBootstrap] Step 2: デフォルト勘定科目 35 件作成
2026-03-24 20:30:49.217454+0900 ProjectProfit[91129:5019278] [AccountingBootstrap] Step 3: カテゴリ 14 件にアカウントをリンク
2026-03-24 20:30:49.217540+0900 ProjectProfit[91129:5019278] [AccountingBootstrap] Step 4: トランザクション 0 件のフィールドを補完
2026-03-24 20:30:49.221189+0900 ProjectProfit[91129:5019278] [AccountingBootstrap] Step 7: canonical 仕訳 0 件生成
2026-03-24 20:30:49.221674+0900 ProjectProfit[91129:5019278] [AccountingBootstrap] Step 6: 整合性チェック完了 (問題 0 件)
2026-03-24 20:30:49.222006+0900 ProjectProfit[91129:5019278] [AccountingBootstrap] 会計ブートストラップ完了: accounts=35, categories=14, journals=0
2026-03-24 20:30:49.239043+0900 ProjectProfit[91129:5019278] [DataStore] Bootstrap完了: accounts=35, journals=0
Test Case '-[ProjectProfitTests.DataStoreAccountingTests testAddManualJournalEntry]' passed (0.132 seconds).
Test Case '-[ProjectProfitTests.DataStoreAccountingTests testAddManualJournalEntryEmptyLines]' started.
2026-03-24 20:30:49.348425+0900 ProjectProfit[91129:5019278] [AccountingBootstrap] 会計ブートストラップ開始
2026-03-24 20:30:49.349023+0900 ProjectProfit[91129:5019278] [AccountingBootstrap] Step 1: canonical プロファイルのみ作成完了（PPAccountingProfile スキップ）
2026-03-24 20:30:49.350162+0900 ProjectProfit[91129:5019278] [AccountingBootstrap] Step 2: デフォルト勘定科目 35 件作成
2026-03-24 20:30:49.350356+0900 ProjectProfit[91129:5019278] [AccountingBootstrap] Step 3: カテゴリ 14 件にアカウントをリンク
2026-03-24 20:30:49.350450+0900 ProjectProfit[91129:5019278] [AccountingBootstrap] Step 4: トランザクション 0 件のフィールドを補完
2026-03-24 20:30:49.353802+0900 ProjectProfit[91129:5019278] [AccountingBootstrap] Step 7: canonical 仕訳 0 件生成
2026-03-24 20:30:49.354351+0900 ProjectProfit[91129:5019278] [AccountingBootstrap] Step 6: 整合性チェック完了 (問題 0 件)
2026-03-24 20:30:49.354769+0900 ProjectProfit[91129:5019278] [AccountingBootstrap] 会計ブートストラップ完了: accounts=35, categories=14, journals=0
2026-03-24 20:30:49.372560+0900 ProjectProfit[91129:5019278] [DataStore] Bootstrap完了: accounts=35, journals=0
Test Case '-[ProjectProfitTests.DataStoreAccountingTests testAddManualJournalEntryEmptyLines]' passed (0.116 seconds).
Test Case '-[ProjectProfitTests.DataStoreAccountingTests testAddManualJournalEntryUnbalanced]' started.
2026-03-24 20:30:49.465156+0900 ProjectProfit[91129:5019278] [AccountingBootstrap] 会計ブートストラップ開始
2026-03-24 20:30:49.465709+0900 ProjectProfit[91129:5019278] [AccountingBootstrap] Step 1: canonical プロファイルのみ作成完了（PPAccountingProfile スキップ）
2026-03-24 20:30:49.466821+0900 ProjectProfit[91129:5019278] [AccountingBootstrap] Step 2: デフォルト勘定科目 35 件作成
2026-03-24 20:30:49.467011+0900 ProjectProfit[91129:5019278] [AccountingBootstrap] Step 3: カテゴリ 14 件にアカウントをリンク
2026-03-24 20:30:49.467111+0900 ProjectProfit[91129:5019278] [AccountingBootstrap] Step 4: トランザクション 0 件のフィールドを補完
2026-03-24 20:30:49.470381+0900 ProjectProfit[91129:5019278] [AccountingBootstrap] Step 7: canonical 仕訳 0 件生成
2026-03-24 20:30:49.470948+0900 ProjectProfit[91129:5019278] [AccountingBootstrap] Step 6: 整合性チェック完了 (問題 0 件)
2026-03-24 20:30:49.471336+0900 ProjectProfit[91129:5019278] [AccountingBootstrap] 会計ブートストラップ完了: accounts=35, categories=14, journals=0
2026-03-24 20:30:49.488411+0900 ProjectProfit[91129:5019278] [DataStore] Bootstrap完了: accounts=35, journals=0
Test Case '-[ProjectProfitTests.DataStoreAccountingTests testAddManualJournalEntryUnbalanced]' passed (0.116 seconds).
Test Case '-[ProjectProfitTests.DataStoreAccountingTests testAddRecurringStoresCounterpartyIdAndCanonicalDisplayName]' started.
2026-03-24 20:30:49.579453+0900 ProjectProfit[91129:5019278] [AccountingBootstrap] 会計ブートストラップ開始
2026-03-24 20:30:49.579896+0900 ProjectProfit[91129:5019278] [AccountingBootstrap] Step 1: canonical プロファイルのみ作成完了（PPAccountingProfile スキップ）
2026-03-24 20:30:49.580806+0900 ProjectProfit[91129:5019278] [AccountingBootstrap] Step 2: デフォルト勘定科目 35 件作成
2026-03-24 20:30:49.580979+0900 ProjectProfit[91129:5019278] [AccountingBootstrap] Step 3: カテゴリ 14 件にアカウントをリンク
2026-03-24 20:30:49.581043+0900 ProjectProfit[91129:5019278] [AccountingBootstrap] Step 4: トランザクション 0 件のフィールドを補完
2026-03-24 20:30:49.583986+0900 ProjectProfit[91129:5019278] [AccountingBootstrap] Step 7: canonical 仕訳 0 件生成
2026-03-24 20:30:49.584422+0900 ProjectProfit[91129:5019278] [AccountingBootstrap] Step 6: 整合性チェック完了 (問題 0 件)
2026-03-24 20:30:49.584710+0900 ProjectProfit[91129:5019278] [AccountingBootstrap] 会計ブートストラップ完了: accounts=35, categories=14, journals=0
2026-03-24 20:30:49.599582+0900 ProjectProfit[91129:5019278] [DataStore] Bootstrap完了: accounts=35, journals=0
Test Case '-[ProjectProfitTests.DataStoreAccountingTests testAddRecurringStoresCounterpartyIdAndCanonicalDisplayName]' passed (0.136 seconds).
Test Case '-[ProjectProfitTests.DataStoreAccountingTests testAddTransactionStoresCounterpartyIdAndCanonicalDisplayName]' started.
2026-03-24 20:30:49.717670+0900 ProjectProfit[91129:5019278] [AccountingBootstrap] 会計ブートストラップ開始
2026-03-24 20:30:49.718203+0900 ProjectProfit[91129:5019278] [AccountingBootstrap] Step 1: canonical プロファイルのみ作成完了（PPAccountingProfile スキップ）
2026-03-24 20:30:49.719298+0900 ProjectProfit[91129:5019278] [AccountingBootstrap] Step 2: デフォルト勘定科目 35 件作成
2026-03-24 20:30:49.719485+0900 ProjectProfit[91129:5019278] [AccountingBootstrap] Step 3: カテゴリ 14 件にアカウントをリンク
2026-03-24 20:30:49.719580+0900 ProjectProfit[91129:5019278] [AccountingBootstrap] Step 4: トランザクション 0 件のフィールドを補完
2026-03-24 20:30:49.723109+0900 ProjectProfit[91129:5019278] [AccountingBootstrap] Step 7: canonical 仕訳 0 件生成
2026-03-24 20:30:49.723609+0900 ProjectProfit[91129:5019278] [AccountingBootstrap] Step 6: 整合性チェック完了 (問題 0 件)
2026-03-24 20:30:49.724009+0900 ProjectProfit[91129:5019278] [AccountingBootstrap] 会計ブートストラップ完了: accounts=35, categories=14, journals=0
2026-03-24 20:30:49.740731+0900 ProjectProfit[91129:5019278] [DataStore] Bootstrap完了: accounts=35, journals=0
Test Case '-[ProjectProfitTests.DataStoreAccountingTests testAddTransactionStoresCounterpartyIdAndCanonicalDisplayName]' passed (0.195 seconds).
Test Case '-[ProjectProfitTests.DataStoreAccountingTests testApprovePostingCandidateCreatesCanonicalJournalWithoutLegacyMirrorTransaction]' started.
2026-03-24 20:30:49.914703+0900 ProjectProfit[91129:5019278] [AccountingBootstrap] 会計ブートストラップ開始
2026-03-24 20:30:49.915177+0900 ProjectProfit[91129:5019278] [AccountingBootstrap] Step 1: canonical プロファイルのみ作成完了（PPAccountingProfile スキップ）
2026-03-24 20:30:49.916239+0900 ProjectProfit[91129:5019278] [AccountingBootstrap] Step 2: デフォルト勘定科目 35 件作成
2026-03-24 20:30:49.916430+0900 ProjectProfit[91129:5019278] [AccountingBootstrap] Step 3: カテゴリ 14 件にアカウントをリンク
2026-03-24 20:30:49.916518+0900 ProjectProfit[91129:5019278] [AccountingBootstrap] Step 4: トランザクション 0 件のフィールドを補完
2026-03-24 20:30:49.919660+0900 ProjectProfit[91129:5019278] [AccountingBootstrap] Step 7: canonical 仕訳 0 件生成
2026-03-24 20:30:49.920190+0900 ProjectProfit[91129:5019278] [AccountingBootstrap] Step 6: 整合性チェック完了 (問題 0 件)
2026-03-24 20:30:49.920539+0900 ProjectProfit[91129:5019278] [AccountingBootstrap] 会計ブートストラップ完了: accounts=35, categories=14, journals=0
2026-03-24 20:30:49.938081+0900 ProjectProfit[91129:5019278] [DataStore] Bootstrap完了: accounts=35, journals=0
Test Case '-[ProjectProfitTests.DataStoreAccountingTests testApprovePostingCandidateCreatesCanonicalJournalWithoutLegacyMirrorTransaction]' passed (0.185 seconds).
Test Case '-[ProjectProfitTests.DataStoreAccountingTests testApproveRecurringItemsCreatesCanonicalJournalWithoutLegacyMirrorTransaction]' started.
2026-03-24 20:30:50.107597+0900 ProjectProfit[91129:5019278] [AccountingBootstrap] 会計ブートストラップ開始
2026-03-24 20:30:50.108263+0900 ProjectProfit[91129:5019278] [AccountingBootstrap] Step 1: canonical プロファイルのみ作成完了（PPAccountingProfile スキップ）
2026-03-24 20:30:50.109700+0900 ProjectProfit[91129:5019278] [AccountingBootstrap] Step 2: デフォルト勘定科目 35 件作成
2026-03-24 20:30:50.109951+0900 ProjectProfit[91129:5019278] [AccountingBootstrap] Step 3: カテゴリ 14 件にアカウントをリンク
2026-03-24 20:30:50.110055+0900 ProjectProfit[91129:5019278] [AccountingBootstrap] Step 4: トランザクション 0 件のフィールドを補完
2026-03-24 20:30:50.114006+0900 ProjectProfit[91129:5019278] [AccountingBootstrap] Step 7: canonical 仕訳 0 件生成
2026-03-24 20:30:50.114591+0900 ProjectProfit[91129:5019278] [AccountingBootstrap] Step 6: 整合性チェック完了 (問題 0 件)
2026-03-24 20:30:50.114977+0900 ProjectProfit[91129:5019278] [AccountingBootstrap] 会計ブートストラップ完了: accounts=35, categories=14, journals=0
2026-03-24 20:30:50.135760+0900 ProjectProfit[91129:5019278] [DataStore] Bootstrap完了: accounts=35, journals=0
Test Case '-[ProjectProfitTests.DataStoreAccountingTests testApproveRecurringItemsCreatesCanonicalJournalWithoutLegacyMirrorTransaction]' passed (0.239 seconds).
Test Case '-[ProjectProfitTests.DataStoreAccountingTests testCanonicalExportProfilesIncludesSensitivePayloadFromSecureStore]' started.
2026-03-24 20:30:50.338950+0900 ProjectProfit[91129:5019278] [AccountingBootstrap] 会計ブートストラップ開始
2026-03-24 20:30:50.339520+0900 ProjectProfit[91129:5019278] [AccountingBootstrap] Step 1: canonical プロファイルのみ作成完了（PPAccountingProfile スキップ）
2026-03-24 20:30:50.340554+0900 ProjectProfit[91129:5019278] [AccountingBootstrap] Step 2: デフォルト勘定科目 35 件作成
2026-03-24 20:30:50.340746+0900 ProjectProfit[91129:5019278] [AccountingBootstrap] Step 3: カテゴリ 14 件にアカウントをリンク
2026-03-24 20:30:50.340823+0900 ProjectProfit[91129:5019278] [AccountingBootstrap] Step 4: トランザクション 0 件のフィールドを補完
2026-03-24 20:30:50.343883+0900 ProjectProfit[91129:5019278] [AccountingBootstrap] Step 7: canonical 仕訳 0 件生成
2026-03-24 20:30:50.344390+0900 ProjectProfit[91129:5019278] [AccountingBootstrap] Step 6: 整合性チェック完了 (問題 0 件)
2026-03-24 20:30:50.344839+0900 ProjectProfit[91129:5019278] [AccountingBootstrap] 会計ブートストラップ完了: accounts=35, categories=14, journals=0
2026-03-24 20:30:50.362133+0900 ProjectProfit[91129:5019278] [DataStore] Bootstrap完了: accounts=35, journals=0
Test Case '-[ProjectProfitTests.DataStoreAccountingTests testCanonicalExportProfilesIncludesSensitivePayloadFromSecureStore]' passed (0.082 seconds).
Test Case '-[ProjectProfitTests.DataStoreAccountingTests testCanonicalExportProfilesReturnsBusinessDefaultPaymentAccount]' started.
2026-03-24 20:30:50.422135+0900 ProjectProfit[91129:5019278] [AccountingBootstrap] 会計ブートストラップ開始
2026-03-24 20:30:50.422665+0900 ProjectProfit[91129:5019278] [AccountingBootstrap] Step 1: canonical プロファイルのみ作成完了（PPAccountingProfile スキップ）
2026-03-24 20:30:50.423823+0900 ProjectProfit[91129:5019278] [AccountingBootstrap] Step 2: デフォルト勘定科目 35 件作成
2026-03-24 20:30:50.424022+0900 ProjectProfit[91129:5019278] [AccountingBootstrap] Step 3: カテゴリ 14 件にアカウントをリンク
2026-03-24 20:30:50.424117+0900 ProjectProfit[91129:5019278] [AccountingBootstrap] Step 4: トランザクション 0 件のフィールドを補完
2026-03-24 20:30:50.427554+0900 ProjectProfit[91129:5019278] [AccountingBootstrap] Step 7: canonical 仕訳 0 件生成
2026-03-24 20:30:50.428061+0900 ProjectProfit[91129:5019278] [AccountingBootstrap] Step 6: 整合性チェック完了 (問題 0 件)
2026-03-24 20:30:50.428510+0900 ProjectProfit[91129:5019278] [AccountingBootstrap] 会計ブートストラップ完了: accounts=35, categories=14, journals=0
2026-03-24 20:30:50.446285+0900 ProjectProfit[91129:5019278] [DataStore] Bootstrap完了: accounts=35, journals=0
Test Case '-[ProjectProfitTests.DataStoreAccountingTests testCanonicalExportProfilesReturnsBusinessDefaultPaymentAccount]' passed (0.075 seconds).
Test Case '-[ProjectProfitTests.DataStoreAccountingTests testCanonicalExportProfilesReturnsNilSensitiveWhenSecureStoreEmpty]' started.
2026-03-24 20:30:50.497212+0900 ProjectProfit[91129:5019278] [AccountingBootstrap] 会計ブートストラップ開始
2026-03-24 20:30:50.497716+0900 ProjectProfit[91129:5019278] [AccountingBootstrap] Step 1: canonical プロファイルのみ作成完了（PPAccountingProfile スキップ）
2026-03-24 20:30:50.498810+0900 ProjectProfit[91129:5019278] [AccountingBootstrap] Step 2: デフォルト勘定科目 35 件作成
2026-03-24 20:30:50.498997+0900 ProjectProfit[91129:5019278] [AccountingBootstrap] Step 3: カテゴリ 14 件にアカウントをリンク
2026-03-24 20:30:50.499079+0900 ProjectProfit[91129:5019278] [AccountingBootstrap] Step 4: トランザクション 0 件のフィールドを補完
2026-03-24 20:30:50.502345+0900 ProjectProfit[91129:5019278] [AccountingBootstrap] Step 7: canonical 仕訳 0 件生成
2026-03-24 20:30:50.502895+0900 ProjectProfit[91129:5019278] [AccountingBootstrap] Step 6: 整合性チェック完了 (問題 0 件)
2026-03-24 20:30:50.503232+0900 ProjectProfit[91129:5019278] [AccountingBootstrap] 会計ブートストラップ完了: accounts=35, categories=14, journals=0
2026-03-24 20:30:50.518117+0900 ProjectProfit[91129:5019278] [DataStore] Bootstrap完了: accounts=35, journals=0
Test Case '-[ProjectProfitTests.DataStoreAccountingTests testCanonicalExportProfilesReturnsNilSensitiveWhenSecureStoreEmpty]' passed (0.097 seconds).
Test Case '-[ProjectProfitTests.DataStoreAccountingTests testCanonicalExportProfilesReturnsTaxYearSettings]' started.
2026-03-24 20:30:50.590573+0900 ProjectProfit[91129:5019278] [AccountingBootstrap] 会計ブートストラップ開始
2026-03-24 20:30:50.591046+0900 ProjectProfit[91129:5019278] [AccountingBootstrap] Step 1: canonical プロファイルのみ作成完了（PPAccountingProfile スキップ）
2026-03-24 20:30:50.591969+0900 ProjectProfit[91129:5019278] [AccountingBootstrap] Step 2: デフォルト勘定科目 35 件作成
2026-03-24 20:30:50.592119+0900 ProjectProfit[91129:5019278] [AccountingBootstrap] Step 3: カテゴリ 14 件にアカウントをリンク
2026-03-24 20:30:50.592193+0900 ProjectProfit[91129:5019278] [AccountingBootstrap] Step 4: トランザクション 0 件のフィールドを補完
2026-03-24 20:30:50.595559+0900 ProjectProfit[91129:5019278] [AccountingBootstrap] Step 7: canonical 仕訳 0 件生成
2026-03-24 20:30:50.596041+0900 ProjectProfit[91129:5019278] [AccountingBootstrap] Step 6: 整合性チェック完了 (問題 0 件)
2026-03-24 20:30:50.596369+0900 ProjectProfit[91129:5019278] [AccountingBootstrap] 会計ブートストラップ完了: accounts=35, categories=14, journals=0
2026-03-24 20:30:50.611058+0900 ProjectProfit[91129:5019278] [DataStore] Bootstrap完了: accounts=35, journals=0
Test Case '-[ProjectProfitTests.DataStoreAccountingTests testCanonicalExportProfilesReturnsTaxYearSettings]' passed (0.062 seconds).
Test Case '-[ProjectProfitTests.DataStoreAccountingTests testDataStoreMutationsDoNotModifyLegacyLedgerCounts]' started.
2026-03-24 20:30:50.649106+0900 ProjectProfit[91129:5019278] [AccountingBootstrap] 会計ブートストラップ開始
2026-03-24 20:30:50.649452+0900 ProjectProfit[91129:5019278] [AccountingBootstrap] Step 1: canonical プロファイルのみ作成完了（PPAccountingProfile スキップ）
2026-03-24 20:30:50.650135+0900 ProjectProfit[91129:5019278] [AccountingBootstrap] Step 2: デフォルト勘定科目 35 件作成
2026-03-24 20:30:50.650261+0900 ProjectProfit[91129:5019278] [AccountingBootstrap] Step 3: カテゴリ 14 件にアカウントをリンク
2026-03-24 20:30:50.650315+0900 ProjectProfit[91129:5019278] [AccountingBootstrap] Step 4: トランザクション 0 件のフィールドを補完
2026-03-24 20:30:50.652429+0900 ProjectProfit[91129:5019278] [AccountingBootstrap] Step 7: canonical 仕訳 0 件生成
2026-03-24 20:30:50.652810+0900 ProjectProfit[91129:5019278] [AccountingBootstrap] Step 6: 整合性チェック完了 (問題 0 件)
2026-03-24 20:30:50.653072+0900 ProjectProfit[91129:5019278] [AccountingBootstrap] 会計ブートストラップ完了: accounts=35, categories=14, journals=0
2026-03-24 20:30:50.665746+0900 ProjectProfit[91129:5019278] [DataStore] Bootstrap完了: accounts=35, journals=0
2026-03-24 20:30:50.697036+0900 ProjectProfit[91129:5019278] [DataStore] Legacy ledger diagnostics:
  books=1
  entries=1
  legacyJournalBooks=0
  legacyJournalEntries=0
  canonicalJournalEntries=0
  journalEntryDelta=0
2026-03-24 20:30:50.697141+0900 ProjectProfit[91129:5019278] [DataStore] Legacy ledger UI is disabled while legacy ledger data remains in store
2026-03-24 20:30:50.707506+0900 ProjectProfit[91129:5019278] [DataStore] Legacy ledger diagnostics:
  books=1
  entries=1
  legacyJournalBooks=0
  legacyJournalEntries=0
  canonicalJournalEntries=0
  journalEntryDelta=0
2026-03-24 20:30:50.707611+0900 ProjectProfit[91129:5019278] [DataStore] Legacy ledger UI is disabled while legacy ledger data remains in store
2026-03-24 20:30:50.717983+0900 ProjectProfit[91129:5019278] [DataStore] Legacy ledger diagnostics:
  books=1
  entries=1
  legacyJournalBooks=0
  legacyJournalEntries=0
  canonicalJournalEntries=0
  journalEntryDelta=0
2026-03-24 20:30:50.718087+0900 ProjectProfit[91129:5019278] [DataStore] Legacy ledger UI is disabled while legacy ledger data remains in store
2026-03-24 20:30:50.729863+0900 ProjectProfit[91129:5019278] [DataStore] Legacy ledger diagnostics:
  books=1
  entries=1
  legacyJournalBooks=0
  legacyJournalEntries=0
  canonicalJournalEntries=0
  journalEntryDelta=0
2026-03-24 20:30:50.729984+0900 ProjectProfit[91129:5019278] [DataStore] Legacy ledger UI is disabled while legacy ledger data remains in store
2026-03-24 20:30:50.766558+0900 ProjectProfit[91129:5019278] [DataStore] Legacy ledger diagnostics:
  books=1
  entries=1
  legacyJournalBooks=0
  legacyJournalEntries=0
  canonicalJournalEntries=1
  journalEntryDelta=1
2026-03-24 20:30:50.766667+0900 ProjectProfit[91129:5019278] [DataStore] Legacy ledger UI is disabled while legacy ledger data remains in store
2026-03-24 20:30:50.777234+0900 ProjectProfit[91129:5019278] [DataStore] Legacy ledger diagnostics:
  books=1
  entries=1
  legacyJournalBooks=0
  legacyJournalEntries=0
  canonicalJournalEntries=1
  journalEntryDelta=1
2026-03-24 20:30:50.777339+0900 ProjectProfit[91129:5019278] [DataStore] Legacy ledger UI is disabled while legacy ledger data remains in store
2026-03-24 20:30:50.818607+0900 ProjectProfit[91129:5019278] [DataStore] Legacy ledger diagnostics:
  books=1
  entries=1
  legacyJournalBooks=0
  legacyJournalEntries=0
  canonicalJournalEntries=1
  journalEntryDelta=1
2026-03-24 20:30:50.818713+0900 ProjectProfit[91129:5019278] [DataStore] Legacy ledger UI is disabled while legacy ledger data remains in store
Test Case '-[ProjectProfitTests.DataStoreAccountingTests testDataStoreMutationsDoNotModifyLegacyLedgerCounts]' passed (0.196 seconds).
Test Case '-[ProjectProfitTests.DataStoreAccountingTests testDefaultPaymentAccountPreferenceReturnsBusinessProfileValue]' started.
2026-03-24 20:30:50.846006+0900 ProjectProfit[91129:5019278] [AccountingBootstrap] 会計ブートストラップ開始
2026-03-24 20:30:50.846320+0900 ProjectProfit[91129:5019278] [AccountingBootstrap] Step 1: canonical プロファイルのみ作成完了（PPAccountingProfile スキップ）
2026-03-24 20:30:50.847054+0900 ProjectProfit[91129:5019278] [AccountingBootstrap] Step 2: デフォルト勘定科目 35 件作成
2026-03-24 20:30:50.847177+0900 ProjectProfit[91129:5019278] [AccountingBootstrap] Step 3: カテゴリ 14 件にアカウントをリンク
2026-03-24 20:30:50.847240+0900 ProjectProfit[91129:5019278] [AccountingBootstrap] Step 4: トランザクション 0 件のフィールドを補完
2026-03-24 20:30:50.849744+0900 ProjectProfit[91129:5019278] [AccountingBootstrap] Step 7: canonical 仕訳 0 件生成
2026-03-24 20:30:50.850156+0900 ProjectProfit[91129:5019278] [AccountingBootstrap] Step 6: 整合性チェック完了 (問題 0 件)
2026-03-24 20:30:50.850394+0900 ProjectProfit[91129:5019278] [AccountingBootstrap] 会計ブートストラップ完了: accounts=35, categories=14, journals=0
2026-03-24 20:30:50.861098+0900 ProjectProfit[91129:5019278] [DataStore] Bootstrap完了: accounts=35, journals=0
Test Case '-[ProjectProfitTests.DataStoreAccountingTests testDefaultPaymentAccountPreferenceReturnsBusinessProfileValue]' passed (0.051 seconds).
Test Case '-[ProjectProfitTests.DataStoreAccountingTests testDeleteAutoJournalEntryIsIgnored]' started.
2026-03-24 20:30:50.894246+0900 ProjectProfit[91129:5019278] [AccountingBootstrap] 会計ブートストラップ開始
2026-03-24 20:30:50.894582+0900 ProjectProfit[91129:5019278] [AccountingBootstrap] Step 1: canonical プロファイルのみ作成完了（PPAccountingProfile スキップ）
2026-03-24 20:30:50.895246+0900 ProjectProfit[91129:5019278] [AccountingBootstrap] Step 2: デフォルト勘定科目 35 件作成
2026-03-24 20:30:50.895361+0900 ProjectProfit[91129:5019278] [AccountingBootstrap] Step 3: カテゴリ 14 件にアカウントをリンク
2026-03-24 20:30:50.895424+0900 ProjectProfit[91129:5019278] [AccountingBootstrap] Step 4: トランザクション 0 件のフィールドを補完
2026-03-24 20:30:50.897766+0900 ProjectProfit[91129:5019278] [AccountingBootstrap] Step 7: canonical 仕訳 0 件生成
2026-03-24 20:30:50.898134+0900 ProjectProfit[91129:5019278] [AccountingBootstrap] Step 6: 整合性チェック完了 (問題 0 件)
2026-03-24 20:30:50.898370+0900 ProjectProfit[91129:5019278] [AccountingBootstrap] 会計ブートストラップ完了: accounts=35, categories=14, journals=0
2026-03-24 20:30:50.909387+0900 ProjectProfit[91129:5019278] [DataStore] Bootstrap完了: accounts=35, journals=0
Test Case '-[ProjectProfitTests.DataStoreAccountingTests testDeleteAutoJournalEntryIsIgnored]' passed (0.203 seconds).
Test Case '-[ProjectProfitTests.DataStoreAccountingTests testDeleteManualJournalEntry]' started.
2026-03-24 20:30:51.099856+0900 ProjectProfit[91129:5019278] [AccountingBootstrap] 会計ブートストラップ開始
2026-03-24 20:30:51.100212+0900 ProjectProfit[91129:5019278] [AccountingBootstrap] Step 1: canonical プロファイルのみ作成完了（PPAccountingProfile スキップ）
2026-03-24 20:30:51.100938+0900 ProjectProfit[91129:5019278] [AccountingBootstrap] Step 2: デフォルト勘定科目 35 件作成
2026-03-24 20:30:51.101066+0900 ProjectProfit[91129:5019278] [AccountingBootstrap] Step 3: カテゴリ 14 件にアカウントをリンク
2026-03-24 20:30:51.101129+0900 ProjectProfit[91129:5019278] [AccountingBootstrap] Step 4: トランザクション 0 件のフィールドを補完
2026-03-24 20:30:51.103578+0900 ProjectProfit[91129:5019278] [AccountingBootstrap] Step 7: canonical 仕訳 0 件生成
2026-03-24 20:30:51.103966+0900 ProjectProfit[91129:5019278] [AccountingBootstrap] Step 6: 整合性チェック完了 (問題 0 件)
2026-03-24 20:30:51.104219+0900 ProjectProfit[91129:5019278] [AccountingBootstrap] 会計ブートストラップ完了: accounts=35, categories=14, journals=0
2026-03-24 20:30:51.117600+0900 ProjectProfit[91129:5019278] [DataStore] Bootstrap完了: accounts=35, journals=0
Test Case '-[ProjectProfitTests.DataStoreAccountingTests testDeleteManualJournalEntry]' passed (0.156 seconds).
Test Case '-[ProjectProfitTests.DataStoreAccountingTests testGetAccountBalance]' started.
2026-03-24 20:30:51.281811+0900 ProjectProfit[91129:5019278] [AccountingBootstrap] 会計ブートストラップ開始
2026-03-24 20:30:51.282631+0900 ProjectProfit[91129:5019278] [AccountingBootstrap] Step 1: canonical プロファイルのみ作成完了（PPAccountingProfile スキップ）
2026-03-24 20:30:51.284344+0900 ProjectProfit[91129:5019278] [AccountingBootstrap] Step 2: デフォルト勘定科目 35 件作成
2026-03-24 20:30:51.284640+0900 ProjectProfit[91129:5019278] [AccountingBootstrap] Step 3: カテゴリ 14 件にアカウントをリンク
2026-03-24 20:30:51.284751+0900 ProjectProfit[91129:5019278] [AccountingBootstrap] Step 4: トランザクション 0 件のフィールドを補完
2026-03-24 20:30:51.290085+0900 ProjectProfit[91129:5019278] [AccountingBootstrap] Step 7: canonical 仕訳 0 件生成
2026-03-24 20:30:51.290829+0900 ProjectProfit[91129:5019278] [AccountingBootstrap] Step 6: 整合性チェック完了 (問題 0 件)
2026-03-24 20:30:51.291296+0900 ProjectProfit[91129:5019278] [AccountingBootstrap] 会計ブートストラップ完了: accounts=35, categories=14, journals=0
2026-03-24 20:30:51.316734+0900 ProjectProfit[91129:5019278] [DataStore] Bootstrap完了: accounts=35, journals=0
Test Case '-[ProjectProfitTests.DataStoreAccountingTests testGetAccountBalance]' passed (0.345 seconds).
Test Case '-[ProjectProfitTests.DataStoreAccountingTests testGetAccountBalanceWithMultipleTransactions]' started.
2026-03-24 20:30:51.604187+0900 ProjectProfit[91129:5019278] [AccountingBootstrap] 会計ブートストラップ開始
2026-03-24 20:30:51.604529+0900 ProjectProfit[91129:5019278] [AccountingBootstrap] Step 1: canonical プロファイルのみ作成完了（PPAccountingProfile スキップ）
2026-03-24 20:30:51.605298+0900 ProjectProfit[91129:5019278] [AccountingBootstrap] Step 2: デフォルト勘定科目 35 件作成
2026-03-24 20:30:51.605422+0900 ProjectProfit[91129:5019278] [AccountingBootstrap] Step 3: カテゴリ 14 件にアカウントをリンク
2026-03-24 20:30:51.605472+0900 ProjectProfit[91129:5019278] [AccountingBootstrap] Step 4: トランザクション 0 件のフィールドを補完
2026-03-24 20:30:51.607654+0900 ProjectProfit[91129:5019278] [AccountingBootstrap] Step 7: canonical 仕訳 0 件生成
2026-03-24 20:30:51.608045+0900 ProjectProfit[91129:5019278] [AccountingBootstrap] Step 6: 整合性チェック完了 (問題 0 件)
2026-03-24 20:30:51.608303+0900 ProjectProfit[91129:5019278] [AccountingBootstrap] 会計ブートストラップ完了: accounts=35, categories=14, journals=0
2026-03-24 20:30:51.620938+0900 ProjectProfit[91129:5019278] [DataStore] Bootstrap完了: accounts=35, journals=0
Test Case '-[ProjectProfitTests.DataStoreAccountingTests testGetAccountBalanceWithMultipleTransactions]' passed (0.291 seconds).
Test Case '-[ProjectProfitTests.DataStoreAccountingTests testGetLedgerEntries]' started.
2026-03-24 20:30:51.890828+0900 ProjectProfit[91129:5019278] [AccountingBootstrap] 会計ブートストラップ開始
2026-03-24 20:30:51.891175+0900 ProjectProfit[91129:5019278] [AccountingBootstrap] Step 1: canonical プロファイルのみ作成完了（PPAccountingProfile スキップ）
2026-03-24 20:30:51.891849+0900 ProjectProfit[91129:5019278] [AccountingBootstrap] Step 2: デフォルト勘定科目 35 件作成
2026-03-24 20:30:51.891968+0900 ProjectProfit[91129:5019278] [AccountingBootstrap] Step 3: カテゴリ 14 件にアカウントをリンク
2026-03-24 20:30:51.892013+0900 ProjectProfit[91129:5019278] [AccountingBootstrap] Step 4: トランザクション 0 件のフィールドを補完
2026-03-24 20:30:51.894123+0900 ProjectProfit[91129:5019278] [AccountingBootstrap] Step 7: canonical 仕訳 0 件生成
2026-03-24 20:30:51.894463+0900 ProjectProfit[91129:5019278] [AccountingBootstrap] Step 6: 整合性チェック完了 (問題 0 件)
2026-03-24 20:30:51.894688+0900 ProjectProfit[91129:5019278] [AccountingBootstrap] 会計ブートストラップ完了: accounts=35, categories=14, journals=0
2026-03-24 20:30:51.905795+0900 ProjectProfit[91129:5019278] [DataStore] Bootstrap完了: accounts=35, journals=0
Test Case '-[ProjectProfitTests.DataStoreAccountingTests testGetLedgerEntries]' passed (0.369 seconds).
Test Case '-[ProjectProfitTests.DataStoreAccountingTests testGetLedgerEntriesEmpty]' started.
2026-03-24 20:30:52.286993+0900 ProjectProfit[91129:5019278] [AccountingBootstrap] 会計ブートストラップ開始
2026-03-24 20:30:52.287601+0900 ProjectProfit[91129:5019278] [AccountingBootstrap] Step 1: canonical プロファイルのみ作成完了（PPAccountingProfile スキップ）
2026-03-24 20:30:52.289313+0900 ProjectProfit[91129:5019278] [AccountingBootstrap] Step 2: デフォルト勘定科目 35 件作成
2026-03-24 20:30:52.289608+0900 ProjectProfit[91129:5019278] [AccountingBootstrap] Step 3: カテゴリ 14 件にアカウントをリンク
2026-03-24 20:30:52.289723+0900 ProjectProfit[91129:5019278] [AccountingBootstrap] Step 4: トランザクション 0 件のフィールドを補完
2026-03-24 20:30:52.294753+0900 ProjectProfit[91129:5019278] [AccountingBootstrap] Step 7: canonical 仕訳 0 件生成
2026-03-24 20:30:52.295455+0900 ProjectProfit[91129:5019278] [AccountingBootstrap] Step 6: 整合性チェック完了 (問題 0 件)
2026-03-24 20:30:52.296054+0900 ProjectProfit[91129:5019278] [AccountingBootstrap] 会計ブートストラップ完了: accounts=35, categories=14, journals=0
2026-03-24 20:30:52.321422+0900 ProjectProfit[91129:5019278] [DataStore] Bootstrap完了: accounts=35, journals=0
Test Case '-[ProjectProfitTests.DataStoreAccountingTests testGetLedgerEntriesEmpty]' passed (0.114 seconds).
Test Case '-[ProjectProfitTests.DataStoreAccountingTests testImportTransactionsCreatesCanonicalJournalWithoutLegacyMirrorTransaction]' started.
2026-03-24 20:30:52.403432+0900 ProjectProfit[91129:5019278] [AccountingBootstrap] 会計ブートストラップ開始
2026-03-24 20:30:52.404107+0900 ProjectProfit[91129:5019278] [AccountingBootstrap] Step 1: canonical プロファイルのみ作成完了（PPAccountingProfile スキップ）
2026-03-24 20:30:52.405985+0900 ProjectProfit[91129:5019278] [AccountingBootstrap] Step 2: デフォルト勘定科目 35 件作成
2026-03-24 20:30:52.406279+0900 ProjectProfit[91129:5019278] [AccountingBootstrap] Step 3: カテゴリ 14 件にアカウントをリンク
2026-03-24 20:30:52.406381+0900 ProjectProfit[91129:5019278] [AccountingBootstrap] Step 4: トランザクション 0 件のフィールドを補完
2026-03-24 20:30:52.411744+0900 ProjectProfit[91129:5019278] [AccountingBootstrap] Step 7: canonical 仕訳 0 件生成
2026-03-24 20:30:52.412675+0900 ProjectProfit[91129:5019278] [AccountingBootstrap] Step 6: 整合性チェック完了 (問題 0 件)
2026-03-24 20:30:52.413261+0900 ProjectProfit[91129:5019278] [AccountingBootstrap] 会計ブートストラップ完了: accounts=35, categories=14, journals=0
2026-03-24 20:30:52.440113+0900 ProjectProfit[91129:5019278] [DataStore] Bootstrap完了: accounts=35, journals=0
Test Case '-[ProjectProfitTests.DataStoreAccountingTests testImportTransactionsCreatesCanonicalJournalWithoutLegacyMirrorTransaction]' passed (0.180 seconds).
Test Case '-[ProjectProfitTests.DataStoreAccountingTests testLedgerAndSubLedgerPreferCounterpartyDisplayNameResolvedById]' started.
2026-03-24 20:30:52.572168+0900 ProjectProfit[91129:5019278] [AccountingBootstrap] 会計ブートストラップ開始
2026-03-24 20:30:52.572662+0900 ProjectProfit[91129:5019278] [AccountingBootstrap] Step 1: canonical プロファイルのみ作成完了（PPAccountingProfile スキップ）
2026-03-24 20:30:52.573989+0900 ProjectProfit[91129:5019278] [AccountingBootstrap] Step 2: デフォルト勘定科目 35 件作成
2026-03-24 20:30:52.574219+0900 ProjectProfit[91129:5019278] [AccountingBootstrap] Step 3: カテゴリ 14 件にアカウントをリンク
2026-03-24 20:30:52.574325+0900 ProjectProfit[91129:5019278] [AccountingBootstrap] Step 4: トランザクション 0 件のフィールドを補完
2026-03-24 20:30:52.578533+0900 ProjectProfit[91129:5019278] [AccountingBootstrap] Step 7: canonical 仕訳 0 件生成
2026-03-24 20:30:52.579164+0900 ProjectProfit[91129:5019278] [AccountingBootstrap] Step 6: 整合性チェック完了 (問題 0 件)
2026-03-24 20:30:52.579662+0900 ProjectProfit[91129:5019278] [AccountingBootstrap] 会計ブートストラップ完了: accounts=35, categories=14, journals=0
2026-03-24 20:30:52.601704+0900 ProjectProfit[91129:5019278] [DataStore] Bootstrap完了: accounts=35, journals=0
Test Case '-[ProjectProfitTests.DataStoreAccountingTests testLedgerAndSubLedgerPreferCounterpartyDisplayNameResolvedById]' passed (0.300 seconds).
Test Case '-[ProjectProfitTests.DataStoreAccountingTests testLegacyLedgerDiagnosticsAreEmptyWithoutLegacyData]' started.
2026-03-24 20:30:52.874022+0900 ProjectProfit[91129:5019278] [AccountingBootstrap] 会計ブートストラップ開始
2026-03-24 20:30:52.874491+0900 ProjectProfit[91129:5019278] [AccountingBootstrap] Step 1: canonical プロファイルのみ作成完了（PPAccountingProfile スキップ）
2026-03-24 20:30:52.875975+0900 ProjectProfit[91129:5019278] [AccountingBootstrap] Step 2: デフォルト勘定科目 35 件作成
2026-03-24 20:30:52.876190+0900 ProjectProfit[91129:5019278] [AccountingBootstrap] Step 3: カテゴリ 14 件にアカウントをリンク
2026-03-24 20:30:52.876295+0900 ProjectProfit[91129:5019278] [AccountingBootstrap] Step 4: トランザクション 0 件のフィールドを補完
2026-03-24 20:30:52.880697+0900 ProjectProfit[91129:5019278] [AccountingBootstrap] Step 7: canonical 仕訳 0 件生成
2026-03-24 20:30:52.881270+0900 ProjectProfit[91129:5019278] [AccountingBootstrap] Step 6: 整合性チェック完了 (問題 0 件)
2026-03-24 20:30:52.881748+0900 ProjectProfit[91129:5019278] [AccountingBootstrap] 会計ブートストラップ完了: accounts=35, categories=14, journals=0
2026-03-24 20:30:52.902595+0900 ProjectProfit[91129:5019278] [DataStore] Bootstrap完了: accounts=35, journals=0
Test Case '-[ProjectProfitTests.DataStoreAccountingTests testLegacyLedgerDiagnosticsAreEmptyWithoutLegacyData]' passed (0.089 seconds).
Test Case '-[ProjectProfitTests.DataStoreAccountingTests testLegacyLedgerDiagnosticsCompareCanonicalAndLegacyJournalCounts]' started.
2026-03-24 20:30:52.962542+0900 ProjectProfit[91129:5019278] [AccountingBootstrap] 会計ブートストラップ開始
2026-03-24 20:30:52.963172+0900 ProjectProfit[91129:5019278] [AccountingBootstrap] Step 1: canonical プロファイルのみ作成完了（PPAccountingProfile スキップ）
2026-03-24 20:30:52.964491+0900 ProjectProfit[91129:5019278] [AccountingBootstrap] Step 2: デフォルト勘定科目 35 件作成
2026-03-24 20:30:52.964728+0900 ProjectProfit[91129:5019278] [AccountingBootstrap] Step 3: カテゴリ 14 件にアカウントをリンク
2026-03-24 20:30:52.964832+0900 ProjectProfit[91129:5019278] [AccountingBootstrap] Step 4: トランザクション 0 件のフィールドを補完
2026-03-24 20:30:52.968273+0900 ProjectProfit[91129:5019278] [AccountingBootstrap] Step 7: canonical 仕訳 0 件生成
2026-03-24 20:30:52.968911+0900 ProjectProfit[91129:5019278] [AccountingBootstrap] Step 6: 整合性チェック完了 (問題 0 件)
2026-03-24 20:30:52.969342+0900 ProjectProfit[91129:5019278] [AccountingBootstrap] 会計ブートストラップ完了: accounts=35, categories=14, journals=0
2026-03-24 20:30:52.989974+0900 ProjectProfit[91129:5019278] [DataStore] Bootstrap完了: accounts=35, journals=0
Test Case '-[ProjectProfitTests.DataStoreAccountingTests testLegacyLedgerDiagnosticsCompareCanonicalAndLegacyJournalCounts]' passed (0.140 seconds).
Test Case '-[ProjectProfitTests.DataStoreAccountingTests testLegacySystemTransactionMutationsDoNotAutoSyncCanonicalArtifactsWhenCanonicalPostingEnabled]' started.
2026-03-24 20:30:53.100404+0900 ProjectProfit[91129:5019278] [AccountingBootstrap] 会計ブートストラップ開始
2026-03-24 20:30:53.101058+0900 ProjectProfit[91129:5019278] [AccountingBootstrap] Step 1: canonical プロファイルのみ作成完了（PPAccountingProfile スキップ）
2026-03-24 20:30:53.102298+0900 ProjectProfit[91129:5019278] [AccountingBootstrap] Step 2: デフォルト勘定科目 35 件作成
2026-03-24 20:30:53.102527+0900 ProjectProfit[91129:5019278] [AccountingBootstrap] Step 3: カテゴリ 14 件にアカウントをリンク
2026-03-24 20:30:53.102638+0900 ProjectProfit[91129:5019278] [AccountingBootstrap] Step 4: トランザクション 0 件のフィールドを補完
2026-03-24 20:30:53.106265+0900 ProjectProfit[91129:5019278] [AccountingBootstrap] Step 7: canonical 仕訳 0 件生成
2026-03-24 20:30:53.106759+0900 ProjectProfit[91129:5019278] [AccountingBootstrap] Step 6: 整合性チェック完了 (問題 0 件)
2026-03-24 20:30:53.107140+0900 ProjectProfit[91129:5019278] [AccountingBootstrap] 会計ブートストラップ完了: accounts=35, categories=14, journals=0
2026-03-24 20:30:53.126133+0900 ProjectProfit[91129:5019278] [DataStore] Bootstrap完了: accounts=35, journals=0
Test Case '-[ProjectProfitTests.DataStoreAccountingTests testLegacySystemTransactionMutationsDoNotAutoSyncCanonicalArtifactsWhenCanonicalPostingEnabled]' passed (0.278 seconds).
Test Case '-[ProjectProfitTests.DataStoreAccountingTests testLoadDataBackfillsTransactionTaxCodeIdFromLegacyFields]' started.
2026-03-24 20:30:53.379245+0900 ProjectProfit[91129:5019278] [AccountingBootstrap] 会計ブートストラップ開始
2026-03-24 20:30:53.379824+0900 ProjectProfit[91129:5019278] [AccountingBootstrap] Step 1: canonical プロファイルのみ作成完了（PPAccountingProfile スキップ）
2026-03-24 20:30:53.380939+0900 ProjectProfit[91129:5019278] [AccountingBootstrap] Step 2: デフォルト勘定科目 35 件作成
2026-03-24 20:30:53.381127+0900 ProjectProfit[91129:5019278] [AccountingBootstrap] Step 3: カテゴリ 14 件にアカウントをリンク
2026-03-24 20:30:53.381221+0900 ProjectProfit[91129:5019278] [AccountingBootstrap] Step 4: トランザクション 0 件のフィールドを補完
2026-03-24 20:30:53.384414+0900 ProjectProfit[91129:5019278] [AccountingBootstrap] Step 7: canonical 仕訳 0 件生成
2026-03-24 20:30:53.384972+0900 ProjectProfit[91129:5019278] [AccountingBootstrap] Step 6: 整合性チェック完了 (問題 0 件)
2026-03-24 20:30:53.385331+0900 ProjectProfit[91129:5019278] [AccountingBootstrap] 会計ブートストラップ完了: accounts=35, categories=14, journals=0
2026-03-24 20:30:53.404852+0900 ProjectProfit[91129:5019278] [DataStore] Bootstrap完了: accounts=35, journals=0
Test Case '-[ProjectProfitTests.DataStoreAccountingTests testLoadDataBackfillsTransactionTaxCodeIdFromLegacyFields]' passed (0.100 seconds).
Test Case '-[ProjectProfitTests.DataStoreAccountingTests testLoadDataSeedsCanonicalAccountsForLegacyAccounts]' started.
2026-03-24 20:30:53.480761+0900 ProjectProfit[91129:5019278] [AccountingBootstrap] 会計ブートストラップ開始
2026-03-24 20:30:53.481388+0900 ProjectProfit[91129:5019278] [AccountingBootstrap] Step 1: canonical プロファイルのみ作成完了（PPAccountingProfile スキップ）
2026-03-24 20:30:53.482599+0900 ProjectProfit[91129:5019278] [AccountingBootstrap] Step 2: デフォルト勘定科目 35 件作成
2026-03-24 20:30:53.482797+0900 ProjectProfit[91129:5019278] [AccountingBootstrap] Step 3: カテゴリ 14 件にアカウントをリンク
2026-03-24 20:30:53.482884+0900 ProjectProfit[91129:5019278] [AccountingBootstrap] Step 4: トランザクション 0 件のフィールドを補完
2026-03-24 20:30:53.485801+0900 ProjectProfit[91129:5019278] [AccountingBootstrap] Step 7: canonical 仕訳 0 件生成
2026-03-24 20:30:53.486333+0900 ProjectProfit[91129:5019278] [AccountingBootstrap] Step 6: 整合性チェック完了 (問題 0 件)
2026-03-24 20:30:53.486688+0900 ProjectProfit[91129:5019278] [AccountingBootstrap] 会計ブートストラップ完了: accounts=35, categories=14, journals=0
2026-03-24 20:30:53.503175+0900 ProjectProfit[91129:5019278] [DataStore] Bootstrap完了: accounts=35, journals=0
Test Case '-[ProjectProfitTests.DataStoreAccountingTests testLoadDataSeedsCanonicalAccountsForLegacyAccounts]' passed (0.077 seconds).
Test Case '-[ProjectProfitTests.DataStoreAccountingTests testProfileSensitivePayloadLoadsFromCanonicalSecureStore]' started.
2026-03-24 20:30:53.554790+0900 ProjectProfit[91129:5019278] [AccountingBootstrap] 会計ブートストラップ開始
2026-03-24 20:30:53.555351+0900 ProjectProfit[91129:5019278] [AccountingBootstrap] Step 1: canonical プロファイルのみ作成完了（PPAccountingProfile スキップ）
2026-03-24 20:30:53.556427+0900 ProjectProfit[91129:5019278] [AccountingBootstrap] Step 2: デフォルト勘定科目 35 件作成
2026-03-24 20:30:53.556591+0900 ProjectProfit[91129:5019278] [AccountingBootstrap] Step 3: カテゴリ 14 件にアカウントをリンク
2026-03-24 20:30:53.556650+0900 ProjectProfit[91129:5019278] [AccountingBootstrap] Step 4: トランザクション 0 件のフィールドを補完
2026-03-24 20:30:53.559485+0900 ProjectProfit[91129:5019278] [AccountingBootstrap] Step 7: canonical 仕訳 0 件生成
2026-03-24 20:30:53.560013+0900 ProjectProfit[91129:5019278] [AccountingBootstrap] Step 6: 整合性チェック完了 (問題 0 件)
2026-03-24 20:30:53.560366+0900 ProjectProfit[91129:5019278] [AccountingBootstrap] 会計ブートストラップ完了: accounts=35, categories=14, journals=0
2026-03-24 20:30:53.578393+0900 ProjectProfit[91129:5019278] [DataStore] Bootstrap完了: accounts=35, journals=0
Test Case '-[ProjectProfitTests.DataStoreAccountingTests testProfileSensitivePayloadLoadsFromCanonicalSecureStore]' passed (0.082 seconds).
Test Case '-[ProjectProfitTests.DataStoreAccountingTests testProfileSensitivePayloadReturnsNilWithoutBusinessProfile]' started.
2026-03-24 20:30:53.641226+0900 ProjectProfit[91129:5019278] [AccountingBootstrap] 会計ブートストラップ開始
2026-03-24 20:30:53.641883+0900 ProjectProfit[91129:5019278] [AccountingBootstrap] Step 1: canonical プロファイルのみ作成完了（PPAccountingProfile スキップ）
2026-03-24 20:30:53.643579+0900 ProjectProfit[91129:5019278] [AccountingBootstrap] Step 2: デフォルト勘定科目 35 件作成
2026-03-24 20:30:53.643812+0900 ProjectProfit[91129:5019278] [AccountingBootstrap] Step 3: カテゴリ 14 件にアカウントをリンク
2026-03-24 20:30:53.643933+0900 ProjectProfit[91129:5019278] [AccountingBootstrap] Step 4: トランザクション 0 件のフィールドを補完
2026-03-24 20:30:53.647924+0900 ProjectProfit[91129:5019278] [AccountingBootstrap] Step 7: canonical 仕訳 0 件生成
2026-03-24 20:30:53.648528+0900 ProjectProfit[91129:5019278] [AccountingBootstrap] Step 6: 整合性チェック完了 (問題 0 件)
2026-03-24 20:30:53.648998+0900 ProjectProfit[91129:5019278] [AccountingBootstrap] 会計ブートストラップ完了: accounts=35, categories=14, journals=0
2026-03-24 20:30:53.669366+0900 ProjectProfit[91129:5019278] [DataStore] Bootstrap完了: accounts=35, journals=0
Test Case '-[ProjectProfitTests.DataStoreAccountingTests testProfileSensitivePayloadReturnsNilWithoutBusinessProfile]' passed (0.086 seconds).
Test Case '-[ProjectProfitTests.DataStoreAccountingTests testProjectedCanonicalJournalsIncludeApprovedEvidenceJournal]' started.
2026-03-24 20:30:53.729225+0900 ProjectProfit[91129:5019278] [AccountingBootstrap] 会計ブートストラップ開始
2026-03-24 20:30:53.729692+0900 ProjectProfit[91129:5019278] [AccountingBootstrap] Step 1: canonical プロファイルのみ作成完了（PPAccountingProfile スキップ）
2026-03-24 20:30:53.731234+0900 ProjectProfit[91129:5019278] [AccountingBootstrap] Step 2: デフォルト勘定科目 35 件作成
2026-03-24 20:30:53.731449+0900 ProjectProfit[91129:5019278] [AccountingBootstrap] Step 3: カテゴリ 14 件にアカウントをリンク
2026-03-24 20:30:53.731538+0900 ProjectProfit[91129:5019278] [AccountingBootstrap] Step 4: トランザクション 0 件のフィールドを補完
2026-03-24 20:30:53.735208+0900 ProjectProfit[91129:5019278] [AccountingBootstrap] Step 7: canonical 仕訳 0 件生成
2026-03-24 20:30:53.735782+0900 ProjectProfit[91129:5019278] [AccountingBootstrap] Step 6: 整合性チェック完了 (問題 0 件)
2026-03-24 20:30:53.736169+0900 ProjectProfit[91129:5019278] [AccountingBootstrap] 会計ブートストラップ完了: accounts=35, categories=14, journals=0
2026-03-24 20:30:53.755740+0900 ProjectProfit[91129:5019278] [DataStore] Bootstrap完了: accounts=35, journals=0
Test Case '-[ProjectProfitTests.DataStoreAccountingTests testProjectedCanonicalJournalsIncludeApprovedEvidenceJournal]' passed (0.156 seconds).
Test Case '-[ProjectProfitTests.DataStoreAccountingTests testProjectedCanonicalJournalsRetainLegacyManualEntries]' started.
2026-03-24 20:30:53.885683+0900 ProjectProfit[91129:5019278] [AccountingBootstrap] 会計ブートストラップ開始
2026-03-24 20:30:53.886268+0900 ProjectProfit[91129:5019278] [AccountingBootstrap] Step 1: canonical プロファイルのみ作成完了（PPAccountingProfile スキップ）
2026-03-24 20:30:53.887755+0900 ProjectProfit[91129:5019278] [AccountingBootstrap] Step 2: デフォルト勘定科目 35 件作成
2026-03-24 20:30:53.887995+0900 ProjectProfit[91129:5019278] [AccountingBootstrap] Step 3: カテゴリ 14 件にアカウントをリンク
2026-03-24 20:30:53.888098+0900 ProjectProfit[91129:5019278] [AccountingBootstrap] Step 4: トランザクション 0 件のフィールドを補完
2026-03-24 20:30:53.891852+0900 ProjectProfit[91129:5019278] [AccountingBootstrap] Step 7: canonical 仕訳 0 件生成
2026-03-24 20:30:53.892390+0900 ProjectProfit[91129:5019278] [AccountingBootstrap] Step 6: 整合性チェック完了 (問題 0 件)
2026-03-24 20:30:53.892807+0900 ProjectProfit[91129:5019278] [AccountingBootstrap] 会計ブートストラップ完了: accounts=35, categories=14, journals=0
2026-03-24 20:30:53.913083+0900 ProjectProfit[91129:5019278] [DataStore] Bootstrap完了: accounts=35, journals=0
Test Case '-[ProjectProfitTests.DataStoreAccountingTests testProjectedCanonicalJournalsRetainLegacyManualEntries]' passed (0.132 seconds).
Test Case '-[ProjectProfitTests.DataStoreAccountingTests testSaveManualPostingCandidateCreatesDraftWithoutLegacyTransaction]' started.
2026-03-24 20:30:54.011947+0900 ProjectProfit[91129:5019278] [AccountingBootstrap] 会計ブートストラップ開始
2026-03-24 20:30:54.012440+0900 ProjectProfit[91129:5019278] [AccountingBootstrap] Step 1: canonical プロファイルのみ作成完了（PPAccountingProfile スキップ）
2026-03-24 20:30:54.013465+0900 ProjectProfit[91129:5019278] [AccountingBootstrap] Step 2: デフォルト勘定科目 35 件作成
2026-03-24 20:30:54.013654+0900 ProjectProfit[91129:5019278] [AccountingBootstrap] Step 3: カテゴリ 14 件にアカウントをリンク
2026-03-24 20:30:54.013738+0900 ProjectProfit[91129:5019278] [AccountingBootstrap] Step 4: トランザクション 0 件のフィールドを補完
2026-03-24 20:30:54.017135+0900 ProjectProfit[91129:5019278] [AccountingBootstrap] Step 7: canonical 仕訳 0 件生成
2026-03-24 20:30:54.017610+0900 ProjectProfit[91129:5019278] [AccountingBootstrap] Step 6: 整合性チェック完了 (問題 0 件)
2026-03-24 20:30:54.017930+0900 ProjectProfit[91129:5019278] [AccountingBootstrap] 会計ブートストラップ完了: accounts=35, categories=14, journals=0
2026-03-24 20:30:54.034500+0900 ProjectProfit[91129:5019278] [DataStore] Bootstrap完了: accounts=35, journals=0
Test Case '-[ProjectProfitTests.DataStoreAccountingTests testSaveManualPostingCandidateCreatesDraftWithoutLegacyTransaction]' passed (0.122 seconds).
Test Case '-[ProjectProfitTests.DataStoreAccountingTests testSaveManualPostingCandidateSplitsProjectAllocationsAcrossLines]' started.
2026-03-24 20:30:54.135299+0900 ProjectProfit[91129:5019278] [AccountingBootstrap] 会計ブートストラップ開始
2026-03-24 20:30:54.135853+0900 ProjectProfit[91129:5019278] [AccountingBootstrap] Step 1: canonical プロファイルのみ作成完了（PPAccountingProfile スキップ）
2026-03-24 20:30:54.136846+0900 ProjectProfit[91129:5019278] [AccountingBootstrap] Step 2: デフォルト勘定科目 35 件作成
2026-03-24 20:30:54.137023+0900 ProjectProfit[91129:5019278] [AccountingBootstrap] Step 3: カテゴリ 14 件にアカウントをリンク
2026-03-24 20:30:54.137108+0900 ProjectProfit[91129:5019278] [AccountingBootstrap] Step 4: トランザクション 0 件のフィールドを補完
2026-03-24 20:30:54.140382+0900 ProjectProfit[91129:5019278] [AccountingBootstrap] Step 7: canonical 仕訳 0 件生成
2026-03-24 20:30:54.140863+0900 ProjectProfit[91129:5019278] [AccountingBootstrap] Step 6: 整合性チェック完了 (問題 0 件)
2026-03-24 20:30:54.141199+0900 ProjectProfit[91129:5019278] [AccountingBootstrap] 会計ブートストラップ完了: accounts=35, categories=14, journals=0
2026-03-24 20:30:54.157356+0900 ProjectProfit[91129:5019278] [DataStore] Bootstrap完了: accounts=35, journals=0
Test Case '-[ProjectProfitTests.DataStoreAccountingTests testSaveManualPostingCandidateSplitsProjectAllocationsAcrossLines]' passed (0.142 seconds).
Test Case '-[ProjectProfitTests.DataStoreAccountingTests testSyncCanonicalArtifactsCreatesAndUpsertsCanonicalPostingWhenLegacyAccountIdsAreUUIDStrings]' started.
2026-03-24 20:30:54.279895+0900 ProjectProfit[91129:5019278] [AccountingBootstrap] 会計ブートストラップ開始
2026-03-24 20:30:54.280418+0900 ProjectProfit[91129:5019278] [AccountingBootstrap] Step 1: canonical プロファイルのみ作成完了（PPAccountingProfile スキップ）
2026-03-24 20:30:54.281464+0900 ProjectProfit[91129:5019278] [AccountingBootstrap] Step 2: デフォルト勘定科目 35 件作成
2026-03-24 20:30:54.281659+0900 ProjectProfit[91129:5019278] [AccountingBootstrap] Step 3: カテゴリ 14 件にアカウントをリンク
2026-03-24 20:30:54.281754+0900 ProjectProfit[91129:5019278] [AccountingBootstrap] Step 4: トランザクション 0 件のフィールドを補完
2026-03-24 20:30:54.285123+0900 ProjectProfit[91129:5019278] [AccountingBootstrap] Step 7: canonical 仕訳 0 件生成
2026-03-24 20:30:54.285599+0900 ProjectProfit[91129:5019278] [AccountingBootstrap] Step 6: 整合性チェック完了 (問題 0 件)
2026-03-24 20:30:54.285981+0900 ProjectProfit[91129:5019278] [AccountingBootstrap] 会計ブートストラップ完了: accounts=35, categories=14, journals=0
2026-03-24 20:30:54.305196+0900 ProjectProfit[91129:5019278] [DataStore] Bootstrap完了: accounts=35, journals=0
Test Case '-[ProjectProfitTests.DataStoreAccountingTests testSyncCanonicalArtifactsCreatesAndUpsertsCanonicalPostingWhenLegacyAccountIdsAreUUIDStrings]' passed (0.543 seconds).
Test Case '-[ProjectProfitTests.DataStoreAccountingTests testSyncCanonicalArtifactsCreatesPostingForDefaultLegacyAccountIds]' started.
2026-03-24 20:30:54.822040+0900 ProjectProfit[91129:5019278] [AccountingBootstrap] 会計ブートストラップ開始
2026-03-24 20:30:54.822568+0900 ProjectProfit[91129:5019278] [AccountingBootstrap] Step 1: canonical プロファイルのみ作成完了（PPAccountingProfile スキップ）
2026-03-24 20:30:54.823898+0900 ProjectProfit[91129:5019278] [AccountingBootstrap] Step 2: デフォルト勘定科目 35 件作成
2026-03-24 20:30:54.824099+0900 ProjectProfit[91129:5019278] [AccountingBootstrap] Step 3: カテゴリ 14 件にアカウントをリンク
2026-03-24 20:30:54.824181+0900 ProjectProfit[91129:5019278] [AccountingBootstrap] Step 4: トランザクション 0 件のフィールドを補完
2026-03-24 20:30:54.827381+0900 ProjectProfit[91129:5019278] [AccountingBootstrap] Step 7: canonical 仕訳 0 件生成
2026-03-24 20:30:54.827933+0900 ProjectProfit[91129:5019278] [AccountingBootstrap] Step 6: 整合性チェック完了 (問題 0 件)
2026-03-24 20:30:54.828286+0900 ProjectProfit[91129:5019278] [AccountingBootstrap] 会計ブートストラップ完了: accounts=35, categories=14, journals=0
2026-03-24 20:30:54.845277+0900 ProjectProfit[91129:5019278] [DataStore] Bootstrap完了: accounts=35, journals=0
Test Case '-[ProjectProfitTests.DataStoreAccountingTests testSyncCanonicalArtifactsCreatesPostingForDefaultLegacyAccountIds]' passed (0.361 seconds).
Test Case '-[ProjectProfitTests.DataStoreAccountingTests testSyncCanonicalArtifactsFallsBackToCanonicalAccountDefaultTaxCode]' started.
2026-03-24 20:30:55.199151+0900 ProjectProfit[91129:5019278] [AccountingBootstrap] 会計ブートストラップ開始
2026-03-24 20:30:55.199842+0900 ProjectProfit[91129:5019278] [AccountingBootstrap] Step 1: canonical プロファイルのみ作成完了（PPAccountingProfile スキップ）
2026-03-24 20:30:55.201865+0900 ProjectProfit[91129:5019278] [AccountingBootstrap] Step 2: デフォルト勘定科目 35 件作成
2026-03-24 20:30:55.202253+0900 ProjectProfit[91129:5019278] [AccountingBootstrap] Step 3: カテゴリ 14 件にアカウントをリンク
2026-03-24 20:30:55.202371+0900 ProjectProfit[91129:5019278] [AccountingBootstrap] Step 4: トランザクション 0 件のフィールドを補完
2026-03-24 20:30:55.207595+0900 ProjectProfit[91129:5019278] [AccountingBootstrap] Step 7: canonical 仕訳 0 件生成
2026-03-24 20:30:55.208421+0900 ProjectProfit[91129:5019278] [AccountingBootstrap] Step 6: 整合性チェック完了 (問題 0 件)
2026-03-24 20:30:55.208944+0900 ProjectProfit[91129:5019278] [AccountingBootstrap] 会計ブートストラップ完了: accounts=35, categories=14, journals=0
2026-03-24 20:30:55.237726+0900 ProjectProfit[91129:5019278] [DataStore] Bootstrap完了: accounts=35, journals=0
Test Case '-[ProjectProfitTests.DataStoreAccountingTests testSyncCanonicalArtifactsFallsBackToCanonicalAccountDefaultTaxCode]' passed (0.390 seconds).
Test Case '-[ProjectProfitTests.DataStoreAccountingTests testSyncCanonicalArtifactsFallsBackToCounterpartyDefaultTaxCode]' started.
2026-03-24 20:30:55.580454+0900 ProjectProfit[91129:5019278] [AccountingBootstrap] 会計ブートストラップ開始
2026-03-24 20:30:55.580956+0900 ProjectProfit[91129:5019278] [AccountingBootstrap] Step 1: canonical プロファイルのみ作成完了（PPAccountingProfile スキップ）
2026-03-24 20:30:55.582218+0900 ProjectProfit[91129:5019278] [AccountingBootstrap] Step 2: デフォルト勘定科目 35 件作成
2026-03-24 20:30:55.582454+0900 ProjectProfit[91129:5019278] [AccountingBootstrap] Step 3: カテゴリ 14 件にアカウントをリンク
2026-03-24 20:30:55.582539+0900 ProjectProfit[91129:5019278] [AccountingBootstrap] Step 4: トランザクション 0 件のフィールドを補完
2026-03-24 20:30:55.587209+0900 ProjectProfit[91129:5019278] [AccountingBootstrap] Step 7: canonical 仕訳 0 件生成
2026-03-24 20:30:55.588092+0900 ProjectProfit[91129:5019278] [AccountingBootstrap] Step 6: 整合性チェック完了 (問題 0 件)
2026-03-24 20:30:55.588675+0900 ProjectProfit[91129:5019278] [AccountingBootstrap] 会計ブートストラップ完了: accounts=35, categories=14, journals=0
2026-03-24 20:30:55.610899+0900 ProjectProfit[91129:5019278] [DataStore] Bootstrap完了: accounts=35, journals=0
Test Case '-[ProjectProfitTests.DataStoreAccountingTests testSyncCanonicalArtifactsFallsBackToCounterpartyDefaultTaxCode]' passed (0.584 seconds).
Test Case '-[ProjectProfitTests.DataStoreAccountingTests testSyncCanonicalArtifactsStoresExplicitTaxCodeOnCandidateAndCounterparty]' started.
2026-03-24 20:30:56.169568+0900 ProjectProfit[91129:5019278] [AccountingBootstrap] 会計ブートストラップ開始
2026-03-24 20:30:56.170179+0900 ProjectProfit[91129:5019278] [AccountingBootstrap] Step 1: canonical プロファイルのみ作成完了（PPAccountingProfile スキップ）
2026-03-24 20:30:56.171832+0900 ProjectProfit[91129:5019278] [AccountingBootstrap] Step 2: デフォルト勘定科目 35 件作成
2026-03-24 20:30:56.172137+0900 ProjectProfit[91129:5019278] [AccountingBootstrap] Step 3: カテゴリ 14 件にアカウントをリンク
2026-03-24 20:30:56.172265+0900 ProjectProfit[91129:5019278] [AccountingBootstrap] Step 4: トランザクション 0 件のフィールドを補完
2026-03-24 20:30:56.176964+0900 ProjectProfit[91129:5019278] [AccountingBootstrap] Step 7: canonical 仕訳 0 件生成
2026-03-24 20:30:56.177781+0900 ProjectProfit[91129:5019278] [AccountingBootstrap] Step 6: 整合性チェック完了 (問題 0 件)
2026-03-24 20:30:56.178258+0900 ProjectProfit[91129:5019278] [AccountingBootstrap] 会計ブートストラップ完了: accounts=35, categories=14, journals=0
2026-03-24 20:30:56.200308+0900 ProjectProfit[91129:5019278] [DataStore] Bootstrap完了: accounts=35, journals=0
Test Case '-[ProjectProfitTests.DataStoreAccountingTests testSyncCanonicalArtifactsStoresExplicitTaxCodeOnCandidateAndCounterparty]' passed (0.391 seconds).
Test Case '-[ProjectProfitTests.DataStoreAccountingTests testSyncCanonicalCounterpartyForRecurringPersistsCounterpartyMaster]' started.
2026-03-24 20:30:56.566724+0900 ProjectProfit[91129:5019278] [AccountingBootstrap] 会計ブートストラップ開始
2026-03-24 20:30:56.567339+0900 ProjectProfit[91129:5019278] [AccountingBootstrap] Step 1: canonical プロファイルのみ作成完了（PPAccountingProfile スキップ）
2026-03-24 20:30:56.568916+0900 ProjectProfit[91129:5019278] [AccountingBootstrap] Step 2: デフォルト勘定科目 35 件作成
2026-03-24 20:30:56.569236+0900 ProjectProfit[91129:5019278] [AccountingBootstrap] Step 3: カテゴリ 14 件にアカウントをリンク
2026-03-24 20:30:56.569349+0900 ProjectProfit[91129:5019278] [AccountingBootstrap] Step 4: トランザクション 0 件のフィールドを補完
2026-03-24 20:30:56.573731+0900 ProjectProfit[91129:5019278] [AccountingBootstrap] Step 7: canonical 仕訳 0 件生成
2026-03-24 20:30:56.574360+0900 ProjectProfit[91129:5019278] [AccountingBootstrap] Step 6: 整合性チェック完了 (問題 0 件)
2026-03-24 20:30:56.574986+0900 ProjectProfit[91129:5019278] [AccountingBootstrap] 会計ブートストラップ完了: accounts=35, categories=14, journals=0
2026-03-24 20:30:56.601003+0900 ProjectProfit[91129:5019278] [DataStore] Bootstrap完了: accounts=35, journals=0
Test Case '-[ProjectProfitTests.DataStoreAccountingTests testSyncCanonicalCounterpartyForRecurringPersistsCounterpartyMaster]' passed (0.178 seconds).
Test Case '-[ProjectProfitTests.DataStoreAccountingTests testUserInitiatedLegacyTransactionMutationsAreRejectedWhenCanonicalPostingEnabled]' started.
2026-03-24 20:30:56.747321+0900 ProjectProfit[91129:5019278] [AccountingBootstrap] 会計ブートストラップ開始
2026-03-24 20:30:56.748168+0900 ProjectProfit[91129:5019278] [AccountingBootstrap] Step 1: canonical プロファイルのみ作成完了（PPAccountingProfile スキップ）
2026-03-24 20:30:56.750133+0900 ProjectProfit[91129:5019278] [AccountingBootstrap] Step 2: デフォルト勘定科目 35 件作成
2026-03-24 20:30:56.750414+0900 ProjectProfit[91129:5019278] [AccountingBootstrap] Step 3: カテゴリ 14 件にアカウントをリンク
2026-03-24 20:30:56.750555+0900 ProjectProfit[91129:5019278] [AccountingBootstrap] Step 4: トランザクション 0 件のフィールドを補完
2026-03-24 20:30:56.755788+0900 ProjectProfit[91129:5019278] [AccountingBootstrap] Step 7: canonical 仕訳 0 件生成
2026-03-24 20:30:56.756507+0900 ProjectProfit[91129:5019278] [AccountingBootstrap] Step 6: 整合性チェック完了 (問題 0 件)
2026-03-24 20:30:56.756982+0900 ProjectProfit[91129:5019278] [AccountingBootstrap] 会計ブートストラップ完了: accounts=35, categories=14, journals=0
2026-03-24 20:30:56.783312+0900 ProjectProfit[91129:5019278] [DataStore] Bootstrap完了: accounts=35, journals=0
Test Case '-[ProjectProfitTests.DataStoreAccountingTests testUserInitiatedLegacyTransactionMutationsAreRejectedWhenCanonicalPostingEnabled]' passed (0.491 seconds).
Test Case '-[ProjectProfitTests.DataStoreAccountingTests testUserInitiatedManualJournalMutationsAreRejectedWhenCanonicalPostingEnabled]' started.
2026-03-24 20:30:57.238194+0900 ProjectProfit[91129:5019278] [AccountingBootstrap] 会計ブートストラップ開始
2026-03-24 20:30:57.239003+0900 ProjectProfit[91129:5019278] [AccountingBootstrap] Step 1: canonical プロファイルのみ作成完了（PPAccountingProfile スキップ）
2026-03-24 20:30:57.240486+0900 ProjectProfit[91129:5019278] [AccountingBootstrap] Step 2: デフォルト勘定科目 35 件作成
2026-03-24 20:30:57.240796+0900 ProjectProfit[91129:5019278] [AccountingBootstrap] Step 3: カテゴリ 14 件にアカウントをリンク
2026-03-24 20:30:57.240924+0900 ProjectProfit[91129:5019278] [AccountingBootstrap] Step 4: トランザクション 0 件のフィールドを補完
2026-03-24 20:30:57.245619+0900 ProjectProfit[91129:5019278] [AccountingBootstrap] Step 7: canonical 仕訳 0 件生成
2026-03-24 20:30:57.246455+0900 ProjectProfit[91129:5019278] [AccountingBootstrap] Step 6: 整合性チェック完了 (問題 0 件)
2026-03-24 20:30:57.247096+0900 ProjectProfit[91129:5019278] [AccountingBootstrap] 会計ブートストラップ完了: accounts=35, categories=14, journals=0
2026-03-24 20:30:57.273263+0900 ProjectProfit[91129:5019278] [DataStore] Bootstrap完了: accounts=35, journals=0
Test Case '-[ProjectProfitTests.DataStoreAccountingTests testUserInitiatedManualJournalMutationsAreRejectedWhenCanonicalPostingEnabled]' passed (0.307 seconds).
Test Suite 'DataStoreAccountingTests' passed at 2026-03-24 20:30:57.499.
	 Executed 40 tests, with 0 failures (0 unexpected) in 8.288 (8.314) seconds
Test Suite 'DistributionTemplateApplicationUseCaseTests' started at 2026-03-24 20:30:57.500.
Test Case '-[ProjectProfitTests.DistributionTemplateApplicationUseCaseTests testApplicationUseCaseActiveDaysDropsProjectsWithZeroActiveDays]' started.
Test Case '-[ProjectProfitTests.DistributionTemplateApplicationUseCaseTests testApplicationUseCaseActiveDaysDropsProjectsWithZeroActiveDays]' passed (0.005 seconds).
Test Case '-[ProjectProfitTests.DistributionTemplateApplicationUseCaseTests testApplicationUseCaseActiveDaysUsesMonthlyActiveDayWeights]' started.
Test Case '-[ProjectProfitTests.DistributionTemplateApplicationUseCaseTests testApplicationUseCaseActiveDaysUsesMonthlyActiveDayWeights]' passed (0.002 seconds).
Test Case '-[ProjectProfitTests.DistributionTemplateApplicationUseCaseTests testApplicationUseCaseAllActiveProjectsInMonthFiltersInactiveProjects]' started.
Test Case '-[ProjectProfitTests.DistributionTemplateApplicationUseCaseTests testApplicationUseCaseAllActiveProjectsInMonthFiltersInactiveProjects]' passed (0.002 seconds).
Test Case '-[ProjectProfitTests.DistributionTemplateApplicationUseCaseTests testApplicationUseCaseEqualSelectedProjectsRatiosSumTo100]' started.
Test Case '-[ProjectProfitTests.DistributionTemplateApplicationUseCaseTests testApplicationUseCaseEqualSelectedProjectsRatiosSumTo100]' passed (0.002 seconds).
Test Case '-[ProjectProfitTests.DistributionTemplateApplicationUseCaseTests testApplicationUseCaseFixedWeightUsesConfiguredWeights]' started.
Test Case '-[ProjectProfitTests.DistributionTemplateApplicationUseCaseTests testApplicationUseCaseFixedWeightUsesConfiguredWeights]' passed (0.002 seconds).
Test Case '-[ProjectProfitTests.DistributionTemplateApplicationUseCaseTests testApproveReturnsApplicationForManualAndEqualAllStates]' started.
Test Case '-[ProjectProfitTests.DistributionTemplateApplicationUseCaseTests testApproveReturnsApplicationForManualAndEqualAllStates]' passed (0.002 seconds).
Test Case '-[ProjectProfitTests.DistributionTemplateApplicationUseCaseTests testDistributionRuleBuilderRejectsFixedWeightWithoutSelectedProjectScope]' started.
Test Case '-[ProjectProfitTests.DistributionTemplateApplicationUseCaseTests testDistributionRuleBuilderRejectsFixedWeightWithoutSelectedProjectScope]' passed (0.003 seconds).
Test Case '-[ProjectProfitTests.DistributionTemplateApplicationUseCaseTests testDistributionRuleBuilderSelectedProjectsEqualStoresUnitWeights]' started.
Test Case '-[ProjectProfitTests.DistributionTemplateApplicationUseCaseTests testDistributionRuleBuilderSelectedProjectsEqualStoresUnitWeights]' passed (0.002 seconds).
Test Case '-[ProjectProfitTests.DistributionTemplateApplicationUseCaseTests testIsSupportedRejectsActiveDaysForYearlyContext]' started.
Test Case '-[ProjectProfitTests.DistributionTemplateApplicationUseCaseTests testIsSupportedRejectsActiveDaysForYearlyContext]' passed (0.001 seconds).
Test Case '-[ProjectProfitTests.DistributionTemplateApplicationUseCaseTests testMakeApprovalPreviewBuildsCurrentAndProposedManualStates]' started.
Test Case '-[ProjectProfitTests.DistributionTemplateApplicationUseCaseTests testMakeApprovalPreviewBuildsCurrentAndProposedManualStates]' passed (0.022 seconds).
Test Case '-[ProjectProfitTests.DistributionTemplateApplicationUseCaseTests testMakeApprovalPreviewBuildsManualStateWhenEqualAllModeIsNotSupported]' started.
Test Case '-[ProjectProfitTests.DistributionTemplateApplicationUseCaseTests testMakeApprovalPreviewBuildsManualStateWhenEqualAllModeIsNotSupported]' passed (0.002 seconds).
Test Case '-[ProjectProfitTests.DistributionTemplateApplicationUseCaseTests testMakeApprovalPreviewKeepsWarningsWhenPreviewIsApprovable]' started.
Test Case '-[ProjectProfitTests.DistributionTemplateApplicationUseCaseTests testMakeApprovalPreviewKeepsWarningsWhenPreviewIsApprovable]' passed (0.002 seconds).
Test Case '-[ProjectProfitTests.DistributionTemplateApplicationUseCaseTests testMakeApprovalPreviewReturnsDynamicEqualAllForRecurringRule]' started.
Test Case '-[ProjectProfitTests.DistributionTemplateApplicationUseCaseTests testMakeApprovalPreviewReturnsDynamicEqualAllForRecurringRule]' passed (0.002 seconds).
Test Case '-[ProjectProfitTests.DistributionTemplateApplicationUseCaseTests testMakeApprovalPreviewReturnsNonApprovablePreviewForInvalidAmount]' started.
Test Case '-[ProjectProfitTests.DistributionTemplateApplicationUseCaseTests testMakeApprovalPreviewReturnsNonApprovablePreviewForInvalidAmount]' passed (0.003 seconds).
Test Case '-[ProjectProfitTests.DistributionTemplateApplicationUseCaseTests testMakeApprovalRequestDraftBuildsDistributionPayloadForManualState]' started.
Test Case '-[ProjectProfitTests.DistributionTemplateApplicationUseCaseTests testMakeApprovalRequestDraftBuildsDistributionPayloadForManualState]' passed (0.008 seconds).
Test Case '-[ProjectProfitTests.DistributionTemplateApplicationUseCaseTests testMakeApprovalRequestDraftBuildsEqualAllPayloadForDynamicRule]' started.
Test Case '-[ProjectProfitTests.DistributionTemplateApplicationUseCaseTests testMakeApprovalRequestDraftBuildsEqualAllPayloadForDynamicRule]' passed (0.001 seconds).
Test Case '-[ProjectProfitTests.DistributionTemplateApplicationUseCaseTests testMakeApprovalRequestDraftReturnsNonApprovableResultForInvalidAmount]' started.
Test Case '-[ProjectProfitTests.DistributionTemplateApplicationUseCaseTests testMakeApprovalRequestDraftReturnsNonApprovableResultForInvalidAmount]' passed (0.002 seconds).
Test Case '-[ProjectProfitTests.DistributionTemplateApplicationUseCaseTests testPreviewAllocationsReturnsRatiosAndAmountsWithTotalAmount]' started.
Test Case '-[ProjectProfitTests.DistributionTemplateApplicationUseCaseTests testPreviewAllocationsReturnsRatiosAndAmountsWithTotalAmount]' passed (0.002 seconds).
Test Case '-[ProjectProfitTests.DistributionTemplateApplicationUseCaseTests testPreviewAllocationsReturnsWarningWhenRuleIsUnsupported]' started.
Test Case '-[ProjectProfitTests.DistributionTemplateApplicationUseCaseTests testPreviewAllocationsReturnsWarningWhenRuleIsUnsupported]' passed (0.005 seconds).
Test Case '-[ProjectProfitTests.DistributionTemplateApplicationUseCaseTests testPreviewAllocationsReturnsWarningWhenTotalAmountIsInvalid]' started.
Test Case '-[ProjectProfitTests.DistributionTemplateApplicationUseCaseTests testPreviewAllocationsReturnsWarningWhenTotalAmountIsInvalid]' passed (0.002 seconds).
Test Case '-[ProjectProfitTests.DistributionTemplateApplicationUseCaseTests testShouldUseDynamicEqualAllOnlyForMonthlyActiveEqualRule]' started.
Test Case '-[ProjectProfitTests.DistributionTemplateApplicationUseCaseTests testShouldUseDynamicEqualAllOnlyForMonthlyActiveEqualRule]' passed (0.005 seconds).
Test Suite 'DistributionTemplateApplicationUseCaseTests' passed at 2026-03-24 20:30:57.593.
	 Executed 21 tests, with 0 failures (0 unexpected) in 0.076 (0.093) seconds
Test Suite 'RecurringPreviewTests' started at 2026-03-24 20:30:57.593.
Test Case '-[ProjectProfitTests.RecurringPreviewTests testPreviewEmptyWhenNothingDue]' started.
2026-03-24 20:30:57.636223+0900 ProjectProfit[91129:5019278] [AccountingBootstrap] 会計ブートストラップ開始
2026-03-24 20:30:57.637005+0900 ProjectProfit[91129:5019278] [AccountingBootstrap] Step 1: canonical プロファイルのみ作成完了（PPAccountingProfile スキップ）
2026-03-24 20:30:57.638790+0900 ProjectProfit[91129:5019278] [AccountingBootstrap] Step 2: デフォルト勘定科目 35 件作成
2026-03-24 20:30:57.639107+0900 ProjectProfit[91129:5019278] [AccountingBootstrap] Step 3: カテゴリ 14 件にアカウントをリンク
2026-03-24 20:30:57.639243+0900 ProjectProfit[91129:5019278] [AccountingBootstrap] Step 4: トランザクション 0 件のフィールドを補完
2026-03-24 20:30:57.644752+0900 ProjectProfit[91129:5019278] [AccountingBootstrap] Step 7: canonical 仕訳 0 件生成
2026-03-24 20:30:57.645596+0900 ProjectProfit[91129:5019278] [AccountingBootstrap] Step 6: 整合性チェック完了 (問題 0 件)
2026-03-24 20:30:57.646206+0900 ProjectProfit[91129:5019278] [AccountingBootstrap] 会計ブートストラップ完了: accounts=35, categories=14, journals=0
2026-03-24 20:30:57.668567+0900 ProjectProfit[91129:5019278] [DataStore] Bootstrap完了: accounts=35, journals=0
Test Case '-[ProjectProfitTests.RecurringPreviewTests testPreviewEmptyWhenNothingDue]' passed (0.111 seconds).
Test Case '-[ProjectProfitTests.RecurringPreviewTests testPreviewItemContainsAllocationInfo]' started.
2026-03-24 20:30:57.752673+0900 ProjectProfit[91129:5019278] [AccountingBootstrap] 会計ブートストラップ開始
2026-03-24 20:30:57.753433+0900 ProjectProfit[91129:5019278] [AccountingBootstrap] Step 1: canonical プロファイルのみ作成完了（PPAccountingProfile スキップ）
2026-03-24 20:30:57.754984+0900 ProjectProfit[91129:5019278] [AccountingBootstrap] Step 2: デフォルト勘定科目 35 件作成
2026-03-24 20:30:57.755292+0900 ProjectProfit[91129:5019278] [AccountingBootstrap] Step 3: カテゴリ 14 件にアカウントをリンク
2026-03-24 20:30:57.755439+0900 ProjectProfit[91129:5019278] [AccountingBootstrap] Step 4: トランザクション 0 件のフィールドを補完
2026-03-24 20:30:57.760401+0900 ProjectProfit[91129:5019278] [AccountingBootstrap] Step 7: canonical 仕訳 0 件生成
2026-03-24 20:30:57.761059+0900 ProjectProfit[91129:5019278] [AccountingBootstrap] Step 6: 整合性チェック完了 (問題 0 件)
2026-03-24 20:30:57.761517+0900 ProjectProfit[91129:5019278] [AccountingBootstrap] 会計ブートストラップ完了: accounts=35, categories=14, journals=0
2026-03-24 20:30:57.786288+0900 ProjectProfit[91129:5019278] [DataStore] Bootstrap完了: accounts=35, journals=0
Test Case '-[ProjectProfitTests.RecurringPreviewTests testPreviewItemContainsAllocationInfo]' passed (0.192 seconds).
Test Case '-[ProjectProfitTests.RecurringPreviewTests testPreviewRespectsEndDate]' started.
2026-03-24 20:30:57.947603+0900 ProjectProfit[91129:5019278] [AccountingBootstrap] 会計ブートストラップ開始
2026-03-24 20:30:57.948439+0900 ProjectProfit[91129:5019278] [AccountingBootstrap] Step 1: canonical プロファイルのみ作成完了（PPAccountingProfile スキップ）
2026-03-24 20:30:57.949819+0900 ProjectProfit[91129:5019278] [AccountingBootstrap] Step 2: デフォルト勘定科目 35 件作成
2026-03-24 20:30:57.950051+0900 ProjectProfit[91129:5019278] [AccountingBootstrap] Step 3: カテゴリ 14 件にアカウントをリンク
2026-03-24 20:30:57.950150+0900 ProjectProfit[91129:5019278] [AccountingBootstrap] Step 4: トランザクション 0 件のフィールドを補完
2026-03-24 20:30:57.954285+0900 ProjectProfit[91129:5019278] [AccountingBootstrap] Step 7: canonical 仕訳 0 件生成
2026-03-24 20:30:57.954942+0900 ProjectProfit[91129:5019278] [AccountingBootstrap] Step 6: 整合性チェック完了 (問題 0 件)
2026-03-24 20:30:57.955365+0900 ProjectProfit[91129:5019278] [AccountingBootstrap] 会計ブートストラップ完了: accounts=35, categories=14, journals=0
2026-03-24 20:30:57.980429+0900 ProjectProfit[91129:5019278] [DataStore] Bootstrap完了: accounts=35, journals=0
Test Case '-[ProjectProfitTests.RecurringPreviewTests testPreviewRespectsEndDate]' passed (0.174 seconds).
Test Case '-[ProjectProfitTests.RecurringPreviewTests testPreviewReturnsItemsForDueRecurring]' started.
2026-03-24 20:30:58.121574+0900 ProjectProfit[91129:5019278] [AccountingBootstrap] 会計ブートストラップ開始
2026-03-24 20:30:58.122495+0900 ProjectProfit[91129:5019278] [AccountingBootstrap] Step 1: canonical プロファイルのみ作成完了（PPAccountingProfile スキップ）
2026-03-24 20:30:58.124105+0900 ProjectProfit[91129:5019278] [AccountingBootstrap] Step 2: デフォルト勘定科目 35 件作成
2026-03-24 20:30:58.124402+0900 ProjectProfit[91129:5019278] [AccountingBootstrap] Step 3: カテゴリ 14 件にアカウントをリンク
2026-03-24 20:30:58.124534+0900 ProjectProfit[91129:5019278] [AccountingBootstrap] Step 4: トランザクション 0 件のフィールドを補完
2026-03-24 20:30:58.130026+0900 ProjectProfit[91129:5019278] [AccountingBootstrap] Step 7: canonical 仕訳 0 件生成
2026-03-24 20:30:58.130822+0900 ProjectProfit[91129:5019278] [AccountingBootstrap] Step 6: 整合性チェック完了 (問題 0 件)
2026-03-24 20:30:58.131319+0900 ProjectProfit[91129:5019278] [AccountingBootstrap] 会計ブートストラップ完了: accounts=35, categories=14, journals=0
2026-03-24 20:30:58.155159+0900 ProjectProfit[91129:5019278] [DataStore] Bootstrap完了: accounts=35, journals=0
Test Case '-[ProjectProfitTests.RecurringPreviewTests testPreviewReturnsItemsForDueRecurring]' passed (0.179 seconds).
Test Case '-[ProjectProfitTests.RecurringPreviewTests testPreviewSkipsInactiveRecurring]' started.
2026-03-24 20:30:58.301455+0900 ProjectProfit[91129:5019278] [AccountingBootstrap] 会計ブートストラップ開始
2026-03-24 20:30:58.302129+0900 ProjectProfit[91129:5019278] [AccountingBootstrap] Step 1: canonical プロファイルのみ作成完了（PPAccountingProfile スキップ）
2026-03-24 20:30:58.303654+0900 ProjectProfit[91129:5019278] [AccountingBootstrap] Step 2: デフォルト勘定科目 35 件作成
2026-03-24 20:30:58.303981+0900 ProjectProfit[91129:5019278] [AccountingBootstrap] Step 3: カテゴリ 14 件にアカウントをリンク
2026-03-24 20:30:58.304103+0900 ProjectProfit[91129:5019278] [AccountingBootstrap] Step 4: トランザクション 0 件のフィールドを補完
2026-03-24 20:30:58.309093+0900 ProjectProfit[91129:5019278] [AccountingBootstrap] Step 7: canonical 仕訳 0 件生成
2026-03-24 20:30:58.309802+0900 ProjectProfit[91129:5019278] [AccountingBootstrap] Step 6: 整合性チェック完了 (問題 0 件)
2026-03-24 20:30:58.310491+0900 ProjectProfit[91129:5019278] [AccountingBootstrap] 会計ブートストラップ完了: accounts=35, categories=14, journals=0
2026-03-24 20:30:58.334661+0900 ProjectProfit[91129:5019278] [DataStore] Bootstrap完了: accounts=35, journals=0
Test Case '-[ProjectProfitTests.RecurringPreviewTests testPreviewSkipsInactiveRecurring]' passed (0.172 seconds).
Test Case '-[ProjectProfitTests.RecurringPreviewTests testPreviewSkipsSkippedDates]' started.
2026-03-24 20:30:58.475771+0900 ProjectProfit[91129:5019278] [AccountingBootstrap] 会計ブートストラップ開始
2026-03-24 20:30:58.476245+0900 ProjectProfit[91129:5019278] [AccountingBootstrap] Step 1: canonical プロファイルのみ作成完了（PPAccountingProfile スキップ）
2026-03-24 20:30:58.477524+0900 ProjectProfit[91129:5019278] [AccountingBootstrap] Step 2: デフォルト勘定科目 35 件作成
2026-03-24 20:30:58.477753+0900 ProjectProfit[91129:5019278] [AccountingBootstrap] Step 3: カテゴリ 14 件にアカウントをリンク
2026-03-24 20:30:58.477845+0900 ProjectProfit[91129:5019278] [AccountingBootstrap] Step 4: トランザクション 0 件のフィールドを補完
2026-03-24 20:30:58.481836+0900 ProjectProfit[91129:5019278] [AccountingBootstrap] Step 7: canonical 仕訳 0 件生成
2026-03-24 20:30:58.482369+0900 ProjectProfit[91129:5019278] [AccountingBootstrap] Step 6: 整合性チェック完了 (問題 0 件)
2026-03-24 20:30:58.482730+0900 ProjectProfit[91129:5019278] [AccountingBootstrap] 会計ブートストラップ完了: accounts=35, categories=14, journals=0
2026-03-24 20:30:58.508955+0900 ProjectProfit[91129:5019278] [DataStore] Bootstrap完了: accounts=35, journals=0
Test Case '-[ProjectProfitTests.RecurringPreviewTests testPreviewSkipsSkippedDates]' passed (0.163 seconds).
Test Case '-[ProjectProfitTests.RecurringPreviewTests testPreviewSkipsYearLockedDates]' started.
2026-03-24 20:30:58.638633+0900 ProjectProfit[91129:5019278] [AccountingBootstrap] 会計ブートストラップ開始
2026-03-24 20:30:58.639425+0900 ProjectProfit[91129:5019278] [AccountingBootstrap] Step 1: canonical プロファイルのみ作成完了（PPAccountingProfile スキップ）
2026-03-24 20:30:58.641501+0900 ProjectProfit[91129:5019278] [AccountingBootstrap] Step 2: デフォルト勘定科目 35 件作成
2026-03-24 20:30:58.641777+0900 ProjectProfit[91129:5019278] [AccountingBootstrap] Step 3: カテゴリ 14 件にアカウントをリンク
2026-03-24 20:30:58.641884+0900 ProjectProfit[91129:5019278] [AccountingBootstrap] Step 4: トランザクション 0 件のフィールドを補完
2026-03-24 20:30:58.646802+0900 ProjectProfit[91129:5019278] [AccountingBootstrap] Step 7: canonical 仕訳 0 件生成
2026-03-24 20:30:58.647608+0900 ProjectProfit[91129:5019278] [AccountingBootstrap] Step 6: 整合性チェック完了 (問題 0 件)
2026-03-24 20:30:58.648135+0900 ProjectProfit[91129:5019278] [AccountingBootstrap] 会計ブートストラップ完了: accounts=35, categories=14, journals=0
2026-03-24 20:30:58.671719+0900 ProjectProfit[91129:5019278] [DataStore] Bootstrap完了: accounts=35, journals=0
Test Case '-[ProjectProfitTests.RecurringPreviewTests testPreviewSkipsYearLockedDates]' passed (0.216 seconds).
Test Suite 'RecurringPreviewTests' passed at 2026-03-24 20:30:58.808.
	 Executed 7 tests, with 0 failures (0 unexpected) in 1.208 (1.215) seconds
Test Suite 'ProjectProfitTests.xctest' passed at 2026-03-24 20:30:58.809.
	 Executed 71 tests, with 0 failures (0 unexpected) in 14.192 (14.247) seconds
Test Suite 'Selected tests' passed at 2026-03-24 20:30:58.809.
	 Executed 71 tests, with 0 failures (0 unexpected) in 14.192 (14.248) seconds
2026-03-24 20:30:59.131 xcodebuild[90045:5010611] [MT] IDETestOperationsObserverDebug: 62.646 elapsed -- Testing started completed.
2026-03-24 20:30:59.131 xcodebuild[90045:5010611] [MT] IDETestOperationsObserverDebug: 0.000 sec, +0.000 sec -- start
2026-03-24 20:30:59.131 xcodebuild[90045:5010611] [MT] IDETestOperationsObserverDebug: 62.647 sec, +62.646 sec -- end

Test session results, code coverage, and logs:
	/Users/yutaro/project-profit-ios/artifacts/release-quality/canonical-e2e/canonical-e2e.xcresult

** TEST SUCCEEDED **

Testing started
