Command line invocation:
    /Applications/Xcode-26.3.app/Contents/Developer/usr/bin/xcodebuild test -project ProjectProfit.xcodeproj -scheme ProjectProfit -configuration Debug -destination "platform=iOS Simulator,name=iPhone 17 Pro" -derivedDataPath /Users/yutaro/project-profit-ios/artifacts/release-quality/performance-gate/DerivedData -resultBundlePath /Users/yutaro/project-profit-ios/artifacts/release-quality/performance-gate/performance-gate.xcresult -parallel-testing-enabled NO "-only-testing:ProjectProfitTests/ReleasePerformanceGateTests"

Resolve Package Graph

Fetching from https://github.com/jmcnamara/libxlsxwriter (cached)

Creating working copy of package ‘libxlsxwriter’

Checking out 1.2.4 of package ‘libxlsxwriter’


Resolved source packages:
  libxlsxwriter: https://github.com/jmcnamara/libxlsxwriter @ 1.2.4

Writing result bundle at path:
	/Users/yutaro/project-profit-ios/artifacts/release-quality/performance-gate/performance-gate.xcresult

ComputePackagePrebuildTargetDependencyGraph

Prepare packages

CreateBuildRequest

SendProjectDescription

CreateBuildOperation

ComputeTargetDependencyGraph
note: Building targets in dependency order
note: Target dependency graph (6 targets)
    Target 'ProjectProfitUITests' in project 'ProjectProfit'
        ➜ Explicit dependency on target 'ProjectProfit' in project 'ProjectProfit'
    Target 'ProjectProfitTests' in project 'ProjectProfit'
        ➜ Explicit dependency on target 'ProjectProfit' in project 'ProjectProfit'
    Target 'ProjectProfit' in project 'ProjectProfit'
        ➜ Explicit dependency on target 'ProjectProfitShareExtension' in project 'ProjectProfit'
        ➜ Explicit dependency on target 'libxlsxwriter' in project 'libxlsxwriter'
    Target 'libxlsxwriter' in project 'libxlsxwriter'
        ➜ Explicit dependency on target 'libxlsxwriter' in project 'libxlsxwriter'
    Target 'libxlsxwriter' in project 'libxlsxwriter' (no dependencies)
    Target 'ProjectProfitShareExtension' in project 'ProjectProfit' (no dependencies)

GatherProvisioningInputs

CreateBuildDescription

ExecuteExternalTool /Applications/Xcode-26.3.app/Contents/Developer/Toolchains/XcodeDefault.xctoolchain/usr/bin/swiftc --version

ExecuteExternalTool /Applications/Xcode-26.3.app/Contents/Developer/Toolchains/XcodeDefault.xctoolchain/usr/bin/clang -v -E -dM -isysroot /Applications/Xcode-26.3.app/Contents/Developer/Platforms/iPhoneSimulator.platform/Developer/SDKs/iPhoneSimulator26.2.sdk -x c -c /dev/null

ExecuteExternalTool /Applications/Xcode-26.3.app/Contents/Developer/Toolchains/XcodeDefault.xctoolchain/usr/bin/clang -v -E -dM -arch arm64 -isysroot /Applications/Xcode-26.3.app/Contents/Developer/Platforms/iPhoneSimulator.platform/Developer/SDKs/iPhoneSimulator26.2.sdk -x c -c /dev/null

ExecuteExternalTool /Applications/Xcode-26.3.app/Contents/Developer/usr/bin/actool --print-asset-tag-combinations --output-format xml1 /Users/yutaro/project-profit-ios/ProjectProfit/Assets.xcassets /Users/yutaro/project-profit-ios/ProjectProfit/Preview Content/Preview Assets.xcassets

ExecuteExternalTool /Applications/Xcode-26.3.app/Contents/Developer/Toolchains/XcodeDefault.xctoolchain/usr/bin/ld -version_details

ExecuteExternalTool /Applications/Xcode-26.3.app/Contents/Developer/usr/bin/actool --version --output-format xml1

Build description signature: 461d79cd3a605346a2ebbb8b7f0ec3e2
Build description path: /Users/yutaro/project-profit-ios/artifacts/release-quality/performance-gate/DerivedData/Build/Intermediates.noindex/XCBuildData/461d79cd3a605346a2ebbb8b7f0ec3e2.xcbuilddata
ClangStatCache /Applications/Xcode-26.3.app/Contents/Developer/Toolchains/XcodeDefault.xctoolchain/usr/bin/clang-stat-cache /Applications/Xcode-26.3.app/Contents/Developer/Platforms/iPhoneSimulator.platform/Developer/SDKs/iPhoneSimulator26.2.sdk /Users/yutaro/project-profit-ios/artifacts/release-quality/performance-gate/DerivedData/SDKStatCaches.noindex/iphonesimulator26.2-23C57-91db6bf2b9df79783d042ed3cc29a58e.sdkstatcache
    cd /Users/yutaro/project-profit-ios/ProjectProfit.xcodeproj
    /Applications/Xcode-26.3.app/Contents/Developer/Toolchains/XcodeDefault.xctoolchain/usr/bin/clang-stat-cache /Applications/Xcode-26.3.app/Contents/Developer/Platforms/iPhoneSimulator.platform/Developer/SDKs/iPhoneSimulator26.2.sdk -o /Users/yutaro/project-profit-ios/artifacts/release-quality/performance-gate/DerivedData/SDKStatCaches.noindex/iphonesimulator26.2-23C57-91db6bf2b9df79783d042ed3cc29a58e.sdkstatcache

CreateBuildDirectory /Users/yutaro/project-profit-ios/artifacts/release-quality/performance-gate/DerivedData/Build/Intermediates.noindex
    cd /Users/yutaro/project-profit-ios/ProjectProfit.xcodeproj
    builtin-create-build-directory /Users/yutaro/project-profit-ios/artifacts/release-quality/performance-gate/DerivedData/Build/Intermediates.noindex

CreateBuildDirectory /Users/yutaro/project-profit-ios/artifacts/release-quality/performance-gate/DerivedData/Build/Products
    cd /Users/yutaro/project-profit-ios/ProjectProfit.xcodeproj
    builtin-create-build-directory /Users/yutaro/project-profit-ios/artifacts/release-quality/performance-gate/DerivedData/Build/Products

CreateBuildDirectory /Users/yutaro/project-profit-ios/artifacts/release-quality/performance-gate/DerivedData/Build/Products/Debug-iphonesimulator
    cd /Users/yutaro/project-profit-ios/ProjectProfit.xcodeproj
    builtin-create-build-directory /Users/yutaro/project-profit-ios/artifacts/release-quality/performance-gate/DerivedData/Build/Products/Debug-iphonesimulator

CreateBuildDirectory /Users/yutaro/project-profit-ios/artifacts/release-quality/performance-gate/DerivedData/Build/Intermediates.noindex/SwiftExplicitPrecompiledModules
    cd /Users/yutaro/project-profit-ios/ProjectProfit.xcodeproj
    builtin-create-build-directory /Users/yutaro/project-profit-ios/artifacts/release-quality/performance-gate/DerivedData/Build/Intermediates.noindex/SwiftExplicitPrecompiledModules

CreateBuildDirectory /Users/yutaro/project-profit-ios/artifacts/release-quality/performance-gate/DerivedData/Build/Intermediates.noindex/ExplicitPrecompiledModules
    cd /Users/yutaro/project-profit-ios/ProjectProfit.xcodeproj
    builtin-create-build-directory /Users/yutaro/project-profit-ios/artifacts/release-quality/performance-gate/DerivedData/Build/Intermediates.noindex/ExplicitPrecompiledModules

CreateBuildDirectory /Users/yutaro/project-profit-ios/artifacts/release-quality/performance-gate/DerivedData/Build/Intermediates.noindex/EagerLinkingTBDs/Debug-iphonesimulator
    cd /Users/yutaro/project-profit-ios/ProjectProfit.xcodeproj
    builtin-create-build-directory /Users/yutaro/project-profit-ios/artifacts/release-quality/performance-gate/DerivedData/Build/Intermediates.noindex/EagerLinkingTBDs/Debug-iphonesimulator

WriteAuxiliaryFile /Users/yutaro/project-profit-ios/artifacts/release-quality/performance-gate/DerivedData/Build/Intermediates.noindex/ProjectProfit.build/Debug-iphonesimulator/ProjectProfit-bc30635a8cb06e5d3ecf94d8d93f544c-VFS-iphonesimulator/all-product-headers.yaml
    cd /Users/yutaro/project-profit-ios/ProjectProfit.xcodeproj
    write-file /Users/yutaro/project-profit-ios/artifacts/release-quality/performance-gate/DerivedData/Build/Intermediates.noindex/ProjectProfit.build/Debug-iphonesimulator/ProjectProfit-bc30635a8cb06e5d3ecf94d8d93f544c-VFS-iphonesimulator/all-product-headers.yaml

CreateBuildDirectory /Users/yutaro/project-profit-ios/artifacts/release-quality/performance-gate/DerivedData/Build/Products/Debug-iphonesimulator/PackageFrameworks
    cd /Users/yutaro/project-profit-ios/ProjectProfit.xcodeproj
    builtin-create-build-directory /Users/yutaro/project-profit-ios/artifacts/release-quality/performance-gate/DerivedData/Build/Products/Debug-iphonesimulator/PackageFrameworks

WriteAuxiliaryFile /Users/yutaro/project-profit-ios/artifacts/release-quality/performance-gate/DerivedData/Build/Intermediates.noindex/libxlsxwriter.build/Debug-iphonesimulator/libxlsxwriter.build/libxlsxwriter.DependencyMetadataFileList (in target 'libxlsxwriter' from project 'libxlsxwriter')
    cd /Users/yutaro/project-profit-ios/artifacts/release-quality/performance-gate/DerivedData/SourcePackages/checkouts/libxlsxwriter
    write-file /Users/yutaro/project-profit-ios/artifacts/release-quality/performance-gate/DerivedData/Build/Intermediates.noindex/libxlsxwriter.build/Debug-iphonesimulator/libxlsxwriter.build/libxlsxwriter.DependencyMetadataFileList

WriteAuxiliaryFile /Users/yutaro/project-profit-ios/artifacts/release-quality/performance-gate/DerivedData/Build/Intermediates.noindex/libxlsxwriter.build/Debug-iphonesimulator/libxlsxwriter.build/libxlsxwriter.DependencyStaticMetadataFileList (in target 'libxlsxwriter' from project 'libxlsxwriter')
    cd /Users/yutaro/project-profit-ios/artifacts/release-quality/performance-gate/DerivedData/SourcePackages/checkouts/libxlsxwriter
    write-file /Users/yutaro/project-profit-ios/artifacts/release-quality/performance-gate/DerivedData/Build/Intermediates.noindex/libxlsxwriter.build/Debug-iphonesimulator/libxlsxwriter.build/libxlsxwriter.DependencyStaticMetadataFileList

WriteAuxiliaryFile /Users/yutaro/project-profit-ios/artifacts/release-quality/performance-gate/DerivedData/Build/Intermediates.noindex/libxlsxwriter.build/Debug-iphonesimulator/libxlsxwriter.build/libxlsxwriter.modulemap (in target 'libxlsxwriter' from project 'libxlsxwriter')
    cd /Users/yutaro/project-profit-ios/artifacts/release-quality/performance-gate/DerivedData/SourcePackages/checkouts/libxlsxwriter
    write-file /Users/yutaro/project-profit-ios/artifacts/release-quality/performance-gate/DerivedData/Build/Intermediates.noindex/libxlsxwriter.build/Debug-iphonesimulator/libxlsxwriter.build/libxlsxwriter.modulemap

WriteAuxiliaryFile /Users/yutaro/project-profit-ios/artifacts/release-quality/performance-gate/DerivedData/Build/Intermediates.noindex/ProjectProfit.build/Debug-iphonesimulator/ProjectProfitUITests.build/empty-ProjectProfitUITests.plist (in target 'ProjectProfitUITests' from project 'ProjectProfit')
    cd /Users/yutaro/project-profit-ios
    write-file /Users/yutaro/project-profit-ios/artifacts/release-quality/performance-gate/DerivedData/Build/Intermediates.noindex/ProjectProfit.build/Debug-iphonesimulator/ProjectProfitUITests.build/empty-ProjectProfitUITests.plist

WriteAuxiliaryFile /Users/yutaro/project-profit-ios/artifacts/release-quality/performance-gate/DerivedData/Build/Intermediates.noindex/ProjectProfit.build/Debug-iphonesimulator/ProjectProfitUITests.build/ProjectProfitUITests.hmap (in target 'ProjectProfitUITests' from project 'ProjectProfit')
    cd /Users/yutaro/project-profit-ios
    write-file /Users/yutaro/project-profit-ios/artifacts/release-quality/performance-gate/DerivedData/Build/Intermediates.noindex/ProjectProfit.build/Debug-iphonesimulator/ProjectProfitUITests.build/ProjectProfitUITests.hmap

WriteAuxiliaryFile /Users/yutaro/project-profit-ios/artifacts/release-quality/performance-gate/DerivedData/Build/Intermediates.noindex/libxlsxwriter.build/Debug-iphonesimulator/libxlsxwriter.build/Objects-normal/arm64/libxlsxwriter.LinkFileList (in target 'libxlsxwriter' from project 'libxlsxwriter')
    cd /Users/yutaro/project-profit-ios/artifacts/release-quality/performance-gate/DerivedData/SourcePackages/checkouts/libxlsxwriter
    write-file /Users/yutaro/project-profit-ios/artifacts/release-quality/performance-gate/DerivedData/Build/Intermediates.noindex/libxlsxwriter.build/Debug-iphonesimulator/libxlsxwriter.build/Objects-normal/arm64/libxlsxwriter.LinkFileList

WriteAuxiliaryFile /Users/yutaro/project-profit-ios/artifacts/release-quality/performance-gate/DerivedData/Build/Intermediates.noindex/libxlsxwriter.build/Debug-iphonesimulator/libxlsxwriter.build/Objects-normal/arm64/7187679823f38a2a940e0043cdf9d637-common-args.resp (in target 'libxlsxwriter' from project 'libxlsxwriter')
    cd /Users/yutaro/project-profit-ios/artifacts/release-quality/performance-gate/DerivedData/SourcePackages/checkouts/libxlsxwriter
    write-file /Users/yutaro/project-profit-ios/artifacts/release-quality/performance-gate/DerivedData/Build/Intermediates.noindex/libxlsxwriter.build/Debug-iphonesimulator/libxlsxwriter.build/Objects-normal/arm64/7187679823f38a2a940e0043cdf9d637-common-args.resp
-target arm64-apple-ios12.0-simulator -fmodules -gmodules '-fmodules-cache-path=/Users/yutaro/project-profit-ios/artifacts/release-quality/performance-gate/DerivedData/ModuleCache.noindex' '-fmodule-name=libxlsxwriter' -fpascal-strings -O0 -DSWIFT_PACKAGE '-DDEBUG=1' -isysroot /Applications/Xcode-26.3.app/Contents/Developer/Platforms/iPhoneSimulator.platform/Developer/SDKs/iPhoneSimulator26.2.sdk -g -fprofile-instr-generate -fcoverage-mapping -I/Users/yutaro/project-profit-ios/artifacts/release-quality/performance-gate/DerivedData/Build/Products/Debug-iphonesimulator/include -I/Users/yutaro/project-profit-ios/artifacts/release-quality/performance-gate/DerivedData/SourcePackages/checkouts/libxlsxwriter/include -I/Users/yutaro/project-profit-ios/artifacts/release-quality/performance-gate/DerivedData/Build/Intermediates.noindex/libxlsxwriter.build/Debug-iphonesimulator/libxlsxwriter.build/DerivedSources-normal/arm64 -I/Users/yutaro/project-profit-ios/artifacts/release-quality/performance-gate/DerivedData/Build/Intermediates.noindex/libxlsxwriter.build/Debug-iphonesimulator/libxlsxwriter.build/DerivedSources/arm64 -I/Users/yutaro/project-profit-ios/artifacts/release-quality/performance-gate/DerivedData/Build/Intermediates.noindex/libxlsxwriter.build/Debug-iphonesimulator/libxlsxwriter.build/DerivedSources -F/Users/yutaro/project-profit-ios/artifacts/release-quality/performance-gate/DerivedData/Build/Products/Debug-iphonesimulator -iframework /Applications/Xcode-26.3.app/Contents/Developer/Platforms/iPhoneSimulator.platform/Developer/Library/Frameworks -iframework /Applications/Xcode-26.3.app/Contents/Developer/Platforms/iPhoneSimulator.platform/Developer/SDKs/iPhoneSimulator26.2.sdk/Developer/Library/Frameworks -DXcode

WriteAuxiliaryFile /Users/yutaro/project-profit-ios/artifacts/release-quality/performance-gate/DerivedData/Build/Intermediates.noindex/ProjectProfit.build/Debug-iphonesimulator/ProjectProfitUITests.build/ProjectProfitUITests.DependencyStaticMetadataFileList (in target 'ProjectProfitUITests' from project 'ProjectProfit')
    cd /Users/yutaro/project-profit-ios
    write-file /Users/yutaro/project-profit-ios/artifacts/release-quality/performance-gate/DerivedData/Build/Intermediates.noindex/ProjectProfit.build/Debug-iphonesimulator/ProjectProfitUITests.build/ProjectProfitUITests.DependencyStaticMetadataFileList

WriteAuxiliaryFile /Users/yutaro/project-profit-ios/artifacts/release-quality/performance-gate/DerivedData/Build/Intermediates.noindex/ProjectProfit.build/Debug-iphonesimulator/ProjectProfitUITests.build/ProjectProfitUITests.DependencyMetadataFileList (in target 'ProjectProfitUITests' from project 'ProjectProfit')
    cd /Users/yutaro/project-profit-ios
    write-file /Users/yutaro/project-profit-ios/artifacts/release-quality/performance-gate/DerivedData/Build/Intermediates.noindex/ProjectProfit.build/Debug-iphonesimulator/ProjectProfitUITests.build/ProjectProfitUITests.DependencyMetadataFileList

WriteAuxiliaryFile /Users/yutaro/project-profit-ios/artifacts/release-quality/performance-gate/DerivedData/Build/Intermediates.noindex/ProjectProfit.build/Debug-iphonesimulator/ProjectProfitUITests.build/ProjectProfitUITests-project-headers.hmap (in target 'ProjectProfitUITests' from project 'ProjectProfit')
    cd /Users/yutaro/project-profit-ios
    write-file /Users/yutaro/project-profit-ios/artifacts/release-quality/performance-gate/DerivedData/Build/Intermediates.noindex/ProjectProfit.build/Debug-iphonesimulator/ProjectProfitUITests.build/ProjectProfitUITests-project-headers.hmap

WriteAuxiliaryFile /Users/yutaro/project-profit-ios/artifacts/release-quality/performance-gate/DerivedData/Build/Intermediates.noindex/ProjectProfit.build/Debug-iphonesimulator/ProjectProfitUITests.build/ProjectProfitUITests-own-target-headers.hmap (in target 'ProjectProfitUITests' from project 'ProjectProfit')
    cd /Users/yutaro/project-profit-ios
    write-file /Users/yutaro/project-profit-ios/artifacts/release-quality/performance-gate/DerivedData/Build/Intermediates.noindex/ProjectProfit.build/Debug-iphonesimulator/ProjectProfitUITests.build/ProjectProfitUITests-own-target-headers.hmap

WriteAuxiliaryFile /Users/yutaro/project-profit-ios/artifacts/release-quality/performance-gate/DerivedData/Build/Intermediates.noindex/ProjectProfit.build/Debug-iphonesimulator/ProjectProfitUITests.build/ProjectProfitUITests-generated-files.hmap (in target 'ProjectProfitUITests' from project 'ProjectProfit')
    cd /Users/yutaro/project-profit-ios
    write-file /Users/yutaro/project-profit-ios/artifacts/release-quality/performance-gate/DerivedData/Build/Intermediates.noindex/ProjectProfit.build/Debug-iphonesimulator/ProjectProfitUITests.build/ProjectProfitUITests-generated-files.hmap

WriteAuxiliaryFile /Users/yutaro/project-profit-ios/artifacts/release-quality/performance-gate/DerivedData/Build/Intermediates.noindex/ProjectProfit.build/Debug-iphonesimulator/ProjectProfitUITests.build/ProjectProfitUITests-all-target-headers.hmap (in target 'ProjectProfitUITests' from project 'ProjectProfit')
    cd /Users/yutaro/project-profit-ios
    write-file /Users/yutaro/project-profit-ios/artifacts/release-quality/performance-gate/DerivedData/Build/Intermediates.noindex/ProjectProfit.build/Debug-iphonesimulator/ProjectProfitUITests.build/ProjectProfitUITests-all-target-headers.hmap

Copy /Users/yutaro/project-profit-ios/artifacts/release-quality/performance-gate/DerivedData/Build/Intermediates.noindex/GeneratedModuleMaps-iphonesimulator/libxlsxwriter.modulemap /Users/yutaro/project-profit-ios/artifacts/release-quality/performance-gate/DerivedData/Build/Intermediates.noindex/libxlsxwriter.build/Debug-iphonesimulator/libxlsxwriter.build/libxlsxwriter.modulemap (in target 'libxlsxwriter' from project 'libxlsxwriter')
    cd /Users/yutaro/project-profit-ios/artifacts/release-quality/performance-gate/DerivedData/SourcePackages/checkouts/libxlsxwriter
    builtin-copy -exclude .DS_Store -exclude CVS -exclude .svn -exclude .git -exclude .hg -resolve-src-symlinks /Users/yutaro/project-profit-ios/artifacts/release-quality/performance-gate/DerivedData/Build/Intermediates.noindex/libxlsxwriter.build/Debug-iphonesimulator/libxlsxwriter.build/libxlsxwriter.modulemap /Users/yutaro/project-profit-ios/artifacts/release-quality/performance-gate/DerivedData/Build/Intermediates.noindex/GeneratedModuleMaps-iphonesimulator

WriteAuxiliaryFile /Users/yutaro/project-profit-ios/artifacts/release-quality/performance-gate/DerivedData/Build/Intermediates.noindex/ProjectProfit.build/Debug-iphonesimulator/ProjectProfitUITests.build/ProjectProfitUITests-all-non-framework-target-headers.hmap (in target 'ProjectProfitUITests' from project 'ProjectProfit')
    cd /Users/yutaro/project-profit-ios
    write-file /Users/yutaro/project-profit-ios/artifacts/release-quality/performance-gate/DerivedData/Build/Intermediates.noindex/ProjectProfit.build/Debug-iphonesimulator/ProjectProfitUITests.build/ProjectProfitUITests-all-non-framework-target-headers.hmap

WriteAuxiliaryFile /Users/yutaro/project-profit-ios/artifacts/release-quality/performance-gate/DerivedData/Build/Intermediates.noindex/ProjectProfit.build/Debug-iphonesimulator/ProjectProfitUITests.build/ProductTypeInfoPlistAdditions.plist (in target 'ProjectProfitUITests' from project 'ProjectProfit')
    cd /Users/yutaro/project-profit-ios
    write-file /Users/yutaro/project-profit-ios/artifacts/release-quality/performance-gate/DerivedData/Build/Intermediates.noindex/ProjectProfit.build/Debug-iphonesimulator/ProjectProfitUITests.build/ProductTypeInfoPlistAdditions.plist

WriteAuxiliaryFile /Users/yutaro/project-profit-ios/artifacts/release-quality/performance-gate/DerivedData/Build/Intermediates.noindex/ProjectProfit.build/Debug-iphonesimulator/ProjectProfitUITests.build/Objects-normal/arm64/ProjectProfitUITests_const_extract_protocols.json (in target 'ProjectProfitUITests' from project 'ProjectProfit')
    cd /Users/yutaro/project-profit-ios
    write-file /Users/yutaro/project-profit-ios/artifacts/release-quality/performance-gate/DerivedData/Build/Intermediates.noindex/ProjectProfit.build/Debug-iphonesimulator/ProjectProfitUITests.build/Objects-normal/arm64/ProjectProfitUITests_const_extract_protocols.json

WriteAuxiliaryFile /Users/yutaro/project-profit-ios/artifacts/release-quality/performance-gate/DerivedData/Build/Intermediates.noindex/ProjectProfit.build/Debug-iphonesimulator/ProjectProfitUITests.build/Objects-normal/arm64/ProjectProfitUITests.SwiftConstValuesFileList (in target 'ProjectProfitUITests' from project 'ProjectProfit')
    cd /Users/yutaro/project-profit-ios
    write-file /Users/yutaro/project-profit-ios/artifacts/release-quality/performance-gate/DerivedData/Build/Intermediates.noindex/ProjectProfit.build/Debug-iphonesimulator/ProjectProfitUITests.build/Objects-normal/arm64/ProjectProfitUITests.SwiftConstValuesFileList

WriteAuxiliaryFile /Users/yutaro/project-profit-ios/artifacts/release-quality/performance-gate/DerivedData/Build/Intermediates.noindex/ProjectProfit.build/Debug-iphonesimulator/ProjectProfitUITests.build/Objects-normal/arm64/ProjectProfitUITests.SwiftFileList (in target 'ProjectProfitUITests' from project 'ProjectProfit')
    cd /Users/yutaro/project-profit-ios
    write-file /Users/yutaro/project-profit-ios/artifacts/release-quality/performance-gate/DerivedData/Build/Intermediates.noindex/ProjectProfit.build/Debug-iphonesimulator/ProjectProfitUITests.build/Objects-normal/arm64/ProjectProfitUITests.SwiftFileList

WriteAuxiliaryFile /Users/yutaro/project-profit-ios/artifacts/release-quality/performance-gate/DerivedData/Build/Intermediates.noindex/ProjectProfit.build/Debug-iphonesimulator/ProjectProfitUITests.build/Objects-normal/arm64/ProjectProfitUITests.LinkFileList (in target 'ProjectProfitUITests' from project 'ProjectProfit')
    cd /Users/yutaro/project-profit-ios
    write-file /Users/yutaro/project-profit-ios/artifacts/release-quality/performance-gate/DerivedData/Build/Intermediates.noindex/ProjectProfit.build/Debug-iphonesimulator/ProjectProfitUITests.build/Objects-normal/arm64/ProjectProfitUITests.LinkFileList

WriteAuxiliaryFile /Users/yutaro/project-profit-ios/artifacts/release-quality/performance-gate/DerivedData/Build/Intermediates.noindex/ProjectProfit.build/Debug-iphonesimulator/ProjectProfitUITests.build/Objects-normal/arm64/ProjectProfitUITests-OutputFileMap.json (in target 'ProjectProfitUITests' from project 'ProjectProfit')
    cd /Users/yutaro/project-profit-ios
    write-file /Users/yutaro/project-profit-ios/artifacts/release-quality/performance-gate/DerivedData/Build/Intermediates.noindex/ProjectProfit.build/Debug-iphonesimulator/ProjectProfitUITests.build/Objects-normal/arm64/ProjectProfitUITests-OutputFileMap.json

WriteAuxiliaryFile /Users/yutaro/project-profit-ios/artifacts/release-quality/performance-gate/DerivedData/Build/Intermediates.noindex/ProjectProfit.build/Debug-iphonesimulator/ProjectProfitUITests.build/DerivedSources/Entitlements-Simulated.plist (in target 'ProjectProfitUITests' from project 'ProjectProfit')
    cd /Users/yutaro/project-profit-ios
    write-file /Users/yutaro/project-profit-ios/artifacts/release-quality/performance-gate/DerivedData/Build/Intermediates.noindex/ProjectProfit.build/Debug-iphonesimulator/ProjectProfitUITests.build/DerivedSources/Entitlements-Simulated.plist

WriteAuxiliaryFile /Users/yutaro/project-profit-ios/artifacts/release-quality/performance-gate/DerivedData/Build/Intermediates.noindex/ProjectProfit.build/Debug-iphonesimulator/ProjectProfitTests.build/empty-ProjectProfitTests.plist (in target 'ProjectProfitTests' from project 'ProjectProfit')
    cd /Users/yutaro/project-profit-ios
    write-file /Users/yutaro/project-profit-ios/artifacts/release-quality/performance-gate/DerivedData/Build/Intermediates.noindex/ProjectProfit.build/Debug-iphonesimulator/ProjectProfitTests.build/empty-ProjectProfitTests.plist

WriteAuxiliaryFile /Users/yutaro/project-profit-ios/artifacts/release-quality/performance-gate/DerivedData/Build/Intermediates.noindex/ProjectProfit.build/Debug-iphonesimulator/ProjectProfitTests.build/ProjectProfitTests.hmap (in target 'ProjectProfitTests' from project 'ProjectProfit')
    cd /Users/yutaro/project-profit-ios
    write-file /Users/yutaro/project-profit-ios/artifacts/release-quality/performance-gate/DerivedData/Build/Intermediates.noindex/ProjectProfit.build/Debug-iphonesimulator/ProjectProfitTests.build/ProjectProfitTests.hmap

WriteAuxiliaryFile /Users/yutaro/project-profit-ios/artifacts/release-quality/performance-gate/DerivedData/Build/Intermediates.noindex/ProjectProfit.build/Debug-iphonesimulator/ProjectProfitTests.build/ProjectProfitTests.DependencyStaticMetadataFileList (in target 'ProjectProfitTests' from project 'ProjectProfit')
    cd /Users/yutaro/project-profit-ios
    write-file /Users/yutaro/project-profit-ios/artifacts/release-quality/performance-gate/DerivedData/Build/Intermediates.noindex/ProjectProfit.build/Debug-iphonesimulator/ProjectProfitTests.build/ProjectProfitTests.DependencyStaticMetadataFileList

WriteAuxiliaryFile /Users/yutaro/project-profit-ios/artifacts/release-quality/performance-gate/DerivedData/Build/Intermediates.noindex/ProjectProfit.build/Debug-iphonesimulator/ProjectProfitTests.build/ProjectProfitTests.DependencyMetadataFileList (in target 'ProjectProfitTests' from project 'ProjectProfit')
    cd /Users/yutaro/project-profit-ios
    write-file /Users/yutaro/project-profit-ios/artifacts/release-quality/performance-gate/DerivedData/Build/Intermediates.noindex/ProjectProfit.build/Debug-iphonesimulator/ProjectProfitTests.build/ProjectProfitTests.DependencyMetadataFileList

WriteAuxiliaryFile /Users/yutaro/project-profit-ios/artifacts/release-quality/performance-gate/DerivedData/Build/Intermediates.noindex/ProjectProfit.build/Debug-iphonesimulator/ProjectProfitTests.build/ProjectProfitTests-project-headers.hmap (in target 'ProjectProfitTests' from project 'ProjectProfit')
    cd /Users/yutaro/project-profit-ios
    write-file /Users/yutaro/project-profit-ios/artifacts/release-quality/performance-gate/DerivedData/Build/Intermediates.noindex/ProjectProfit.build/Debug-iphonesimulator/ProjectProfitTests.build/ProjectProfitTests-project-headers.hmap

WriteAuxiliaryFile /Users/yutaro/project-profit-ios/artifacts/release-quality/performance-gate/DerivedData/Build/Intermediates.noindex/ProjectProfit.build/Debug-iphonesimulator/ProjectProfitTests.build/ProjectProfitTests-own-target-headers.hmap (in target 'ProjectProfitTests' from project 'ProjectProfit')
    cd /Users/yutaro/project-profit-ios
    write-file /Users/yutaro/project-profit-ios/artifacts/release-quality/performance-gate/DerivedData/Build/Intermediates.noindex/ProjectProfit.build/Debug-iphonesimulator/ProjectProfitTests.build/ProjectProfitTests-own-target-headers.hmap

WriteAuxiliaryFile /Users/yutaro/project-profit-ios/artifacts/release-quality/performance-gate/DerivedData/Build/Intermediates.noindex/ProjectProfit.build/Debug-iphonesimulator/ProjectProfitTests.build/ProjectProfitTests-generated-files.hmap (in target 'ProjectProfitTests' from project 'ProjectProfit')
    cd /Users/yutaro/project-profit-ios
    write-file /Users/yutaro/project-profit-ios/artifacts/release-quality/performance-gate/DerivedData/Build/Intermediates.noindex/ProjectProfit.build/Debug-iphonesimulator/ProjectProfitTests.build/ProjectProfitTests-generated-files.hmap

WriteAuxiliaryFile /Users/yutaro/project-profit-ios/artifacts/release-quality/performance-gate/DerivedData/Build/Intermediates.noindex/ProjectProfit.build/Debug-iphonesimulator/ProjectProfitTests.build/ProjectProfitTests-all-target-headers.hmap (in target 'ProjectProfitTests' from project 'ProjectProfit')
    cd /Users/yutaro/project-profit-ios
    write-file /Users/yutaro/project-profit-ios/artifacts/release-quality/performance-gate/DerivedData/Build/Intermediates.noindex/ProjectProfit.build/Debug-iphonesimulator/ProjectProfitTests.build/ProjectProfitTests-all-target-headers.hmap

WriteAuxiliaryFile /Users/yutaro/project-profit-ios/artifacts/release-quality/performance-gate/DerivedData/Build/Intermediates.noindex/ProjectProfit.build/Debug-iphonesimulator/ProjectProfitTests.build/ProjectProfitTests-all-non-framework-target-headers.hmap (in target 'ProjectProfitTests' from project 'ProjectProfit')
    cd /Users/yutaro/project-profit-ios
    write-file /Users/yutaro/project-profit-ios/artifacts/release-quality/performance-gate/DerivedData/Build/Intermediates.noindex/ProjectProfit.build/Debug-iphonesimulator/ProjectProfitTests.build/ProjectProfitTests-all-non-framework-target-headers.hmap

WriteAuxiliaryFile /Users/yutaro/project-profit-ios/artifacts/release-quality/performance-gate/DerivedData/Build/Intermediates.noindex/ProjectProfit.build/Debug-iphonesimulator/ProjectProfitTests.build/Objects-normal/arm64/ProjectProfitTests.SwiftFileList (in target 'ProjectProfitTests' from project 'ProjectProfit')
    cd /Users/yutaro/project-profit-ios
    write-file /Users/yutaro/project-profit-ios/artifacts/release-quality/performance-gate/DerivedData/Build/Intermediates.noindex/ProjectProfit.build/Debug-iphonesimulator/ProjectProfitTests.build/Objects-normal/arm64/ProjectProfitTests.SwiftFileList

WriteAuxiliaryFile /Users/yutaro/project-profit-ios/artifacts/release-quality/performance-gate/DerivedData/Build/Intermediates.noindex/ProjectProfit.build/Debug-iphonesimulator/ProjectProfitTests.build/Objects-normal/arm64/ProjectProfitTests_const_extract_protocols.json (in target 'ProjectProfitTests' from project 'ProjectProfit')
    cd /Users/yutaro/project-profit-ios
    write-file /Users/yutaro/project-profit-ios/artifacts/release-quality/performance-gate/DerivedData/Build/Intermediates.noindex/ProjectProfit.build/Debug-iphonesimulator/ProjectProfitTests.build/Objects-normal/arm64/ProjectProfitTests_const_extract_protocols.json

WriteAuxiliaryFile /Users/yutaro/project-profit-ios/artifacts/release-quality/performance-gate/DerivedData/Build/Intermediates.noindex/ProjectProfit.build/Debug-iphonesimulator/ProjectProfitTests.build/Objects-normal/arm64/ProjectProfitTests.SwiftConstValuesFileList (in target 'ProjectProfitTests' from project 'ProjectProfit')
    cd /Users/yutaro/project-profit-ios
    write-file /Users/yutaro/project-profit-ios/artifacts/release-quality/performance-gate/DerivedData/Build/Intermediates.noindex/ProjectProfit.build/Debug-iphonesimulator/ProjectProfitTests.build/Objects-normal/arm64/ProjectProfitTests.SwiftConstValuesFileList

WriteAuxiliaryFile /Users/yutaro/project-profit-ios/artifacts/release-quality/performance-gate/DerivedData/Build/Intermediates.noindex/ProjectProfit.build/Debug-iphonesimulator/ProjectProfitTests.build/Objects-normal/arm64/ProjectProfitTests.LinkFileList (in target 'ProjectProfitTests' from project 'ProjectProfit')
    cd /Users/yutaro/project-profit-ios
    write-file /Users/yutaro/project-profit-ios/artifacts/release-quality/performance-gate/DerivedData/Build/Intermediates.noindex/ProjectProfit.build/Debug-iphonesimulator/ProjectProfitTests.build/Objects-normal/arm64/ProjectProfitTests.LinkFileList

WriteAuxiliaryFile /Users/yutaro/project-profit-ios/artifacts/release-quality/performance-gate/DerivedData/Build/Intermediates.noindex/ProjectProfit.build/Debug-iphonesimulator/ProjectProfitTests.build/Objects-normal/arm64/ProjectProfitTests-OutputFileMap.json (in target 'ProjectProfitTests' from project 'ProjectProfit')
    cd /Users/yutaro/project-profit-ios
    write-file /Users/yutaro/project-profit-ios/artifacts/release-quality/performance-gate/DerivedData/Build/Intermediates.noindex/ProjectProfit.build/Debug-iphonesimulator/ProjectProfitTests.build/Objects-normal/arm64/ProjectProfitTests-OutputFileMap.json

WriteAuxiliaryFile /Users/yutaro/project-profit-ios/artifacts/release-quality/performance-gate/DerivedData/Build/Intermediates.noindex/ProjectProfit.build/Debug-iphonesimulator/ProjectProfitShareExtension.build/ProjectProfitShareExtension.hmap (in target 'ProjectProfitShareExtension' from project 'ProjectProfit')
    cd /Users/yutaro/project-profit-ios
    write-file /Users/yutaro/project-profit-ios/artifacts/release-quality/performance-gate/DerivedData/Build/Intermediates.noindex/ProjectProfit.build/Debug-iphonesimulator/ProjectProfitShareExtension.build/ProjectProfitShareExtension.hmap

WriteAuxiliaryFile /Users/yutaro/project-profit-ios/artifacts/release-quality/performance-gate/DerivedData/Build/Intermediates.noindex/ProjectProfit.build/Debug-iphonesimulator/ProjectProfitShareExtension.build/ProjectProfitShareExtension.DependencyStaticMetadataFileList (in target 'ProjectProfitShareExtension' from project 'ProjectProfit')
    cd /Users/yutaro/project-profit-ios
    write-file /Users/yutaro/project-profit-ios/artifacts/release-quality/performance-gate/DerivedData/Build/Intermediates.noindex/ProjectProfit.build/Debug-iphonesimulator/ProjectProfitShareExtension.build/ProjectProfitShareExtension.DependencyStaticMetadataFileList

WriteAuxiliaryFile /Users/yutaro/project-profit-ios/artifacts/release-quality/performance-gate/DerivedData/Build/Intermediates.noindex/ProjectProfit.build/Debug-iphonesimulator/ProjectProfitShareExtension.build/ProjectProfitShareExtension.DependencyMetadataFileList (in target 'ProjectProfitShareExtension' from project 'ProjectProfit')
    cd /Users/yutaro/project-profit-ios
    write-file /Users/yutaro/project-profit-ios/artifacts/release-quality/performance-gate/DerivedData/Build/Intermediates.noindex/ProjectProfit.build/Debug-iphonesimulator/ProjectProfitShareExtension.build/ProjectProfitShareExtension.DependencyMetadataFileList

WriteAuxiliaryFile /Users/yutaro/project-profit-ios/artifacts/release-quality/performance-gate/DerivedData/Build/Intermediates.noindex/ProjectProfit.build/Debug-iphonesimulator/ProjectProfitShareExtension.build/ProjectProfitShareExtension-project-headers.hmap (in target 'ProjectProfitShareExtension' from project 'ProjectProfit')
    cd /Users/yutaro/project-profit-ios
    write-file /Users/yutaro/project-profit-ios/artifacts/release-quality/performance-gate/DerivedData/Build/Intermediates.noindex/ProjectProfit.build/Debug-iphonesimulator/ProjectProfitShareExtension.build/ProjectProfitShareExtension-project-headers.hmap

WriteAuxiliaryFile /Users/yutaro/project-profit-ios/artifacts/release-quality/performance-gate/DerivedData/Build/Intermediates.noindex/ProjectProfit.build/Debug-iphonesimulator/ProjectProfitShareExtension.build/ProjectProfitShareExtension-own-target-headers.hmap (in target 'ProjectProfitShareExtension' from project 'ProjectProfit')
    cd /Users/yutaro/project-profit-ios
    write-file /Users/yutaro/project-profit-ios/artifacts/release-quality/performance-gate/DerivedData/Build/Intermediates.noindex/ProjectProfit.build/Debug-iphonesimulator/ProjectProfitShareExtension.build/ProjectProfitShareExtension-own-target-headers.hmap

WriteAuxiliaryFile /Users/yutaro/project-profit-ios/artifacts/release-quality/performance-gate/DerivedData/Build/Intermediates.noindex/ProjectProfit.build/Debug-iphonesimulator/ProjectProfitShareExtension.build/ProjectProfitShareExtension-generated-files.hmap (in target 'ProjectProfitShareExtension' from project 'ProjectProfit')
    cd /Users/yutaro/project-profit-ios
    write-file /Users/yutaro/project-profit-ios/artifacts/release-quality/performance-gate/DerivedData/Build/Intermediates.noindex/ProjectProfit.build/Debug-iphonesimulator/ProjectProfitShareExtension.build/ProjectProfitShareExtension-generated-files.hmap

WriteAuxiliaryFile /Users/yutaro/project-profit-ios/artifacts/release-quality/performance-gate/DerivedData/Build/Intermediates.noindex/ProjectProfit.build/Debug-iphonesimulator/ProjectProfitShareExtension.build/ProjectProfitShareExtension-all-target-headers.hmap (in target 'ProjectProfitShareExtension' from project 'ProjectProfit')
    cd /Users/yutaro/project-profit-ios
    write-file /Users/yutaro/project-profit-ios/artifacts/release-quality/performance-gate/DerivedData/Build/Intermediates.noindex/ProjectProfit.build/Debug-iphonesimulator/ProjectProfitShareExtension.build/ProjectProfitShareExtension-all-target-headers.hmap

WriteAuxiliaryFile /Users/yutaro/project-profit-ios/artifacts/release-quality/performance-gate/DerivedData/Build/Intermediates.noindex/ProjectProfit.build/Debug-iphonesimulator/ProjectProfitShareExtension.build/ProjectProfitShareExtension-all-non-framework-target-headers.hmap (in target 'ProjectProfitShareExtension' from project 'ProjectProfit')
    cd /Users/yutaro/project-profit-ios
    write-file /Users/yutaro/project-profit-ios/artifacts/release-quality/performance-gate/DerivedData/Build/Intermediates.noindex/ProjectProfit.build/Debug-iphonesimulator/ProjectProfitShareExtension.build/ProjectProfitShareExtension-all-non-framework-target-headers.hmap

WriteAuxiliaryFile /Users/yutaro/project-profit-ios/artifacts/release-quality/performance-gate/DerivedData/Build/Intermediates.noindex/ProjectProfit.build/Debug-iphonesimulator/ProjectProfitShareExtension.build/ProjectProfitShareExtension-DebugEntryPoint-normal-arm64.txt (in target 'ProjectProfitShareExtension' from project 'ProjectProfit')
    cd /Users/yutaro/project-profit-ios
    write-file /Users/yutaro/project-profit-ios/artifacts/release-quality/performance-gate/DerivedData/Build/Intermediates.noindex/ProjectProfit.build/Debug-iphonesimulator/ProjectProfitShareExtension.build/ProjectProfitShareExtension-DebugEntryPoint-normal-arm64.txt

WriteAuxiliaryFile /Users/yutaro/project-profit-ios/artifacts/release-quality/performance-gate/DerivedData/Build/Intermediates.noindex/ProjectProfit.build/Debug-iphonesimulator/ProjectProfitShareExtension.build/ProjectProfitShareExtension-DebugDylibPath-normal-arm64.txt (in target 'ProjectProfitShareExtension' from project 'ProjectProfit')
    cd /Users/yutaro/project-profit-ios
    write-file /Users/yutaro/project-profit-ios/artifacts/release-quality/performance-gate/DerivedData/Build/Intermediates.noindex/ProjectProfit.build/Debug-iphonesimulator/ProjectProfitShareExtension.build/ProjectProfitShareExtension-DebugDylibPath-normal-arm64.txt

WriteAuxiliaryFile /Users/yutaro/project-profit-ios/artifacts/release-quality/performance-gate/DerivedData/Build/Intermediates.noindex/ProjectProfit.build/Debug-iphonesimulator/ProjectProfitShareExtension.build/ProjectProfitShareExtension-DebugDylibInstallName-normal-arm64.txt (in target 'ProjectProfitShareExtension' from project 'ProjectProfit')
    cd /Users/yutaro/project-profit-ios
    write-file /Users/yutaro/project-profit-ios/artifacts/release-quality/performance-gate/DerivedData/Build/Intermediates.noindex/ProjectProfit.build/Debug-iphonesimulator/ProjectProfitShareExtension.build/ProjectProfitShareExtension-DebugDylibInstallName-normal-arm64.txt

WriteAuxiliaryFile /Users/yutaro/project-profit-ios/artifacts/release-quality/performance-gate/DerivedData/Build/Intermediates.noindex/ProjectProfit.build/Debug-iphonesimulator/ProjectProfitShareExtension.build/Objects-normal/arm64/ProjectProfitShareExtension_const_extract_protocols.json (in target 'ProjectProfitShareExtension' from project 'ProjectProfit')
    cd /Users/yutaro/project-profit-ios
    write-file /Users/yutaro/project-profit-ios/artifacts/release-quality/performance-gate/DerivedData/Build/Intermediates.noindex/ProjectProfit.build/Debug-iphonesimulator/ProjectProfitShareExtension.build/Objects-normal/arm64/ProjectProfitShareExtension_const_extract_protocols.json

WriteAuxiliaryFile /Users/yutaro/project-profit-ios/artifacts/release-quality/performance-gate/DerivedData/Build/Intermediates.noindex/ProjectProfit.build/Debug-iphonesimulator/ProjectProfitShareExtension.build/Objects-normal/arm64/ProjectProfitShareExtension.SwiftFileList (in target 'ProjectProfitShareExtension' from project 'ProjectProfit')
    cd /Users/yutaro/project-profit-ios
    write-file /Users/yutaro/project-profit-ios/artifacts/release-quality/performance-gate/DerivedData/Build/Intermediates.noindex/ProjectProfit.build/Debug-iphonesimulator/ProjectProfitShareExtension.build/Objects-normal/arm64/ProjectProfitShareExtension.SwiftFileList

WriteAuxiliaryFile /Users/yutaro/project-profit-ios/artifacts/release-quality/performance-gate/DerivedData/Build/Intermediates.noindex/ProjectProfit.build/Debug-iphonesimulator/ProjectProfitShareExtension.build/Objects-normal/arm64/ProjectProfitShareExtension.SwiftConstValuesFileList (in target 'ProjectProfitShareExtension' from project 'ProjectProfit')
    cd /Users/yutaro/project-profit-ios
    write-file /Users/yutaro/project-profit-ios/artifacts/release-quality/performance-gate/DerivedData/Build/Intermediates.noindex/ProjectProfit.build/Debug-iphonesimulator/ProjectProfitShareExtension.build/Objects-normal/arm64/ProjectProfitShareExtension.SwiftConstValuesFileList

WriteAuxiliaryFile /Users/yutaro/project-profit-ios/artifacts/release-quality/performance-gate/DerivedData/Build/Intermediates.noindex/ProjectProfit.build/Debug-iphonesimulator/ProjectProfitShareExtension.build/Objects-normal/arm64/ProjectProfitShareExtension.LinkFileList (in target 'ProjectProfitShareExtension' from project 'ProjectProfit')
    cd /Users/yutaro/project-profit-ios
    write-file /Users/yutaro/project-profit-ios/artifacts/release-quality/performance-gate/DerivedData/Build/Intermediates.noindex/ProjectProfit.build/Debug-iphonesimulator/ProjectProfitShareExtension.build/Objects-normal/arm64/ProjectProfitShareExtension.LinkFileList

WriteAuxiliaryFile /Users/yutaro/project-profit-ios/artifacts/release-quality/performance-gate/DerivedData/Build/Intermediates.noindex/ProjectProfit.build/Debug-iphonesimulator/ProjectProfitShareExtension.build/Objects-normal/arm64/ProjectProfitShareExtension-OutputFileMap.json (in target 'ProjectProfitShareExtension' from project 'ProjectProfit')
    cd /Users/yutaro/project-profit-ios
    write-file /Users/yutaro/project-profit-ios/artifacts/release-quality/performance-gate/DerivedData/Build/Intermediates.noindex/ProjectProfit.build/Debug-iphonesimulator/ProjectProfitShareExtension.build/Objects-normal/arm64/ProjectProfitShareExtension-OutputFileMap.json

WriteAuxiliaryFile /Users/yutaro/project-profit-ios/artifacts/release-quality/performance-gate/DerivedData/Build/Intermediates.noindex/ProjectProfit.build/Debug-iphonesimulator/ProjectProfitShareExtension.build/DerivedSources/Entitlements-Simulated.plist (in target 'ProjectProfitShareExtension' from project 'ProjectProfit')
    cd /Users/yutaro/project-profit-ios
    write-file /Users/yutaro/project-profit-ios/artifacts/release-quality/performance-gate/DerivedData/Build/Intermediates.noindex/ProjectProfit.build/Debug-iphonesimulator/ProjectProfitShareExtension.build/DerivedSources/Entitlements-Simulated.plist

WriteAuxiliaryFile /Users/yutaro/project-profit-ios/artifacts/release-quality/performance-gate/DerivedData/Build/Intermediates.noindex/ProjectProfit.build/Debug-iphonesimulator/ProjectProfit.build/empty-ProjectProfit.plist (in target 'ProjectProfit' from project 'ProjectProfit')
    cd /Users/yutaro/project-profit-ios
    write-file /Users/yutaro/project-profit-ios/artifacts/release-quality/performance-gate/DerivedData/Build/Intermediates.noindex/ProjectProfit.build/Debug-iphonesimulator/ProjectProfit.build/empty-ProjectProfit.plist

WriteAuxiliaryFile /Users/yutaro/project-profit-ios/artifacts/release-quality/performance-gate/DerivedData/Build/Intermediates.noindex/ProjectProfit.build/Debug-iphonesimulator/ProjectProfit.build/ProjectProfit.hmap (in target 'ProjectProfit' from project 'ProjectProfit')
    cd /Users/yutaro/project-profit-ios
    write-file /Users/yutaro/project-profit-ios/artifacts/release-quality/performance-gate/DerivedData/Build/Intermediates.noindex/ProjectProfit.build/Debug-iphonesimulator/ProjectProfit.build/ProjectProfit.hmap

WriteAuxiliaryFile /Users/yutaro/project-profit-ios/artifacts/release-quality/performance-gate/DerivedData/Build/Intermediates.noindex/ProjectProfit.build/Debug-iphonesimulator/ProjectProfit.build/ProjectProfit.DependencyStaticMetadataFileList (in target 'ProjectProfit' from project 'ProjectProfit')
    cd /Users/yutaro/project-profit-ios
    write-file /Users/yutaro/project-profit-ios/artifacts/release-quality/performance-gate/DerivedData/Build/Intermediates.noindex/ProjectProfit.build/Debug-iphonesimulator/ProjectProfit.build/ProjectProfit.DependencyStaticMetadataFileList

WriteAuxiliaryFile /Users/yutaro/project-profit-ios/artifacts/release-quality/performance-gate/DerivedData/Build/Intermediates.noindex/ProjectProfit.build/Debug-iphonesimulator/ProjectProfit.build/ProjectProfit.DependencyMetadataFileList (in target 'ProjectProfit' from project 'ProjectProfit')
    cd /Users/yutaro/project-profit-ios
    write-file /Users/yutaro/project-profit-ios/artifacts/release-quality/performance-gate/DerivedData/Build/Intermediates.noindex/ProjectProfit.build/Debug-iphonesimulator/ProjectProfit.build/ProjectProfit.DependencyMetadataFileList

WriteAuxiliaryFile /Users/yutaro/project-profit-ios/artifacts/release-quality/performance-gate/DerivedData/Build/Intermediates.noindex/ProjectProfit.build/Debug-iphonesimulator/ProjectProfit.build/ProjectProfit-project-headers.hmap (in target 'ProjectProfit' from project 'ProjectProfit')
    cd /Users/yutaro/project-profit-ios
    write-file /Users/yutaro/project-profit-ios/artifacts/release-quality/performance-gate/DerivedData/Build/Intermediates.noindex/ProjectProfit.build/Debug-iphonesimulator/ProjectProfit.build/ProjectProfit-project-headers.hmap

WriteAuxiliaryFile /Users/yutaro/project-profit-ios/artifacts/release-quality/performance-gate/DerivedData/Build/Intermediates.noindex/ProjectProfit.build/Debug-iphonesimulator/ProjectProfit.build/ProjectProfit-own-target-headers.hmap (in target 'ProjectProfit' from project 'ProjectProfit')
    cd /Users/yutaro/project-profit-ios
    write-file /Users/yutaro/project-profit-ios/artifacts/release-quality/performance-gate/DerivedData/Build/Intermediates.noindex/ProjectProfit.build/Debug-iphonesimulator/ProjectProfit.build/ProjectProfit-own-target-headers.hmap

WriteAuxiliaryFile /Users/yutaro/project-profit-ios/artifacts/release-quality/performance-gate/DerivedData/Build/Intermediates.noindex/ProjectProfit.build/Debug-iphonesimulator/ProjectProfit.build/ProjectProfit-generated-files.hmap (in target 'ProjectProfit' from project 'ProjectProfit')
    cd /Users/yutaro/project-profit-ios
    write-file /Users/yutaro/project-profit-ios/artifacts/release-quality/performance-gate/DerivedData/Build/Intermediates.noindex/ProjectProfit.build/Debug-iphonesimulator/ProjectProfit.build/ProjectProfit-generated-files.hmap

WriteAuxiliaryFile /Users/yutaro/project-profit-ios/artifacts/release-quality/performance-gate/DerivedData/Build/Intermediates.noindex/ProjectProfit.build/Debug-iphonesimulator/ProjectProfit.build/ProjectProfit-all-target-headers.hmap (in target 'ProjectProfit' from project 'ProjectProfit')
    cd /Users/yutaro/project-profit-ios
    write-file /Users/yutaro/project-profit-ios/artifacts/release-quality/performance-gate/DerivedData/Build/Intermediates.noindex/ProjectProfit.build/Debug-iphonesimulator/ProjectProfit.build/ProjectProfit-all-target-headers.hmap

WriteAuxiliaryFile /Users/yutaro/project-profit-ios/artifacts/release-quality/performance-gate/DerivedData/Build/Intermediates.noindex/ProjectProfit.build/Debug-iphonesimulator/ProjectProfit.build/ProjectProfit-all-non-framework-target-headers.hmap (in target 'ProjectProfit' from project 'ProjectProfit')
    cd /Users/yutaro/project-profit-ios
    write-file /Users/yutaro/project-profit-ios/artifacts/release-quality/performance-gate/DerivedData/Build/Intermediates.noindex/ProjectProfit.build/Debug-iphonesimulator/ProjectProfit.build/ProjectProfit-all-non-framework-target-headers.hmap

WriteAuxiliaryFile /Users/yutaro/project-profit-ios/artifacts/release-quality/performance-gate/DerivedData/Build/Intermediates.noindex/ProjectProfit.build/Debug-iphonesimulator/ProjectProfit.build/ProjectProfit-DebugDylibPath-normal-arm64.txt (in target 'ProjectProfit' from project 'ProjectProfit')
    cd /Users/yutaro/project-profit-ios
    write-file /Users/yutaro/project-profit-ios/artifacts/release-quality/performance-gate/DerivedData/Build/Intermediates.noindex/ProjectProfit.build/Debug-iphonesimulator/ProjectProfit.build/ProjectProfit-DebugDylibPath-normal-arm64.txt

WriteAuxiliaryFile /Users/yutaro/project-profit-ios/artifacts/release-quality/performance-gate/DerivedData/Build/Intermediates.noindex/ProjectProfit.build/Debug-iphonesimulator/ProjectProfit.build/ProjectProfit-DebugDylibInstallName-normal-arm64.txt (in target 'ProjectProfit' from project 'ProjectProfit')
    cd /Users/yutaro/project-profit-ios
    write-file /Users/yutaro/project-profit-ios/artifacts/release-quality/performance-gate/DerivedData/Build/Intermediates.noindex/ProjectProfit.build/Debug-iphonesimulator/ProjectProfit.build/ProjectProfit-DebugDylibInstallName-normal-arm64.txt

WriteAuxiliaryFile /Users/yutaro/project-profit-ios/artifacts/release-quality/performance-gate/DerivedData/Build/Intermediates.noindex/ProjectProfit.build/Debug-iphonesimulator/ProjectProfit.build/Objects-normal/arm64/ProjectProfit_const_extract_protocols.json (in target 'ProjectProfit' from project 'ProjectProfit')
    cd /Users/yutaro/project-profit-ios
    write-file /Users/yutaro/project-profit-ios/artifacts/release-quality/performance-gate/DerivedData/Build/Intermediates.noindex/ProjectProfit.build/Debug-iphonesimulator/ProjectProfit.build/Objects-normal/arm64/ProjectProfit_const_extract_protocols.json

WriteAuxiliaryFile /Users/yutaro/project-profit-ios/artifacts/release-quality/performance-gate/DerivedData/Build/Intermediates.noindex/ProjectProfit.build/Debug-iphonesimulator/ProjectProfit.build/Objects-normal/arm64/ProjectProfit.SwiftFileList (in target 'ProjectProfit' from project 'ProjectProfit')
    cd /Users/yutaro/project-profit-ios
    write-file /Users/yutaro/project-profit-ios/artifacts/release-quality/performance-gate/DerivedData/Build/Intermediates.noindex/ProjectProfit.build/Debug-iphonesimulator/ProjectProfit.build/Objects-normal/arm64/ProjectProfit.SwiftFileList

WriteAuxiliaryFile /Users/yutaro/project-profit-ios/artifacts/release-quality/performance-gate/DerivedData/Build/Intermediates.noindex/ProjectProfit.build/Debug-iphonesimulator/ProjectProfit.build/Objects-normal/arm64/ProjectProfit.SwiftConstValuesFileList (in target 'ProjectProfit' from project 'ProjectProfit')
    cd /Users/yutaro/project-profit-ios
    write-file /Users/yutaro/project-profit-ios/artifacts/release-quality/performance-gate/DerivedData/Build/Intermediates.noindex/ProjectProfit.build/Debug-iphonesimulator/ProjectProfit.build/Objects-normal/arm64/ProjectProfit.SwiftConstValuesFileList

WriteAuxiliaryFile /Users/yutaro/project-profit-ios/artifacts/release-quality/performance-gate/DerivedData/Build/Intermediates.noindex/ProjectProfit.build/Debug-iphonesimulator/ProjectProfit.build/Objects-normal/arm64/ProjectProfit.LinkFileList (in target 'ProjectProfit' from project 'ProjectProfit')
    cd /Users/yutaro/project-profit-ios
    write-file /Users/yutaro/project-profit-ios/artifacts/release-quality/performance-gate/DerivedData/Build/Intermediates.noindex/ProjectProfit.build/Debug-iphonesimulator/ProjectProfit.build/Objects-normal/arm64/ProjectProfit.LinkFileList

WriteAuxiliaryFile /Users/yutaro/project-profit-ios/artifacts/release-quality/performance-gate/DerivedData/Build/Intermediates.noindex/ProjectProfit.build/Debug-iphonesimulator/ProjectProfit.build/Objects-normal/arm64/ProjectProfit-OutputFileMap.json (in target 'ProjectProfit' from project 'ProjectProfit')
    cd /Users/yutaro/project-profit-ios
    write-file /Users/yutaro/project-profit-ios/artifacts/release-quality/performance-gate/DerivedData/Build/Intermediates.noindex/ProjectProfit.build/Debug-iphonesimulator/ProjectProfit.build/Objects-normal/arm64/ProjectProfit-OutputFileMap.json

WriteAuxiliaryFile /Users/yutaro/project-profit-ios/artifacts/release-quality/performance-gate/DerivedData/Build/Intermediates.noindex/ProjectProfit.build/Debug-iphonesimulator/ProjectProfit.build/DerivedSources/Entitlements-Simulated.plist (in target 'ProjectProfit' from project 'ProjectProfit')
    cd /Users/yutaro/project-profit-ios
    write-file /Users/yutaro/project-profit-ios/artifacts/release-quality/performance-gate/DerivedData/Build/Intermediates.noindex/ProjectProfit.build/Debug-iphonesimulator/ProjectProfit.build/DerivedSources/Entitlements-Simulated.plist

MkDir /Users/yutaro/project-profit-ios/artifacts/release-quality/performance-gate/DerivedData/Build/Products/Debug-iphonesimulator/ProjectProfitUITests-Runner.app/PlugIns/ProjectProfitUITests.xctest (in target 'ProjectProfitUITests' from project 'ProjectProfit')
    cd /Users/yutaro/project-profit-ios
    /bin/mkdir -p /Users/yutaro/project-profit-ios/artifacts/release-quality/performance-gate/DerivedData/Build/Products/Debug-iphonesimulator/ProjectProfitUITests-Runner.app/PlugIns/ProjectProfitUITests.xctest

MkDir /Users/yutaro/project-profit-ios/artifacts/release-quality/performance-gate/DerivedData/Build/Products/Debug-iphonesimulator/ProjectProfit.app/PlugIns/ProjectProfitTests.xctest (in target 'ProjectProfitTests' from project 'ProjectProfit')
    cd /Users/yutaro/project-profit-ios
    /bin/mkdir -p /Users/yutaro/project-profit-ios/artifacts/release-quality/performance-gate/DerivedData/Build/Products/Debug-iphonesimulator/ProjectProfit.app/PlugIns/ProjectProfitTests.xctest

MkDir /Users/yutaro/project-profit-ios/artifacts/release-quality/performance-gate/DerivedData/Build/Products/Debug-iphonesimulator/ProjectProfitShareExtension.appex (in target 'ProjectProfitShareExtension' from project 'ProjectProfit')
    cd /Users/yutaro/project-profit-ios
    /bin/mkdir -p /Users/yutaro/project-profit-ios/artifacts/release-quality/performance-gate/DerivedData/Build/Products/Debug-iphonesimulator/ProjectProfitShareExtension.appex

MkDir /Users/yutaro/project-profit-ios/artifacts/release-quality/performance-gate/DerivedData/Build/Products/Debug-iphonesimulator/ProjectProfit.app/PlugIns (in target 'ProjectProfit' from project 'ProjectProfit')
    cd /Users/yutaro/project-profit-ios
    /bin/mkdir -p /Users/yutaro/project-profit-ios/artifacts/release-quality/performance-gate/DerivedData/Build/Products/Debug-iphonesimulator/ProjectProfit.app/PlugIns

MkDir /Users/yutaro/project-profit-ios/artifacts/release-quality/performance-gate/DerivedData/Build/Products/Debug-iphonesimulator/ProjectProfit.app/Frameworks (in target 'ProjectProfit' from project 'ProjectProfit')
    cd /Users/yutaro/project-profit-ios
    /bin/mkdir -p /Users/yutaro/project-profit-ios/artifacts/release-quality/performance-gate/DerivedData/Build/Products/Debug-iphonesimulator/ProjectProfit.app/Frameworks

MkDir /Users/yutaro/project-profit-ios/artifacts/release-quality/performance-gate/DerivedData/Build/Products/Debug-iphonesimulator/ProjectProfit.app (in target 'ProjectProfit' from project 'ProjectProfit')
    cd /Users/yutaro/project-profit-ios
    /bin/mkdir -p /Users/yutaro/project-profit-ios/artifacts/release-quality/performance-gate/DerivedData/Build/Products/Debug-iphonesimulator/ProjectProfit.app

ProcessProductPackaging /Users/yutaro/project-profit-ios/ProjectProfitShareExtension/ProjectProfitShareExtension.entitlements /Users/yutaro/project-profit-ios/artifacts/release-quality/performance-gate/DerivedData/Build/Intermediates.noindex/ProjectProfit.build/Debug-iphonesimulator/ProjectProfitShareExtension.build/ProjectProfitShareExtension.appex.xcent (in target 'ProjectProfitShareExtension' from project 'ProjectProfit')
    cd /Users/yutaro/project-profit-ios
    
    Entitlements:
    
    {
}
    
    builtin-productPackagingUtility /Users/yutaro/project-profit-ios/ProjectProfitShareExtension/ProjectProfitShareExtension.entitlements -entitlements -format xml -o /Users/yutaro/project-profit-ios/artifacts/release-quality/performance-gate/DerivedData/Build/Intermediates.noindex/ProjectProfit.build/Debug-iphonesimulator/ProjectProfitShareExtension.build/ProjectProfitShareExtension.appex.xcent

ProcessProductPackaging /Users/yutaro/project-profit-ios/ProjectProfitShareExtension/ProjectProfitShareExtension.entitlements /Users/yutaro/project-profit-ios/artifacts/release-quality/performance-gate/DerivedData/Build/Intermediates.noindex/ProjectProfit.build/Debug-iphonesimulator/ProjectProfitShareExtension.build/ProjectProfitShareExtension.appex-Simulated.xcent (in target 'ProjectProfitShareExtension' from project 'ProjectProfit')
    cd /Users/yutaro/project-profit-ios
    
    Entitlements:
    
    {
    "application-identifier" = "52PPJXD67Z.com.projectprofit.ProjectProfit.ShareExtension";
    "com.apple.security.application-groups" =     (
        "group.com.projectprofit.ProjectProfit"
    );
}
    
    builtin-productPackagingUtility /Users/yutaro/project-profit-ios/ProjectProfitShareExtension/ProjectProfitShareExtension.entitlements -entitlements -format xml -o /Users/yutaro/project-profit-ios/artifacts/release-quality/performance-gate/DerivedData/Build/Intermediates.noindex/ProjectProfit.build/Debug-iphonesimulator/ProjectProfitShareExtension.build/ProjectProfitShareExtension.appex-Simulated.xcent

ProcessProductPackagingDER /Users/yutaro/project-profit-ios/artifacts/release-quality/performance-gate/DerivedData/Build/Intermediates.noindex/ProjectProfit.build/Debug-iphonesimulator/ProjectProfitShareExtension.build/ProjectProfitShareExtension.appex-Simulated.xcent /Users/yutaro/project-profit-ios/artifacts/release-quality/performance-gate/DerivedData/Build/Intermediates.noindex/ProjectProfit.build/Debug-iphonesimulator/ProjectProfitShareExtension.build/ProjectProfitShareExtension.appex-Simulated.xcent.der (in target 'ProjectProfitShareExtension' from project 'ProjectProfit')
    cd /Users/yutaro/project-profit-ios
    /usr/bin/derq query -f xml -i /Users/yutaro/project-profit-ios/artifacts/release-quality/performance-gate/DerivedData/Build/Intermediates.noindex/ProjectProfit.build/Debug-iphonesimulator/ProjectProfitShareExtension.build/ProjectProfitShareExtension.appex-Simulated.xcent -o /Users/yutaro/project-profit-ios/artifacts/release-quality/performance-gate/DerivedData/Build/Intermediates.noindex/ProjectProfit.build/Debug-iphonesimulator/ProjectProfitShareExtension.build/ProjectProfitShareExtension.appex-Simulated.xcent.der --raw

ProcessProductPackagingDER /Users/yutaro/project-profit-ios/artifacts/release-quality/performance-gate/DerivedData/Build/Intermediates.noindex/ProjectProfit.build/Debug-iphonesimulator/ProjectProfitShareExtension.build/ProjectProfitShareExtension.appex.xcent /Users/yutaro/project-profit-ios/artifacts/release-quality/performance-gate/DerivedData/Build/Intermediates.noindex/ProjectProfit.build/Debug-iphonesimulator/ProjectProfitShareExtension.build/ProjectProfitShareExtension.appex.xcent.der (in target 'ProjectProfitShareExtension' from project 'ProjectProfit')
    cd /Users/yutaro/project-profit-ios
    /usr/bin/derq query -f xml -i /Users/yutaro/project-profit-ios/artifacts/release-quality/performance-gate/DerivedData/Build/Intermediates.noindex/ProjectProfit.build/Debug-iphonesimulator/ProjectProfitShareExtension.build/ProjectProfitShareExtension.appex.xcent -o /Users/yutaro/project-profit-ios/artifacts/release-quality/performance-gate/DerivedData/Build/Intermediates.noindex/ProjectProfit.build/Debug-iphonesimulator/ProjectProfitShareExtension.build/ProjectProfitShareExtension.appex.xcent.der --raw

ProcessInfoPlistFile /Users/yutaro/project-profit-ios/artifacts/release-quality/performance-gate/DerivedData/Build/Products/Debug-iphonesimulator/ProjectProfitShareExtension.appex/Info.plist /Users/yutaro/project-profit-ios/ProjectProfitShareExtension/Info.plist (in target 'ProjectProfitShareExtension' from project 'ProjectProfit')
    cd /Users/yutaro/project-profit-ios
    builtin-infoPlistUtility /Users/yutaro/project-profit-ios/ProjectProfitShareExtension/Info.plist -producttype com.apple.product-type.app-extension -expandbuildsettings -format binary -platform iphonesimulator -o /Users/yutaro/project-profit-ios/artifacts/release-quality/performance-gate/DerivedData/Build/Products/Debug-iphonesimulator/ProjectProfitShareExtension.appex/Info.plist

Ld /Users/yutaro/project-profit-ios/artifacts/release-quality/performance-gate/DerivedData/Build/Products/Debug-iphonesimulator/ProjectProfitShareExtension.appex/__preview.dylib normal (in target 'ProjectProfitShareExtension' from project 'ProjectProfit')
    cd /Users/yutaro/project-profit-ios
    /Applications/Xcode-26.3.app/Contents/Developer/Toolchains/XcodeDefault.xctoolchain/usr/bin/clang -Xlinker -reproducible -target arm64-apple-ios17.0-simulator -dynamiclib -isysroot /Applications/Xcode-26.3.app/Contents/Developer/Platforms/iPhoneSimulator.platform/Developer/SDKs/iPhoneSimulator26.2.sdk -O0 -L/Users/yutaro/project-profit-ios/artifacts/release-quality/performance-gate/DerivedData/Build/Products/Debug-iphonesimulator -F/Users/yutaro/project-profit-ios/artifacts/release-quality/performance-gate/DerivedData/Build/Products/Debug-iphonesimulator -install_name @rpath/ProjectProfitShareExtension.debug.dylib -dead_strip -rdynamic -Xlinker -no_deduplicate -Xlinker -objc_abi_version -Xlinker 2 -Xlinker -debug_variant -Xlinker -dependency_info -Xlinker /Users/yutaro/project-profit-ios/artifacts/release-quality/performance-gate/DerivedData/Build/Intermediates.noindex/ProjectProfit.build/Debug-iphonesimulator/ProjectProfitShareExtension.build/Objects-normal/arm64/ProjectProfitShareExtension_dependency_info.dat -Xlinker -sectcreate -Xlinker __TEXT -Xlinker __entitlements -Xlinker /Users/yutaro/project-profit-ios/artifacts/release-quality/performance-gate/DerivedData/Build/Intermediates.noindex/ProjectProfit.build/Debug-iphonesimulator/ProjectProfitShareExtension.build/ProjectProfitShareExtension.appex-Simulated.xcent -Xlinker -sectcreate -Xlinker __TEXT -Xlinker __ents_der -Xlinker /Users/yutaro/project-profit-ios/artifacts/release-quality/performance-gate/DerivedData/Build/Intermediates.noindex/ProjectProfit.build/Debug-iphonesimulator/ProjectProfitShareExtension.build/ProjectProfitShareExtension.appex-Simulated.xcent.der -Xlinker -no_adhoc_codesign -o /Users/yutaro/project-profit-ios/artifacts/release-quality/performance-gate/DerivedData/Build/Products/Debug-iphonesimulator/ProjectProfitShareExtension.appex/__preview.dylib

ScanDependencies /Users/yutaro/project-profit-ios/artifacts/release-quality/performance-gate/DerivedData/Build/Intermediates.noindex/libxlsxwriter.build/Debug-iphonesimulator/libxlsxwriter.build/Objects-normal/arm64/xmlwriter.o /Users/yutaro/project-profit-ios/artifacts/release-quality/performance-gate/DerivedData/SourcePackages/checkouts/libxlsxwriter/src/xmlwriter.c normal arm64 c com.apple.compilers.llvm.clang.1_0.compiler (in target 'libxlsxwriter' from project 'libxlsxwriter')
    cd /Users/yutaro/project-profit-ios/ProjectProfit.xcodeproj
    
    Using response file: /Users/yutaro/project-profit-ios/artifacts/release-quality/performance-gate/DerivedData/Build/Intermediates.noindex/libxlsxwriter.build/Debug-iphonesimulator/libxlsxwriter.build/Objects-normal/arm64/7187679823f38a2a940e0043cdf9d637-common-args.resp
    
    builtin-ScanDependencies -o /Users/yutaro/project-profit-ios/artifacts/release-quality/performance-gate/DerivedData/Build/Intermediates.noindex/libxlsxwriter.build/Debug-iphonesimulator/libxlsxwriter.build/Objects-normal/arm64/xmlwriter.o.scan -- /Applications/Xcode-26.3.app/Contents/Developer/Toolchains/XcodeDefault.xctoolchain/usr/bin/clang -x c -ivfsstatcache /Users/yutaro/project-profit-ios/artifacts/release-quality/performance-gate/DerivedData/SDKStatCaches.noindex/iphonesimulator26.2-23C57-91db6bf2b9df79783d042ed3cc29a58e.sdkstatcache -fmessage-length\=0 -fdiagnostics-show-note-include-stack -fmacro-backtrace-limit\=0 -fno-color-diagnostics -fmodules-prune-interval\=86400 -fmodules-prune-after\=345600 -fbuild-session-file\=/Users/yutaro/project-profit-ios/artifacts/release-quality/performance-gate/DerivedData/ModuleCache.noindex/Session.modulevalidation -fmodules-validate-once-per-build-session -Wnon-modular-include-in-framework-module -Werror\=non-modular-include-in-framework-module -Wno-trigraphs -Wno-missing-field-initializers -Wno-missing-prototypes -Wno-return-type -Wno-missing-braces -Wparentheses -Wswitch -Wno-unused-function -Wno-unused-label -Wno-unused-parameter -Wno-unused-variable -Wunused-value -Wno-empty-body -Wno-uninitialized -Wno-unknown-pragmas -w -Wno-shadow -Wno-four-char-constants -Wno-conversion -Wno-constant-conversion -Wno-int-conversion -Wno-bool-conversion -Wno-enum-conversion -Wno-float-conversion -Wno-non-literal-null-conversion -Wno-objc-literal-conversion -Wshorten-64-to-32 -Wpointer-sign -Wno-newline-eof -Wno-implicit-fallthrough -fstrict-aliasing -Wdeprecated-declarations -Wno-sign-conversion -Wno-infinite-recursion -Wno-comma -Wno-block-capture-autoreleasing -Wno-strict-prototypes -Wno-semicolon-before-method-body -index-store-path /Users/yutaro/project-profit-ios/artifacts/release-quality/performance-gate/DerivedData/Index.noindex/DataStore @/Users/yutaro/project-profit-ios/artifacts/release-quality/performance-gate/DerivedData/Build/Intermediates.noindex/libxlsxwriter.build/Debug-iphonesimulator/libxlsxwriter.build/Objects-normal/arm64/7187679823f38a2a940e0043cdf9d637-common-args.resp -MMD -MT dependencies -MF /Users/yutaro/project-profit-ios/artifacts/release-quality/performance-gate/DerivedData/Build/Intermediates.noindex/libxlsxwriter.build/Debug-iphonesimulator/libxlsxwriter.build/Objects-normal/arm64/xmlwriter.d --serialize-diagnostics /Users/yutaro/project-profit-ios/artifacts/release-quality/performance-gate/DerivedData/Build/Intermediates.noindex/libxlsxwriter.build/Debug-iphonesimulator/libxlsxwriter.build/Objects-normal/arm64/xmlwriter.dia -c /Users/yutaro/project-profit-ios/artifacts/release-quality/performance-gate/DerivedData/SourcePackages/checkouts/libxlsxwriter/src/xmlwriter.c -o /Users/yutaro/project-profit-ios/artifacts/release-quality/performance-gate/DerivedData/Build/Intermediates.noindex/libxlsxwriter.build/Debug-iphonesimulator/libxlsxwriter.build/Objects-normal/arm64/xmlwriter.o -index-unit-output-path /libxlsxwriter.build/Debug-iphonesimulator/libxlsxwriter.build/Objects-normal/arm64/xmlwriter.o

ScanDependencies /Users/yutaro/project-profit-ios/artifacts/release-quality/performance-gate/DerivedData/Build/Intermediates.noindex/libxlsxwriter.build/Debug-iphonesimulator/libxlsxwriter.build/Objects-normal/arm64/zip.o /Users/yutaro/project-profit-ios/artifacts/release-quality/performance-gate/DerivedData/SourcePackages/checkouts/libxlsxwriter/third_party/minizip/zip.c normal arm64 c com.apple.compilers.llvm.clang.1_0.compiler (in target 'libxlsxwriter' from project 'libxlsxwriter')
    cd /Users/yutaro/project-profit-ios/ProjectProfit.xcodeproj
    
    Using response file: /Users/yutaro/project-profit-ios/artifacts/release-quality/performance-gate/DerivedData/Build/Intermediates.noindex/libxlsxwriter.build/Debug-iphonesimulator/libxlsxwriter.build/Objects-normal/arm64/7187679823f38a2a940e0043cdf9d637-common-args.resp
    
    builtin-ScanDependencies -o /Users/yutaro/project-profit-ios/artifacts/release-quality/performance-gate/DerivedData/Build/Intermediates.noindex/libxlsxwriter.build/Debug-iphonesimulator/libxlsxwriter.build/Objects-normal/arm64/zip.o.scan -- /Applications/Xcode-26.3.app/Contents/Developer/Toolchains/XcodeDefault.xctoolchain/usr/bin/clang -x c -ivfsstatcache /Users/yutaro/project-profit-ios/artifacts/release-quality/performance-gate/DerivedData/SDKStatCaches.noindex/iphonesimulator26.2-23C57-91db6bf2b9df79783d042ed3cc29a58e.sdkstatcache -fmessage-length\=0 -fdiagnostics-show-note-include-stack -fmacro-backtrace-limit\=0 -fno-color-diagnostics -fmodules-prune-interval\=86400 -fmodules-prune-after\=345600 -fbuild-session-file\=/Users/yutaro/project-profit-ios/artifacts/release-quality/performance-gate/DerivedData/ModuleCache.noindex/Session.modulevalidation -fmodules-validate-once-per-build-session -Wnon-modular-include-in-framework-module -Werror\=non-modular-include-in-framework-module -Wno-trigraphs -Wno-missing-field-initializers -Wno-missing-prototypes -Wno-return-type -Wno-missing-braces -Wparentheses -Wswitch -Wno-unused-function -Wno-unused-label -Wno-unused-parameter -Wno-unused-variable -Wunused-value -Wno-empty-body -Wno-uninitialized -Wno-unknown-pragmas -w -Wno-shadow -Wno-four-char-constants -Wno-conversion -Wno-constant-conversion -Wno-int-conversion -Wno-bool-conversion -Wno-enum-conversion -Wno-float-conversion -Wno-non-literal-null-conversion -Wno-objc-literal-conversion -Wshorten-64-to-32 -Wpointer-sign -Wno-newline-eof -Wno-implicit-fallthrough -fstrict-aliasing -Wdeprecated-declarations -Wno-sign-conversion -Wno-infinite-recursion -Wno-comma -Wno-block-capture-autoreleasing -Wno-strict-prototypes -Wno-semicolon-before-method-body -index-store-path /Users/yutaro/project-profit-ios/artifacts/release-quality/performance-gate/DerivedData/Index.noindex/DataStore @/Users/yutaro/project-profit-ios/artifacts/release-quality/performance-gate/DerivedData/Build/Intermediates.noindex/libxlsxwriter.build/Debug-iphonesimulator/libxlsxwriter.build/Objects-normal/arm64/7187679823f38a2a940e0043cdf9d637-common-args.resp -MMD -MT dependencies -MF /Users/yutaro/project-profit-ios/artifacts/release-quality/performance-gate/DerivedData/Build/Intermediates.noindex/libxlsxwriter.build/Debug-iphonesimulator/libxlsxwriter.build/Objects-normal/arm64/zip.d --serialize-diagnostics /Users/yutaro/project-profit-ios/artifacts/release-quality/performance-gate/DerivedData/Build/Intermediates.noindex/libxlsxwriter.build/Debug-iphonesimulator/libxlsxwriter.build/Objects-normal/arm64/zip.dia -c /Users/yutaro/project-profit-ios/artifacts/release-quality/performance-gate/DerivedData/SourcePackages/checkouts/libxlsxwriter/third_party/minizip/zip.c -o /Users/yutaro/project-profit-ios/artifacts/release-quality/performance-gate/DerivedData/Build/Intermediates.noindex/libxlsxwriter.build/Debug-iphonesimulator/libxlsxwriter.build/Objects-normal/arm64/zip.o -index-unit-output-path /libxlsxwriter.build/Debug-iphonesimulator/libxlsxwriter.build/Objects-normal/arm64/zip.o

ScanDependencies /Users/yutaro/project-profit-ios/artifacts/release-quality/performance-gate/DerivedData/Build/Intermediates.noindex/libxlsxwriter.build/Debug-iphonesimulator/libxlsxwriter.build/Objects-normal/arm64/workbook.o /Users/yutaro/project-profit-ios/artifacts/release-quality/performance-gate/DerivedData/SourcePackages/checkouts/libxlsxwriter/src/workbook.c normal arm64 c com.apple.compilers.llvm.clang.1_0.compiler (in target 'libxlsxwriter' from project 'libxlsxwriter')
    cd /Users/yutaro/project-profit-ios/ProjectProfit.xcodeproj
    
    Using response file: /Users/yutaro/project-profit-ios/artifacts/release-quality/performance-gate/DerivedData/Build/Intermediates.noindex/libxlsxwriter.build/Debug-iphonesimulator/libxlsxwriter.build/Objects-normal/arm64/7187679823f38a2a940e0043cdf9d637-common-args.resp
    
    builtin-ScanDependencies -o /Users/yutaro/project-profit-ios/artifacts/release-quality/performance-gate/DerivedData/Build/Intermediates.noindex/libxlsxwriter.build/Debug-iphonesimulator/libxlsxwriter.build/Objects-normal/arm64/workbook.o.scan -- /Applications/Xcode-26.3.app/Contents/Developer/Toolchains/XcodeDefault.xctoolchain/usr/bin/clang -x c -ivfsstatcache /Users/yutaro/project-profit-ios/artifacts/release-quality/performance-gate/DerivedData/SDKStatCaches.noindex/iphonesimulator26.2-23C57-91db6bf2b9df79783d042ed3cc29a58e.sdkstatcache -fmessage-length\=0 -fdiagnostics-show-note-include-stack -fmacro-backtrace-limit\=0 -fno-color-diagnostics -fmodules-prune-interval\=86400 -fmodules-prune-after\=345600 -fbuild-session-file\=/Users/yutaro/project-profit-ios/artifacts/release-quality/performance-gate/DerivedData/ModuleCache.noindex/Session.modulevalidation -fmodules-validate-once-per-build-session -Wnon-modular-include-in-framework-module -Werror\=non-modular-include-in-framework-module -Wno-trigraphs -Wno-missing-field-initializers -Wno-missing-prototypes -Wno-return-type -Wno-missing-braces -Wparentheses -Wswitch -Wno-unused-function -Wno-unused-label -Wno-unused-parameter -Wno-unused-variable -Wunused-value -Wno-empty-body -Wno-uninitialized -Wno-unknown-pragmas -w -Wno-shadow -Wno-four-char-constants -Wno-conversion -Wno-constant-conversion -Wno-int-conversion -Wno-bool-conversion -Wno-enum-conversion -Wno-float-conversion -Wno-non-literal-null-conversion -Wno-objc-literal-conversion -Wshorten-64-to-32 -Wpointer-sign -Wno-newline-eof -Wno-implicit-fallthrough -fstrict-aliasing -Wdeprecated-declarations -Wno-sign-conversion -Wno-infinite-recursion -Wno-comma -Wno-block-capture-autoreleasing -Wno-strict-prototypes -Wno-semicolon-before-method-body -index-store-path /Users/yutaro/project-profit-ios/artifacts/release-quality/performance-gate/DerivedData/Index.noindex/DataStore @/Users/yutaro/project-profit-ios/artifacts/release-quality/performance-gate/DerivedData/Build/Intermediates.noindex/libxlsxwriter.build/Debug-iphonesimulator/libxlsxwriter.build/Objects-normal/arm64/7187679823f38a2a940e0043cdf9d637-common-args.resp -MMD -MT dependencies -MF /Users/yutaro/project-profit-ios/artifacts/release-quality/performance-gate/DerivedData/Build/Intermediates.noindex/libxlsxwriter.build/Debug-iphonesimulator/libxlsxwriter.build/Objects-normal/arm64/workbook.d --serialize-diagnostics /Users/yutaro/project-profit-ios/artifacts/release-quality/performance-gate/DerivedData/Build/Intermediates.noindex/libxlsxwriter.build/Debug-iphonesimulator/libxlsxwriter.build/Objects-normal/arm64/workbook.dia -c /Users/yutaro/project-profit-ios/artifacts/release-quality/performance-gate/DerivedData/SourcePackages/checkouts/libxlsxwriter/src/workbook.c -o /Users/yutaro/project-profit-ios/artifacts/release-quality/performance-gate/DerivedData/Build/Intermediates.noindex/libxlsxwriter.build/Debug-iphonesimulator/libxlsxwriter.build/Objects-normal/arm64/workbook.o -index-unit-output-path /libxlsxwriter.build/Debug-iphonesimulator/libxlsxwriter.build/Objects-normal/arm64/workbook.o

ScanDependencies /Users/yutaro/project-profit-ios/artifacts/release-quality/performance-gate/DerivedData/Build/Intermediates.noindex/libxlsxwriter.build/Debug-iphonesimulator/libxlsxwriter.build/Objects-normal/arm64/vml.o /Users/yutaro/project-profit-ios/artifacts/release-quality/performance-gate/DerivedData/SourcePackages/checkouts/libxlsxwriter/src/vml.c normal arm64 c com.apple.compilers.llvm.clang.1_0.compiler (in target 'libxlsxwriter' from project 'libxlsxwriter')
    cd /Users/yutaro/project-profit-ios/ProjectProfit.xcodeproj
    
    Using response file: /Users/yutaro/project-profit-ios/artifacts/release-quality/performance-gate/DerivedData/Build/Intermediates.noindex/libxlsxwriter.build/Debug-iphonesimulator/libxlsxwriter.build/Objects-normal/arm64/7187679823f38a2a940e0043cdf9d637-common-args.resp
    
    builtin-ScanDependencies -o /Users/yutaro/project-profit-ios/artifacts/release-quality/performance-gate/DerivedData/Build/Intermediates.noindex/libxlsxwriter.build/Debug-iphonesimulator/libxlsxwriter.build/Objects-normal/arm64/vml.o.scan -- /Applications/Xcode-26.3.app/Contents/Developer/Toolchains/XcodeDefault.xctoolchain/usr/bin/clang -x c -ivfsstatcache /Users/yutaro/project-profit-ios/artifacts/release-quality/performance-gate/DerivedData/SDKStatCaches.noindex/iphonesimulator26.2-23C57-91db6bf2b9df79783d042ed3cc29a58e.sdkstatcache -fmessage-length\=0 -fdiagnostics-show-note-include-stack -fmacro-backtrace-limit\=0 -fno-color-diagnostics -fmodules-prune-interval\=86400 -fmodules-prune-after\=345600 -fbuild-session-file\=/Users/yutaro/project-profit-ios/artifacts/release-quality/performance-gate/DerivedData/ModuleCache.noindex/Session.modulevalidation -fmodules-validate-once-per-build-session -Wnon-modular-include-in-framework-module -Werror\=non-modular-include-in-framework-module -Wno-trigraphs -Wno-missing-field-initializers -Wno-missing-prototypes -Wno-return-type -Wno-missing-braces -Wparentheses -Wswitch -Wno-unused-function -Wno-unused-label -Wno-unused-parameter -Wno-unused-variable -Wunused-value -Wno-empty-body -Wno-uninitialized -Wno-unknown-pragmas -w -Wno-shadow -Wno-four-char-constants -Wno-conversion -Wno-constant-conversion -Wno-int-conversion -Wno-bool-conversion -Wno-enum-conversion -Wno-float-conversion -Wno-non-literal-null-conversion -Wno-objc-literal-conversion -Wshorten-64-to-32 -Wpointer-sign -Wno-newline-eof -Wno-implicit-fallthrough -fstrict-aliasing -Wdeprecated-declarations -Wno-sign-conversion -Wno-infinite-recursion -Wno-comma -Wno-block-capture-autoreleasing -Wno-strict-prototypes -Wno-semicolon-before-method-body -index-store-path /Users/yutaro/project-profit-ios/artifacts/release-quality/performance-gate/DerivedData/Index.noindex/DataStore @/Users/yutaro/project-profit-ios/artifacts/release-quality/performance-gate/DerivedData/Build/Intermediates.noindex/libxlsxwriter.build/Debug-iphonesimulator/libxlsxwriter.build/Objects-normal/arm64/7187679823f38a2a940e0043cdf9d637-common-args.resp -MMD -MT dependencies -MF /Users/yutaro/project-profit-ios/artifacts/release-quality/performance-gate/DerivedData/Build/Intermediates.noindex/libxlsxwriter.build/Debug-iphonesimulator/libxlsxwriter.build/Objects-normal/arm64/vml.d --serialize-diagnostics /Users/yutaro/project-profit-ios/artifacts/release-quality/performance-gate/DerivedData/Build/Intermediates.noindex/libxlsxwriter.build/Debug-iphonesimulator/libxlsxwriter.build/Objects-normal/arm64/vml.dia -c /Users/yutaro/project-profit-ios/artifacts/release-quality/performance-gate/DerivedData/SourcePackages/checkouts/libxlsxwriter/src/vml.c -o /Users/yutaro/project-profit-ios/artifacts/release-quality/performance-gate/DerivedData/Build/Intermediates.noindex/libxlsxwriter.build/Debug-iphonesimulator/libxlsxwriter.build/Objects-normal/arm64/vml.o -index-unit-output-path /libxlsxwriter.build/Debug-iphonesimulator/libxlsxwriter.build/Objects-normal/arm64/vml.o

ScanDependencies /Users/yutaro/project-profit-ios/artifacts/release-quality/performance-gate/DerivedData/Build/Intermediates.noindex/libxlsxwriter.build/Debug-iphonesimulator/libxlsxwriter.build/Objects-normal/arm64/worksheet.o /Users/yutaro/project-profit-ios/artifacts/release-quality/performance-gate/DerivedData/SourcePackages/checkouts/libxlsxwriter/src/worksheet.c normal arm64 c com.apple.compilers.llvm.clang.1_0.compiler (in target 'libxlsxwriter' from project 'libxlsxwriter')
    cd /Users/yutaro/project-profit-ios/ProjectProfit.xcodeproj
    
    Using response file: /Users/yutaro/project-profit-ios/artifacts/release-quality/performance-gate/DerivedData/Build/Intermediates.noindex/libxlsxwriter.build/Debug-iphonesimulator/libxlsxwriter.build/Objects-normal/arm64/7187679823f38a2a940e0043cdf9d637-common-args.resp
    
    builtin-ScanDependencies -o /Users/yutaro/project-profit-ios/artifacts/release-quality/performance-gate/DerivedData/Build/Intermediates.noindex/libxlsxwriter.build/Debug-iphonesimulator/libxlsxwriter.build/Objects-normal/arm64/worksheet.o.scan -- /Applications/Xcode-26.3.app/Contents/Developer/Toolchains/XcodeDefault.xctoolchain/usr/bin/clang -x c -ivfsstatcache /Users/yutaro/project-profit-ios/artifacts/release-quality/performance-gate/DerivedData/SDKStatCaches.noindex/iphonesimulator26.2-23C57-91db6bf2b9df79783d042ed3cc29a58e.sdkstatcache -fmessage-length\=0 -fdiagnostics-show-note-include-stack -fmacro-backtrace-limit\=0 -fno-color-diagnostics -fmodules-prune-interval\=86400 -fmodules-prune-after\=345600 -fbuild-session-file\=/Users/yutaro/project-profit-ios/artifacts/release-quality/performance-gate/DerivedData/ModuleCache.noindex/Session.modulevalidation -fmodules-validate-once-per-build-session -Wnon-modular-include-in-framework-module -Werror\=non-modular-include-in-framework-module -Wno-trigraphs -Wno-missing-field-initializers -Wno-missing-prototypes -Wno-return-type -Wno-missing-braces -Wparentheses -Wswitch -Wno-unused-function -Wno-unused-label -Wno-unused-parameter -Wno-unused-variable -Wunused-value -Wno-empty-body -Wno-uninitialized -Wno-unknown-pragmas -w -Wno-shadow -Wno-four-char-constants -Wno-conversion -Wno-constant-conversion -Wno-int-conversion -Wno-bool-conversion -Wno-enum-conversion -Wno-float-conversion -Wno-non-literal-null-conversion -Wno-objc-literal-conversion -Wshorten-64-to-32 -Wpointer-sign -Wno-newline-eof -Wno-implicit-fallthrough -fstrict-aliasing -Wdeprecated-declarations -Wno-sign-conversion -Wno-infinite-recursion -Wno-comma -Wno-block-capture-autoreleasing -Wno-strict-prototypes -Wno-semicolon-before-method-body -index-store-path /Users/yutaro/project-profit-ios/artifacts/release-quality/performance-gate/DerivedData/Index.noindex/DataStore @/Users/yutaro/project-profit-ios/artifacts/release-quality/performance-gate/DerivedData/Build/Intermediates.noindex/libxlsxwriter.build/Debug-iphonesimulator/libxlsxwriter.build/Objects-normal/arm64/7187679823f38a2a940e0043cdf9d637-common-args.resp -MMD -MT dependencies -MF /Users/yutaro/project-profit-ios/artifacts/release-quality/performance-gate/DerivedData/Build/Intermediates.noindex/libxlsxwriter.build/Debug-iphonesimulator/libxlsxwriter.build/Objects-normal/arm64/worksheet.d --serialize-diagnostics /Users/yutaro/project-profit-ios/artifacts/release-quality/performance-gate/DerivedData/Build/Intermediates.noindex/libxlsxwriter.build/Debug-iphonesimulator/libxlsxwriter.build/Objects-normal/arm64/worksheet.dia -c /Users/yutaro/project-profit-ios/artifacts/release-quality/performance-gate/DerivedData/SourcePackages/checkouts/libxlsxwriter/src/worksheet.c -o /Users/yutaro/project-profit-ios/artifacts/release-quality/performance-gate/DerivedData/Build/Intermediates.noindex/libxlsxwriter.build/Debug-iphonesimulator/libxlsxwriter.build/Objects-normal/arm64/worksheet.o -index-unit-output-path /libxlsxwriter.build/Debug-iphonesimulator/libxlsxwriter.build/Objects-normal/arm64/worksheet.o

ScanDependencies /Users/yutaro/project-profit-ios/artifacts/release-quality/performance-gate/DerivedData/Build/Intermediates.noindex/libxlsxwriter.build/Debug-iphonesimulator/libxlsxwriter.build/Objects-normal/arm64/utility.o /Users/yutaro/project-profit-ios/artifacts/release-quality/performance-gate/DerivedData/SourcePackages/checkouts/libxlsxwriter/src/utility.c normal arm64 c com.apple.compilers.llvm.clang.1_0.compiler (in target 'libxlsxwriter' from project 'libxlsxwriter')
    cd /Users/yutaro/project-profit-ios/ProjectProfit.xcodeproj
    
    Using response file: /Users/yutaro/project-profit-ios/artifacts/release-quality/performance-gate/DerivedData/Build/Intermediates.noindex/libxlsxwriter.build/Debug-iphonesimulator/libxlsxwriter.build/Objects-normal/arm64/7187679823f38a2a940e0043cdf9d637-common-args.resp
    
    builtin-ScanDependencies -o /Users/yutaro/project-profit-ios/artifacts/release-quality/performance-gate/DerivedData/Build/Intermediates.noindex/libxlsxwriter.build/Debug-iphonesimulator/libxlsxwriter.build/Objects-normal/arm64/utility.o.scan -- /Applications/Xcode-26.3.app/Contents/Developer/Toolchains/XcodeDefault.xctoolchain/usr/bin/clang -x c -ivfsstatcache /Users/yutaro/project-profit-ios/artifacts/release-quality/performance-gate/DerivedData/SDKStatCaches.noindex/iphonesimulator26.2-23C57-91db6bf2b9df79783d042ed3cc29a58e.sdkstatcache -fmessage-length\=0 -fdiagnostics-show-note-include-stack -fmacro-backtrace-limit\=0 -fno-color-diagnostics -fmodules-prune-interval\=86400 -fmodules-prune-after\=345600 -fbuild-session-file\=/Users/yutaro/project-profit-ios/artifacts/release-quality/performance-gate/DerivedData/ModuleCache.noindex/Session.modulevalidation -fmodules-validate-once-per-build-session -Wnon-modular-include-in-framework-module -Werror\=non-modular-include-in-framework-module -Wno-trigraphs -Wno-missing-field-initializers -Wno-missing-prototypes -Wno-return-type -Wno-missing-braces -Wparentheses -Wswitch -Wno-unused-function -Wno-unused-label -Wno-unused-parameter -Wno-unused-variable -Wunused-value -Wno-empty-body -Wno-uninitialized -Wno-unknown-pragmas -w -Wno-shadow -Wno-four-char-constants -Wno-conversion -Wno-constant-conversion -Wno-int-conversion -Wno-bool-conversion -Wno-enum-conversion -Wno-float-conversion -Wno-non-literal-null-conversion -Wno-objc-literal-conversion -Wshorten-64-to-32 -Wpointer-sign -Wno-newline-eof -Wno-implicit-fallthrough -fstrict-aliasing -Wdeprecated-declarations -Wno-sign-conversion -Wno-infinite-recursion -Wno-comma -Wno-block-capture-autoreleasing -Wno-strict-prototypes -Wno-semicolon-before-method-body -index-store-path /Users/yutaro/project-profit-ios/artifacts/release-quality/performance-gate/DerivedData/Index.noindex/DataStore @/Users/yutaro/project-profit-ios/artifacts/release-quality/performance-gate/DerivedData/Build/Intermediates.noindex/libxlsxwriter.build/Debug-iphonesimulator/libxlsxwriter.build/Objects-normal/arm64/7187679823f38a2a940e0043cdf9d637-common-args.resp -MMD -MT dependencies -MF /Users/yutaro/project-profit-ios/artifacts/release-quality/performance-gate/DerivedData/Build/Intermediates.noindex/libxlsxwriter.build/Debug-iphonesimulator/libxlsxwriter.build/Objects-normal/arm64/utility.d --serialize-diagnostics /Users/yutaro/project-profit-ios/artifacts/release-quality/performance-gate/DerivedData/Build/Intermediates.noindex/libxlsxwriter.build/Debug-iphonesimulator/libxlsxwriter.build/Objects-normal/arm64/utility.dia -c /Users/yutaro/project-profit-ios/artifacts/release-quality/performance-gate/DerivedData/SourcePackages/checkouts/libxlsxwriter/src/utility.c -o /Users/yutaro/project-profit-ios/artifacts/release-quality/performance-gate/DerivedData/Build/Intermediates.noindex/libxlsxwriter.build/Debug-iphonesimulator/libxlsxwriter.build/Objects-normal/arm64/utility.o -index-unit-output-path /libxlsxwriter.build/Debug-iphonesimulator/libxlsxwriter.build/Objects-normal/arm64/utility.o

ScanDependencies /Users/yutaro/project-profit-ios/artifacts/release-quality/performance-gate/DerivedData/Build/Intermediates.noindex/libxlsxwriter.build/Debug-iphonesimulator/libxlsxwriter.build/Objects-normal/arm64/tmpfileplus.o /Users/yutaro/project-profit-ios/artifacts/release-quality/performance-gate/DerivedData/SourcePackages/checkouts/libxlsxwriter/third_party/tmpfileplus/tmpfileplus.c normal arm64 c com.apple.compilers.llvm.clang.1_0.compiler (in target 'libxlsxwriter' from project 'libxlsxwriter')
    cd /Users/yutaro/project-profit-ios/ProjectProfit.xcodeproj
    
    Using response file: /Users/yutaro/project-profit-ios/artifacts/release-quality/performance-gate/DerivedData/Build/Intermediates.noindex/libxlsxwriter.build/Debug-iphonesimulator/libxlsxwriter.build/Objects-normal/arm64/7187679823f38a2a940e0043cdf9d637-common-args.resp
    
    builtin-ScanDependencies -o /Users/yutaro/project-profit-ios/artifacts/release-quality/performance-gate/DerivedData/Build/Intermediates.noindex/libxlsxwriter.build/Debug-iphonesimulator/libxlsxwriter.build/Objects-normal/arm64/tmpfileplus.o.scan -- /Applications/Xcode-26.3.app/Contents/Developer/Toolchains/XcodeDefault.xctoolchain/usr/bin/clang -x c -ivfsstatcache /Users/yutaro/project-profit-ios/artifacts/release-quality/performance-gate/DerivedData/SDKStatCaches.noindex/iphonesimulator26.2-23C57-91db6bf2b9df79783d042ed3cc29a58e.sdkstatcache -fmessage-length\=0 -fdiagnostics-show-note-include-stack -fmacro-backtrace-limit\=0 -fno-color-diagnostics -fmodules-prune-interval\=86400 -fmodules-prune-after\=345600 -fbuild-session-file\=/Users/yutaro/project-profit-ios/artifacts/release-quality/performance-gate/DerivedData/ModuleCache.noindex/Session.modulevalidation -fmodules-validate-once-per-build-session -Wnon-modular-include-in-framework-module -Werror\=non-modular-include-in-framework-module -Wno-trigraphs -Wno-missing-field-initializers -Wno-missing-prototypes -Wno-return-type -Wno-missing-braces -Wparentheses -Wswitch -Wno-unused-function -Wno-unused-label -Wno-unused-parameter -Wno-unused-variable -Wunused-value -Wno-empty-body -Wno-uninitialized -Wno-unknown-pragmas -w -Wno-shadow -Wno-four-char-constants -Wno-conversion -Wno-constant-conversion -Wno-int-conversion -Wno-bool-conversion -Wno-enum-conversion -Wno-float-conversion -Wno-non-literal-null-conversion -Wno-objc-literal-conversion -Wshorten-64-to-32 -Wpointer-sign -Wno-newline-eof -Wno-implicit-fallthrough -fstrict-aliasing -Wdeprecated-declarations -Wno-sign-conversion -Wno-infinite-recursion -Wno-comma -Wno-block-capture-autoreleasing -Wno-strict-prototypes -Wno-semicolon-before-method-body -index-store-path /Users/yutaro/project-profit-ios/artifacts/release-quality/performance-gate/DerivedData/Index.noindex/DataStore @/Users/yutaro/project-profit-ios/artifacts/release-quality/performance-gate/DerivedData/Build/Intermediates.noindex/libxlsxwriter.build/Debug-iphonesimulator/libxlsxwriter.build/Objects-normal/arm64/7187679823f38a2a940e0043cdf9d637-common-args.resp -MMD -MT dependencies -MF /Users/yutaro/project-profit-ios/artifacts/release-quality/performance-gate/DerivedData/Build/Intermediates.noindex/libxlsxwriter.build/Debug-iphonesimulator/libxlsxwriter.build/Objects-normal/arm64/tmpfileplus.d --serialize-diagnostics /Users/yutaro/project-profit-ios/artifacts/release-quality/performance-gate/DerivedData/Build/Intermediates.noindex/libxlsxwriter.build/Debug-iphonesimulator/libxlsxwriter.build/Objects-normal/arm64/tmpfileplus.dia -c /Users/yutaro/project-profit-ios/artifacts/release-quality/performance-gate/DerivedData/SourcePackages/checkouts/libxlsxwriter/third_party/tmpfileplus/tmpfileplus.c -o /Users/yutaro/project-profit-ios/artifacts/release-quality/performance-gate/DerivedData/Build/Intermediates.noindex/libxlsxwriter.build/Debug-iphonesimulator/libxlsxwriter.build/Objects-normal/arm64/tmpfileplus.o -index-unit-output-path /libxlsxwriter.build/Debug-iphonesimulator/libxlsxwriter.build/Objects-normal/arm64/tmpfileplus.o

ScanDependencies /Users/yutaro/project-profit-ios/artifacts/release-quality/performance-gate/DerivedData/Build/Intermediates.noindex/libxlsxwriter.build/Debug-iphonesimulator/libxlsxwriter.build/Objects-normal/arm64/theme.o /Users/yutaro/project-profit-ios/artifacts/release-quality/performance-gate/DerivedData/SourcePackages/checkouts/libxlsxwriter/src/theme.c normal arm64 c com.apple.compilers.llvm.clang.1_0.compiler (in target 'libxlsxwriter' from project 'libxlsxwriter')
    cd /Users/yutaro/project-profit-ios/ProjectProfit.xcodeproj
    
    Using response file: /Users/yutaro/project-profit-ios/artifacts/release-quality/performance-gate/DerivedData/Build/Intermediates.noindex/libxlsxwriter.build/Debug-iphonesimulator/libxlsxwriter.build/Objects-normal/arm64/7187679823f38a2a940e0043cdf9d637-common-args.resp
    
    builtin-ScanDependencies -o /Users/yutaro/project-profit-ios/artifacts/release-quality/performance-gate/DerivedData/Build/Intermediates.noindex/libxlsxwriter.build/Debug-iphonesimulator/libxlsxwriter.build/Objects-normal/arm64/theme.o.scan -- /Applications/Xcode-26.3.app/Contents/Developer/Toolchains/XcodeDefault.xctoolchain/usr/bin/clang -x c -ivfsstatcache /Users/yutaro/project-profit-ios/artifacts/release-quality/performance-gate/DerivedData/SDKStatCaches.noindex/iphonesimulator26.2-23C57-91db6bf2b9df79783d042ed3cc29a58e.sdkstatcache -fmessage-length\=0 -fdiagnostics-show-note-include-stack -fmacro-backtrace-limit\=0 -fno-color-diagnostics -fmodules-prune-interval\=86400 -fmodules-prune-after\=345600 -fbuild-session-file\=/Users/yutaro/project-profit-ios/artifacts/release-quality/performance-gate/DerivedData/ModuleCache.noindex/Session.modulevalidation -fmodules-validate-once-per-build-session -Wnon-modular-include-in-framework-module -Werror\=non-modular-include-in-framework-module -Wno-trigraphs -Wno-missing-field-initializers -Wno-missing-prototypes -Wno-return-type -Wno-missing-braces -Wparentheses -Wswitch -Wno-unused-function -Wno-unused-label -Wno-unused-parameter -Wno-unused-variable -Wunused-value -Wno-empty-body -Wno-uninitialized -Wno-unknown-pragmas -w -Wno-shadow -Wno-four-char-constants -Wno-conversion -Wno-constant-conversion -Wno-int-conversion -Wno-bool-conversion -Wno-enum-conversion -Wno-float-conversion -Wno-non-literal-null-conversion -Wno-objc-literal-conversion -Wshorten-64-to-32 -Wpointer-sign -Wno-newline-eof -Wno-implicit-fallthrough -fstrict-aliasing -Wdeprecated-declarations -Wno-sign-conversion -Wno-infinite-recursion -Wno-comma -Wno-block-capture-autoreleasing -Wno-strict-prototypes -Wno-semicolon-before-method-body -index-store-path /Users/yutaro/project-profit-ios/artifacts/release-quality/performance-gate/DerivedData/Index.noindex/DataStore @/Users/yutaro/project-profit-ios/artifacts/release-quality/performance-gate/DerivedData/Build/Intermediates.noindex/libxlsxwriter.build/Debug-iphonesimulator/libxlsxwriter.build/Objects-normal/arm64/7187679823f38a2a940e0043cdf9d637-common-args.resp -MMD -MT dependencies -MF /Users/yutaro/project-profit-ios/artifacts/release-quality/performance-gate/DerivedData/Build/Intermediates.noindex/libxlsxwriter.build/Debug-iphonesimulator/libxlsxwriter.build/Objects-normal/arm64/theme.d --serialize-diagnostics /Users/yutaro/project-profit-ios/artifacts/release-quality/performance-gate/DerivedData/Build/Intermediates.noindex/libxlsxwriter.build/Debug-iphonesimulator/libxlsxwriter.build/Objects-normal/arm64/theme.dia -c /Users/yutaro/project-profit-ios/artifacts/release-quality/performance-gate/DerivedData/SourcePackages/checkouts/libxlsxwriter/src/theme.c -o /Users/yutaro/project-profit-ios/artifacts/release-quality/performance-gate/DerivedData/Build/Intermediates.noindex/libxlsxwriter.build/Debug-iphonesimulator/libxlsxwriter.build/Objects-normal/arm64/theme.o -index-unit-output-path /libxlsxwriter.build/Debug-iphonesimulator/libxlsxwriter.build/Objects-normal/arm64/theme.o

SwiftDriver ProjectProfitShareExtension normal arm64 com.apple.xcode.tools.swift.compiler (in target 'ProjectProfitShareExtension' from project 'ProjectProfit')
    cd /Users/yutaro/project-profit-ios
    builtin-SwiftDriver -- /Applications/Xcode-26.3.app/Contents/Developer/Toolchains/XcodeDefault.xctoolchain/usr/bin/swiftc -module-name ProjectProfitShareExtension -Onone -enforce-exclusivity\=checked @/Users/yutaro/project-profit-ios/artifacts/release-quality/performance-gate/DerivedData/Build/Intermediates.noindex/ProjectProfit.build/Debug-iphonesimulator/ProjectProfitShareExtension.build/Objects-normal/arm64/ProjectProfitShareExtension.SwiftFileList -DDEBUG -enable-bare-slash-regex -enable-experimental-feature DebugDescriptionMacro -sdk /Applications/Xcode-26.3.app/Contents/Developer/Platforms/iPhoneSimulator.platform/Developer/SDKs/iPhoneSimulator26.2.sdk -target arm64-apple-ios17.0-simulator -g -module-cache-path /Users/yutaro/project-profit-ios/artifacts/release-quality/performance-gate/DerivedData/ModuleCache.noindex -Xfrontend -serialize-debugging-options -application-extension -profile-coverage-mapping -profile-generate -enable-testing -index-store-path /Users/yutaro/project-profit-ios/artifacts/release-quality/performance-gate/DerivedData/Index.noindex/DataStore -Xcc -D_LIBCPP_HARDENING_MODE\=_LIBCPP_HARDENING_MODE_DEBUG -swift-version 5 -I /Users/yutaro/project-profit-ios/artifacts/release-quality/performance-gate/DerivedData/Build/Products/Debug-iphonesimulator -F /Users/yutaro/project-profit-ios/artifacts/release-quality/performance-gate/DerivedData/Build/Products/Debug-iphonesimulator -c -j8 -enable-batch-mode -incremental -Xcc -ivfsstatcache -Xcc /Users/yutaro/project-profit-ios/artifacts/release-quality/performance-gate/DerivedData/SDKStatCaches.noindex/iphonesimulator26.2-23C57-91db6bf2b9df79783d042ed3cc29a58e.sdkstatcache -output-file-map /Users/yutaro/project-profit-ios/artifacts/release-quality/performance-gate/DerivedData/Build/Intermediates.noindex/ProjectProfit.build/Debug-iphonesimulator/ProjectProfitShareExtension.build/Objects-normal/arm64/ProjectProfitShareExtension-OutputFileMap.json -use-frontend-parseable-output -save-temps -no-color-diagnostics -explicit-module-build -module-cache-path /Users/yutaro/project-profit-ios/artifacts/release-quality/performance-gate/DerivedData/Build/Intermediates.noindex/SwiftExplicitPrecompiledModules -clang-scanner-module-cache-path /Users/yutaro/project-profit-ios/artifacts/release-quality/performance-gate/DerivedData/ModuleCache.noindex -sdk-module-cache-path /Users/yutaro/project-profit-ios/artifacts/release-quality/performance-gate/DerivedData/ModuleCache.noindex -serialize-diagnostics -emit-dependencies -emit-module -emit-module-path /Users/yutaro/project-profit-ios/artifacts/release-quality/performance-gate/DerivedData/Build/Intermediates.noindex/ProjectProfit.build/Debug-iphonesimulator/ProjectProfitShareExtension.build/Objects-normal/arm64/ProjectProfitShareExtension.swiftmodule -validate-clang-modules-once -clang-build-session-file /Users/yutaro/project-profit-ios/artifacts/release-quality/performance-gate/DerivedData/ModuleCache.noindex/Session.modulevalidation -Xcc -I/Users/yutaro/project-profit-ios/artifacts/release-quality/performance-gate/DerivedData/Build/Intermediates.noindex/ProjectProfit.build/Debug-iphonesimulator/ProjectProfitShareExtension.build/swift-overrides.hmap -emit-const-values -Xfrontend -const-gather-protocols-file -Xfrontend /Users/yutaro/project-profit-ios/artifacts/release-quality/performance-gate/DerivedData/Build/Intermediates.noindex/ProjectProfit.build/Debug-iphonesimulator/ProjectProfitShareExtension.build/Objects-normal/arm64/ProjectProfitShareExtension_const_extract_protocols.json -Xcc -iquote -Xcc /Users/yutaro/project-profit-ios/artifacts/release-quality/performance-gate/DerivedData/Build/Intermediates.noindex/ProjectProfit.build/Debug-iphonesimulator/ProjectProfitShareExtension.build/ProjectProfitShareExtension-generated-files.hmap -Xcc -I/Users/yutaro/project-profit-ios/artifacts/release-quality/performance-gate/DerivedData/Build/Intermediates.noindex/ProjectProfit.build/Debug-iphonesimulator/ProjectProfitShareExtension.build/ProjectProfitShareExtension-own-target-headers.hmap -Xcc -I/Users/yutaro/project-profit-ios/artifacts/release-quality/performance-gate/DerivedData/Build/Intermediates.noindex/ProjectProfit.build/Debug-iphonesimulator/ProjectProfitShareExtension.build/ProjectProfitShareExtension-all-non-framework-target-headers.hmap -Xcc -ivfsoverlay -Xcc /Users/yutaro/project-profit-ios/artifacts/release-quality/performance-gate/DerivedData/Build/Intermediates.noindex/ProjectProfit.build/Debug-iphonesimulator/ProjectProfit-bc30635a8cb06e5d3ecf94d8d93f544c-VFS-iphonesimulator/all-product-headers.yaml -Xcc -iquote -Xcc /Users/yutaro/project-profit-ios/artifacts/release-quality/performance-gate/DerivedData/Build/Intermediates.noindex/ProjectProfit.build/Debug-iphonesimulator/ProjectProfitShareExtension.build/ProjectProfitShareExtension-project-headers.hmap -Xcc -I/Users/yutaro/project-profit-ios/artifacts/release-quality/performance-gate/DerivedData/Build/Products/Debug-iphonesimulator/include -Xcc -I/Users/yutaro/project-profit-ios/artifacts/release-quality/performance-gate/DerivedData/Build/Intermediates.noindex/ProjectProfit.build/Debug-iphonesimulator/ProjectProfitShareExtension.build/DerivedSources-normal/arm64 -Xcc -I/Users/yutaro/project-profit-ios/artifacts/release-quality/performance-gate/DerivedData/Build/Intermediates.noindex/ProjectProfit.build/Debug-iphonesimulator/ProjectProfitShareExtension.build/DerivedSources/arm64 -Xcc -I/Users/yutaro/project-profit-ios/artifacts/release-quality/performance-gate/DerivedData/Build/Intermediates.noindex/ProjectProfit.build/Debug-iphonesimulator/ProjectProfitShareExtension.build/DerivedSources -Xcc -DDEBUG\=1 -emit-objc-header -emit-objc-header-path /Users/yutaro/project-profit-ios/artifacts/release-quality/performance-gate/DerivedData/Build/Intermediates.noindex/ProjectProfit.build/Debug-iphonesimulator/ProjectProfitShareExtension.build/Objects-normal/arm64/ProjectProfitShareExtension-Swift.h -working-directory /Users/yutaro/project-profit-ios -experimental-emit-module-separately -disable-cmo

PrecompileModule /Users/yutaro/project-profit-ios/artifacts/release-quality/performance-gate/DerivedData/Build/Intermediates.noindex/ExplicitPrecompiledModules/_AvailabilityInternal-5H29MTBL9RP3O8N8SLQLED0V9.scan
    cd /
    builtin-precompileModule /Users/yutaro/project-profit-ios/artifacts/release-quality/performance-gate/DerivedData/Build/Intermediates.noindex/ExplicitPrecompiledModules/_AvailabilityInternal-5H29MTBL9RP3O8N8SLQLED0V9.scan

PrecompileModule /Users/yutaro/project-profit-ios/artifacts/release-quality/performance-gate/DerivedData/Build/Intermediates.noindex/ExplicitPrecompiledModules/_Builtin_stdarg-5WUXYZ5R85O5MG7A12IJV4VXV.scan
    cd /
    builtin-precompileModule /Users/yutaro/project-profit-ios/artifacts/release-quality/performance-gate/DerivedData/Build/Intermediates.noindex/ExplicitPrecompiledModules/_Builtin_stdarg-5WUXYZ5R85O5MG7A12IJV4VXV.scan

PrecompileModule /Users/yutaro/project-profit-ios/artifacts/release-quality/performance-gate/DerivedData/Build/Intermediates.noindex/ExplicitPrecompiledModules/ptrcheck-9RE40BXUPWEC83L5VI8TR920K.scan
    cd /
    builtin-precompileModule /Users/yutaro/project-profit-ios/artifacts/release-quality/performance-gate/DerivedData/Build/Intermediates.noindex/ExplicitPrecompiledModules/ptrcheck-9RE40BXUPWEC83L5VI8TR920K.scan

PrecompileModule /Users/yutaro/project-profit-ios/artifacts/release-quality/performance-gate/DerivedData/Build/Intermediates.noindex/ExplicitPrecompiledModules/_Builtin_stdbool-64NJ1FX7ZAAX5FZJ3NAMERP51.scan
    cd /
    builtin-precompileModule /Users/yutaro/project-profit-ios/artifacts/release-quality/performance-gate/DerivedData/Build/Intermediates.noindex/ExplicitPrecompiledModules/_Builtin_stdbool-64NJ1FX7ZAAX5FZJ3NAMERP51.scan

PrecompileModule /Users/yutaro/project-profit-ios/artifacts/release-quality/performance-gate/DerivedData/Build/Intermediates.noindex/ExplicitPrecompiledModules/_Builtin_stddef-6EBFY1RJNX81BM9I4AZ292RL4.scan
    cd /
    builtin-precompileModule /Users/yutaro/project-profit-ios/artifacts/release-quality/performance-gate/DerivedData/Build/Intermediates.noindex/ExplicitPrecompiledModules/_Builtin_stddef-6EBFY1RJNX81BM9I4AZ292RL4.scan

ScanDependencies /Users/yutaro/project-profit-ios/artifacts/release-quality/performance-gate/DerivedData/Build/Intermediates.noindex/libxlsxwriter.build/Debug-iphonesimulator/libxlsxwriter.build/Objects-normal/arm64/table.o /Users/yutaro/project-profit-ios/artifacts/release-quality/performance-gate/DerivedData/SourcePackages/checkouts/libxlsxwriter/src/table.c normal arm64 c com.apple.compilers.llvm.clang.1_0.compiler (in target 'libxlsxwriter' from project 'libxlsxwriter')
    cd /Users/yutaro/project-profit-ios/ProjectProfit.xcodeproj
    
    Using response file: /Users/yutaro/project-profit-ios/artifacts/release-quality/performance-gate/DerivedData/Build/Intermediates.noindex/libxlsxwriter.build/Debug-iphonesimulator/libxlsxwriter.build/Objects-normal/arm64/7187679823f38a2a940e0043cdf9d637-common-args.resp
    
    builtin-ScanDependencies -o /Users/yutaro/project-profit-ios/artifacts/release-quality/performance-gate/DerivedData/Build/Intermediates.noindex/libxlsxwriter.build/Debug-iphonesimulator/libxlsxwriter.build/Objects-normal/arm64/table.o.scan -- /Applications/Xcode-26.3.app/Contents/Developer/Toolchains/XcodeDefault.xctoolchain/usr/bin/clang -x c -ivfsstatcache /Users/yutaro/project-profit-ios/artifacts/release-quality/performance-gate/DerivedData/SDKStatCaches.noindex/iphonesimulator26.2-23C57-91db6bf2b9df79783d042ed3cc29a58e.sdkstatcache -fmessage-length\=0 -fdiagnostics-show-note-include-stack -fmacro-backtrace-limit\=0 -fno-color-diagnostics -fmodules-prune-interval\=86400 -fmodules-prune-after\=345600 -fbuild-session-file\=/Users/yutaro/project-profit-ios/artifacts/release-quality/performance-gate/DerivedData/ModuleCache.noindex/Session.modulevalidation -fmodules-validate-once-per-build-session -Wnon-modular-include-in-framework-module -Werror\=non-modular-include-in-framework-module -Wno-trigraphs -Wno-missing-field-initializers -Wno-missing-prototypes -Wno-return-type -Wno-missing-braces -Wparentheses -Wswitch -Wno-unused-function -Wno-unused-label -Wno-unused-parameter -Wno-unused-variable -Wunused-value -Wno-empty-body -Wno-uninitialized -Wno-unknown-pragmas -w -Wno-shadow -Wno-four-char-constants -Wno-conversion -Wno-constant-conversion -Wno-int-conversion -Wno-bool-conversion -Wno-enum-conversion -Wno-float-conversion -Wno-non-literal-null-conversion -Wno-objc-literal-conversion -Wshorten-64-to-32 -Wpointer-sign -Wno-newline-eof -Wno-implicit-fallthrough -fstrict-aliasing -Wdeprecated-declarations -Wno-sign-conversion -Wno-infinite-recursion -Wno-comma -Wno-block-capture-autoreleasing -Wno-strict-prototypes -Wno-semicolon-before-method-body -index-store-path /Users/yutaro/project-profit-ios/artifacts/release-quality/performance-gate/DerivedData/Index.noindex/DataStore @/Users/yutaro/project-profit-ios/artifacts/release-quality/performance-gate/DerivedData/Build/Intermediates.noindex/libxlsxwriter.build/Debug-iphonesimulator/libxlsxwriter.build/Objects-normal/arm64/7187679823f38a2a940e0043cdf9d637-common-args.resp -MMD -MT dependencies -MF /Users/yutaro/project-profit-ios/artifacts/release-quality/performance-gate/DerivedData/Build/Intermediates.noindex/libxlsxwriter.build/Debug-iphonesimulator/libxlsxwriter.build/Objects-normal/arm64/table.d --serialize-diagnostics /Users/yutaro/project-profit-ios/artifacts/release-quality/performance-gate/DerivedData/Build/Intermediates.noindex/libxlsxwriter.build/Debug-iphonesimulator/libxlsxwriter.build/Objects-normal/arm64/table.dia -c /Users/yutaro/project-profit-ios/artifacts/release-quality/performance-gate/DerivedData/SourcePackages/checkouts/libxlsxwriter/src/table.c -o /Users/yutaro/project-profit-ios/artifacts/release-quality/performance-gate/DerivedData/Build/Intermediates.noindex/libxlsxwriter.build/Debug-iphonesimulator/libxlsxwriter.build/Objects-normal/arm64/table.o -index-unit-output-path /libxlsxwriter.build/Debug-iphonesimulator/libxlsxwriter.build/Objects-normal/arm64/table.o

ScanDependencies /Users/yutaro/project-profit-ios/artifacts/release-quality/performance-gate/DerivedData/Build/Intermediates.noindex/libxlsxwriter.build/Debug-iphonesimulator/libxlsxwriter.build/Objects-normal/arm64/styles.o /Users/yutaro/project-profit-ios/artifacts/release-quality/performance-gate/DerivedData/SourcePackages/checkouts/libxlsxwriter/src/styles.c normal arm64 c com.apple.compilers.llvm.clang.1_0.compiler (in target 'libxlsxwriter' from project 'libxlsxwriter')
    cd /Users/yutaro/project-profit-ios/ProjectProfit.xcodeproj
    
    Using response file: /Users/yutaro/project-profit-ios/artifacts/release-quality/performance-gate/DerivedData/Build/Intermediates.noindex/libxlsxwriter.build/Debug-iphonesimulator/libxlsxwriter.build/Objects-normal/arm64/7187679823f38a2a940e0043cdf9d637-common-args.resp
    
    builtin-ScanDependencies -o /Users/yutaro/project-profit-ios/artifacts/release-quality/performance-gate/DerivedData/Build/Intermediates.noindex/libxlsxwriter.build/Debug-iphonesimulator/libxlsxwriter.build/Objects-normal/arm64/styles.o.scan -- /Applications/Xcode-26.3.app/Contents/Developer/Toolchains/XcodeDefault.xctoolchain/usr/bin/clang -x c -ivfsstatcache /Users/yutaro/project-profit-ios/artifacts/release-quality/performance-gate/DerivedData/SDKStatCaches.noindex/iphonesimulator26.2-23C57-91db6bf2b9df79783d042ed3cc29a58e.sdkstatcache -fmessage-length\=0 -fdiagnostics-show-note-include-stack -fmacro-backtrace-limit\=0 -fno-color-diagnostics -fmodules-prune-interval\=86400 -fmodules-prune-after\=345600 -fbuild-session-file\=/Users/yutaro/project-profit-ios/artifacts/release-quality/performance-gate/DerivedData/ModuleCache.noindex/Session.modulevalidation -fmodules-validate-once-per-build-session -Wnon-modular-include-in-framework-module -Werror\=non-modular-include-in-framework-module -Wno-trigraphs -Wno-missing-field-initializers -Wno-missing-prototypes -Wno-return-type -Wno-missing-braces -Wparentheses -Wswitch -Wno-unused-function -Wno-unused-label -Wno-unused-parameter -Wno-unused-variable -Wunused-value -Wno-empty-body -Wno-uninitialized -Wno-unknown-pragmas -w -Wno-shadow -Wno-four-char-constants -Wno-conversion -Wno-constant-conversion -Wno-int-conversion -Wno-bool-conversion -Wno-enum-conversion -Wno-float-conversion -Wno-non-literal-null-conversion -Wno-objc-literal-conversion -Wshorten-64-to-32 -Wpointer-sign -Wno-newline-eof -Wno-implicit-fallthrough -fstrict-aliasing -Wdeprecated-declarations -Wno-sign-conversion -Wno-infinite-recursion -Wno-comma -Wno-block-capture-autoreleasing -Wno-strict-prototypes -Wno-semicolon-before-method-body -index-store-path /Users/yutaro/project-profit-ios/artifacts/release-quality/performance-gate/DerivedData/Index.noindex/DataStore @/Users/yutaro/project-profit-ios/artifacts/release-quality/performance-gate/DerivedData/Build/Intermediates.noindex/libxlsxwriter.build/Debug-iphonesimulator/libxlsxwriter.build/Objects-normal/arm64/7187679823f38a2a940e0043cdf9d637-common-args.resp -MMD -MT dependencies -MF /Users/yutaro/project-profit-ios/artifacts/release-quality/performance-gate/DerivedData/Build/Intermediates.noindex/libxlsxwriter.build/Debug-iphonesimulator/libxlsxwriter.build/Objects-normal/arm64/styles.d --serialize-diagnostics /Users/yutaro/project-profit-ios/artifacts/release-quality/performance-gate/DerivedData/Build/Intermediates.noindex/libxlsxwriter.build/Debug-iphonesimulator/libxlsxwriter.build/Objects-normal/arm64/styles.dia -c /Users/yutaro/project-profit-ios/artifacts/release-quality/performance-gate/DerivedData/SourcePackages/checkouts/libxlsxwriter/src/styles.c -o /Users/yutaro/project-profit-ios/artifacts/release-quality/performance-gate/DerivedData/Build/Intermediates.noindex/libxlsxwriter.build/Debug-iphonesimulator/libxlsxwriter.build/Objects-normal/arm64/styles.o -index-unit-output-path /libxlsxwriter.build/Debug-iphonesimulator/libxlsxwriter.build/Objects-normal/arm64/styles.o

ScanDependencies /Users/yutaro/project-profit-ios/artifacts/release-quality/performance-gate/DerivedData/Build/Intermediates.noindex/libxlsxwriter.build/Debug-iphonesimulator/libxlsxwriter.build/Objects-normal/arm64/shared_strings.o /Users/yutaro/project-profit-ios/artifacts/release-quality/performance-gate/DerivedData/SourcePackages/checkouts/libxlsxwriter/src/shared_strings.c normal arm64 c com.apple.compilers.llvm.clang.1_0.compiler (in target 'libxlsxwriter' from project 'libxlsxwriter')
    cd /Users/yutaro/project-profit-ios/ProjectProfit.xcodeproj
    
    Using response file: /Users/yutaro/project-profit-ios/artifacts/release-quality/performance-gate/DerivedData/Build/Intermediates.noindex/libxlsxwriter.build/Debug-iphonesimulator/libxlsxwriter.build/Objects-normal/arm64/7187679823f38a2a940e0043cdf9d637-common-args.resp
    
    builtin-ScanDependencies -o /Users/yutaro/project-profit-ios/artifacts/release-quality/performance-gate/DerivedData/Build/Intermediates.noindex/libxlsxwriter.build/Debug-iphonesimulator/libxlsxwriter.build/Objects-normal/arm64/shared_strings.o.scan -- /Applications/Xcode-26.3.app/Contents/Developer/Toolchains/XcodeDefault.xctoolchain/usr/bin/clang -x c -ivfsstatcache /Users/yutaro/project-profit-ios/artifacts/release-quality/performance-gate/DerivedData/SDKStatCaches.noindex/iphonesimulator26.2-23C57-91db6bf2b9df79783d042ed3cc29a58e.sdkstatcache -fmessage-length\=0 -fdiagnostics-show-note-include-stack -fmacro-backtrace-limit\=0 -fno-color-diagnostics -fmodules-prune-interval\=86400 -fmodules-prune-after\=345600 -fbuild-session-file\=/Users/yutaro/project-profit-ios/artifacts/release-quality/performance-gate/DerivedData/ModuleCache.noindex/Session.modulevalidation -fmodules-validate-once-per-build-session -Wnon-modular-include-in-framework-module -Werror\=non-modular-include-in-framework-module -Wno-trigraphs -Wno-missing-field-initializers -Wno-missing-prototypes -Wno-return-type -Wno-missing-braces -Wparentheses -Wswitch -Wno-unused-function -Wno-unused-label -Wno-unused-parameter -Wno-unused-variable -Wunused-value -Wno-empty-body -Wno-uninitialized -Wno-unknown-pragmas -w -Wno-shadow -Wno-four-char-constants -Wno-conversion -Wno-constant-conversion -Wno-int-conversion -Wno-bool-conversion -Wno-enum-conversion -Wno-float-conversion -Wno-non-literal-null-conversion -Wno-objc-literal-conversion -Wshorten-64-to-32 -Wpointer-sign -Wno-newline-eof -Wno-implicit-fallthrough -fstrict-aliasing -Wdeprecated-declarations -Wno-sign-conversion -Wno-infinite-recursion -Wno-comma -Wno-block-capture-autoreleasing -Wno-strict-prototypes -Wno-semicolon-before-method-body -index-store-path /Users/yutaro/project-profit-ios/artifacts/release-quality/performance-gate/DerivedData/Index.noindex/DataStore @/Users/yutaro/project-profit-ios/artifacts/release-quality/performance-gate/DerivedData/Build/Intermediates.noindex/libxlsxwriter.build/Debug-iphonesimulator/libxlsxwriter.build/Objects-normal/arm64/7187679823f38a2a940e0043cdf9d637-common-args.resp -MMD -MT dependencies -MF /Users/yutaro/project-profit-ios/artifacts/release-quality/performance-gate/DerivedData/Build/Intermediates.noindex/libxlsxwriter.build/Debug-iphonesimulator/libxlsxwriter.build/Objects-normal/arm64/shared_strings.d --serialize-diagnostics /Users/yutaro/project-profit-ios/artifacts/release-quality/performance-gate/DerivedData/Build/Intermediates.noindex/libxlsxwriter.build/Debug-iphonesimulator/libxlsxwriter.build/Objects-normal/arm64/shared_strings.dia -c /Users/yutaro/project-profit-ios/artifacts/release-quality/performance-gate/DerivedData/SourcePackages/checkouts/libxlsxwriter/src/shared_strings.c -o /Users/yutaro/project-profit-ios/artifacts/release-quality/performance-gate/DerivedData/Build/Intermediates.noindex/libxlsxwriter.build/Debug-iphonesimulator/libxlsxwriter.build/Objects-normal/arm64/shared_strings.o -index-unit-output-path /libxlsxwriter.build/Debug-iphonesimulator/libxlsxwriter.build/Objects-normal/arm64/shared_strings.o

ScanDependencies /Users/yutaro/project-profit-ios/artifacts/release-quality/performance-gate/DerivedData/Build/Intermediates.noindex/libxlsxwriter.build/Debug-iphonesimulator/libxlsxwriter.build/Objects-normal/arm64/rich_value_types.o /Users/yutaro/project-profit-ios/artifacts/release-quality/performance-gate/DerivedData/SourcePackages/checkouts/libxlsxwriter/src/rich_value_types.c normal arm64 c com.apple.compilers.llvm.clang.1_0.compiler (in target 'libxlsxwriter' from project 'libxlsxwriter')
    cd /Users/yutaro/project-profit-ios/ProjectProfit.xcodeproj
    
    Using response file: /Users/yutaro/project-profit-ios/artifacts/release-quality/performance-gate/DerivedData/Build/Intermediates.noindex/libxlsxwriter.build/Debug-iphonesimulator/libxlsxwriter.build/Objects-normal/arm64/7187679823f38a2a940e0043cdf9d637-common-args.resp
    
    builtin-ScanDependencies -o /Users/yutaro/project-profit-ios/artifacts/release-quality/performance-gate/DerivedData/Build/Intermediates.noindex/libxlsxwriter.build/Debug-iphonesimulator/libxlsxwriter.build/Objects-normal/arm64/rich_value_types.o.scan -- /Applications/Xcode-26.3.app/Contents/Developer/Toolchains/XcodeDefault.xctoolchain/usr/bin/clang -x c -ivfsstatcache /Users/yutaro/project-profit-ios/artifacts/release-quality/performance-gate/DerivedData/SDKStatCaches.noindex/iphonesimulator26.2-23C57-91db6bf2b9df79783d042ed3cc29a58e.sdkstatcache -fmessage-length\=0 -fdiagnostics-show-note-include-stack -fmacro-backtrace-limit\=0 -fno-color-diagnostics -fmodules-prune-interval\=86400 -fmodules-prune-after\=345600 -fbuild-session-file\=/Users/yutaro/project-profit-ios/artifacts/release-quality/performance-gate/DerivedData/ModuleCache.noindex/Session.modulevalidation -fmodules-validate-once-per-build-session -Wnon-modular-include-in-framework-module -Werror\=non-modular-include-in-framework-module -Wno-trigraphs -Wno-missing-field-initializers -Wno-missing-prototypes -Wno-return-type -Wno-missing-braces -Wparentheses -Wswitch -Wno-unused-function -Wno-unused-label -Wno-unused-parameter -Wno-unused-variable -Wunused-value -Wno-empty-body -Wno-uninitialized -Wno-unknown-pragmas -w -Wno-shadow -Wno-four-char-constants -Wno-conversion -Wno-constant-conversion -Wno-int-conversion -Wno-bool-conversion -Wno-enum-conversion -Wno-float-conversion -Wno-non-literal-null-conversion -Wno-objc-literal-conversion -Wshorten-64-to-32 -Wpointer-sign -Wno-newline-eof -Wno-implicit-fallthrough -fstrict-aliasing -Wdeprecated-declarations -Wno-sign-conversion -Wno-infinite-recursion -Wno-comma -Wno-block-capture-autoreleasing -Wno-strict-prototypes -Wno-semicolon-before-method-body -index-store-path /Users/yutaro/project-profit-ios/artifacts/release-quality/performance-gate/DerivedData/Index.noindex/DataStore @/Users/yutaro/project-profit-ios/artifacts/release-quality/performance-gate/DerivedData/Build/Intermediates.noindex/libxlsxwriter.build/Debug-iphonesimulator/libxlsxwriter.build/Objects-normal/arm64/7187679823f38a2a940e0043cdf9d637-common-args.resp -MMD -MT dependencies -MF /Users/yutaro/project-profit-ios/artifacts/release-quality/performance-gate/DerivedData/Build/Intermediates.noindex/libxlsxwriter.build/Debug-iphonesimulator/libxlsxwriter.build/Objects-normal/arm64/rich_value_types.d --serialize-diagnostics /Users/yutaro/project-profit-ios/artifacts/release-quality/performance-gate/DerivedData/Build/Intermediates.noindex/libxlsxwriter.build/Debug-iphonesimulator/libxlsxwriter.build/Objects-normal/arm64/rich_value_types.dia -c /Users/yutaro/project-profit-ios/artifacts/release-quality/performance-gate/DerivedData/SourcePackages/checkouts/libxlsxwriter/src/rich_value_types.c -o /Users/yutaro/project-profit-ios/artifacts/release-quality/performance-gate/DerivedData/Build/Intermediates.noindex/libxlsxwriter.build/Debug-iphonesimulator/libxlsxwriter.build/Objects-normal/arm64/rich_value_types.o -index-unit-output-path /libxlsxwriter.build/Debug-iphonesimulator/libxlsxwriter.build/Objects-normal/arm64/rich_value_types.o

ScanDependencies /Users/yutaro/project-profit-ios/artifacts/release-quality/performance-gate/DerivedData/Build/Intermediates.noindex/libxlsxwriter.build/Debug-iphonesimulator/libxlsxwriter.build/Objects-normal/arm64/rich_value_structure.o /Users/yutaro/project-profit-ios/artifacts/release-quality/performance-gate/DerivedData/SourcePackages/checkouts/libxlsxwriter/src/rich_value_structure.c normal arm64 c com.apple.compilers.llvm.clang.1_0.compiler (in target 'libxlsxwriter' from project 'libxlsxwriter')
    cd /Users/yutaro/project-profit-ios/ProjectProfit.xcodeproj
    
    Using response file: /Users/yutaro/project-profit-ios/artifacts/release-quality/performance-gate/DerivedData/Build/Intermediates.noindex/libxlsxwriter.build/Debug-iphonesimulator/libxlsxwriter.build/Objects-normal/arm64/7187679823f38a2a940e0043cdf9d637-common-args.resp
    
    builtin-ScanDependencies -o /Users/yutaro/project-profit-ios/artifacts/release-quality/performance-gate/DerivedData/Build/Intermediates.noindex/libxlsxwriter.build/Debug-iphonesimulator/libxlsxwriter.build/Objects-normal/arm64/rich_value_structure.o.scan -- /Applications/Xcode-26.3.app/Contents/Developer/Toolchains/XcodeDefault.xctoolchain/usr/bin/clang -x c -ivfsstatcache /Users/yutaro/project-profit-ios/artifacts/release-quality/performance-gate/DerivedData/SDKStatCaches.noindex/iphonesimulator26.2-23C57-91db6bf2b9df79783d042ed3cc29a58e.sdkstatcache -fmessage-length\=0 -fdiagnostics-show-note-include-stack -fmacro-backtrace-limit\=0 -fno-color-diagnostics -fmodules-prune-interval\=86400 -fmodules-prune-after\=345600 -fbuild-session-file\=/Users/yutaro/project-profit-ios/artifacts/release-quality/performance-gate/DerivedData/ModuleCache.noindex/Session.modulevalidation -fmodules-validate-once-per-build-session -Wnon-modular-include-in-framework-module -Werror\=non-modular-include-in-framework-module -Wno-trigraphs -Wno-missing-field-initializers -Wno-missing-prototypes -Wno-return-type -Wno-missing-braces -Wparentheses -Wswitch -Wno-unused-function -Wno-unused-label -Wno-unused-parameter -Wno-unused-variable -Wunused-value -Wno-empty-body -Wno-uninitialized -Wno-unknown-pragmas -w -Wno-shadow -Wno-four-char-constants -Wno-conversion -Wno-constant-conversion -Wno-int-conversion -Wno-bool-conversion -Wno-enum-conversion -Wno-float-conversion -Wno-non-literal-null-conversion -Wno-objc-literal-conversion -Wshorten-64-to-32 -Wpointer-sign -Wno-newline-eof -Wno-implicit-fallthrough -fstrict-aliasing -Wdeprecated-declarations -Wno-sign-conversion -Wno-infinite-recursion -Wno-comma -Wno-block-capture-autoreleasing -Wno-strict-prototypes -Wno-semicolon-before-method-body -index-store-path /Users/yutaro/project-profit-ios/artifacts/release-quality/performance-gate/DerivedData/Index.noindex/DataStore @/Users/yutaro/project-profit-ios/artifacts/release-quality/performance-gate/DerivedData/Build/Intermediates.noindex/libxlsxwriter.build/Debug-iphonesimulator/libxlsxwriter.build/Objects-normal/arm64/7187679823f38a2a940e0043cdf9d637-common-args.resp -MMD -MT dependencies -MF /Users/yutaro/project-profit-ios/artifacts/release-quality/performance-gate/DerivedData/Build/Intermediates.noindex/libxlsxwriter.build/Debug-iphonesimulator/libxlsxwriter.build/Objects-normal/arm64/rich_value_structure.d --serialize-diagnostics /Users/yutaro/project-profit-ios/artifacts/release-quality/performance-gate/DerivedData/Build/Intermediates.noindex/libxlsxwriter.build/Debug-iphonesimulator/libxlsxwriter.build/Objects-normal/arm64/rich_value_structure.dia -c /Users/yutaro/project-profit-ios/artifacts/release-quality/performance-gate/DerivedData/SourcePackages/checkouts/libxlsxwriter/src/rich_value_structure.c -o /Users/yutaro/project-profit-ios/artifacts/release-quality/performance-gate/DerivedData/Build/Intermediates.noindex/libxlsxwriter.build/Debug-iphonesimulator/libxlsxwriter.build/Objects-normal/arm64/rich_value_structure.o -index-unit-output-path /libxlsxwriter.build/Debug-iphonesimulator/libxlsxwriter.build/Objects-normal/arm64/rich_value_structure.o

ScanDependencies /Users/yutaro/project-profit-ios/artifacts/release-quality/performance-gate/DerivedData/Build/Intermediates.noindex/libxlsxwriter.build/Debug-iphonesimulator/libxlsxwriter.build/Objects-normal/arm64/rich_value_rel.o /Users/yutaro/project-profit-ios/artifacts/release-quality/performance-gate/DerivedData/SourcePackages/checkouts/libxlsxwriter/src/rich_value_rel.c normal arm64 c com.apple.compilers.llvm.clang.1_0.compiler (in target 'libxlsxwriter' from project 'libxlsxwriter')
    cd /Users/yutaro/project-profit-ios/ProjectProfit.xcodeproj
    
    Using response file: /Users/yutaro/project-profit-ios/artifacts/release-quality/performance-gate/DerivedData/Build/Intermediates.noindex/libxlsxwriter.build/Debug-iphonesimulator/libxlsxwriter.build/Objects-normal/arm64/7187679823f38a2a940e0043cdf9d637-common-args.resp
    
    builtin-ScanDependencies -o /Users/yutaro/project-profit-ios/artifacts/release-quality/performance-gate/DerivedData/Build/Intermediates.noindex/libxlsxwriter.build/Debug-iphonesimulator/libxlsxwriter.build/Objects-normal/arm64/rich_value_rel.o.scan -- /Applications/Xcode-26.3.app/Contents/Developer/Toolchains/XcodeDefault.xctoolchain/usr/bin/clang -x c -ivfsstatcache /Users/yutaro/project-profit-ios/artifacts/release-quality/performance-gate/DerivedData/SDKStatCaches.noindex/iphonesimulator26.2-23C57-91db6bf2b9df79783d042ed3cc29a58e.sdkstatcache -fmessage-length\=0 -fdiagnostics-show-note-include-stack -fmacro-backtrace-limit\=0 -fno-color-diagnostics -fmodules-prune-interval\=86400 -fmodules-prune-after\=345600 -fbuild-session-file\=/Users/yutaro/project-profit-ios/artifacts/release-quality/performance-gate/DerivedData/ModuleCache.noindex/Session.modulevalidation -fmodules-validate-once-per-build-session -Wnon-modular-include-in-framework-module -Werror\=non-modular-include-in-framework-module -Wno-trigraphs -Wno-missing-field-initializers -Wno-missing-prototypes -Wno-return-type -Wno-missing-braces -Wparentheses -Wswitch -Wno-unused-function -Wno-unused-label -Wno-unused-parameter -Wno-unused-variable -Wunused-value -Wno-empty-body -Wno-uninitialized -Wno-unknown-pragmas -w -Wno-shadow -Wno-four-char-constants -Wno-conversion -Wno-constant-conversion -Wno-int-conversion -Wno-bool-conversion -Wno-enum-conversion -Wno-float-conversion -Wno-non-literal-null-conversion -Wno-objc-literal-conversion -Wshorten-64-to-32 -Wpointer-sign -Wno-newline-eof -Wno-implicit-fallthrough -fstrict-aliasing -Wdeprecated-declarations -Wno-sign-conversion -Wno-infinite-recursion -Wno-comma -Wno-block-capture-autoreleasing -Wno-strict-prototypes -Wno-semicolon-before-method-body -index-store-path /Users/yutaro/project-profit-ios/artifacts/release-quality/performance-gate/DerivedData/Index.noindex/DataStore @/Users/yutaro/project-profit-ios/artifacts/release-quality/performance-gate/DerivedData/Build/Intermediates.noindex/libxlsxwriter.build/Debug-iphonesimulator/libxlsxwriter.build/Objects-normal/arm64/7187679823f38a2a940e0043cdf9d637-common-args.resp -MMD -MT dependencies -MF /Users/yutaro/project-profit-ios/artifacts/release-quality/performance-gate/DerivedData/Build/Intermediates.noindex/libxlsxwriter.build/Debug-iphonesimulator/libxlsxwriter.build/Objects-normal/arm64/rich_value_rel.d --serialize-diagnostics /Users/yutaro/project-profit-ios/artifacts/release-quality/performance-gate/DerivedData/Build/Intermediates.noindex/libxlsxwriter.build/Debug-iphonesimulator/libxlsxwriter.build/Objects-normal/arm64/rich_value_rel.dia -c /Users/yutaro/project-profit-ios/artifacts/release-quality/performance-gate/DerivedData/SourcePackages/checkouts/libxlsxwriter/src/rich_value_rel.c -o /Users/yutaro/project-profit-ios/artifacts/release-quality/performance-gate/DerivedData/Build/Intermediates.noindex/libxlsxwriter.build/Debug-iphonesimulator/libxlsxwriter.build/Objects-normal/arm64/rich_value_rel.o -index-unit-output-path /libxlsxwriter.build/Debug-iphonesimulator/libxlsxwriter.build/Objects-normal/arm64/rich_value_rel.o

ScanDependencies /Users/yutaro/project-profit-ios/artifacts/release-quality/performance-gate/DerivedData/Build/Intermediates.noindex/libxlsxwriter.build/Debug-iphonesimulator/libxlsxwriter.build/Objects-normal/arm64/rich_value.o /Users/yutaro/project-profit-ios/artifacts/release-quality/performance-gate/DerivedData/SourcePackages/checkouts/libxlsxwriter/src/rich_value.c normal arm64 c com.apple.compilers.llvm.clang.1_0.compiler (in target 'libxlsxwriter' from project 'libxlsxwriter')
    cd /Users/yutaro/project-profit-ios/ProjectProfit.xcodeproj
    
    Using response file: /Users/yutaro/project-profit-ios/artifacts/release-quality/performance-gate/DerivedData/Build/Intermediates.noindex/libxlsxwriter.build/Debug-iphonesimulator/libxlsxwriter.build/Objects-normal/arm64/7187679823f38a2a940e0043cdf9d637-common-args.resp
    
    builtin-ScanDependencies -o /Users/yutaro/project-profit-ios/artifacts/release-quality/performance-gate/DerivedData/Build/Intermediates.noindex/libxlsxwriter.build/Debug-iphonesimulator/libxlsxwriter.build/Objects-normal/arm64/rich_value.o.scan -- /Applications/Xcode-26.3.app/Contents/Developer/Toolchains/XcodeDefault.xctoolchain/usr/bin/clang -x c -ivfsstatcache /Users/yutaro/project-profit-ios/artifacts/release-quality/performance-gate/DerivedData/SDKStatCaches.noindex/iphonesimulator26.2-23C57-91db6bf2b9df79783d042ed3cc29a58e.sdkstatcache -fmessage-length\=0 -fdiagnostics-show-note-include-stack -fmacro-backtrace-limit\=0 -fno-color-diagnostics -fmodules-prune-interval\=86400 -fmodules-prune-after\=345600 -fbuild-session-file\=/Users/yutaro/project-profit-ios/artifacts/release-quality/performance-gate/DerivedData/ModuleCache.noindex/Session.modulevalidation -fmodules-validate-once-per-build-session -Wnon-modular-include-in-framework-module -Werror\=non-modular-include-in-framework-module -Wno-trigraphs -Wno-missing-field-initializers -Wno-missing-prototypes -Wno-return-type -Wno-missing-braces -Wparentheses -Wswitch -Wno-unused-function -Wno-unused-label -Wno-unused-parameter -Wno-unused-variable -Wunused-value -Wno-empty-body -Wno-uninitialized -Wno-unknown-pragmas -w -Wno-shadow -Wno-four-char-constants -Wno-conversion -Wno-constant-conversion -Wno-int-conversion -Wno-bool-conversion -Wno-enum-conversion -Wno-float-conversion -Wno-non-literal-null-conversion -Wno-objc-literal-conversion -Wshorten-64-to-32 -Wpointer-sign -Wno-newline-eof -Wno-implicit-fallthrough -fstrict-aliasing -Wdeprecated-declarations -Wno-sign-conversion -Wno-infinite-recursion -Wno-comma -Wno-block-capture-autoreleasing -Wno-strict-prototypes -Wno-semicolon-before-method-body -index-store-path /Users/yutaro/project-profit-ios/artifacts/release-quality/performance-gate/DerivedData/Index.noindex/DataStore @/Users/yutaro/project-profit-ios/artifacts/release-quality/performance-gate/DerivedData/Build/Intermediates.noindex/libxlsxwriter.build/Debug-iphonesimulator/libxlsxwriter.build/Objects-normal/arm64/7187679823f38a2a940e0043cdf9d637-common-args.resp -MMD -MT dependencies -MF /Users/yutaro/project-profit-ios/artifacts/release-quality/performance-gate/DerivedData/Build/Intermediates.noindex/libxlsxwriter.build/Debug-iphonesimulator/libxlsxwriter.build/Objects-normal/arm64/rich_value.d --serialize-diagnostics /Users/yutaro/project-profit-ios/artifacts/release-quality/performance-gate/DerivedData/Build/Intermediates.noindex/libxlsxwriter.build/Debug-iphonesimulator/libxlsxwriter.build/Objects-normal/arm64/rich_value.dia -c /Users/yutaro/project-profit-ios/artifacts/release-quality/performance-gate/DerivedData/SourcePackages/checkouts/libxlsxwriter/src/rich_value.c -o /Users/yutaro/project-profit-ios/artifacts/release-quality/performance-gate/DerivedData/Build/Intermediates.noindex/libxlsxwriter.build/Debug-iphonesimulator/libxlsxwriter.build/Objects-normal/arm64/rich_value.o -index-unit-output-path /libxlsxwriter.build/Debug-iphonesimulator/libxlsxwriter.build/Objects-normal/arm64/rich_value.o

ScanDependencies /Users/yutaro/project-profit-ios/artifacts/release-quality/performance-gate/DerivedData/Build/Intermediates.noindex/libxlsxwriter.build/Debug-iphonesimulator/libxlsxwriter.build/Objects-normal/arm64/relationships.o /Users/yutaro/project-profit-ios/artifacts/release-quality/performance-gate/DerivedData/SourcePackages/checkouts/libxlsxwriter/src/relationships.c normal arm64 c com.apple.compilers.llvm.clang.1_0.compiler (in target 'libxlsxwriter' from project 'libxlsxwriter')
    cd /Users/yutaro/project-profit-ios/ProjectProfit.xcodeproj
    
    Using response file: /Users/yutaro/project-profit-ios/artifacts/release-quality/performance-gate/DerivedData/Build/Intermediates.noindex/libxlsxwriter.build/Debug-iphonesimulator/libxlsxwriter.build/Objects-normal/arm64/7187679823f38a2a940e0043cdf9d637-common-args.resp
    
    builtin-ScanDependencies -o /Users/yutaro/project-profit-ios/artifacts/release-quality/performance-gate/DerivedData/Build/Intermediates.noindex/libxlsxwriter.build/Debug-iphonesimulator/libxlsxwriter.build/Objects-normal/arm64/relationships.o.scan -- /Applications/Xcode-26.3.app/Contents/Developer/Toolchains/XcodeDefault.xctoolchain/usr/bin/clang -x c -ivfsstatcache /Users/yutaro/project-profit-ios/artifacts/release-quality/performance-gate/DerivedData/SDKStatCaches.noindex/iphonesimulator26.2-23C57-91db6bf2b9df79783d042ed3cc29a58e.sdkstatcache -fmessage-length\=0 -fdiagnostics-show-note-include-stack -fmacro-backtrace-limit\=0 -fno-color-diagnostics -fmodules-prune-interval\=86400 -fmodules-prune-after\=345600 -fbuild-session-file\=/Users/yutaro/project-profit-ios/artifacts/release-quality/performance-gate/DerivedData/ModuleCache.noindex/Session.modulevalidation -fmodules-validate-once-per-build-session -Wnon-modular-include-in-framework-module -Werror\=non-modular-include-in-framework-module -Wno-trigraphs -Wno-missing-field-initializers -Wno-missing-prototypes -Wno-return-type -Wno-missing-braces -Wparentheses -Wswitch -Wno-unused-function -Wno-unused-label -Wno-unused-parameter -Wno-unused-variable -Wunused-value -Wno-empty-body -Wno-uninitialized -Wno-unknown-pragmas -w -Wno-shadow -Wno-four-char-constants -Wno-conversion -Wno-constant-conversion -Wno-int-conversion -Wno-bool-conversion -Wno-enum-conversion -Wno-float-conversion -Wno-non-literal-null-conversion -Wno-objc-literal-conversion -Wshorten-64-to-32 -Wpointer-sign -Wno-newline-eof -Wno-implicit-fallthrough -fstrict-aliasing -Wdeprecated-declarations -Wno-sign-conversion -Wno-infinite-recursion -Wno-comma -Wno-block-capture-autoreleasing -Wno-strict-prototypes -Wno-semicolon-before-method-body -index-store-path /Users/yutaro/project-profit-ios/artifacts/release-quality/performance-gate/DerivedData/Index.noindex/DataStore @/Users/yutaro/project-profit-ios/artifacts/release-quality/performance-gate/DerivedData/Build/Intermediates.noindex/libxlsxwriter.build/Debug-iphonesimulator/libxlsxwriter.build/Objects-normal/arm64/7187679823f38a2a940e0043cdf9d637-common-args.resp -MMD -MT dependencies -MF /Users/yutaro/project-profit-ios/artifacts/release-quality/performance-gate/DerivedData/Build/Intermediates.noindex/libxlsxwriter.build/Debug-iphonesimulator/libxlsxwriter.build/Objects-normal/arm64/relationships.d --serialize-diagnostics /Users/yutaro/project-profit-ios/artifacts/release-quality/performance-gate/DerivedData/Build/Intermediates.noindex/libxlsxwriter.build/Debug-iphonesimulator/libxlsxwriter.build/Objects-normal/arm64/relationships.dia -c /Users/yutaro/project-profit-ios/artifacts/release-quality/performance-gate/DerivedData/SourcePackages/checkouts/libxlsxwriter/src/relationships.c -o /Users/yutaro/project-profit-ios/artifacts/release-quality/performance-gate/DerivedData/Build/Intermediates.noindex/libxlsxwriter.build/Debug-iphonesimulator/libxlsxwriter.build/Objects-normal/arm64/relationships.o -index-unit-output-path /libxlsxwriter.build/Debug-iphonesimulator/libxlsxwriter.build/Objects-normal/arm64/relationships.o

PrecompileModule /Users/yutaro/project-profit-ios/artifacts/release-quality/performance-gate/DerivedData/Build/Intermediates.noindex/ExplicitPrecompiledModules/_DarwinFoundation1-UCZYQLSI2VSQG8QGQLCPCL56.scan
    cd /
    builtin-precompileModule /Users/yutaro/project-profit-ios/artifacts/release-quality/performance-gate/DerivedData/Build/Intermediates.noindex/ExplicitPrecompiledModules/_DarwinFoundation1-UCZYQLSI2VSQG8QGQLCPCL56.scan

ScanDependencies /Users/yutaro/project-profit-ios/artifacts/release-quality/performance-gate/DerivedData/Build/Intermediates.noindex/libxlsxwriter.build/Debug-iphonesimulator/libxlsxwriter.build/Objects-normal/arm64/packager.o /Users/yutaro/project-profit-ios/artifacts/release-quality/performance-gate/DerivedData/SourcePackages/checkouts/libxlsxwriter/src/packager.c normal arm64 c com.apple.compilers.llvm.clang.1_0.compiler (in target 'libxlsxwriter' from project 'libxlsxwriter')
    cd /Users/yutaro/project-profit-ios/ProjectProfit.xcodeproj
    
    Using response file: /Users/yutaro/project-profit-ios/artifacts/release-quality/performance-gate/DerivedData/Build/Intermediates.noindex/libxlsxwriter.build/Debug-iphonesimulator/libxlsxwriter.build/Objects-normal/arm64/7187679823f38a2a940e0043cdf9d637-common-args.resp
    
    builtin-ScanDependencies -o /Users/yutaro/project-profit-ios/artifacts/release-quality/performance-gate/DerivedData/Build/Intermediates.noindex/libxlsxwriter.build/Debug-iphonesimulator/libxlsxwriter.build/Objects-normal/arm64/packager.o.scan -- /Applications/Xcode-26.3.app/Contents/Developer/Toolchains/XcodeDefault.xctoolchain/usr/bin/clang -x c -ivfsstatcache /Users/yutaro/project-profit-ios/artifacts/release-quality/performance-gate/DerivedData/SDKStatCaches.noindex/iphonesimulator26.2-23C57-91db6bf2b9df79783d042ed3cc29a58e.sdkstatcache -fmessage-length\=0 -fdiagnostics-show-note-include-stack -fmacro-backtrace-limit\=0 -fno-color-diagnostics -fmodules-prune-interval\=86400 -fmodules-prune-after\=345600 -fbuild-session-file\=/Users/yutaro/project-profit-ios/artifacts/release-quality/performance-gate/DerivedData/ModuleCache.noindex/Session.modulevalidation -fmodules-validate-once-per-build-session -Wnon-modular-include-in-framework-module -Werror\=non-modular-include-in-framework-module -Wno-trigraphs -Wno-missing-field-initializers -Wno-missing-prototypes -Wno-return-type -Wno-missing-braces -Wparentheses -Wswitch -Wno-unused-function -Wno-unused-label -Wno-unused-parameter -Wno-unused-variable -Wunused-value -Wno-empty-body -Wno-uninitialized -Wno-unknown-pragmas -w -Wno-shadow -Wno-four-char-constants -Wno-conversion -Wno-constant-conversion -Wno-int-conversion -Wno-bool-conversion -Wno-enum-conversion -Wno-float-conversion -Wno-non-literal-null-conversion -Wno-objc-literal-conversion -Wshorten-64-to-32 -Wpointer-sign -Wno-newline-eof -Wno-implicit-fallthrough -fstrict-aliasing -Wdeprecated-declarations -Wno-sign-conversion -Wno-infinite-recursion -Wno-comma -Wno-block-capture-autoreleasing -Wno-strict-prototypes -Wno-semicolon-before-method-body -index-store-path /Users/yutaro/project-profit-ios/artifacts/release-quality/performance-gate/DerivedData/Index.noindex/DataStore @/Users/yutaro/project-profit-ios/artifacts/release-quality/performance-gate/DerivedData/Build/Intermediates.noindex/libxlsxwriter.build/Debug-iphonesimulator/libxlsxwriter.build/Objects-normal/arm64/7187679823f38a2a940e0043cdf9d637-common-args.resp -MMD -MT dependencies -MF /Users/yutaro/project-profit-ios/artifacts/release-quality/performance-gate/DerivedData/Build/Intermediates.noindex/libxlsxwriter.build/Debug-iphonesimulator/libxlsxwriter.build/Objects-normal/arm64/packager.d --serialize-diagnostics /Users/yutaro/project-profit-ios/artifacts/release-quality/performance-gate/DerivedData/Build/Intermediates.noindex/libxlsxwriter.build/Debug-iphonesimulator/libxlsxwriter.build/Objects-normal/arm64/packager.dia -c /Users/yutaro/project-profit-ios/artifacts/release-quality/performance-gate/DerivedData/SourcePackages/checkouts/libxlsxwriter/src/packager.c -o /Users/yutaro/project-profit-ios/artifacts/release-quality/performance-gate/DerivedData/Build/Intermediates.noindex/libxlsxwriter.build/Debug-iphonesimulator/libxlsxwriter.build/Objects-normal/arm64/packager.o -index-unit-output-path /libxlsxwriter.build/Debug-iphonesimulator/libxlsxwriter.build/Objects-normal/arm64/packager.o

ScanDependencies /Users/yutaro/project-profit-ios/artifacts/release-quality/performance-gate/DerivedData/Build/Intermediates.noindex/libxlsxwriter.build/Debug-iphonesimulator/libxlsxwriter.build/Objects-normal/arm64/metadata.o /Users/yutaro/project-profit-ios/artifacts/release-quality/performance-gate/DerivedData/SourcePackages/checkouts/libxlsxwriter/src/metadata.c normal arm64 c com.apple.compilers.llvm.clang.1_0.compiler (in target 'libxlsxwriter' from project 'libxlsxwriter')
    cd /Users/yutaro/project-profit-ios/ProjectProfit.xcodeproj
    
    Using response file: /Users/yutaro/project-profit-ios/artifacts/release-quality/performance-gate/DerivedData/Build/Intermediates.noindex/libxlsxwriter.build/Debug-iphonesimulator/libxlsxwriter.build/Objects-normal/arm64/7187679823f38a2a940e0043cdf9d637-common-args.resp
    
    builtin-ScanDependencies -o /Users/yutaro/project-profit-ios/artifacts/release-quality/performance-gate/DerivedData/Build/Intermediates.noindex/libxlsxwriter.build/Debug-iphonesimulator/libxlsxwriter.build/Objects-normal/arm64/metadata.o.scan -- /Applications/Xcode-26.3.app/Contents/Developer/Toolchains/XcodeDefault.xctoolchain/usr/bin/clang -x c -ivfsstatcache /Users/yutaro/project-profit-ios/artifacts/release-quality/performance-gate/DerivedData/SDKStatCaches.noindex/iphonesimulator26.2-23C57-91db6bf2b9df79783d042ed3cc29a58e.sdkstatcache -fmessage-length\=0 -fdiagnostics-show-note-include-stack -fmacro-backtrace-limit\=0 -fno-color-diagnostics -fmodules-prune-interval\=86400 -fmodules-prune-after\=345600 -fbuild-session-file\=/Users/yutaro/project-profit-ios/artifacts/release-quality/performance-gate/DerivedData/ModuleCache.noindex/Session.modulevalidation -fmodules-validate-once-per-build-session -Wnon-modular-include-in-framework-module -Werror\=non-modular-include-in-framework-module -Wno-trigraphs -Wno-missing-field-initializers -Wno-missing-prototypes -Wno-return-type -Wno-missing-braces -Wparentheses -Wswitch -Wno-unused-function -Wno-unused-label -Wno-unused-parameter -Wno-unused-variable -Wunused-value -Wno-empty-body -Wno-uninitialized -Wno-unknown-pragmas -w -Wno-shadow -Wno-four-char-constants -Wno-conversion -Wno-constant-conversion -Wno-int-conversion -Wno-bool-conversion -Wno-enum-conversion -Wno-float-conversion -Wno-non-literal-null-conversion -Wno-objc-literal-conversion -Wshorten-64-to-32 -Wpointer-sign -Wno-newline-eof -Wno-implicit-fallthrough -fstrict-aliasing -Wdeprecated-declarations -Wno-sign-conversion -Wno-infinite-recursion -Wno-comma -Wno-block-capture-autoreleasing -Wno-strict-prototypes -Wno-semicolon-before-method-body -index-store-path /Users/yutaro/project-profit-ios/artifacts/release-quality/performance-gate/DerivedData/Index.noindex/DataStore @/Users/yutaro/project-profit-ios/artifacts/release-quality/performance-gate/DerivedData/Build/Intermediates.noindex/libxlsxwriter.build/Debug-iphonesimulator/libxlsxwriter.build/Objects-normal/arm64/7187679823f38a2a940e0043cdf9d637-common-args.resp -MMD -MT dependencies -MF /Users/yutaro/project-profit-ios/artifacts/release-quality/performance-gate/DerivedData/Build/Intermediates.noindex/libxlsxwriter.build/Debug-iphonesimulator/libxlsxwriter.build/Objects-normal/arm64/metadata.d --serialize-diagnostics /Users/yutaro/project-profit-ios/artifacts/release-quality/performance-gate/DerivedData/Build/Intermediates.noindex/libxlsxwriter.build/Debug-iphonesimulator/libxlsxwriter.build/Objects-normal/arm64/metadata.dia -c /Users/yutaro/project-profit-ios/artifacts/release-quality/performance-gate/DerivedData/SourcePackages/checkouts/libxlsxwriter/src/metadata.c -o /Users/yutaro/project-profit-ios/artifacts/release-quality/performance-gate/DerivedData/Build/Intermediates.noindex/libxlsxwriter.build/Debug-iphonesimulator/libxlsxwriter.build/Objects-normal/arm64/metadata.o -index-unit-output-path /libxlsxwriter.build/Debug-iphonesimulator/libxlsxwriter.build/Objects-normal/arm64/metadata.o

ScanDependencies /Users/yutaro/project-profit-ios/artifacts/release-quality/performance-gate/DerivedData/Build/Intermediates.noindex/libxlsxwriter.build/Debug-iphonesimulator/libxlsxwriter.build/Objects-normal/arm64/md5.o /Users/yutaro/project-profit-ios/artifacts/release-quality/performance-gate/DerivedData/SourcePackages/checkouts/libxlsxwriter/third_party/md5/md5.c normal arm64 c com.apple.compilers.llvm.clang.1_0.compiler (in target 'libxlsxwriter' from project 'libxlsxwriter')
    cd /Users/yutaro/project-profit-ios/ProjectProfit.xcodeproj
    
    Using response file: /Users/yutaro/project-profit-ios/artifacts/release-quality/performance-gate/DerivedData/Build/Intermediates.noindex/libxlsxwriter.build/Debug-iphonesimulator/libxlsxwriter.build/Objects-normal/arm64/7187679823f38a2a940e0043cdf9d637-common-args.resp
    
    builtin-ScanDependencies -o /Users/yutaro/project-profit-ios/artifacts/release-quality/performance-gate/DerivedData/Build/Intermediates.noindex/libxlsxwriter.build/Debug-iphonesimulator/libxlsxwriter.build/Objects-normal/arm64/md5.o.scan -- /Applications/Xcode-26.3.app/Contents/Developer/Toolchains/XcodeDefault.xctoolchain/usr/bin/clang -x c -ivfsstatcache /Users/yutaro/project-profit-ios/artifacts/release-quality/performance-gate/DerivedData/SDKStatCaches.noindex/iphonesimulator26.2-23C57-91db6bf2b9df79783d042ed3cc29a58e.sdkstatcache -fmessage-length\=0 -fdiagnostics-show-note-include-stack -fmacro-backtrace-limit\=0 -fno-color-diagnostics -fmodules-prune-interval\=86400 -fmodules-prune-after\=345600 -fbuild-session-file\=/Users/yutaro/project-profit-ios/artifacts/release-quality/performance-gate/DerivedData/ModuleCache.noindex/Session.modulevalidation -fmodules-validate-once-per-build-session -Wnon-modular-include-in-framework-module -Werror\=non-modular-include-in-framework-module -Wno-trigraphs -Wno-missing-field-initializers -Wno-missing-prototypes -Wno-return-type -Wno-missing-braces -Wparentheses -Wswitch -Wno-unused-function -Wno-unused-label -Wno-unused-parameter -Wno-unused-variable -Wunused-value -Wno-empty-body -Wno-uninitialized -Wno-unknown-pragmas -w -Wno-shadow -Wno-four-char-constants -Wno-conversion -Wno-constant-conversion -Wno-int-conversion -Wno-bool-conversion -Wno-enum-conversion -Wno-float-conversion -Wno-non-literal-null-conversion -Wno-objc-literal-conversion -Wshorten-64-to-32 -Wpointer-sign -Wno-newline-eof -Wno-implicit-fallthrough -fstrict-aliasing -Wdeprecated-declarations -Wno-sign-conversion -Wno-infinite-recursion -Wno-comma -Wno-block-capture-autoreleasing -Wno-strict-prototypes -Wno-semicolon-before-method-body -index-store-path /Users/yutaro/project-profit-ios/artifacts/release-quality/performance-gate/DerivedData/Index.noindex/DataStore @/Users/yutaro/project-profit-ios/artifacts/release-quality/performance-gate/DerivedData/Build/Intermediates.noindex/libxlsxwriter.build/Debug-iphonesimulator/libxlsxwriter.build/Objects-normal/arm64/7187679823f38a2a940e0043cdf9d637-common-args.resp -MMD -MT dependencies -MF /Users/yutaro/project-profit-ios/artifacts/release-quality/performance-gate/DerivedData/Build/Intermediates.noindex/libxlsxwriter.build/Debug-iphonesimulator/libxlsxwriter.build/Objects-normal/arm64/md5.d --serialize-diagnostics /Users/yutaro/project-profit-ios/artifacts/release-quality/performance-gate/DerivedData/Build/Intermediates.noindex/libxlsxwriter.build/Debug-iphonesimulator/libxlsxwriter.build/Objects-normal/arm64/md5.dia -c /Users/yutaro/project-profit-ios/artifacts/release-quality/performance-gate/DerivedData/SourcePackages/checkouts/libxlsxwriter/third_party/md5/md5.c -o /Users/yutaro/project-profit-ios/artifacts/release-quality/performance-gate/DerivedData/Build/Intermediates.noindex/libxlsxwriter.build/Debug-iphonesimulator/libxlsxwriter.build/Objects-normal/arm64/md5.o -index-unit-output-path /libxlsxwriter.build/Debug-iphonesimulator/libxlsxwriter.build/Objects-normal/arm64/md5.o

ScanDependencies /Users/yutaro/project-profit-ios/artifacts/release-quality/performance-gate/DerivedData/Build/Intermediates.noindex/libxlsxwriter.build/Debug-iphonesimulator/libxlsxwriter.build/Objects-normal/arm64/ioapi.o /Users/yutaro/project-profit-ios/artifacts/release-quality/performance-gate/DerivedData/SourcePackages/checkouts/libxlsxwriter/third_party/minizip/ioapi.c normal arm64 c com.apple.compilers.llvm.clang.1_0.compiler (in target 'libxlsxwriter' from project 'libxlsxwriter')
    cd /Users/yutaro/project-profit-ios/ProjectProfit.xcodeproj
    
    Using response file: /Users/yutaro/project-profit-ios/artifacts/release-quality/performance-gate/DerivedData/Build/Intermediates.noindex/libxlsxwriter.build/Debug-iphonesimulator/libxlsxwriter.build/Objects-normal/arm64/7187679823f38a2a940e0043cdf9d637-common-args.resp
    
    builtin-ScanDependencies -o /Users/yutaro/project-profit-ios/artifacts/release-quality/performance-gate/DerivedData/Build/Intermediates.noindex/libxlsxwriter.build/Debug-iphonesimulator/libxlsxwriter.build/Objects-normal/arm64/ioapi.o.scan -- /Applications/Xcode-26.3.app/Contents/Developer/Toolchains/XcodeDefault.xctoolchain/usr/bin/clang -x c -ivfsstatcache /Users/yutaro/project-profit-ios/artifacts/release-quality/performance-gate/DerivedData/SDKStatCaches.noindex/iphonesimulator26.2-23C57-91db6bf2b9df79783d042ed3cc29a58e.sdkstatcache -fmessage-length\=0 -fdiagnostics-show-note-include-stack -fmacro-backtrace-limit\=0 -fno-color-diagnostics -fmodules-prune-interval\=86400 -fmodules-prune-after\=345600 -fbuild-session-file\=/Users/yutaro/project-profit-ios/artifacts/release-quality/performance-gate/DerivedData/ModuleCache.noindex/Session.modulevalidation -fmodules-validate-once-per-build-session -Wnon-modular-include-in-framework-module -Werror\=non-modular-include-in-framework-module -Wno-trigraphs -Wno-missing-field-initializers -Wno-missing-prototypes -Wno-return-type -Wno-missing-braces -Wparentheses -Wswitch -Wno-unused-function -Wno-unused-label -Wno-unused-parameter -Wno-unused-variable -Wunused-value -Wno-empty-body -Wno-uninitialized -Wno-unknown-pragmas -w -Wno-shadow -Wno-four-char-constants -Wno-conversion -Wno-constant-conversion -Wno-int-conversion -Wno-bool-conversion -Wno-enum-conversion -Wno-float-conversion -Wno-non-literal-null-conversion -Wno-objc-literal-conversion -Wshorten-64-to-32 -Wpointer-sign -Wno-newline-eof -Wno-implicit-fallthrough -fstrict-aliasing -Wdeprecated-declarations -Wno-sign-conversion -Wno-infinite-recursion -Wno-comma -Wno-block-capture-autoreleasing -Wno-strict-prototypes -Wno-semicolon-before-method-body -index-store-path /Users/yutaro/project-profit-ios/artifacts/release-quality/performance-gate/DerivedData/Index.noindex/DataStore @/Users/yutaro/project-profit-ios/artifacts/release-quality/performance-gate/DerivedData/Build/Intermediates.noindex/libxlsxwriter.build/Debug-iphonesimulator/libxlsxwriter.build/Objects-normal/arm64/7187679823f38a2a940e0043cdf9d637-common-args.resp -MMD -MT dependencies -MF /Users/yutaro/project-profit-ios/artifacts/release-quality/performance-gate/DerivedData/Build/Intermediates.noindex/libxlsxwriter.build/Debug-iphonesimulator/libxlsxwriter.build/Objects-normal/arm64/ioapi.d --serialize-diagnostics /Users/yutaro/project-profit-ios/artifacts/release-quality/performance-gate/DerivedData/Build/Intermediates.noindex/libxlsxwriter.build/Debug-iphonesimulator/libxlsxwriter.build/Objects-normal/arm64/ioapi.dia -c /Users/yutaro/project-profit-ios/artifacts/release-quality/performance-gate/DerivedData/SourcePackages/checkouts/libxlsxwriter/third_party/minizip/ioapi.c -o /Users/yutaro/project-profit-ios/artifacts/release-quality/performance-gate/DerivedData/Build/Intermediates.noindex/libxlsxwriter.build/Debug-iphonesimulator/libxlsxwriter.build/Objects-normal/arm64/ioapi.o -index-unit-output-path /libxlsxwriter.build/Debug-iphonesimulator/libxlsxwriter.build/Objects-normal/arm64/ioapi.o

ScanDependencies /Users/yutaro/project-profit-ios/artifacts/release-quality/performance-gate/DerivedData/Build/Intermediates.noindex/libxlsxwriter.build/Debug-iphonesimulator/libxlsxwriter.build/Objects-normal/arm64/hash_table.o /Users/yutaro/project-profit-ios/artifacts/release-quality/performance-gate/DerivedData/SourcePackages/checkouts/libxlsxwriter/src/hash_table.c normal arm64 c com.apple.compilers.llvm.clang.1_0.compiler (in target 'libxlsxwriter' from project 'libxlsxwriter')
    cd /Users/yutaro/project-profit-ios/ProjectProfit.xcodeproj
    
    Using response file: /Users/yutaro/project-profit-ios/artifacts/release-quality/performance-gate/DerivedData/Build/Intermediates.noindex/libxlsxwriter.build/Debug-iphonesimulator/libxlsxwriter.build/Objects-normal/arm64/7187679823f38a2a940e0043cdf9d637-common-args.resp
    
    builtin-ScanDependencies -o /Users/yutaro/project-profit-ios/artifacts/release-quality/performance-gate/DerivedData/Build/Intermediates.noindex/libxlsxwriter.build/Debug-iphonesimulator/libxlsxwriter.build/Objects-normal/arm64/hash_table.o.scan -- /Applications/Xcode-26.3.app/Contents/Developer/Toolchains/XcodeDefault.xctoolchain/usr/bin/clang -x c -ivfsstatcache /Users/yutaro/project-profit-ios/artifacts/release-quality/performance-gate/DerivedData/SDKStatCaches.noindex/iphonesimulator26.2-23C57-91db6bf2b9df79783d042ed3cc29a58e.sdkstatcache -fmessage-length\=0 -fdiagnostics-show-note-include-stack -fmacro-backtrace-limit\=0 -fno-color-diagnostics -fmodules-prune-interval\=86400 -fmodules-prune-after\=345600 -fbuild-session-file\=/Users/yutaro/project-profit-ios/artifacts/release-quality/performance-gate/DerivedData/ModuleCache.noindex/Session.modulevalidation -fmodules-validate-once-per-build-session -Wnon-modular-include-in-framework-module -Werror\=non-modular-include-in-framework-module -Wno-trigraphs -Wno-missing-field-initializers -Wno-missing-prototypes -Wno-return-type -Wno-missing-braces -Wparentheses -Wswitch -Wno-unused-function -Wno-unused-label -Wno-unused-parameter -Wno-unused-variable -Wunused-value -Wno-empty-body -Wno-uninitialized -Wno-unknown-pragmas -w -Wno-shadow -Wno-four-char-constants -Wno-conversion -Wno-constant-conversion -Wno-int-conversion -Wno-bool-conversion -Wno-enum-conversion -Wno-float-conversion -Wno-non-literal-null-conversion -Wno-objc-literal-conversion -Wshorten-64-to-32 -Wpointer-sign -Wno-newline-eof -Wno-implicit-fallthrough -fstrict-aliasing -Wdeprecated-declarations -Wno-sign-conversion -Wno-infinite-recursion -Wno-comma -Wno-block-capture-autoreleasing -Wno-strict-prototypes -Wno-semicolon-before-method-body -index-store-path /Users/yutaro/project-profit-ios/artifacts/release-quality/performance-gate/DerivedData/Index.noindex/DataStore @/Users/yutaro/project-profit-ios/artifacts/release-quality/performance-gate/DerivedData/Build/Intermediates.noindex/libxlsxwriter.build/Debug-iphonesimulator/libxlsxwriter.build/Objects-normal/arm64/7187679823f38a2a940e0043cdf9d637-common-args.resp -MMD -MT dependencies -MF /Users/yutaro/project-profit-ios/artifacts/release-quality/performance-gate/DerivedData/Build/Intermediates.noindex/libxlsxwriter.build/Debug-iphonesimulator/libxlsxwriter.build/Objects-normal/arm64/hash_table.d --serialize-diagnostics /Users/yutaro/project-profit-ios/artifacts/release-quality/performance-gate/DerivedData/Build/Intermediates.noindex/libxlsxwriter.build/Debug-iphonesimulator/libxlsxwriter.build/Objects-normal/arm64/hash_table.dia -c /Users/yutaro/project-profit-ios/artifacts/release-quality/performance-gate/DerivedData/SourcePackages/checkouts/libxlsxwriter/src/hash_table.c -o /Users/yutaro/project-profit-ios/artifacts/release-quality/performance-gate/DerivedData/Build/Intermediates.noindex/libxlsxwriter.build/Debug-iphonesimulator/libxlsxwriter.build/Objects-normal/arm64/hash_table.o -index-unit-output-path /libxlsxwriter.build/Debug-iphonesimulator/libxlsxwriter.build/Objects-normal/arm64/hash_table.o

ScanDependencies /Users/yutaro/project-profit-ios/artifacts/release-quality/performance-gate/DerivedData/Build/Intermediates.noindex/libxlsxwriter.build/Debug-iphonesimulator/libxlsxwriter.build/Objects-normal/arm64/format.o /Users/yutaro/project-profit-ios/artifacts/release-quality/performance-gate/DerivedData/SourcePackages/checkouts/libxlsxwriter/src/format.c normal arm64 c com.apple.compilers.llvm.clang.1_0.compiler (in target 'libxlsxwriter' from project 'libxlsxwriter')
    cd /Users/yutaro/project-profit-ios/ProjectProfit.xcodeproj
    
    Using response file: /Users/yutaro/project-profit-ios/artifacts/release-quality/performance-gate/DerivedData/Build/Intermediates.noindex/libxlsxwriter.build/Debug-iphonesimulator/libxlsxwriter.build/Objects-normal/arm64/7187679823f38a2a940e0043cdf9d637-common-args.resp
    
    builtin-ScanDependencies -o /Users/yutaro/project-profit-ios/artifacts/release-quality/performance-gate/DerivedData/Build/Intermediates.noindex/libxlsxwriter.build/Debug-iphonesimulator/libxlsxwriter.build/Objects-normal/arm64/format.o.scan -- /Applications/Xcode-26.3.app/Contents/Developer/Toolchains/XcodeDefault.xctoolchain/usr/bin/clang -x c -ivfsstatcache /Users/yutaro/project-profit-ios/artifacts/release-quality/performance-gate/DerivedData/SDKStatCaches.noindex/iphonesimulator26.2-23C57-91db6bf2b9df79783d042ed3cc29a58e.sdkstatcache -fmessage-length\=0 -fdiagnostics-show-note-include-stack -fmacro-backtrace-limit\=0 -fno-color-diagnostics -fmodules-prune-interval\=86400 -fmodules-prune-after\=345600 -fbuild-session-file\=/Users/yutaro/project-profit-ios/artifacts/release-quality/performance-gate/DerivedData/ModuleCache.noindex/Session.modulevalidation -fmodules-validate-once-per-build-session -Wnon-modular-include-in-framework-module -Werror\=non-modular-include-in-framework-module -Wno-trigraphs -Wno-missing-field-initializers -Wno-missing-prototypes -Wno-return-type -Wno-missing-braces -Wparentheses -Wswitch -Wno-unused-function -Wno-unused-label -Wno-unused-parameter -Wno-unused-variable -Wunused-value -Wno-empty-body -Wno-uninitialized -Wno-unknown-pragmas -w -Wno-shadow -Wno-four-char-constants -Wno-conversion -Wno-constant-conversion -Wno-int-conversion -Wno-bool-conversion -Wno-enum-conversion -Wno-float-conversion -Wno-non-literal-null-conversion -Wno-objc-literal-conversion -Wshorten-64-to-32 -Wpointer-sign -Wno-newline-eof -Wno-implicit-fallthrough -fstrict-aliasing -Wdeprecated-declarations -Wno-sign-conversion -Wno-infinite-recursion -Wno-comma -Wno-block-capture-autoreleasing -Wno-strict-prototypes -Wno-semicolon-before-method-body -index-store-path /Users/yutaro/project-profit-ios/artifacts/release-quality/performance-gate/DerivedData/Index.noindex/DataStore @/Users/yutaro/project-profit-ios/artifacts/release-quality/performance-gate/DerivedData/Build/Intermediates.noindex/libxlsxwriter.build/Debug-iphonesimulator/libxlsxwriter.build/Objects-normal/arm64/7187679823f38a2a940e0043cdf9d637-common-args.resp -MMD -MT dependencies -MF /Users/yutaro/project-profit-ios/artifacts/release-quality/performance-gate/DerivedData/Build/Intermediates.noindex/libxlsxwriter.build/Debug-iphonesimulator/libxlsxwriter.build/Objects-normal/arm64/format.d --serialize-diagnostics /Users/yutaro/project-profit-ios/artifacts/release-quality/performance-gate/DerivedData/Build/Intermediates.noindex/libxlsxwriter.build/Debug-iphonesimulator/libxlsxwriter.build/Objects-normal/arm64/format.dia -c /Users/yutaro/project-profit-ios/artifacts/release-quality/performance-gate/DerivedData/SourcePackages/checkouts/libxlsxwriter/src/format.c -o /Users/yutaro/project-profit-ios/artifacts/release-quality/performance-gate/DerivedData/Build/Intermediates.noindex/libxlsxwriter.build/Debug-iphonesimulator/libxlsxwriter.build/Objects-normal/arm64/format.o -index-unit-output-path /libxlsxwriter.build/Debug-iphonesimulator/libxlsxwriter.build/Objects-normal/arm64/format.o

ScanDependencies /Users/yutaro/project-profit-ios/artifacts/release-quality/performance-gate/DerivedData/Build/Intermediates.noindex/libxlsxwriter.build/Debug-iphonesimulator/libxlsxwriter.build/Objects-normal/arm64/drawing.o /Users/yutaro/project-profit-ios/artifacts/release-quality/performance-gate/DerivedData/SourcePackages/checkouts/libxlsxwriter/src/drawing.c normal arm64 c com.apple.compilers.llvm.clang.1_0.compiler (in target 'libxlsxwriter' from project 'libxlsxwriter')
    cd /Users/yutaro/project-profit-ios/ProjectProfit.xcodeproj
    
    Using response file: /Users/yutaro/project-profit-ios/artifacts/release-quality/performance-gate/DerivedData/Build/Intermediates.noindex/libxlsxwriter.build/Debug-iphonesimulator/libxlsxwriter.build/Objects-normal/arm64/7187679823f38a2a940e0043cdf9d637-common-args.resp
    
    builtin-ScanDependencies -o /Users/yutaro/project-profit-ios/artifacts/release-quality/performance-gate/DerivedData/Build/Intermediates.noindex/libxlsxwriter.build/Debug-iphonesimulator/libxlsxwriter.build/Objects-normal/arm64/drawing.o.scan -- /Applications/Xcode-26.3.app/Contents/Developer/Toolchains/XcodeDefault.xctoolchain/usr/bin/clang -x c -ivfsstatcache /Users/yutaro/project-profit-ios/artifacts/release-quality/performance-gate/DerivedData/SDKStatCaches.noindex/iphonesimulator26.2-23C57-91db6bf2b9df79783d042ed3cc29a58e.sdkstatcache -fmessage-length\=0 -fdiagnostics-show-note-include-stack -fmacro-backtrace-limit\=0 -fno-color-diagnostics -fmodules-prune-interval\=86400 -fmodules-prune-after\=345600 -fbuild-session-file\=/Users/yutaro/project-profit-ios/artifacts/release-quality/performance-gate/DerivedData/ModuleCache.noindex/Session.modulevalidation -fmodules-validate-once-per-build-session -Wnon-modular-include-in-framework-module -Werror\=non-modular-include-in-framework-module -Wno-trigraphs -Wno-missing-field-initializers -Wno-missing-prototypes -Wno-return-type -Wno-missing-braces -Wparentheses -Wswitch -Wno-unused-function -Wno-unused-label -Wno-unused-parameter -Wno-unused-variable -Wunused-value -Wno-empty-body -Wno-uninitialized -Wno-unknown-pragmas -w -Wno-shadow -Wno-four-char-constants -Wno-conversion -Wno-constant-conversion -Wno-int-conversion -Wno-bool-conversion -Wno-enum-conversion -Wno-float-conversion -Wno-non-literal-null-conversion -Wno-objc-literal-conversion -Wshorten-64-to-32 -Wpointer-sign -Wno-newline-eof -Wno-implicit-fallthrough -fstrict-aliasing -Wdeprecated-declarations -Wno-sign-conversion -Wno-infinite-recursion -Wno-comma -Wno-block-capture-autoreleasing -Wno-strict-prototypes -Wno-semicolon-before-method-body -index-store-path /Users/yutaro/project-profit-ios/artifacts/release-quality/performance-gate/DerivedData/Index.noindex/DataStore @/Users/yutaro/project-profit-ios/artifacts/release-quality/performance-gate/DerivedData/Build/Intermediates.noindex/libxlsxwriter.build/Debug-iphonesimulator/libxlsxwriter.build/Objects-normal/arm64/7187679823f38a2a940e0043cdf9d637-common-args.resp -MMD -MT dependencies -MF /Users/yutaro/project-profit-ios/artifacts/release-quality/performance-gate/DerivedData/Build/Intermediates.noindex/libxlsxwriter.build/Debug-iphonesimulator/libxlsxwriter.build/Objects-normal/arm64/drawing.d --serialize-diagnostics /Users/yutaro/project-profit-ios/artifacts/release-quality/performance-gate/DerivedData/Build/Intermediates.noindex/libxlsxwriter.build/Debug-iphonesimulator/libxlsxwriter.build/Objects-normal/arm64/drawing.dia -c /Users/yutaro/project-profit-ios/artifacts/release-quality/performance-gate/DerivedData/SourcePackages/checkouts/libxlsxwriter/src/drawing.c -o /Users/yutaro/project-profit-ios/artifacts/release-quality/performance-gate/DerivedData/Build/Intermediates.noindex/libxlsxwriter.build/Debug-iphonesimulator/libxlsxwriter.build/Objects-normal/arm64/drawing.o -index-unit-output-path /libxlsxwriter.build/Debug-iphonesimulator/libxlsxwriter.build/Objects-normal/arm64/drawing.o

ScanDependencies /Users/yutaro/project-profit-ios/artifacts/release-quality/performance-gate/DerivedData/Build/Intermediates.noindex/libxlsxwriter.build/Debug-iphonesimulator/libxlsxwriter.build/Objects-normal/arm64/custom.o /Users/yutaro/project-profit-ios/artifacts/release-quality/performance-gate/DerivedData/SourcePackages/checkouts/libxlsxwriter/src/custom.c normal arm64 c com.apple.compilers.llvm.clang.1_0.compiler (in target 'libxlsxwriter' from project 'libxlsxwriter')
    cd /Users/yutaro/project-profit-ios/ProjectProfit.xcodeproj
    
    Using response file: /Users/yutaro/project-profit-ios/artifacts/release-quality/performance-gate/DerivedData/Build/Intermediates.noindex/libxlsxwriter.build/Debug-iphonesimulator/libxlsxwriter.build/Objects-normal/arm64/7187679823f38a2a940e0043cdf9d637-common-args.resp
    
    builtin-ScanDependencies -o /Users/yutaro/project-profit-ios/artifacts/release-quality/performance-gate/DerivedData/Build/Intermediates.noindex/libxlsxwriter.build/Debug-iphonesimulator/libxlsxwriter.build/Objects-normal/arm64/custom.o.scan -- /Applications/Xcode-26.3.app/Contents/Developer/Toolchains/XcodeDefault.xctoolchain/usr/bin/clang -x c -ivfsstatcache /Users/yutaro/project-profit-ios/artifacts/release-quality/performance-gate/DerivedData/SDKStatCaches.noindex/iphonesimulator26.2-23C57-91db6bf2b9df79783d042ed3cc29a58e.sdkstatcache -fmessage-length\=0 -fdiagnostics-show-note-include-stack -fmacro-backtrace-limit\=0 -fno-color-diagnostics -fmodules-prune-interval\=86400 -fmodules-prune-after\=345600 -fbuild-session-file\=/Users/yutaro/project-profit-ios/artifacts/release-quality/performance-gate/DerivedData/ModuleCache.noindex/Session.modulevalidation -fmodules-validate-once-per-build-session -Wnon-modular-include-in-framework-module -Werror\=non-modular-include-in-framework-module -Wno-trigraphs -Wno-missing-field-initializers -Wno-missing-prototypes -Wno-return-type -Wno-missing-braces -Wparentheses -Wswitch -Wno-unused-function -Wno-unused-label -Wno-unused-parameter -Wno-unused-variable -Wunused-value -Wno-empty-body -Wno-uninitialized -Wno-unknown-pragmas -w -Wno-shadow -Wno-four-char-constants -Wno-conversion -Wno-constant-conversion -Wno-int-conversion -Wno-bool-conversion -Wno-enum-conversion -Wno-float-conversion -Wno-non-literal-null-conversion -Wno-objc-literal-conversion -Wshorten-64-to-32 -Wpointer-sign -Wno-newline-eof -Wno-implicit-fallthrough -fstrict-aliasing -Wdeprecated-declarations -Wno-sign-conversion -Wno-infinite-recursion -Wno-comma -Wno-block-capture-autoreleasing -Wno-strict-prototypes -Wno-semicolon-before-method-body -index-store-path /Users/yutaro/project-profit-ios/artifacts/release-quality/performance-gate/DerivedData/Index.noindex/DataStore @/Users/yutaro/project-profit-ios/artifacts/release-quality/performance-gate/DerivedData/Build/Intermediates.noindex/libxlsxwriter.build/Debug-iphonesimulator/libxlsxwriter.build/Objects-normal/arm64/7187679823f38a2a940e0043cdf9d637-common-args.resp -MMD -MT dependencies -MF /Users/yutaro/project-profit-ios/artifacts/release-quality/performance-gate/DerivedData/Build/Intermediates.noindex/libxlsxwriter.build/Debug-iphonesimulator/libxlsxwriter.build/Objects-normal/arm64/custom.d --serialize-diagnostics /Users/yutaro/project-profit-ios/artifacts/release-quality/performance-gate/DerivedData/Build/Intermediates.noindex/libxlsxwriter.build/Debug-iphonesimulator/libxlsxwriter.build/Objects-normal/arm64/custom.dia -c /Users/yutaro/project-profit-ios/artifacts/release-quality/performance-gate/DerivedData/SourcePackages/checkouts/libxlsxwriter/src/custom.c -o /Users/yutaro/project-profit-ios/artifacts/release-quality/performance-gate/DerivedData/Build/Intermediates.noindex/libxlsxwriter.build/Debug-iphonesimulator/libxlsxwriter.build/Objects-normal/arm64/custom.o -index-unit-output-path /libxlsxwriter.build/Debug-iphonesimulator/libxlsxwriter.build/Objects-normal/arm64/custom.o

ScanDependencies /Users/yutaro/project-profit-ios/artifacts/release-quality/performance-gate/DerivedData/Build/Intermediates.noindex/libxlsxwriter.build/Debug-iphonesimulator/libxlsxwriter.build/Objects-normal/arm64/core.o /Users/yutaro/project-profit-ios/artifacts/release-quality/performance-gate/DerivedData/SourcePackages/checkouts/libxlsxwriter/src/core.c normal arm64 c com.apple.compilers.llvm.clang.1_0.compiler (in target 'libxlsxwriter' from project 'libxlsxwriter')
    cd /Users/yutaro/project-profit-ios/ProjectProfit.xcodeproj
    
    Using response file: /Users/yutaro/project-profit-ios/artifacts/release-quality/performance-gate/DerivedData/Build/Intermediates.noindex/libxlsxwriter.build/Debug-iphonesimulator/libxlsxwriter.build/Objects-normal/arm64/7187679823f38a2a940e0043cdf9d637-common-args.resp
    
    builtin-ScanDependencies -o /Users/yutaro/project-profit-ios/artifacts/release-quality/performance-gate/DerivedData/Build/Intermediates.noindex/libxlsxwriter.build/Debug-iphonesimulator/libxlsxwriter.build/Objects-normal/arm64/core.o.scan -- /Applications/Xcode-26.3.app/Contents/Developer/Toolchains/XcodeDefault.xctoolchain/usr/bin/clang -x c -ivfsstatcache /Users/yutaro/project-profit-ios/artifacts/release-quality/performance-gate/DerivedData/SDKStatCaches.noindex/iphonesimulator26.2-23C57-91db6bf2b9df79783d042ed3cc29a58e.sdkstatcache -fmessage-length\=0 -fdiagnostics-show-note-include-stack -fmacro-backtrace-limit\=0 -fno-color-diagnostics -fmodules-prune-interval\=86400 -fmodules-prune-after\=345600 -fbuild-session-file\=/Users/yutaro/project-profit-ios/artifacts/release-quality/performance-gate/DerivedData/ModuleCache.noindex/Session.modulevalidation -fmodules-validate-once-per-build-session -Wnon-modular-include-in-framework-module -Werror\=non-modular-include-in-framework-module -Wno-trigraphs -Wno-missing-field-initializers -Wno-missing-prototypes -Wno-return-type -Wno-missing-braces -Wparentheses -Wswitch -Wno-unused-function -Wno-unused-label -Wno-unused-parameter -Wno-unused-variable -Wunused-value -Wno-empty-body -Wno-uninitialized -Wno-unknown-pragmas -w -Wno-shadow -Wno-four-char-constants -Wno-conversion -Wno-constant-conversion -Wno-int-conversion -Wno-bool-conversion -Wno-enum-conversion -Wno-float-conversion -Wno-non-literal-null-conversion -Wno-objc-literal-conversion -Wshorten-64-to-32 -Wpointer-sign -Wno-newline-eof -Wno-implicit-fallthrough -fstrict-aliasing -Wdeprecated-declarations -Wno-sign-conversion -Wno-infinite-recursion -Wno-comma -Wno-block-capture-autoreleasing -Wno-strict-prototypes -Wno-semicolon-before-method-body -index-store-path /Users/yutaro/project-profit-ios/artifacts/release-quality/performance-gate/DerivedData/Index.noindex/DataStore @/Users/yutaro/project-profit-ios/artifacts/release-quality/performance-gate/DerivedData/Build/Intermediates.noindex/libxlsxwriter.build/Debug-iphonesimulator/libxlsxwriter.build/Objects-normal/arm64/7187679823f38a2a940e0043cdf9d637-common-args.resp -MMD -MT dependencies -MF /Users/yutaro/project-profit-ios/artifacts/release-quality/performance-gate/DerivedData/Build/Intermediates.noindex/libxlsxwriter.build/Debug-iphonesimulator/libxlsxwriter.build/Objects-normal/arm64/core.d --serialize-diagnostics /Users/yutaro/project-profit-ios/artifacts/release-quality/performance-gate/DerivedData/Build/Intermediates.noindex/libxlsxwriter.build/Debug-iphonesimulator/libxlsxwriter.build/Objects-normal/arm64/core.dia -c /Users/yutaro/project-profit-ios/artifacts/release-quality/performance-gate/DerivedData/SourcePackages/checkouts/libxlsxwriter/src/core.c -o /Users/yutaro/project-profit-ios/artifacts/release-quality/performance-gate/DerivedData/Build/Intermediates.noindex/libxlsxwriter.build/Debug-iphonesimulator/libxlsxwriter.build/Objects-normal/arm64/core.o -index-unit-output-path /libxlsxwriter.build/Debug-iphonesimulator/libxlsxwriter.build/Objects-normal/arm64/core.o

ScanDependencies /Users/yutaro/project-profit-ios/artifacts/release-quality/performance-gate/DerivedData/Build/Intermediates.noindex/libxlsxwriter.build/Debug-iphonesimulator/libxlsxwriter.build/Objects-normal/arm64/content_types.o /Users/yutaro/project-profit-ios/artifacts/release-quality/performance-gate/DerivedData/SourcePackages/checkouts/libxlsxwriter/src/content_types.c normal arm64 c com.apple.compilers.llvm.clang.1_0.compiler (in target 'libxlsxwriter' from project 'libxlsxwriter')
    cd /Users/yutaro/project-profit-ios/ProjectProfit.xcodeproj
    
    Using response file: /Users/yutaro/project-profit-ios/artifacts/release-quality/performance-gate/DerivedData/Build/Intermediates.noindex/libxlsxwriter.build/Debug-iphonesimulator/libxlsxwriter.build/Objects-normal/arm64/7187679823f38a2a940e0043cdf9d637-common-args.resp
    
    builtin-ScanDependencies -o /Users/yutaro/project-profit-ios/artifacts/release-quality/performance-gate/DerivedData/Build/Intermediates.noindex/libxlsxwriter.build/Debug-iphonesimulator/libxlsxwriter.build/Objects-normal/arm64/content_types.o.scan -- /Applications/Xcode-26.3.app/Contents/Developer/Toolchains/XcodeDefault.xctoolchain/usr/bin/clang -x c -ivfsstatcache /Users/yutaro/project-profit-ios/artifacts/release-quality/performance-gate/DerivedData/SDKStatCaches.noindex/iphonesimulator26.2-23C57-91db6bf2b9df79783d042ed3cc29a58e.sdkstatcache -fmessage-length\=0 -fdiagnostics-show-note-include-stack -fmacro-backtrace-limit\=0 -fno-color-diagnostics -fmodules-prune-interval\=86400 -fmodules-prune-after\=345600 -fbuild-session-file\=/Users/yutaro/project-profit-ios/artifacts/release-quality/performance-gate/DerivedData/ModuleCache.noindex/Session.modulevalidation -fmodules-validate-once-per-build-session -Wnon-modular-include-in-framework-module -Werror\=non-modular-include-in-framework-module -Wno-trigraphs -Wno-missing-field-initializers -Wno-missing-prototypes -Wno-return-type -Wno-missing-braces -Wparentheses -Wswitch -Wno-unused-function -Wno-unused-label -Wno-unused-parameter -Wno-unused-variable -Wunused-value -Wno-empty-body -Wno-uninitialized -Wno-unknown-pragmas -w -Wno-shadow -Wno-four-char-constants -Wno-conversion -Wno-constant-conversion -Wno-int-conversion -Wno-bool-conversion -Wno-enum-conversion -Wno-float-conversion -Wno-non-literal-null-conversion -Wno-objc-literal-conversion -Wshorten-64-to-32 -Wpointer-sign -Wno-newline-eof -Wno-implicit-fallthrough -fstrict-aliasing -Wdeprecated-declarations -Wno-sign-conversion -Wno-infinite-recursion -Wno-comma -Wno-block-capture-autoreleasing -Wno-strict-prototypes -Wno-semicolon-before-method-body -index-store-path /Users/yutaro/project-profit-ios/artifacts/release-quality/performance-gate/DerivedData/Index.noindex/DataStore @/Users/yutaro/project-profit-ios/artifacts/release-quality/performance-gate/DerivedData/Build/Intermediates.noindex/libxlsxwriter.build/Debug-iphonesimulator/libxlsxwriter.build/Objects-normal/arm64/7187679823f38a2a940e0043cdf9d637-common-args.resp -MMD -MT dependencies -MF /Users/yutaro/project-profit-ios/artifacts/release-quality/performance-gate/DerivedData/Build/Intermediates.noindex/libxlsxwriter.build/Debug-iphonesimulator/libxlsxwriter.build/Objects-normal/arm64/content_types.d --serialize-diagnostics /Users/yutaro/project-profit-ios/artifacts/release-quality/performance-gate/DerivedData/Build/Intermediates.noindex/libxlsxwriter.build/Debug-iphonesimulator/libxlsxwriter.build/Objects-normal/arm64/content_types.dia -c /Users/yutaro/project-profit-ios/artifacts/release-quality/performance-gate/DerivedData/SourcePackages/checkouts/libxlsxwriter/src/content_types.c -o /Users/yutaro/project-profit-ios/artifacts/release-quality/performance-gate/DerivedData/Build/Intermediates.noindex/libxlsxwriter.build/Debug-iphonesimulator/libxlsxwriter.build/Objects-normal/arm64/content_types.o -index-unit-output-path /libxlsxwriter.build/Debug-iphonesimulator/libxlsxwriter.build/Objects-normal/arm64/content_types.o

ScanDependencies /Users/yutaro/project-profit-ios/artifacts/release-quality/performance-gate/DerivedData/Build/Intermediates.noindex/libxlsxwriter.build/Debug-iphonesimulator/libxlsxwriter.build/Objects-normal/arm64/comment.o /Users/yutaro/project-profit-ios/artifacts/release-quality/performance-gate/DerivedData/SourcePackages/checkouts/libxlsxwriter/src/comment.c normal arm64 c com.apple.compilers.llvm.clang.1_0.compiler (in target 'libxlsxwriter' from project 'libxlsxwriter')
    cd /Users/yutaro/project-profit-ios/ProjectProfit.xcodeproj
    
    Using response file: /Users/yutaro/project-profit-ios/artifacts/release-quality/performance-gate/DerivedData/Build/Intermediates.noindex/libxlsxwriter.build/Debug-iphonesimulator/libxlsxwriter.build/Objects-normal/arm64/7187679823f38a2a940e0043cdf9d637-common-args.resp
    
    builtin-ScanDependencies -o /Users/yutaro/project-profit-ios/artifacts/release-quality/performance-gate/DerivedData/Build/Intermediates.noindex/libxlsxwriter.build/Debug-iphonesimulator/libxlsxwriter.build/Objects-normal/arm64/comment.o.scan -- /Applications/Xcode-26.3.app/Contents/Developer/Toolchains/XcodeDefault.xctoolchain/usr/bin/clang -x c -ivfsstatcache /Users/yutaro/project-profit-ios/artifacts/release-quality/performance-gate/DerivedData/SDKStatCaches.noindex/iphonesimulator26.2-23C57-91db6bf2b9df79783d042ed3cc29a58e.sdkstatcache -fmessage-length\=0 -fdiagnostics-show-note-include-stack -fmacro-backtrace-limit\=0 -fno-color-diagnostics -fmodules-prune-interval\=86400 -fmodules-prune-after\=345600 -fbuild-session-file\=/Users/yutaro/project-profit-ios/artifacts/release-quality/performance-gate/DerivedData/ModuleCache.noindex/Session.modulevalidation -fmodules-validate-once-per-build-session -Wnon-modular-include-in-framework-module -Werror\=non-modular-include-in-framework-module -Wno-trigraphs -Wno-missing-field-initializers -Wno-missing-prototypes -Wno-return-type -Wno-missing-braces -Wparentheses -Wswitch -Wno-unused-function -Wno-unused-label -Wno-unused-parameter -Wno-unused-variable -Wunused-value -Wno-empty-body -Wno-uninitialized -Wno-unknown-pragmas -w -Wno-shadow -Wno-four-char-constants -Wno-conversion -Wno-constant-conversion -Wno-int-conversion -Wno-bool-conversion -Wno-enum-conversion -Wno-float-conversion -Wno-non-literal-null-conversion -Wno-objc-literal-conversion -Wshorten-64-to-32 -Wpointer-sign -Wno-newline-eof -Wno-implicit-fallthrough -fstrict-aliasing -Wdeprecated-declarations -Wno-sign-conversion -Wno-infinite-recursion -Wno-comma -Wno-block-capture-autoreleasing -Wno-strict-prototypes -Wno-semicolon-before-method-body -index-store-path /Users/yutaro/project-profit-ios/artifacts/release-quality/performance-gate/DerivedData/Index.noindex/DataStore @/Users/yutaro/project-profit-ios/artifacts/release-quality/performance-gate/DerivedData/Build/Intermediates.noindex/libxlsxwriter.build/Debug-iphonesimulator/libxlsxwriter.build/Objects-normal/arm64/7187679823f38a2a940e0043cdf9d637-common-args.resp -MMD -MT dependencies -MF /Users/yutaro/project-profit-ios/artifacts/release-quality/performance-gate/DerivedData/Build/Intermediates.noindex/libxlsxwriter.build/Debug-iphonesimulator/libxlsxwriter.build/Objects-normal/arm64/comment.d --serialize-diagnostics /Users/yutaro/project-profit-ios/artifacts/release-quality/performance-gate/DerivedData/Build/Intermediates.noindex/libxlsxwriter.build/Debug-iphonesimulator/libxlsxwriter.build/Objects-normal/arm64/comment.dia -c /Users/yutaro/project-profit-ios/artifacts/release-quality/performance-gate/DerivedData/SourcePackages/checkouts/libxlsxwriter/src/comment.c -o /Users/yutaro/project-profit-ios/artifacts/release-quality/performance-gate/DerivedData/Build/Intermediates.noindex/libxlsxwriter.build/Debug-iphonesimulator/libxlsxwriter.build/Objects-normal/arm64/comment.o -index-unit-output-path /libxlsxwriter.build/Debug-iphonesimulator/libxlsxwriter.build/Objects-normal/arm64/comment.o

ScanDependencies /Users/yutaro/project-profit-ios/artifacts/release-quality/performance-gate/DerivedData/Build/Intermediates.noindex/libxlsxwriter.build/Debug-iphonesimulator/libxlsxwriter.build/Objects-normal/arm64/chartsheet.o /Users/yutaro/project-profit-ios/artifacts/release-quality/performance-gate/DerivedData/SourcePackages/checkouts/libxlsxwriter/src/chartsheet.c normal arm64 c com.apple.compilers.llvm.clang.1_0.compiler (in target 'libxlsxwriter' from project 'libxlsxwriter')
    cd /Users/yutaro/project-profit-ios/ProjectProfit.xcodeproj
    
    Using response file: /Users/yutaro/project-profit-ios/artifacts/release-quality/performance-gate/DerivedData/Build/Intermediates.noindex/libxlsxwriter.build/Debug-iphonesimulator/libxlsxwriter.build/Objects-normal/arm64/7187679823f38a2a940e0043cdf9d637-common-args.resp
    
    builtin-ScanDependencies -o /Users/yutaro/project-profit-ios/artifacts/release-quality/performance-gate/DerivedData/Build/Intermediates.noindex/libxlsxwriter.build/Debug-iphonesimulator/libxlsxwriter.build/Objects-normal/arm64/chartsheet.o.scan -- /Applications/Xcode-26.3.app/Contents/Developer/Toolchains/XcodeDefault.xctoolchain/usr/bin/clang -x c -ivfsstatcache /Users/yutaro/project-profit-ios/artifacts/release-quality/performance-gate/DerivedData/SDKStatCaches.noindex/iphonesimulator26.2-23C57-91db6bf2b9df79783d042ed3cc29a58e.sdkstatcache -fmessage-length\=0 -fdiagnostics-show-note-include-stack -fmacro-backtrace-limit\=0 -fno-color-diagnostics -fmodules-prune-interval\=86400 -fmodules-prune-after\=345600 -fbuild-session-file\=/Users/yutaro/project-profit-ios/artifacts/release-quality/performance-gate/DerivedData/ModuleCache.noindex/Session.modulevalidation -fmodules-validate-once-per-build-session -Wnon-modular-include-in-framework-module -Werror\=non-modular-include-in-framework-module -Wno-trigraphs -Wno-missing-field-initializers -Wno-missing-prototypes -Wno-return-type -Wno-missing-braces -Wparentheses -Wswitch -Wno-unused-function -Wno-unused-label -Wno-unused-parameter -Wno-unused-variable -Wunused-value -Wno-empty-body -Wno-uninitialized -Wno-unknown-pragmas -w -Wno-shadow -Wno-four-char-constants -Wno-conversion -Wno-constant-conversion -Wno-int-conversion -Wno-bool-conversion -Wno-enum-conversion -Wno-float-conversion -Wno-non-literal-null-conversion -Wno-objc-literal-conversion -Wshorten-64-to-32 -Wpointer-sign -Wno-newline-eof -Wno-implicit-fallthrough -fstrict-aliasing -Wdeprecated-declarations -Wno-sign-conversion -Wno-infinite-recursion -Wno-comma -Wno-block-capture-autoreleasing -Wno-strict-prototypes -Wno-semicolon-before-method-body -index-store-path /Users/yutaro/project-profit-ios/artifacts/release-quality/performance-gate/DerivedData/Index.noindex/DataStore @/Users/yutaro/project-profit-ios/artifacts/release-quality/performance-gate/DerivedData/Build/Intermediates.noindex/libxlsxwriter.build/Debug-iphonesimulator/libxlsxwriter.build/Objects-normal/arm64/7187679823f38a2a940e0043cdf9d637-common-args.resp -MMD -MT dependencies -MF /Users/yutaro/project-profit-ios/artifacts/release-quality/performance-gate/DerivedData/Build/Intermediates.noindex/libxlsxwriter.build/Debug-iphonesimulator/libxlsxwriter.build/Objects-normal/arm64/chartsheet.d --serialize-diagnostics /Users/yutaro/project-profit-ios/artifacts/release-quality/performance-gate/DerivedData/Build/Intermediates.noindex/libxlsxwriter.build/Debug-iphonesimulator/libxlsxwriter.build/Objects-normal/arm64/chartsheet.dia -c /Users/yutaro/project-profit-ios/artifacts/release-quality/performance-gate/DerivedData/SourcePackages/checkouts/libxlsxwriter/src/chartsheet.c -o /Users/yutaro/project-profit-ios/artifacts/release-quality/performance-gate/DerivedData/Build/Intermediates.noindex/libxlsxwriter.build/Debug-iphonesimulator/libxlsxwriter.build/Objects-normal/arm64/chartsheet.o -index-unit-output-path /libxlsxwriter.build/Debug-iphonesimulator/libxlsxwriter.build/Objects-normal/arm64/chartsheet.o

ScanDependencies /Users/yutaro/project-profit-ios/artifacts/release-quality/performance-gate/DerivedData/Build/Intermediates.noindex/libxlsxwriter.build/Debug-iphonesimulator/libxlsxwriter.build/Objects-normal/arm64/chart.o /Users/yutaro/project-profit-ios/artifacts/release-quality/performance-gate/DerivedData/SourcePackages/checkouts/libxlsxwriter/src/chart.c normal arm64 c com.apple.compilers.llvm.clang.1_0.compiler (in target 'libxlsxwriter' from project 'libxlsxwriter')
    cd /Users/yutaro/project-profit-ios/ProjectProfit.xcodeproj
    
    Using response file: /Users/yutaro/project-profit-ios/artifacts/release-quality/performance-gate/DerivedData/Build/Intermediates.noindex/libxlsxwriter.build/Debug-iphonesimulator/libxlsxwriter.build/Objects-normal/arm64/7187679823f38a2a940e0043cdf9d637-common-args.resp
    
    builtin-ScanDependencies -o /Users/yutaro/project-profit-ios/artifacts/release-quality/performance-gate/DerivedData/Build/Intermediates.noindex/libxlsxwriter.build/Debug-iphonesimulator/libxlsxwriter.build/Objects-normal/arm64/chart.o.scan -- /Applications/Xcode-26.3.app/Contents/Developer/Toolchains/XcodeDefault.xctoolchain/usr/bin/clang -x c -ivfsstatcache /Users/yutaro/project-profit-ios/artifacts/release-quality/performance-gate/DerivedData/SDKStatCaches.noindex/iphonesimulator26.2-23C57-91db6bf2b9df79783d042ed3cc29a58e.sdkstatcache -fmessage-length\=0 -fdiagnostics-show-note-include-stack -fmacro-backtrace-limit\=0 -fno-color-diagnostics -fmodules-prune-interval\=86400 -fmodules-prune-after\=345600 -fbuild-session-file\=/Users/yutaro/project-profit-ios/artifacts/release-quality/performance-gate/DerivedData/ModuleCache.noindex/Session.modulevalidation -fmodules-validate-once-per-build-session -Wnon-modular-include-in-framework-module -Werror\=non-modular-include-in-framework-module -Wno-trigraphs -Wno-missing-field-initializers -Wno-missing-prototypes -Wno-return-type -Wno-missing-braces -Wparentheses -Wswitch -Wno-unused-function -Wno-unused-label -Wno-unused-parameter -Wno-unused-variable -Wunused-value -Wno-empty-body -Wno-uninitialized -Wno-unknown-pragmas -w -Wno-shadow -Wno-four-char-constants -Wno-conversion -Wno-constant-conversion -Wno-int-conversion -Wno-bool-conversion -Wno-enum-conversion -Wno-float-conversion -Wno-non-literal-null-conversion -Wno-objc-literal-conversion -Wshorten-64-to-32 -Wpointer-sign -Wno-newline-eof -Wno-implicit-fallthrough -fstrict-aliasing -Wdeprecated-declarations -Wno-sign-conversion -Wno-infinite-recursion -Wno-comma -Wno-block-capture-autoreleasing -Wno-strict-prototypes -Wno-semicolon-before-method-body -index-store-path /Users/yutaro/project-profit-ios/artifacts/release-quality/performance-gate/DerivedData/Index.noindex/DataStore @/Users/yutaro/project-profit-ios/artifacts/release-quality/performance-gate/DerivedData/Build/Intermediates.noindex/libxlsxwriter.build/Debug-iphonesimulator/libxlsxwriter.build/Objects-normal/arm64/7187679823f38a2a940e0043cdf9d637-common-args.resp -MMD -MT dependencies -MF /Users/yutaro/project-profit-ios/artifacts/release-quality/performance-gate/DerivedData/Build/Intermediates.noindex/libxlsxwriter.build/Debug-iphonesimulator/libxlsxwriter.build/Objects-normal/arm64/chart.d --serialize-diagnostics /Users/yutaro/project-profit-ios/artifacts/release-quality/performance-gate/DerivedData/Build/Intermediates.noindex/libxlsxwriter.build/Debug-iphonesimulator/libxlsxwriter.build/Objects-normal/arm64/chart.dia -c /Users/yutaro/project-profit-ios/artifacts/release-quality/performance-gate/DerivedData/SourcePackages/checkouts/libxlsxwriter/src/chart.c -o /Users/yutaro/project-profit-ios/artifacts/release-quality/performance-gate/DerivedData/Build/Intermediates.noindex/libxlsxwriter.build/Debug-iphonesimulator/libxlsxwriter.build/Objects-normal/arm64/chart.o -index-unit-output-path /libxlsxwriter.build/Debug-iphonesimulator/libxlsxwriter.build/Objects-normal/arm64/chart.o

ScanDependencies /Users/yutaro/project-profit-ios/artifacts/release-quality/performance-gate/DerivedData/Build/Intermediates.noindex/libxlsxwriter.build/Debug-iphonesimulator/libxlsxwriter.build/Objects-normal/arm64/app.o /Users/yutaro/project-profit-ios/artifacts/release-quality/performance-gate/DerivedData/SourcePackages/checkouts/libxlsxwriter/src/app.c normal arm64 c com.apple.compilers.llvm.clang.1_0.compiler (in target 'libxlsxwriter' from project 'libxlsxwriter')
    cd /Users/yutaro/project-profit-ios/ProjectProfit.xcodeproj
    
    Using response file: /Users/yutaro/project-profit-ios/artifacts/release-quality/performance-gate/DerivedData/Build/Intermediates.noindex/libxlsxwriter.build/Debug-iphonesimulator/libxlsxwriter.build/Objects-normal/arm64/7187679823f38a2a940e0043cdf9d637-common-args.resp
    
    builtin-ScanDependencies -o /Users/yutaro/project-profit-ios/artifacts/release-quality/performance-gate/DerivedData/Build/Intermediates.noindex/libxlsxwriter.build/Debug-iphonesimulator/libxlsxwriter.build/Objects-normal/arm64/app.o.scan -- /Applications/Xcode-26.3.app/Contents/Developer/Toolchains/XcodeDefault.xctoolchain/usr/bin/clang -x c -ivfsstatcache /Users/yutaro/project-profit-ios/artifacts/release-quality/performance-gate/DerivedData/SDKStatCaches.noindex/iphonesimulator26.2-23C57-91db6bf2b9df79783d042ed3cc29a58e.sdkstatcache -fmessage-length\=0 -fdiagnostics-show-note-include-stack -fmacro-backtrace-limit\=0 -fno-color-diagnostics -fmodules-prune-interval\=86400 -fmodules-prune-after\=345600 -fbuild-session-file\=/Users/yutaro/project-profit-ios/artifacts/release-quality/performance-gate/DerivedData/ModuleCache.noindex/Session.modulevalidation -fmodules-validate-once-per-build-session -Wnon-modular-include-in-framework-module -Werror\=non-modular-include-in-framework-module -Wno-trigraphs -Wno-missing-field-initializers -Wno-missing-prototypes -Wno-return-type -Wno-missing-braces -Wparentheses -Wswitch -Wno-unused-function -Wno-unused-label -Wno-unused-parameter -Wno-unused-variable -Wunused-value -Wno-empty-body -Wno-uninitialized -Wno-unknown-pragmas -w -Wno-shadow -Wno-four-char-constants -Wno-conversion -Wno-constant-conversion -Wno-int-conversion -Wno-bool-conversion -Wno-enum-conversion -Wno-float-conversion -Wno-non-literal-null-conversion -Wno-objc-literal-conversion -Wshorten-64-to-32 -Wpointer-sign -Wno-newline-eof -Wno-implicit-fallthrough -fstrict-aliasing -Wdeprecated-declarations -Wno-sign-conversion -Wno-infinite-recursion -Wno-comma -Wno-block-capture-autoreleasing -Wno-strict-prototypes -Wno-semicolon-before-method-body -index-store-path /Users/yutaro/project-profit-ios/artifacts/release-quality/performance-gate/DerivedData/Index.noindex/DataStore @/Users/yutaro/project-profit-ios/artifacts/release-quality/performance-gate/DerivedData/Build/Intermediates.noindex/libxlsxwriter.build/Debug-iphonesimulator/libxlsxwriter.build/Objects-normal/arm64/7187679823f38a2a940e0043cdf9d637-common-args.resp -MMD -MT dependencies -MF /Users/yutaro/project-profit-ios/artifacts/release-quality/performance-gate/DerivedData/Build/Intermediates.noindex/libxlsxwriter.build/Debug-iphonesimulator/libxlsxwriter.build/Objects-normal/arm64/app.d --serialize-diagnostics /Users/yutaro/project-profit-ios/artifacts/release-quality/performance-gate/DerivedData/Build/Intermediates.noindex/libxlsxwriter.build/Debug-iphonesimulator/libxlsxwriter.build/Objects-normal/arm64/app.dia -c /Users/yutaro/project-profit-ios/artifacts/release-quality/performance-gate/DerivedData/SourcePackages/checkouts/libxlsxwriter/src/app.c -o /Users/yutaro/project-profit-ios/artifacts/release-quality/performance-gate/DerivedData/Build/Intermediates.noindex/libxlsxwriter.build/Debug-iphonesimulator/libxlsxwriter.build/Objects-normal/arm64/app.o -index-unit-output-path /libxlsxwriter.build/Debug-iphonesimulator/libxlsxwriter.build/Objects-normal/arm64/app.o

PrecompileModule /Users/yutaro/project-profit-ios/artifacts/release-quality/performance-gate/DerivedData/Build/Intermediates.noindex/ExplicitPrecompiledModules/_Builtin_limits-44Y5PBM433O8RNSA64I74NU1N.scan
    cd /
    builtin-precompileModule /Users/yutaro/project-profit-ios/artifacts/release-quality/performance-gate/DerivedData/Build/Intermediates.noindex/ExplicitPrecompiledModules/_Builtin_limits-44Y5PBM433O8RNSA64I74NU1N.scan

PrecompileModule /Users/yutaro/project-profit-ios/artifacts/release-quality/performance-gate/DerivedData/Build/Intermediates.noindex/ExplicitPrecompiledModules/_DarwinFoundation2-6AEKKGUC3I1GBVBNPL3DI4M6B.scan
    cd /
    builtin-precompileModule /Users/yutaro/project-profit-ios/artifacts/release-quality/performance-gate/DerivedData/Build/Intermediates.noindex/ExplicitPrecompiledModules/_DarwinFoundation2-6AEKKGUC3I1GBVBNPL3DI4M6B.scan

CompileC /Users/yutaro/project-profit-ios/artifacts/release-quality/performance-gate/DerivedData/Build/Intermediates.noindex/libxlsxwriter.build/Debug-iphonesimulator/libxlsxwriter.build/Objects-normal/arm64/md5.o /Users/yutaro/project-profit-ios/artifacts/release-quality/performance-gate/DerivedData/SourcePackages/checkouts/libxlsxwriter/third_party/md5/md5.c normal arm64 c com.apple.compilers.llvm.clang.1_0.compiler (in target 'libxlsxwriter' from project 'libxlsxwriter')
    cd /Users/yutaro/project-profit-ios/ProjectProfit.xcodeproj
    
    Using response file: /Users/yutaro/project-profit-ios/artifacts/release-quality/performance-gate/DerivedData/Build/Intermediates.noindex/libxlsxwriter.build/Debug-iphonesimulator/libxlsxwriter.build/Objects-normal/arm64/7187679823f38a2a940e0043cdf9d637-common-args.resp
    
    /Applications/Xcode-26.3.app/Contents/Developer/Toolchains/XcodeDefault.xctoolchain/usr/bin/clang -x c -ivfsstatcache /Users/yutaro/project-profit-ios/artifacts/release-quality/performance-gate/DerivedData/SDKStatCaches.noindex/iphonesimulator26.2-23C57-91db6bf2b9df79783d042ed3cc29a58e.sdkstatcache -fmessage-length\=0 -fdiagnostics-show-note-include-stack -fmacro-backtrace-limit\=0 -fno-color-diagnostics -fmodules-prune-interval\=86400 -fmodules-prune-after\=345600 -fbuild-session-file\=/Users/yutaro/project-profit-ios/artifacts/release-quality/performance-gate/DerivedData/ModuleCache.noindex/Session.modulevalidation -fmodules-validate-once-per-build-session -Wnon-modular-include-in-framework-module -Werror\=non-modular-include-in-framework-module -Wno-trigraphs -Wno-missing-field-initializers -Wno-missing-prototypes -Wno-return-type -Wno-missing-braces -Wparentheses -Wswitch -Wno-unused-function -Wno-unused-label -Wno-unused-parameter -Wno-unused-variable -Wunused-value -Wno-empty-body -Wno-uninitialized -Wno-unknown-pragmas -w -Wno-shadow -Wno-four-char-constants -Wno-conversion -Wno-constant-conversion -Wno-int-conversion -Wno-bool-conversion -Wno-enum-conversion -Wno-float-conversion -Wno-non-literal-null-conversion -Wno-objc-literal-conversion -Wshorten-64-to-32 -Wpointer-sign -Wno-newline-eof -Wno-implicit-fallthrough -fstrict-aliasing -Wdeprecated-declarations -Wno-sign-conversion -Wno-infinite-recursion -Wno-comma -Wno-block-capture-autoreleasing -Wno-strict-prototypes -Wno-semicolon-before-method-body -index-store-path /Users/yutaro/project-profit-ios/artifacts/release-quality/performance-gate/DerivedData/Index.noindex/DataStore @/Users/yutaro/project-profit-ios/artifacts/release-quality/performance-gate/DerivedData/Build/Intermediates.noindex/libxlsxwriter.build/Debug-iphonesimulator/libxlsxwriter.build/Objects-normal/arm64/7187679823f38a2a940e0043cdf9d637-common-args.resp -MMD -MT dependencies -MF /Users/yutaro/project-profit-ios/artifacts/release-quality/performance-gate/DerivedData/Build/Intermediates.noindex/libxlsxwriter.build/Debug-iphonesimulator/libxlsxwriter.build/Objects-normal/arm64/md5.d --serialize-diagnostics /Users/yutaro/project-profit-ios/artifacts/release-quality/performance-gate/DerivedData/Build/Intermediates.noindex/libxlsxwriter.build/Debug-iphonesimulator/libxlsxwriter.build/Objects-normal/arm64/md5.dia -c /Users/yutaro/project-profit-ios/artifacts/release-quality/performance-gate/DerivedData/SourcePackages/checkouts/libxlsxwriter/third_party/md5/md5.c -o /Users/yutaro/project-profit-ios/artifacts/release-quality/performance-gate/DerivedData/Build/Intermediates.noindex/libxlsxwriter.build/Debug-iphonesimulator/libxlsxwriter.build/Objects-normal/arm64/md5.o -index-unit-output-path /libxlsxwriter.build/Debug-iphonesimulator/libxlsxwriter.build/Objects-normal/arm64/md5.o

PrecompileModule /Users/yutaro/project-profit-ios/artifacts/release-quality/performance-gate/DerivedData/Build/Intermediates.noindex/ExplicitPrecompiledModules/_Builtin_stdint-7YPFPKPQFNIER0LTMYI3BAI5O.scan
    cd /
    builtin-precompileModule /Users/yutaro/project-profit-ios/artifacts/release-quality/performance-gate/DerivedData/Build/Intermediates.noindex/ExplicitPrecompiledModules/_Builtin_stdint-7YPFPKPQFNIER0LTMYI3BAI5O.scan

PrecompileModule /Users/yutaro/project-profit-ios/artifacts/release-quality/performance-gate/DerivedData/Build/Intermediates.noindex/ExplicitPrecompiledModules/_DarwinFoundation3-6ZIAPU4WSO6FGKUMSZQCZE32M.scan
    cd /
    builtin-precompileModule /Users/yutaro/project-profit-ios/artifacts/release-quality/performance-gate/DerivedData/Build/Intermediates.noindex/ExplicitPrecompiledModules/_DarwinFoundation3-6ZIAPU4WSO6FGKUMSZQCZE32M.scan

PrecompileModule /Users/yutaro/project-profit-ios/artifacts/release-quality/performance-gate/DerivedData/Build/Intermediates.noindex/ExplicitPrecompiledModules/_Builtin_inttypes-1W4AMC2FFJVBNAYUY8ZVL8XF4.scan
    cd /
    builtin-precompileModule /Users/yutaro/project-profit-ios/artifacts/release-quality/performance-gate/DerivedData/Build/Intermediates.noindex/ExplicitPrecompiledModules/_Builtin_inttypes-1W4AMC2FFJVBNAYUY8ZVL8XF4.scan

CompileC /Users/yutaro/project-profit-ios/artifacts/release-quality/performance-gate/DerivedData/Build/Intermediates.noindex/libxlsxwriter.build/Debug-iphonesimulator/libxlsxwriter.build/Objects-normal/arm64/hash_table.o /Users/yutaro/project-profit-ios/artifacts/release-quality/performance-gate/DerivedData/SourcePackages/checkouts/libxlsxwriter/src/hash_table.c normal arm64 c com.apple.compilers.llvm.clang.1_0.compiler (in target 'libxlsxwriter' from project 'libxlsxwriter')
    cd /Users/yutaro/project-profit-ios/ProjectProfit.xcodeproj
    
    Using response file: /Users/yutaro/project-profit-ios/artifacts/release-quality/performance-gate/DerivedData/Build/Intermediates.noindex/libxlsxwriter.build/Debug-iphonesimulator/libxlsxwriter.build/Objects-normal/arm64/7187679823f38a2a940e0043cdf9d637-common-args.resp
    
    /Applications/Xcode-26.3.app/Contents/Developer/Toolchains/XcodeDefault.xctoolchain/usr/bin/clang -x c -ivfsstatcache /Users/yutaro/project-profit-ios/artifacts/release-quality/performance-gate/DerivedData/SDKStatCaches.noindex/iphonesimulator26.2-23C57-91db6bf2b9df79783d042ed3cc29a58e.sdkstatcache -fmessage-length\=0 -fdiagnostics-show-note-include-stack -fmacro-backtrace-limit\=0 -fno-color-diagnostics -fmodules-prune-interval\=86400 -fmodules-prune-after\=345600 -fbuild-session-file\=/Users/yutaro/project-profit-ios/artifacts/release-quality/performance-gate/DerivedData/ModuleCache.noindex/Session.modulevalidation -fmodules-validate-once-per-build-session -Wnon-modular-include-in-framework-module -Werror\=non-modular-include-in-framework-module -Wno-trigraphs -Wno-missing-field-initializers -Wno-missing-prototypes -Wno-return-type -Wno-missing-braces -Wparentheses -Wswitch -Wno-unused-function -Wno-unused-label -Wno-unused-parameter -Wno-unused-variable -Wunused-value -Wno-empty-body -Wno-uninitialized -Wno-unknown-pragmas -w -Wno-shadow -Wno-four-char-constants -Wno-conversion -Wno-constant-conversion -Wno-int-conversion -Wno-bool-conversion -Wno-enum-conversion -Wno-float-conversion -Wno-non-literal-null-conversion -Wno-objc-literal-conversion -Wshorten-64-to-32 -Wpointer-sign -Wno-newline-eof -Wno-implicit-fallthrough -fstrict-aliasing -Wdeprecated-declarations -Wno-sign-conversion -Wno-infinite-recursion -Wno-comma -Wno-block-capture-autoreleasing -Wno-strict-prototypes -Wno-semicolon-before-method-body -index-store-path /Users/yutaro/project-profit-ios/artifacts/release-quality/performance-gate/DerivedData/Index.noindex/DataStore @/Users/yutaro/project-profit-ios/artifacts/release-quality/performance-gate/DerivedData/Build/Intermediates.noindex/libxlsxwriter.build/Debug-iphonesimulator/libxlsxwriter.build/Objects-normal/arm64/7187679823f38a2a940e0043cdf9d637-common-args.resp -MMD -MT dependencies -MF /Users/yutaro/project-profit-ios/artifacts/release-quality/performance-gate/DerivedData/Build/Intermediates.noindex/libxlsxwriter.build/Debug-iphonesimulator/libxlsxwriter.build/Objects-normal/arm64/hash_table.d --serialize-diagnostics /Users/yutaro/project-profit-ios/artifacts/release-quality/performance-gate/DerivedData/Build/Intermediates.noindex/libxlsxwriter.build/Debug-iphonesimulator/libxlsxwriter.build/Objects-normal/arm64/hash_table.dia -c /Users/yutaro/project-profit-ios/artifacts/release-quality/performance-gate/DerivedData/SourcePackages/checkouts/libxlsxwriter/src/hash_table.c -o /Users/yutaro/project-profit-ios/artifacts/release-quality/performance-gate/DerivedData/Build/Intermediates.noindex/libxlsxwriter.build/Debug-iphonesimulator/libxlsxwriter.build/Objects-normal/arm64/hash_table.o -index-unit-output-path /libxlsxwriter.build/Debug-iphonesimulator/libxlsxwriter.build/Objects-normal/arm64/hash_table.o

PrecompileModule /Users/yutaro/project-profit-ios/artifacts/release-quality/performance-gate/DerivedData/Build/Intermediates.noindex/ExplicitPrecompiledModules/zlib-7D7JX8GXL7Z46J3YKAHL0IJ7A.scan
    cd /
    builtin-precompileModule /Users/yutaro/project-profit-ios/artifacts/release-quality/performance-gate/DerivedData/Build/Intermediates.noindex/ExplicitPrecompiledModules/zlib-7D7JX8GXL7Z46J3YKAHL0IJ7A.scan

PrecompileModule /Users/yutaro/project-profit-ios/artifacts/release-quality/performance-gate/DerivedData/Build/Intermediates.noindex/ExplicitPrecompiledModules/Darwin-28RAR9UXLLAC295CG8H9CFMVH.scan
    cd /
    builtin-precompileModule /Users/yutaro/project-profit-ios/artifacts/release-quality/performance-gate/DerivedData/Build/Intermediates.noindex/ExplicitPrecompiledModules/Darwin-28RAR9UXLLAC295CG8H9CFMVH.scan

CompileC /Users/yutaro/project-profit-ios/artifacts/release-quality/performance-gate/DerivedData/Build/Intermediates.noindex/libxlsxwriter.build/Debug-iphonesimulator/libxlsxwriter.build/Objects-normal/arm64/zip.o /Users/yutaro/project-profit-ios/artifacts/release-quality/performance-gate/DerivedData/SourcePackages/checkouts/libxlsxwriter/third_party/minizip/zip.c normal arm64 c com.apple.compilers.llvm.clang.1_0.compiler (in target 'libxlsxwriter' from project 'libxlsxwriter')
    cd /Users/yutaro/project-profit-ios/ProjectProfit.xcodeproj
    
    Using response file: /Users/yutaro/project-profit-ios/artifacts/release-quality/performance-gate/DerivedData/Build/Intermediates.noindex/libxlsxwriter.build/Debug-iphonesimulator/libxlsxwriter.build/Objects-normal/arm64/7187679823f38a2a940e0043cdf9d637-common-args.resp
    
    /Applications/Xcode-26.3.app/Contents/Developer/Toolchains/XcodeDefault.xctoolchain/usr/bin/clang -x c -ivfsstatcache /Users/yutaro/project-profit-ios/artifacts/release-quality/performance-gate/DerivedData/SDKStatCaches.noindex/iphonesimulator26.2-23C57-91db6bf2b9df79783d042ed3cc29a58e.sdkstatcache -fmessage-length\=0 -fdiagnostics-show-note-include-stack -fmacro-backtrace-limit\=0 -fno-color-diagnostics -fmodules-prune-interval\=86400 -fmodules-prune-after\=345600 -fbuild-session-file\=/Users/yutaro/project-profit-ios/artifacts/release-quality/performance-gate/DerivedData/ModuleCache.noindex/Session.modulevalidation -fmodules-validate-once-per-build-session -Wnon-modular-include-in-framework-module -Werror\=non-modular-include-in-framework-module -Wno-trigraphs -Wno-missing-field-initializers -Wno-missing-prototypes -Wno-return-type -Wno-missing-braces -Wparentheses -Wswitch -Wno-unused-function -Wno-unused-label -Wno-unused-parameter -Wno-unused-variable -Wunused-value -Wno-empty-body -Wno-uninitialized -Wno-unknown-pragmas -w -Wno-shadow -Wno-four-char-constants -Wno-conversion -Wno-constant-conversion -Wno-int-conversion -Wno-bool-conversion -Wno-enum-conversion -Wno-float-conversion -Wno-non-literal-null-conversion -Wno-objc-literal-conversion -Wshorten-64-to-32 -Wpointer-sign -Wno-newline-eof -Wno-implicit-fallthrough -fstrict-aliasing -Wdeprecated-declarations -Wno-sign-conversion -Wno-infinite-recursion -Wno-comma -Wno-block-capture-autoreleasing -Wno-strict-prototypes -Wno-semicolon-before-method-body -index-store-path /Users/yutaro/project-profit-ios/artifacts/release-quality/performance-gate/DerivedData/Index.noindex/DataStore @/Users/yutaro/project-profit-ios/artifacts/release-quality/performance-gate/DerivedData/Build/Intermediates.noindex/libxlsxwriter.build/Debug-iphonesimulator/libxlsxwriter.build/Objects-normal/arm64/7187679823f38a2a940e0043cdf9d637-common-args.resp -MMD -MT dependencies -MF /Users/yutaro/project-profit-ios/artifacts/release-quality/performance-gate/DerivedData/Build/Intermediates.noindex/libxlsxwriter.build/Debug-iphonesimulator/libxlsxwriter.build/Objects-normal/arm64/zip.d --serialize-diagnostics /Users/yutaro/project-profit-ios/artifacts/release-quality/performance-gate/DerivedData/Build/Intermediates.noindex/libxlsxwriter.build/Debug-iphonesimulator/libxlsxwriter.build/Objects-normal/arm64/zip.dia -c /Users/yutaro/project-profit-ios/artifacts/release-quality/performance-gate/DerivedData/SourcePackages/checkouts/libxlsxwriter/third_party/minizip/zip.c -o /Users/yutaro/project-profit-ios/artifacts/release-quality/performance-gate/DerivedData/Build/Intermediates.noindex/libxlsxwriter.build/Debug-iphonesimulator/libxlsxwriter.build/Objects-normal/arm64/zip.o -index-unit-output-path /libxlsxwriter.build/Debug-iphonesimulator/libxlsxwriter.build/Objects-normal/arm64/zip.o

CompileC /Users/yutaro/project-profit-ios/artifacts/release-quality/performance-gate/DerivedData/Build/Intermediates.noindex/libxlsxwriter.build/Debug-iphonesimulator/libxlsxwriter.build/Objects-normal/arm64/ioapi.o /Users/yutaro/project-profit-ios/artifacts/release-quality/performance-gate/DerivedData/SourcePackages/checkouts/libxlsxwriter/third_party/minizip/ioapi.c normal arm64 c com.apple.compilers.llvm.clang.1_0.compiler (in target 'libxlsxwriter' from project 'libxlsxwriter')
    cd /Users/yutaro/project-profit-ios/ProjectProfit.xcodeproj
    
    Using response file: /Users/yutaro/project-profit-ios/artifacts/release-quality/performance-gate/DerivedData/Build/Intermediates.noindex/libxlsxwriter.build/Debug-iphonesimulator/libxlsxwriter.build/Objects-normal/arm64/7187679823f38a2a940e0043cdf9d637-common-args.resp
    
    /Applications/Xcode-26.3.app/Contents/Developer/Toolchains/XcodeDefault.xctoolchain/usr/bin/clang -x c -ivfsstatcache /Users/yutaro/project-profit-ios/artifacts/release-quality/performance-gate/DerivedData/SDKStatCaches.noindex/iphonesimulator26.2-23C57-91db6bf2b9df79783d042ed3cc29a58e.sdkstatcache -fmessage-length\=0 -fdiagnostics-show-note-include-stack -fmacro-backtrace-limit\=0 -fno-color-diagnostics -fmodules-prune-interval\=86400 -fmodules-prune-after\=345600 -fbuild-session-file\=/Users/yutaro/project-profit-ios/artifacts/release-quality/performance-gate/DerivedData/ModuleCache.noindex/Session.modulevalidation -fmodules-validate-once-per-build-session -Wnon-modular-include-in-framework-module -Werror\=non-modular-include-in-framework-module -Wno-trigraphs -Wno-missing-field-initializers -Wno-missing-prototypes -Wno-return-type -Wno-missing-braces -Wparentheses -Wswitch -Wno-unused-function -Wno-unused-label -Wno-unused-parameter -Wno-unused-variable -Wunused-value -Wno-empty-body -Wno-uninitialized -Wno-unknown-pragmas -w -Wno-shadow -Wno-four-char-constants -Wno-conversion -Wno-constant-conversion -Wno-int-conversion -Wno-bool-conversion -Wno-enum-conversion -Wno-float-conversion -Wno-non-literal-null-conversion -Wno-objc-literal-conversion -Wshorten-64-to-32 -Wpointer-sign -Wno-newline-eof -Wno-implicit-fallthrough -fstrict-aliasing -Wdeprecated-declarations -Wno-sign-conversion -Wno-infinite-recursion -Wno-comma -Wno-block-capture-autoreleasing -Wno-strict-prototypes -Wno-semicolon-before-method-body -index-store-path /Users/yutaro/project-profit-ios/artifacts/release-quality/performance-gate/DerivedData/Index.noindex/DataStore @/Users/yutaro/project-profit-ios/artifacts/release-quality/performance-gate/DerivedData/Build/Intermediates.noindex/libxlsxwriter.build/Debug-iphonesimulator/libxlsxwriter.build/Objects-normal/arm64/7187679823f38a2a940e0043cdf9d637-common-args.resp -MMD -MT dependencies -MF /Users/yutaro/project-profit-ios/artifacts/release-quality/performance-gate/DerivedData/Build/Intermediates.noindex/libxlsxwriter.build/Debug-iphonesimulator/libxlsxwriter.build/Objects-normal/arm64/ioapi.d --serialize-diagnostics /Users/yutaro/project-profit-ios/artifacts/release-quality/performance-gate/DerivedData/Build/Intermediates.noindex/libxlsxwriter.build/Debug-iphonesimulator/libxlsxwriter.build/Objects-normal/arm64/ioapi.dia -c /Users/yutaro/project-profit-ios/artifacts/release-quality/performance-gate/DerivedData/SourcePackages/checkouts/libxlsxwriter/third_party/minizip/ioapi.c -o /Users/yutaro/project-profit-ios/artifacts/release-quality/performance-gate/DerivedData/Build/Intermediates.noindex/libxlsxwriter.build/Debug-iphonesimulator/libxlsxwriter.build/Objects-normal/arm64/ioapi.o -index-unit-output-path /libxlsxwriter.build/Debug-iphonesimulator/libxlsxwriter.build/Objects-normal/arm64/ioapi.o

CompileC /Users/yutaro/project-profit-ios/artifacts/release-quality/performance-gate/DerivedData/Build/Intermediates.noindex/libxlsxwriter.build/Debug-iphonesimulator/libxlsxwriter.build/Objects-normal/arm64/comment.o /Users/yutaro/project-profit-ios/artifacts/release-quality/performance-gate/DerivedData/SourcePackages/checkouts/libxlsxwriter/src/comment.c normal arm64 c com.apple.compilers.llvm.clang.1_0.compiler (in target 'libxlsxwriter' from project 'libxlsxwriter')
    cd /Users/yutaro/project-profit-ios/ProjectProfit.xcodeproj
    
    Using response file: /Users/yutaro/project-profit-ios/artifacts/release-quality/performance-gate/DerivedData/Build/Intermediates.noindex/libxlsxwriter.build/Debug-iphonesimulator/libxlsxwriter.build/Objects-normal/arm64/7187679823f38a2a940e0043cdf9d637-common-args.resp
    
    /Applications/Xcode-26.3.app/Contents/Developer/Toolchains/XcodeDefault.xctoolchain/usr/bin/clang -x c -ivfsstatcache /Users/yutaro/project-profit-ios/artifacts/release-quality/performance-gate/DerivedData/SDKStatCaches.noindex/iphonesimulator26.2-23C57-91db6bf2b9df79783d042ed3cc29a58e.sdkstatcache -fmessage-length\=0 -fdiagnostics-show-note-include-stack -fmacro-backtrace-limit\=0 -fno-color-diagnostics -fmodules-prune-interval\=86400 -fmodules-prune-after\=345600 -fbuild-session-file\=/Users/yutaro/project-profit-ios/artifacts/release-quality/performance-gate/DerivedData/ModuleCache.noindex/Session.modulevalidation -fmodules-validate-once-per-build-session -Wnon-modular-include-in-framework-module -Werror\=non-modular-include-in-framework-module -Wno-trigraphs -Wno-missing-field-initializers -Wno-missing-prototypes -Wno-return-type -Wno-missing-braces -Wparentheses -Wswitch -Wno-unused-function -Wno-unused-label -Wno-unused-parameter -Wno-unused-variable -Wunused-value -Wno-empty-body -Wno-uninitialized -Wno-unknown-pragmas -w -Wno-shadow -Wno-four-char-constants -Wno-conversion -Wno-constant-conversion -Wno-int-conversion -Wno-bool-conversion -Wno-enum-conversion -Wno-float-conversion -Wno-non-literal-null-conversion -Wno-objc-literal-conversion -Wshorten-64-to-32 -Wpointer-sign -Wno-newline-eof -Wno-implicit-fallthrough -fstrict-aliasing -Wdeprecated-declarations -Wno-sign-conversion -Wno-infinite-recursion -Wno-comma -Wno-block-capture-autoreleasing -Wno-strict-prototypes -Wno-semicolon-before-method-body -index-store-path /Users/yutaro/project-profit-ios/artifacts/release-quality/performance-gate/DerivedData/Index.noindex/DataStore @/Users/yutaro/project-profit-ios/artifacts/release-quality/performance-gate/DerivedData/Build/Intermediates.noindex/libxlsxwriter.build/Debug-iphonesimulator/libxlsxwriter.build/Objects-normal/arm64/7187679823f38a2a940e0043cdf9d637-common-args.resp -MMD -MT dependencies -MF /Users/yutaro/project-profit-ios/artifacts/release-quality/performance-gate/DerivedData/Build/Intermediates.noindex/libxlsxwriter.build/Debug-iphonesimulator/libxlsxwriter.build/Objects-normal/arm64/comment.d --serialize-diagnostics /Users/yutaro/project-profit-ios/artifacts/release-quality/performance-gate/DerivedData/Build/Intermediates.noindex/libxlsxwriter.build/Debug-iphonesimulator/libxlsxwriter.build/Objects-normal/arm64/comment.dia -c /Users/yutaro/project-profit-ios/artifacts/release-quality/performance-gate/DerivedData/SourcePackages/checkouts/libxlsxwriter/src/comment.c -o /Users/yutaro/project-profit-ios/artifacts/release-quality/performance-gate/DerivedData/Build/Intermediates.noindex/libxlsxwriter.build/Debug-iphonesimulator/libxlsxwriter.build/Objects-normal/arm64/comment.o -index-unit-output-path /libxlsxwriter.build/Debug-iphonesimulator/libxlsxwriter.build/Objects-normal/arm64/comment.o

CompileC /Users/yutaro/project-profit-ios/artifacts/release-quality/performance-gate/DerivedData/Build/Intermediates.noindex/libxlsxwriter.build/Debug-iphonesimulator/libxlsxwriter.build/Objects-normal/arm64/chart.o /Users/yutaro/project-profit-ios/artifacts/release-quality/performance-gate/DerivedData/SourcePackages/checkouts/libxlsxwriter/src/chart.c normal arm64 c com.apple.compilers.llvm.clang.1_0.compiler (in target 'libxlsxwriter' from project 'libxlsxwriter')
    cd /Users/yutaro/project-profit-ios/ProjectProfit.xcodeproj
    
    Using response file: /Users/yutaro/project-profit-ios/artifacts/release-quality/performance-gate/DerivedData/Build/Intermediates.noindex/libxlsxwriter.build/Debug-iphonesimulator/libxlsxwriter.build/Objects-normal/arm64/7187679823f38a2a940e0043cdf9d637-common-args.resp
    
    /Applications/Xcode-26.3.app/Contents/Developer/Toolchains/XcodeDefault.xctoolchain/usr/bin/clang -x c -ivfsstatcache /Users/yutaro/project-profit-ios/artifacts/release-quality/performance-gate/DerivedData/SDKStatCaches.noindex/iphonesimulator26.2-23C57-91db6bf2b9df79783d042ed3cc29a58e.sdkstatcache -fmessage-length\=0 -fdiagnostics-show-note-include-stack -fmacro-backtrace-limit\=0 -fno-color-diagnostics -fmodules-prune-interval\=86400 -fmodules-prune-after\=345600 -fbuild-session-file\=/Users/yutaro/project-profit-ios/artifacts/release-quality/performance-gate/DerivedData/ModuleCache.noindex/Session.modulevalidation -fmodules-validate-once-per-build-session -Wnon-modular-include-in-framework-module -Werror\=non-modular-include-in-framework-module -Wno-trigraphs -Wno-missing-field-initializers -Wno-missing-prototypes -Wno-return-type -Wno-missing-braces -Wparentheses -Wswitch -Wno-unused-function -Wno-unused-label -Wno-unused-parameter -Wno-unused-variable -Wunused-value -Wno-empty-body -Wno-uninitialized -Wno-unknown-pragmas -w -Wno-shadow -Wno-four-char-constants -Wno-conversion -Wno-constant-conversion -Wno-int-conversion -Wno-bool-conversion -Wno-enum-conversion -Wno-float-conversion -Wno-non-literal-null-conversion -Wno-objc-literal-conversion -Wshorten-64-to-32 -Wpointer-sign -Wno-newline-eof -Wno-implicit-fallthrough -fstrict-aliasing -Wdeprecated-declarations -Wno-sign-conversion -Wno-infinite-recursion -Wno-comma -Wno-block-capture-autoreleasing -Wno-strict-prototypes -Wno-semicolon-before-method-body -index-store-path /Users/yutaro/project-profit-ios/artifacts/release-quality/performance-gate/DerivedData/Index.noindex/DataStore @/Users/yutaro/project-profit-ios/artifacts/release-quality/performance-gate/DerivedData/Build/Intermediates.noindex/libxlsxwriter.build/Debug-iphonesimulator/libxlsxwriter.build/Objects-normal/arm64/7187679823f38a2a940e0043cdf9d637-common-args.resp -MMD -MT dependencies -MF /Users/yutaro/project-profit-ios/artifacts/release-quality/performance-gate/DerivedData/Build/Intermediates.noindex/libxlsxwriter.build/Debug-iphonesimulator/libxlsxwriter.build/Objects-normal/arm64/chart.d --serialize-diagnostics /Users/yutaro/project-profit-ios/artifacts/release-quality/performance-gate/DerivedData/Build/Intermediates.noindex/libxlsxwriter.build/Debug-iphonesimulator/libxlsxwriter.build/Objects-normal/arm64/chart.dia -c /Users/yutaro/project-profit-ios/artifacts/release-quality/performance-gate/DerivedData/SourcePackages/checkouts/libxlsxwriter/src/chart.c -o /Users/yutaro/project-profit-ios/artifacts/release-quality/performance-gate/DerivedData/Build/Intermediates.noindex/libxlsxwriter.build/Debug-iphonesimulator/libxlsxwriter.build/Objects-normal/arm64/chart.o -index-unit-output-path /libxlsxwriter.build/Debug-iphonesimulator/libxlsxwriter.build/Objects-normal/arm64/chart.o

CompileC /Users/yutaro/project-profit-ios/artifacts/release-quality/performance-gate/DerivedData/Build/Intermediates.noindex/libxlsxwriter.build/Debug-iphonesimulator/libxlsxwriter.build/Objects-normal/arm64/chartsheet.o /Users/yutaro/project-profit-ios/artifacts/release-quality/performance-gate/DerivedData/SourcePackages/checkouts/libxlsxwriter/src/chartsheet.c normal arm64 c com.apple.compilers.llvm.clang.1_0.compiler (in target 'libxlsxwriter' from project 'libxlsxwriter')
    cd /Users/yutaro/project-profit-ios/ProjectProfit.xcodeproj
    
    Using response file: /Users/yutaro/project-profit-ios/artifacts/release-quality/performance-gate/DerivedData/Build/Intermediates.noindex/libxlsxwriter.build/Debug-iphonesimulator/libxlsxwriter.build/Objects-normal/arm64/7187679823f38a2a940e0043cdf9d637-common-args.resp
    
    /Applications/Xcode-26.3.app/Contents/Developer/Toolchains/XcodeDefault.xctoolchain/usr/bin/clang -x c -ivfsstatcache /Users/yutaro/project-profit-ios/artifacts/release-quality/performance-gate/DerivedData/SDKStatCaches.noindex/iphonesimulator26.2-23C57-91db6bf2b9df79783d042ed3cc29a58e.sdkstatcache -fmessage-length\=0 -fdiagnostics-show-note-include-stack -fmacro-backtrace-limit\=0 -fno-color-diagnostics -fmodules-prune-interval\=86400 -fmodules-prune-after\=345600 -fbuild-session-file\=/Users/yutaro/project-profit-ios/artifacts/release-quality/performance-gate/DerivedData/ModuleCache.noindex/Session.modulevalidation -fmodules-validate-once-per-build-session -Wnon-modular-include-in-framework-module -Werror\=non-modular-include-in-framework-module -Wno-trigraphs -Wno-missing-field-initializers -Wno-missing-prototypes -Wno-return-type -Wno-missing-braces -Wparentheses -Wswitch -Wno-unused-function -Wno-unused-label -Wno-unused-parameter -Wno-unused-variable -Wunused-value -Wno-empty-body -Wno-uninitialized -Wno-unknown-pragmas -w -Wno-shadow -Wno-four-char-constants -Wno-conversion -Wno-constant-conversion -Wno-int-conversion -Wno-bool-conversion -Wno-enum-conversion -Wno-float-conversion -Wno-non-literal-null-conversion -Wno-objc-literal-conversion -Wshorten-64-to-32 -Wpointer-sign -Wno-newline-eof -Wno-implicit-fallthrough -fstrict-aliasing -Wdeprecated-declarations -Wno-sign-conversion -Wno-infinite-recursion -Wno-comma -Wno-block-capture-autoreleasing -Wno-strict-prototypes -Wno-semicolon-before-method-body -index-store-path /Users/yutaro/project-profit-ios/artifacts/release-quality/performance-gate/DerivedData/Index.noindex/DataStore @/Users/yutaro/project-profit-ios/artifacts/release-quality/performance-gate/DerivedData/Build/Intermediates.noindex/libxlsxwriter.build/Debug-iphonesimulator/libxlsxwriter.build/Objects-normal/arm64/7187679823f38a2a940e0043cdf9d637-common-args.resp -MMD -MT dependencies -MF /Users/yutaro/project-profit-ios/artifacts/release-quality/performance-gate/DerivedData/Build/Intermediates.noindex/libxlsxwriter.build/Debug-iphonesimulator/libxlsxwriter.build/Objects-normal/arm64/chartsheet.d --serialize-diagnostics /Users/yutaro/project-profit-ios/artifacts/release-quality/performance-gate/DerivedData/Build/Intermediates.noindex/libxlsxwriter.build/Debug-iphonesimulator/libxlsxwriter.build/Objects-normal/arm64/chartsheet.dia -c /Users/yutaro/project-profit-ios/artifacts/release-quality/performance-gate/DerivedData/SourcePackages/checkouts/libxlsxwriter/src/chartsheet.c -o /Users/yutaro/project-profit-ios/artifacts/release-quality/performance-gate/DerivedData/Build/Intermediates.noindex/libxlsxwriter.build/Debug-iphonesimulator/libxlsxwriter.build/Objects-normal/arm64/chartsheet.o -index-unit-output-path /libxlsxwriter.build/Debug-iphonesimulator/libxlsxwriter.build/Objects-normal/arm64/chartsheet.o

CompileC /Users/yutaro/project-profit-ios/artifacts/release-quality/performance-gate/DerivedData/Build/Intermediates.noindex/libxlsxwriter.build/Debug-iphonesimulator/libxlsxwriter.build/Objects-normal/arm64/content_types.o /Users/yutaro/project-profit-ios/artifacts/release-quality/performance-gate/DerivedData/SourcePackages/checkouts/libxlsxwriter/src/content_types.c normal arm64 c com.apple.compilers.llvm.clang.1_0.compiler (in target 'libxlsxwriter' from project 'libxlsxwriter')
    cd /Users/yutaro/project-profit-ios/ProjectProfit.xcodeproj
    
    Using response file: /Users/yutaro/project-profit-ios/artifacts/release-quality/performance-gate/DerivedData/Build/Intermediates.noindex/libxlsxwriter.build/Debug-iphonesimulator/libxlsxwriter.build/Objects-normal/arm64/7187679823f38a2a940e0043cdf9d637-common-args.resp
    
    /Applications/Xcode-26.3.app/Contents/Developer/Toolchains/XcodeDefault.xctoolchain/usr/bin/clang -x c -ivfsstatcache /Users/yutaro/project-profit-ios/artifacts/release-quality/performance-gate/DerivedData/SDKStatCaches.noindex/iphonesimulator26.2-23C57-91db6bf2b9df79783d042ed3cc29a58e.sdkstatcache -fmessage-length\=0 -fdiagnostics-show-note-include-stack -fmacro-backtrace-limit\=0 -fno-color-diagnostics -fmodules-prune-interval\=86400 -fmodules-prune-after\=345600 -fbuild-session-file\=/Users/yutaro/project-profit-ios/artifacts/release-quality/performance-gate/DerivedData/ModuleCache.noindex/Session.modulevalidation -fmodules-validate-once-per-build-session -Wnon-modular-include-in-framework-module -Werror\=non-modular-include-in-framework-module -Wno-trigraphs -Wno-missing-field-initializers -Wno-missing-prototypes -Wno-return-type -Wno-missing-braces -Wparentheses -Wswitch -Wno-unused-function -Wno-unused-label -Wno-unused-parameter -Wno-unused-variable -Wunused-value -Wno-empty-body -Wno-uninitialized -Wno-unknown-pragmas -w -Wno-shadow -Wno-four-char-constants -Wno-conversion -Wno-constant-conversion -Wno-int-conversion -Wno-bool-conversion -Wno-enum-conversion -Wno-float-conversion -Wno-non-literal-null-conversion -Wno-objc-literal-conversion -Wshorten-64-to-32 -Wpointer-sign -Wno-newline-eof -Wno-implicit-fallthrough -fstrict-aliasing -Wdeprecated-declarations -Wno-sign-conversion -Wno-infinite-recursion -Wno-comma -Wno-block-capture-autoreleasing -Wno-strict-prototypes -Wno-semicolon-before-method-body -index-store-path /Users/yutaro/project-profit-ios/artifacts/release-quality/performance-gate/DerivedData/Index.noindex/DataStore @/Users/yutaro/project-profit-ios/artifacts/release-quality/performance-gate/DerivedData/Build/Intermediates.noindex/libxlsxwriter.build/Debug-iphonesimulator/libxlsxwriter.build/Objects-normal/arm64/7187679823f38a2a940e0043cdf9d637-common-args.resp -MMD -MT dependencies -MF /Users/yutaro/project-profit-ios/artifacts/release-quality/performance-gate/DerivedData/Build/Intermediates.noindex/libxlsxwriter.build/Debug-iphonesimulator/libxlsxwriter.build/Objects-normal/arm64/content_types.d --serialize-diagnostics /Users/yutaro/project-profit-ios/artifacts/release-quality/performance-gate/DerivedData/Build/Intermediates.noindex/libxlsxwriter.build/Debug-iphonesimulator/libxlsxwriter.build/Objects-normal/arm64/content_types.dia -c /Users/yutaro/project-profit-ios/artifacts/release-quality/performance-gate/DerivedData/SourcePackages/checkouts/libxlsxwriter/src/content_types.c -o /Users/yutaro/project-profit-ios/artifacts/release-quality/performance-gate/DerivedData/Build/Intermediates.noindex/libxlsxwriter.build/Debug-iphonesimulator/libxlsxwriter.build/Objects-normal/arm64/content_types.o -index-unit-output-path /libxlsxwriter.build/Debug-iphonesimulator/libxlsxwriter.build/Objects-normal/arm64/content_types.o

CompileC /Users/yutaro/project-profit-ios/artifacts/release-quality/performance-gate/DerivedData/Build/Intermediates.noindex/libxlsxwriter.build/Debug-iphonesimulator/libxlsxwriter.build/Objects-normal/arm64/core.o /Users/yutaro/project-profit-ios/artifacts/release-quality/performance-gate/DerivedData/SourcePackages/checkouts/libxlsxwriter/src/core.c normal arm64 c com.apple.compilers.llvm.clang.1_0.compiler (in target 'libxlsxwriter' from project 'libxlsxwriter')
    cd /Users/yutaro/project-profit-ios/ProjectProfit.xcodeproj
    
    Using response file: /Users/yutaro/project-profit-ios/artifacts/release-quality/performance-gate/DerivedData/Build/Intermediates.noindex/libxlsxwriter.build/Debug-iphonesimulator/libxlsxwriter.build/Objects-normal/arm64/7187679823f38a2a940e0043cdf9d637-common-args.resp
    
    /Applications/Xcode-26.3.app/Contents/Developer/Toolchains/XcodeDefault.xctoolchain/usr/bin/clang -x c -ivfsstatcache /Users/yutaro/project-profit-ios/artifacts/release-quality/performance-gate/DerivedData/SDKStatCaches.noindex/iphonesimulator26.2-23C57-91db6bf2b9df79783d042ed3cc29a58e.sdkstatcache -fmessage-length\=0 -fdiagnostics-show-note-include-stack -fmacro-backtrace-limit\=0 -fno-color-diagnostics -fmodules-prune-interval\=86400 -fmodules-prune-after\=345600 -fbuild-session-file\=/Users/yutaro/project-profit-ios/artifacts/release-quality/performance-gate/DerivedData/ModuleCache.noindex/Session.modulevalidation -fmodules-validate-once-per-build-session -Wnon-modular-include-in-framework-module -Werror\=non-modular-include-in-framework-module -Wno-trigraphs -Wno-missing-field-initializers -Wno-missing-prototypes -Wno-return-type -Wno-missing-braces -Wparentheses -Wswitch -Wno-unused-function -Wno-unused-label -Wno-unused-parameter -Wno-unused-variable -Wunused-value -Wno-empty-body -Wno-uninitialized -Wno-unknown-pragmas -w -Wno-shadow -Wno-four-char-constants -Wno-conversion -Wno-constant-conversion -Wno-int-conversion -Wno-bool-conversion -Wno-enum-conversion -Wno-float-conversion -Wno-non-literal-null-conversion -Wno-objc-literal-conversion -Wshorten-64-to-32 -Wpointer-sign -Wno-newline-eof -Wno-implicit-fallthrough -fstrict-aliasing -Wdeprecated-declarations -Wno-sign-conversion -Wno-infinite-recursion -Wno-comma -Wno-block-capture-autoreleasing -Wno-strict-prototypes -Wno-semicolon-before-method-body -index-store-path /Users/yutaro/project-profit-ios/artifacts/release-quality/performance-gate/DerivedData/Index.noindex/DataStore @/Users/yutaro/project-profit-ios/artifacts/release-quality/performance-gate/DerivedData/Build/Intermediates.noindex/libxlsxwriter.build/Debug-iphonesimulator/libxlsxwriter.build/Objects-normal/arm64/7187679823f38a2a940e0043cdf9d637-common-args.resp -MMD -MT dependencies -MF /Users/yutaro/project-profit-ios/artifacts/release-quality/performance-gate/DerivedData/Build/Intermediates.noindex/libxlsxwriter.build/Debug-iphonesimulator/libxlsxwriter.build/Objects-normal/arm64/core.d --serialize-diagnostics /Users/yutaro/project-profit-ios/artifacts/release-quality/performance-gate/DerivedData/Build/Intermediates.noindex/libxlsxwriter.build/Debug-iphonesimulator/libxlsxwriter.build/Objects-normal/arm64/core.dia -c /Users/yutaro/project-profit-ios/artifacts/release-quality/performance-gate/DerivedData/SourcePackages/checkouts/libxlsxwriter/src/core.c -o /Users/yutaro/project-profit-ios/artifacts/release-quality/performance-gate/DerivedData/Build/Intermediates.noindex/libxlsxwriter.build/Debug-iphonesimulator/libxlsxwriter.build/Objects-normal/arm64/core.o -index-unit-output-path /libxlsxwriter.build/Debug-iphonesimulator/libxlsxwriter.build/Objects-normal/arm64/core.o

CompileC /Users/yutaro/project-profit-ios/artifacts/release-quality/performance-gate/DerivedData/Build/Intermediates.noindex/libxlsxwriter.build/Debug-iphonesimulator/libxlsxwriter.build/Objects-normal/arm64/xmlwriter.o /Users/yutaro/project-profit-ios/artifacts/release-quality/performance-gate/DerivedData/SourcePackages/checkouts/libxlsxwriter/src/xmlwriter.c normal arm64 c com.apple.compilers.llvm.clang.1_0.compiler (in target 'libxlsxwriter' from project 'libxlsxwriter')
    cd /Users/yutaro/project-profit-ios/ProjectProfit.xcodeproj
    
    Using response file: /Users/yutaro/project-profit-ios/artifacts/release-quality/performance-gate/DerivedData/Build/Intermediates.noindex/libxlsxwriter.build/Debug-iphonesimulator/libxlsxwriter.build/Objects-normal/arm64/7187679823f38a2a940e0043cdf9d637-common-args.resp
    
    /Applications/Xcode-26.3.app/Contents/Developer/Toolchains/XcodeDefault.xctoolchain/usr/bin/clang -x c -ivfsstatcache /Users/yutaro/project-profit-ios/artifacts/release-quality/performance-gate/DerivedData/SDKStatCaches.noindex/iphonesimulator26.2-23C57-91db6bf2b9df79783d042ed3cc29a58e.sdkstatcache -fmessage-length\=0 -fdiagnostics-show-note-include-stack -fmacro-backtrace-limit\=0 -fno-color-diagnostics -fmodules-prune-interval\=86400 -fmodules-prune-after\=345600 -fbuild-session-file\=/Users/yutaro/project-profit-ios/artifacts/release-quality/performance-gate/DerivedData/ModuleCache.noindex/Session.modulevalidation -fmodules-validate-once-per-build-session -Wnon-modular-include-in-framework-module -Werror\=non-modular-include-in-framework-module -Wno-trigraphs -Wno-missing-field-initializers -Wno-missing-prototypes -Wno-return-type -Wno-missing-braces -Wparentheses -Wswitch -Wno-unused-function -Wno-unused-label -Wno-unused-parameter -Wno-unused-variable -Wunused-value -Wno-empty-body -Wno-uninitialized -Wno-unknown-pragmas -w -Wno-shadow -Wno-four-char-constants -Wno-conversion -Wno-constant-conversion -Wno-int-conversion -Wno-bool-conversion -Wno-enum-conversion -Wno-float-conversion -Wno-non-literal-null-conversion -Wno-objc-literal-conversion -Wshorten-64-to-32 -Wpointer-sign -Wno-newline-eof -Wno-implicit-fallthrough -fstrict-aliasing -Wdeprecated-declarations -Wno-sign-conversion -Wno-infinite-recursion -Wno-comma -Wno-block-capture-autoreleasing -Wno-strict-prototypes -Wno-semicolon-before-method-body -index-store-path /Users/yutaro/project-profit-ios/artifacts/release-quality/performance-gate/DerivedData/Index.noindex/DataStore @/Users/yutaro/project-profit-ios/artifacts/release-quality/performance-gate/DerivedData/Build/Intermediates.noindex/libxlsxwriter.build/Debug-iphonesimulator/libxlsxwriter.build/Objects-normal/arm64/7187679823f38a2a940e0043cdf9d637-common-args.resp -MMD -MT dependencies -MF /Users/yutaro/project-profit-ios/artifacts/release-quality/performance-gate/DerivedData/Build/Intermediates.noindex/libxlsxwriter.build/Debug-iphonesimulator/libxlsxwriter.build/Objects-normal/arm64/xmlwriter.d --serialize-diagnostics /Users/yutaro/project-profit-ios/artifacts/release-quality/performance-gate/DerivedData/Build/Intermediates.noindex/libxlsxwriter.build/Debug-iphonesimulator/libxlsxwriter.build/Objects-normal/arm64/xmlwriter.dia -c /Users/yutaro/project-profit-ios/artifacts/release-quality/performance-gate/DerivedData/SourcePackages/checkouts/libxlsxwriter/src/xmlwriter.c -o /Users/yutaro/project-profit-ios/artifacts/release-quality/performance-gate/DerivedData/Build/Intermediates.noindex/libxlsxwriter.build/Debug-iphonesimulator/libxlsxwriter.build/Objects-normal/arm64/xmlwriter.o -index-unit-output-path /libxlsxwriter.build/Debug-iphonesimulator/libxlsxwriter.build/Objects-normal/arm64/xmlwriter.o

CompileC /Users/yutaro/project-profit-ios/artifacts/release-quality/performance-gate/DerivedData/Build/Intermediates.noindex/libxlsxwriter.build/Debug-iphonesimulator/libxlsxwriter.build/Objects-normal/arm64/worksheet.o /Users/yutaro/project-profit-ios/artifacts/release-quality/performance-gate/DerivedData/SourcePackages/checkouts/libxlsxwriter/src/worksheet.c normal arm64 c com.apple.compilers.llvm.clang.1_0.compiler (in target 'libxlsxwriter' from project 'libxlsxwriter')
    cd /Users/yutaro/project-profit-ios/ProjectProfit.xcodeproj
    
    Using response file: /Users/yutaro/project-profit-ios/artifacts/release-quality/performance-gate/DerivedData/Build/Intermediates.noindex/libxlsxwriter.build/Debug-iphonesimulator/libxlsxwriter.build/Objects-normal/arm64/7187679823f38a2a940e0043cdf9d637-common-args.resp
    
    /Applications/Xcode-26.3.app/Contents/Developer/Toolchains/XcodeDefault.xctoolchain/usr/bin/clang -x c -ivfsstatcache /Users/yutaro/project-profit-ios/artifacts/release-quality/performance-gate/DerivedData/SDKStatCaches.noindex/iphonesimulator26.2-23C57-91db6bf2b9df79783d042ed3cc29a58e.sdkstatcache -fmessage-length\=0 -fdiagnostics-show-note-include-stack -fmacro-backtrace-limit\=0 -fno-color-diagnostics -fmodules-prune-interval\=86400 -fmodules-prune-after\=345600 -fbuild-session-file\=/Users/yutaro/project-profit-ios/artifacts/release-quality/performance-gate/DerivedData/ModuleCache.noindex/Session.modulevalidation -fmodules-validate-once-per-build-session -Wnon-modular-include-in-framework-module -Werror\=non-modular-include-in-framework-module -Wno-trigraphs -Wno-missing-field-initializers -Wno-missing-prototypes -Wno-return-type -Wno-missing-braces -Wparentheses -Wswitch -Wno-unused-function -Wno-unused-label -Wno-unused-parameter -Wno-unused-variable -Wunused-value -Wno-empty-body -Wno-uninitialized -Wno-unknown-pragmas -w -Wno-shadow -Wno-four-char-constants -Wno-conversion -Wno-constant-conversion -Wno-int-conversion -Wno-bool-conversion -Wno-enum-conversion -Wno-float-conversion -Wno-non-literal-null-conversion -Wno-objc-literal-conversion -Wshorten-64-to-32 -Wpointer-sign -Wno-newline-eof -Wno-implicit-fallthrough -fstrict-aliasing -Wdeprecated-declarations -Wno-sign-conversion -Wno-infinite-recursion -Wno-comma -Wno-block-capture-autoreleasing -Wno-strict-prototypes -Wno-semicolon-before-method-body -index-store-path /Users/yutaro/project-profit-ios/artifacts/release-quality/performance-gate/DerivedData/Index.noindex/DataStore @/Users/yutaro/project-profit-ios/artifacts/release-quality/performance-gate/DerivedData/Build/Intermediates.noindex/libxlsxwriter.build/Debug-iphonesimulator/libxlsxwriter.build/Objects-normal/arm64/7187679823f38a2a940e0043cdf9d637-common-args.resp -MMD -MT dependencies -MF /Users/yutaro/project-profit-ios/artifacts/release-quality/performance-gate/DerivedData/Build/Intermediates.noindex/libxlsxwriter.build/Debug-iphonesimulator/libxlsxwriter.build/Objects-normal/arm64/worksheet.d --serialize-diagnostics /Users/yutaro/project-profit-ios/artifacts/release-quality/performance-gate/DerivedData/Build/Intermediates.noindex/libxlsxwriter.build/Debug-iphonesimulator/libxlsxwriter.build/Objects-normal/arm64/worksheet.dia -c /Users/yutaro/project-profit-ios/artifacts/release-quality/performance-gate/DerivedData/SourcePackages/checkouts/libxlsxwriter/src/worksheet.c -o /Users/yutaro/project-profit-ios/artifacts/release-quality/performance-gate/DerivedData/Build/Intermediates.noindex/libxlsxwriter.build/Debug-iphonesimulator/libxlsxwriter.build/Objects-normal/arm64/worksheet.o -index-unit-output-path /libxlsxwriter.build/Debug-iphonesimulator/libxlsxwriter.build/Objects-normal/arm64/worksheet.o

CompileC /Users/yutaro/project-profit-ios/artifacts/release-quality/performance-gate/DerivedData/Build/Intermediates.noindex/libxlsxwriter.build/Debug-iphonesimulator/libxlsxwriter.build/Objects-normal/arm64/workbook.o /Users/yutaro/project-profit-ios/artifacts/release-quality/performance-gate/DerivedData/SourcePackages/checkouts/libxlsxwriter/src/workbook.c normal arm64 c com.apple.compilers.llvm.clang.1_0.compiler (in target 'libxlsxwriter' from project 'libxlsxwriter')
    cd /Users/yutaro/project-profit-ios/ProjectProfit.xcodeproj
    
    Using response file: /Users/yutaro/project-profit-ios/artifacts/release-quality/performance-gate/DerivedData/Build/Intermediates.noindex/libxlsxwriter.build/Debug-iphonesimulator/libxlsxwriter.build/Objects-normal/arm64/7187679823f38a2a940e0043cdf9d637-common-args.resp
    
    /Applications/Xcode-26.3.app/Contents/Developer/Toolchains/XcodeDefault.xctoolchain/usr/bin/clang -x c -ivfsstatcache /Users/yutaro/project-profit-ios/artifacts/release-quality/performance-gate/DerivedData/SDKStatCaches.noindex/iphonesimulator26.2-23C57-91db6bf2b9df79783d042ed3cc29a58e.sdkstatcache -fmessage-length\=0 -fdiagnostics-show-note-include-stack -fmacro-backtrace-limit\=0 -fno-color-diagnostics -fmodules-prune-interval\=86400 -fmodules-prune-after\=345600 -fbuild-session-file\=/Users/yutaro/project-profit-ios/artifacts/release-quality/performance-gate/DerivedData/ModuleCache.noindex/Session.modulevalidation -fmodules-validate-once-per-build-session -Wnon-modular-include-in-framework-module -Werror\=non-modular-include-in-framework-module -Wno-trigraphs -Wno-missing-field-initializers -Wno-missing-prototypes -Wno-return-type -Wno-missing-braces -Wparentheses -Wswitch -Wno-unused-function -Wno-unused-label -Wno-unused-parameter -Wno-unused-variable -Wunused-value -Wno-empty-body -Wno-uninitialized -Wno-unknown-pragmas -w -Wno-shadow -Wno-four-char-constants -Wno-conversion -Wno-constant-conversion -Wno-int-conversion -Wno-bool-conversion -Wno-enum-conversion -Wno-float-conversion -Wno-non-literal-null-conversion -Wno-objc-literal-conversion -Wshorten-64-to-32 -Wpointer-sign -Wno-newline-eof -Wno-implicit-fallthrough -fstrict-aliasing -Wdeprecated-declarations -Wno-sign-conversion -Wno-infinite-recursion -Wno-comma -Wno-block-capture-autoreleasing -Wno-strict-prototypes -Wno-semicolon-before-method-body -index-store-path /Users/yutaro/project-profit-ios/artifacts/release-quality/performance-gate/DerivedData/Index.noindex/DataStore @/Users/yutaro/project-profit-ios/artifacts/release-quality/performance-gate/DerivedData/Build/Intermediates.noindex/libxlsxwriter.build/Debug-iphonesimulator/libxlsxwriter.build/Objects-normal/arm64/7187679823f38a2a940e0043cdf9d637-common-args.resp -MMD -MT dependencies -MF /Users/yutaro/project-profit-ios/artifacts/release-quality/performance-gate/DerivedData/Build/Intermediates.noindex/libxlsxwriter.build/Debug-iphonesimulator/libxlsxwriter.build/Objects-normal/arm64/workbook.d --serialize-diagnostics /Users/yutaro/project-profit-ios/artifacts/release-quality/performance-gate/DerivedData/Build/Intermediates.noindex/libxlsxwriter.build/Debug-iphonesimulator/libxlsxwriter.build/Objects-normal/arm64/workbook.dia -c /Users/yutaro/project-profit-ios/artifacts/release-quality/performance-gate/DerivedData/SourcePackages/checkouts/libxlsxwriter/src/workbook.c -o /Users/yutaro/project-profit-ios/artifacts/release-quality/performance-gate/DerivedData/Build/Intermediates.noindex/libxlsxwriter.build/Debug-iphonesimulator/libxlsxwriter.build/Objects-normal/arm64/workbook.o -index-unit-output-path /libxlsxwriter.build/Debug-iphonesimulator/libxlsxwriter.build/Objects-normal/arm64/workbook.o

CompileC /Users/yutaro/project-profit-ios/artifacts/release-quality/performance-gate/DerivedData/Build/Intermediates.noindex/libxlsxwriter.build/Debug-iphonesimulator/libxlsxwriter.build/Objects-normal/arm64/vml.o /Users/yutaro/project-profit-ios/artifacts/release-quality/performance-gate/DerivedData/SourcePackages/checkouts/libxlsxwriter/src/vml.c normal arm64 c com.apple.compilers.llvm.clang.1_0.compiler (in target 'libxlsxwriter' from project 'libxlsxwriter')
    cd /Users/yutaro/project-profit-ios/ProjectProfit.xcodeproj
    
    Using response file: /Users/yutaro/project-profit-ios/artifacts/release-quality/performance-gate/DerivedData/Build/Intermediates.noindex/libxlsxwriter.build/Debug-iphonesimulator/libxlsxwriter.build/Objects-normal/arm64/7187679823f38a2a940e0043cdf9d637-common-args.resp
    
    /Applications/Xcode-26.3.app/Contents/Developer/Toolchains/XcodeDefault.xctoolchain/usr/bin/clang -x c -ivfsstatcache /Users/yutaro/project-profit-ios/artifacts/release-quality/performance-gate/DerivedData/SDKStatCaches.noindex/iphonesimulator26.2-23C57-91db6bf2b9df79783d042ed3cc29a58e.sdkstatcache -fmessage-length\=0 -fdiagnostics-show-note-include-stack -fmacro-backtrace-limit\=0 -fno-color-diagnostics -fmodules-prune-interval\=86400 -fmodules-prune-after\=345600 -fbuild-session-file\=/Users/yutaro/project-profit-ios/artifacts/release-quality/performance-gate/DerivedData/ModuleCache.noindex/Session.modulevalidation -fmodules-validate-once-per-build-session -Wnon-modular-include-in-framework-module -Werror\=non-modular-include-in-framework-module -Wno-trigraphs -Wno-missing-field-initializers -Wno-missing-prototypes -Wno-return-type -Wno-missing-braces -Wparentheses -Wswitch -Wno-unused-function -Wno-unused-label -Wno-unused-parameter -Wno-unused-variable -Wunused-value -Wno-empty-body -Wno-uninitialized -Wno-unknown-pragmas -w -Wno-shadow -Wno-four-char-constants -Wno-conversion -Wno-constant-conversion -Wno-int-conversion -Wno-bool-conversion -Wno-enum-conversion -Wno-float-conversion -Wno-non-literal-null-conversion -Wno-objc-literal-conversion -Wshorten-64-to-32 -Wpointer-sign -Wno-newline-eof -Wno-implicit-fallthrough -fstrict-aliasing -Wdeprecated-declarations -Wno-sign-conversion -Wno-infinite-recursion -Wno-comma -Wno-block-capture-autoreleasing -Wno-strict-prototypes -Wno-semicolon-before-method-body -index-store-path /Users/yutaro/project-profit-ios/artifacts/release-quality/performance-gate/DerivedData/Index.noindex/DataStore @/Users/yutaro/project-profit-ios/artifacts/release-quality/performance-gate/DerivedData/Build/Intermediates.noindex/libxlsxwriter.build/Debug-iphonesimulator/libxlsxwriter.build/Objects-normal/arm64/7187679823f38a2a940e0043cdf9d637-common-args.resp -MMD -MT dependencies -MF /Users/yutaro/project-profit-ios/artifacts/release-quality/performance-gate/DerivedData/Build/Intermediates.noindex/libxlsxwriter.build/Debug-iphonesimulator/libxlsxwriter.build/Objects-normal/arm64/vml.d --serialize-diagnostics /Users/yutaro/project-profit-ios/artifacts/release-quality/performance-gate/DerivedData/Build/Intermediates.noindex/libxlsxwriter.build/Debug-iphonesimulator/libxlsxwriter.build/Objects-normal/arm64/vml.dia -c /Users/yutaro/project-profit-ios/artifacts/release-quality/performance-gate/DerivedData/SourcePackages/checkouts/libxlsxwriter/src/vml.c -o /Users/yutaro/project-profit-ios/artifacts/release-quality/performance-gate/DerivedData/Build/Intermediates.noindex/libxlsxwriter.build/Debug-iphonesimulator/libxlsxwriter.build/Objects-normal/arm64/vml.o -index-unit-output-path /libxlsxwriter.build/Debug-iphonesimulator/libxlsxwriter.build/Objects-normal/arm64/vml.o

CompileC /Users/yutaro/project-profit-ios/artifacts/release-quality/performance-gate/DerivedData/Build/Intermediates.noindex/libxlsxwriter.build/Debug-iphonesimulator/libxlsxwriter.build/Objects-normal/arm64/utility.o /Users/yutaro/project-profit-ios/artifacts/release-quality/performance-gate/DerivedData/SourcePackages/checkouts/libxlsxwriter/src/utility.c normal arm64 c com.apple.compilers.llvm.clang.1_0.compiler (in target 'libxlsxwriter' from project 'libxlsxwriter')
    cd /Users/yutaro/project-profit-ios/ProjectProfit.xcodeproj
    
    Using response file: /Users/yutaro/project-profit-ios/artifacts/release-quality/performance-gate/DerivedData/Build/Intermediates.noindex/libxlsxwriter.build/Debug-iphonesimulator/libxlsxwriter.build/Objects-normal/arm64/7187679823f38a2a940e0043cdf9d637-common-args.resp
    
    /Applications/Xcode-26.3.app/Contents/Developer/Toolchains/XcodeDefault.xctoolchain/usr/bin/clang -x c -ivfsstatcache /Users/yutaro/project-profit-ios/artifacts/release-quality/performance-gate/DerivedData/SDKStatCaches.noindex/iphonesimulator26.2-23C57-91db6bf2b9df79783d042ed3cc29a58e.sdkstatcache -fmessage-length\=0 -fdiagnostics-show-note-include-stack -fmacro-backtrace-limit\=0 -fno-color-diagnostics -fmodules-prune-interval\=86400 -fmodules-prune-after\=345600 -fbuild-session-file\=/Users/yutaro/project-profit-ios/artifacts/release-quality/performance-gate/DerivedData/ModuleCache.noindex/Session.modulevalidation -fmodules-validate-once-per-build-session -Wnon-modular-include-in-framework-module -Werror\=non-modular-include-in-framework-module -Wno-trigraphs -Wno-missing-field-initializers -Wno-missing-prototypes -Wno-return-type -Wno-missing-braces -Wparentheses -Wswitch -Wno-unused-function -Wno-unused-label -Wno-unused-parameter -Wno-unused-variable -Wunused-value -Wno-empty-body -Wno-uninitialized -Wno-unknown-pragmas -w -Wno-shadow -Wno-four-char-constants -Wno-conversion -Wno-constant-conversion -Wno-int-conversion -Wno-bool-conversion -Wno-enum-conversion -Wno-float-conversion -Wno-non-literal-null-conversion -Wno-objc-literal-conversion -Wshorten-64-to-32 -Wpointer-sign -Wno-newline-eof -Wno-implicit-fallthrough -fstrict-aliasing -Wdeprecated-declarations -Wno-sign-conversion -Wno-infinite-recursion -Wno-comma -Wno-block-capture-autoreleasing -Wno-strict-prototypes -Wno-semicolon-before-method-body -index-store-path /Users/yutaro/project-profit-ios/artifacts/release-quality/performance-gate/DerivedData/Index.noindex/DataStore @/Users/yutaro/project-profit-ios/artifacts/release-quality/performance-gate/DerivedData/Build/Intermediates.noindex/libxlsxwriter.build/Debug-iphonesimulator/libxlsxwriter.build/Objects-normal/arm64/7187679823f38a2a940e0043cdf9d637-common-args.resp -MMD -MT dependencies -MF /Users/yutaro/project-profit-ios/artifacts/release-quality/performance-gate/DerivedData/Build/Intermediates.noindex/libxlsxwriter.build/Debug-iphonesimulator/libxlsxwriter.build/Objects-normal/arm64/utility.d --serialize-diagnostics /Users/yutaro/project-profit-ios/artifacts/release-quality/performance-gate/DerivedData/Build/Intermediates.noindex/libxlsxwriter.build/Debug-iphonesimulator/libxlsxwriter.build/Objects-normal/arm64/utility.dia -c /Users/yutaro/project-profit-ios/artifacts/release-quality/performance-gate/DerivedData/SourcePackages/checkouts/libxlsxwriter/src/utility.c -o /Users/yutaro/project-profit-ios/artifacts/release-quality/performance-gate/DerivedData/Build/Intermediates.noindex/libxlsxwriter.build/Debug-iphonesimulator/libxlsxwriter.build/Objects-normal/arm64/utility.o -index-unit-output-path /libxlsxwriter.build/Debug-iphonesimulator/libxlsxwriter.build/Objects-normal/arm64/utility.o

CompileC /Users/yutaro/project-profit-ios/artifacts/release-quality/performance-gate/DerivedData/Build/Intermediates.noindex/libxlsxwriter.build/Debug-iphonesimulator/libxlsxwriter.build/Objects-normal/arm64/tmpfileplus.o /Users/yutaro/project-profit-ios/artifacts/release-quality/performance-gate/DerivedData/SourcePackages/checkouts/libxlsxwriter/third_party/tmpfileplus/tmpfileplus.c normal arm64 c com.apple.compilers.llvm.clang.1_0.compiler (in target 'libxlsxwriter' from project 'libxlsxwriter')
    cd /Users/yutaro/project-profit-ios/ProjectProfit.xcodeproj
    
    Using response file: /Users/yutaro/project-profit-ios/artifacts/release-quality/performance-gate/DerivedData/Build/Intermediates.noindex/libxlsxwriter.build/Debug-iphonesimulator/libxlsxwriter.build/Objects-normal/arm64/7187679823f38a2a940e0043cdf9d637-common-args.resp
    
    /Applications/Xcode-26.3.app/Contents/Developer/Toolchains/XcodeDefault.xctoolchain/usr/bin/clang -x c -ivfsstatcache /Users/yutaro/project-profit-ios/artifacts/release-quality/performance-gate/DerivedData/SDKStatCaches.noindex/iphonesimulator26.2-23C57-91db6bf2b9df79783d042ed3cc29a58e.sdkstatcache -fmessage-length\=0 -fdiagnostics-show-note-include-stack -fmacro-backtrace-limit\=0 -fno-color-diagnostics -fmodules-prune-interval\=86400 -fmodules-prune-after\=345600 -fbuild-session-file\=/Users/yutaro/project-profit-ios/artifacts/release-quality/performance-gate/DerivedData/ModuleCache.noindex/Session.modulevalidation -fmodules-validate-once-per-build-session -Wnon-modular-include-in-framework-module -Werror\=non-modular-include-in-framework-module -Wno-trigraphs -Wno-missing-field-initializers -Wno-missing-prototypes -Wno-return-type -Wno-missing-braces -Wparentheses -Wswitch -Wno-unused-function -Wno-unused-label -Wno-unused-parameter -Wno-unused-variable -Wunused-value -Wno-empty-body -Wno-uninitialized -Wno-unknown-pragmas -w -Wno-shadow -Wno-four-char-constants -Wno-conversion -Wno-constant-conversion -Wno-int-conversion -Wno-bool-conversion -Wno-enum-conversion -Wno-float-conversion -Wno-non-literal-null-conversion -Wno-objc-literal-conversion -Wshorten-64-to-32 -Wpointer-sign -Wno-newline-eof -Wno-implicit-fallthrough -fstrict-aliasing -Wdeprecated-declarations -Wno-sign-conversion -Wno-infinite-recursion -Wno-comma -Wno-block-capture-autoreleasing -Wno-strict-prototypes -Wno-semicolon-before-method-body -index-store-path /Users/yutaro/project-profit-ios/artifacts/release-quality/performance-gate/DerivedData/Index.noindex/DataStore @/Users/yutaro/project-profit-ios/artifacts/release-quality/performance-gate/DerivedData/Build/Intermediates.noindex/libxlsxwriter.build/Debug-iphonesimulator/libxlsxwriter.build/Objects-normal/arm64/7187679823f38a2a940e0043cdf9d637-common-args.resp -MMD -MT dependencies -MF /Users/yutaro/project-profit-ios/artifacts/release-quality/performance-gate/DerivedData/Build/Intermediates.noindex/libxlsxwriter.build/Debug-iphonesimulator/libxlsxwriter.build/Objects-normal/arm64/tmpfileplus.d --serialize-diagnostics /Users/yutaro/project-profit-ios/artifacts/release-quality/performance-gate/DerivedData/Build/Intermediates.noindex/libxlsxwriter.build/Debug-iphonesimulator/libxlsxwriter.build/Objects-normal/arm64/tmpfileplus.dia -c /Users/yutaro/project-profit-ios/artifacts/release-quality/performance-gate/DerivedData/SourcePackages/checkouts/libxlsxwriter/third_party/tmpfileplus/tmpfileplus.c -o /Users/yutaro/project-profit-ios/artifacts/release-quality/performance-gate/DerivedData/Build/Intermediates.noindex/libxlsxwriter.build/Debug-iphonesimulator/libxlsxwriter.build/Objects-normal/arm64/tmpfileplus.o -index-unit-output-path /libxlsxwriter.build/Debug-iphonesimulator/libxlsxwriter.build/Objects-normal/arm64/tmpfileplus.o

CompileC /Users/yutaro/project-profit-ios/artifacts/release-quality/performance-gate/DerivedData/Build/Intermediates.noindex/libxlsxwriter.build/Debug-iphonesimulator/libxlsxwriter.build/Objects-normal/arm64/theme.o /Users/yutaro/project-profit-ios/artifacts/release-quality/performance-gate/DerivedData/SourcePackages/checkouts/libxlsxwriter/src/theme.c normal arm64 c com.apple.compilers.llvm.clang.1_0.compiler (in target 'libxlsxwriter' from project 'libxlsxwriter')
    cd /Users/yutaro/project-profit-ios/ProjectProfit.xcodeproj
    
    Using response file: /Users/yutaro/project-profit-ios/artifacts/release-quality/performance-gate/DerivedData/Build/Intermediates.noindex/libxlsxwriter.build/Debug-iphonesimulator/libxlsxwriter.build/Objects-normal/arm64/7187679823f38a2a940e0043cdf9d637-common-args.resp
    
    /Applications/Xcode-26.3.app/Contents/Developer/Toolchains/XcodeDefault.xctoolchain/usr/bin/clang -x c -ivfsstatcache /Users/yutaro/project-profit-ios/artifacts/release-quality/performance-gate/DerivedData/SDKStatCaches.noindex/iphonesimulator26.2-23C57-91db6bf2b9df79783d042ed3cc29a58e.sdkstatcache -fmessage-length\=0 -fdiagnostics-show-note-include-stack -fmacro-backtrace-limit\=0 -fno-color-diagnostics -fmodules-prune-interval\=86400 -fmodules-prune-after\=345600 -fbuild-session-file\=/Users/yutaro/project-profit-ios/artifacts/release-quality/performance-gate/DerivedData/ModuleCache.noindex/Session.modulevalidation -fmodules-validate-once-per-build-session -Wnon-modular-include-in-framework-module -Werror\=non-modular-include-in-framework-module -Wno-trigraphs -Wno-missing-field-initializers -Wno-missing-prototypes -Wno-return-type -Wno-missing-braces -Wparentheses -Wswitch -Wno-unused-function -Wno-unused-label -Wno-unused-parameter -Wno-unused-variable -Wunused-value -Wno-empty-body -Wno-uninitialized -Wno-unknown-pragmas -w -Wno-shadow -Wno-four-char-constants -Wno-conversion -Wno-constant-conversion -Wno-int-conversion -Wno-bool-conversion -Wno-enum-conversion -Wno-float-conversion -Wno-non-literal-null-conversion -Wno-objc-literal-conversion -Wshorten-64-to-32 -Wpointer-sign -Wno-newline-eof -Wno-implicit-fallthrough -fstrict-aliasing -Wdeprecated-declarations -Wno-sign-conversion -Wno-infinite-recursion -Wno-comma -Wno-block-capture-autoreleasing -Wno-strict-prototypes -Wno-semicolon-before-method-body -index-store-path /Users/yutaro/project-profit-ios/artifacts/release-quality/performance-gate/DerivedData/Index.noindex/DataStore @/Users/yutaro/project-profit-ios/artifacts/release-quality/performance-gate/DerivedData/Build/Intermediates.noindex/libxlsxwriter.build/Debug-iphonesimulator/libxlsxwriter.build/Objects-normal/arm64/7187679823f38a2a940e0043cdf9d637-common-args.resp -MMD -MT dependencies -MF /Users/yutaro/project-profit-ios/artifacts/release-quality/performance-gate/DerivedData/Build/Intermediates.noindex/libxlsxwriter.build/Debug-iphonesimulator/libxlsxwriter.build/Objects-normal/arm64/theme.d --serialize-diagnostics /Users/yutaro/project-profit-ios/artifacts/release-quality/performance-gate/DerivedData/Build/Intermediates.noindex/libxlsxwriter.build/Debug-iphonesimulator/libxlsxwriter.build/Objects-normal/arm64/theme.dia -c /Users/yutaro/project-profit-ios/artifacts/release-quality/performance-gate/DerivedData/SourcePackages/checkouts/libxlsxwriter/src/theme.c -o /Users/yutaro/project-profit-ios/artifacts/release-quality/performance-gate/DerivedData/Build/Intermediates.noindex/libxlsxwriter.build/Debug-iphonesimulator/libxlsxwriter.build/Objects-normal/arm64/theme.o -index-unit-output-path /libxlsxwriter.build/Debug-iphonesimulator/libxlsxwriter.build/Objects-normal/arm64/theme.o

SwiftExplicitDependencyGeneratePcm arm64 /Users/yutaro/project-profit-ios/artifacts/release-quality/performance-gate/DerivedData/ModuleCache.noindex/_Builtin_float-IAPYO95TQPJO6FT2PWRAVUO7.pcm

SwiftExplicitDependencyGeneratePcm arm64 /Users/yutaro/project-profit-ios/artifacts/release-quality/performance-gate/DerivedData/ModuleCache.noindex/ptrcheck-EAAVDGXRCS8M2DPETZ8LLK4VO.pcm

SwiftExplicitDependencyGeneratePcm arm64 /Users/yutaro/project-profit-ios/artifacts/release-quality/performance-gate/DerivedData/ModuleCache.noindex/DeveloperToolsSupport-6ZLJGRESEWVNSA7J8TAV0ADBT.pcm

SwiftExplicitDependencyGeneratePcm arm64 /Users/yutaro/project-profit-ios/artifacts/release-quality/performance-gate/DerivedData/ModuleCache.noindex/_AvailabilityInternal-AWRT1YS5SEIMOFI7DXM0W5ZVI.pcm

SwiftExplicitDependencyGeneratePcm arm64 /Users/yutaro/project-profit-ios/artifacts/release-quality/performance-gate/DerivedData/ModuleCache.noindex/_Builtin_stdarg-AOQ522STQG4TNJ9XT5F6ZKEO9.pcm

SwiftExplicitDependencyGeneratePcm arm64 /Users/yutaro/project-profit-ios/artifacts/release-quality/performance-gate/DerivedData/ModuleCache.noindex/_Builtin_stdbool-29318N2Y12HR84A18U7KN1H2E.pcm

SwiftExplicitDependencyGeneratePcm arm64 /Users/yutaro/project-profit-ios/artifacts/release-quality/performance-gate/DerivedData/ModuleCache.noindex/_SwiftConcurrencyShims-80YO58DUQNJHTO182HVX2SC8C.pcm

SwiftExplicitDependencyGeneratePcm arm64 /Users/yutaro/project-profit-ios/artifacts/release-quality/performance-gate/DerivedData/ModuleCache.noindex/SwiftShims-7WAP4SVKEMORJP9HOS37T56J0.pcm

SwiftExplicitDependencyGeneratePcm arm64 /Users/yutaro/project-profit-ios/artifacts/release-quality/performance-gate/DerivedData/ModuleCache.noindex/ptrauth-2RZEQ9QGMX6RGL2C6832SZUU8.pcm

SwiftExplicitDependencyGeneratePcm arm64 /Users/yutaro/project-profit-ios/artifacts/release-quality/performance-gate/DerivedData/ModuleCache.noindex/_DarwinFoundation1-4S7ML0OHSGOJ8UX89PB4XEN4R.pcm

SwiftExplicitDependencyGeneratePcm arm64 /Users/yutaro/project-profit-ios/artifacts/release-quality/performance-gate/DerivedData/ModuleCache.noindex/_Builtin_stddef-9A7SJLTD4NTW1X06AJSV1SFD.pcm

CompileC /Users/yutaro/project-profit-ios/artifacts/release-quality/performance-gate/DerivedData/Build/Intermediates.noindex/libxlsxwriter.build/Debug-iphonesimulator/libxlsxwriter.build/Objects-normal/arm64/table.o /Users/yutaro/project-profit-ios/artifacts/release-quality/performance-gate/DerivedData/SourcePackages/checkouts/libxlsxwriter/src/table.c normal arm64 c com.apple.compilers.llvm.clang.1_0.compiler (in target 'libxlsxwriter' from project 'libxlsxwriter')
    cd /Users/yutaro/project-profit-ios/ProjectProfit.xcodeproj
    
    Using response file: /Users/yutaro/project-profit-ios/artifacts/release-quality/performance-gate/DerivedData/Build/Intermediates.noindex/libxlsxwriter.build/Debug-iphonesimulator/libxlsxwriter.build/Objects-normal/arm64/7187679823f38a2a940e0043cdf9d637-common-args.resp
    
    /Applications/Xcode-26.3.app/Contents/Developer/Toolchains/XcodeDefault.xctoolchain/usr/bin/clang -x c -ivfsstatcache /Users/yutaro/project-profit-ios/artifacts/release-quality/performance-gate/DerivedData/SDKStatCaches.noindex/iphonesimulator26.2-23C57-91db6bf2b9df79783d042ed3cc29a58e.sdkstatcache -fmessage-length\=0 -fdiagnostics-show-note-include-stack -fmacro-backtrace-limit\=0 -fno-color-diagnostics -fmodules-prune-interval\=86400 -fmodules-prune-after\=345600 -fbuild-session-file\=/Users/yutaro/project-profit-ios/artifacts/release-quality/performance-gate/DerivedData/ModuleCache.noindex/Session.modulevalidation -fmodules-validate-once-per-build-session -Wnon-modular-include-in-framework-module -Werror\=non-modular-include-in-framework-module -Wno-trigraphs -Wno-missing-field-initializers -Wno-missing-prototypes -Wno-return-type -Wno-missing-braces -Wparentheses -Wswitch -Wno-unused-function -Wno-unused-label -Wno-unused-parameter -Wno-unused-variable -Wunused-value -Wno-empty-body -Wno-uninitialized -Wno-unknown-pragmas -w -Wno-shadow -Wno-four-char-constants -Wno-conversion -Wno-constant-conversion -Wno-int-conversion -Wno-bool-conversion -Wno-enum-conversion -Wno-float-conversion -Wno-non-literal-null-conversion -Wno-objc-literal-conversion -Wshorten-64-to-32 -Wpointer-sign -Wno-newline-eof -Wno-implicit-fallthrough -fstrict-aliasing -Wdeprecated-declarations -Wno-sign-conversion -Wno-infinite-recursion -Wno-comma -Wno-block-capture-autoreleasing -Wno-strict-prototypes -Wno-semicolon-before-method-body -index-store-path /Users/yutaro/project-profit-ios/artifacts/release-quality/performance-gate/DerivedData/Index.noindex/DataStore @/Users/yutaro/project-profit-ios/artifacts/release-quality/performance-gate/DerivedData/Build/Intermediates.noindex/libxlsxwriter.build/Debug-iphonesimulator/libxlsxwriter.build/Objects-normal/arm64/7187679823f38a2a940e0043cdf9d637-common-args.resp -MMD -MT dependencies -MF /Users/yutaro/project-profit-ios/artifacts/release-quality/performance-gate/DerivedData/Build/Intermediates.noindex/libxlsxwriter.build/Debug-iphonesimulator/libxlsxwriter.build/Objects-normal/arm64/table.d --serialize-diagnostics /Users/yutaro/project-profit-ios/artifacts/release-quality/performance-gate/DerivedData/Build/Intermediates.noindex/libxlsxwriter.build/Debug-iphonesimulator/libxlsxwriter.build/Objects-normal/arm64/table.dia -c /Users/yutaro/project-profit-ios/artifacts/release-quality/performance-gate/DerivedData/SourcePackages/checkouts/libxlsxwriter/src/table.c -o /Users/yutaro/project-profit-ios/artifacts/release-quality/performance-gate/DerivedData/Build/Intermediates.noindex/libxlsxwriter.build/Debug-iphonesimulator/libxlsxwriter.build/Objects-normal/arm64/table.o -index-unit-output-path /libxlsxwriter.build/Debug-iphonesimulator/libxlsxwriter.build/Objects-normal/arm64/table.o

CompileC /Users/yutaro/project-profit-ios/artifacts/release-quality/performance-gate/DerivedData/Build/Intermediates.noindex/libxlsxwriter.build/Debug-iphonesimulator/libxlsxwriter.build/Objects-normal/arm64/styles.o /Users/yutaro/project-profit-ios/artifacts/release-quality/performance-gate/DerivedData/SourcePackages/checkouts/libxlsxwriter/src/styles.c normal arm64 c com.apple.compilers.llvm.clang.1_0.compiler (in target 'libxlsxwriter' from project 'libxlsxwriter')
    cd /Users/yutaro/project-profit-ios/ProjectProfit.xcodeproj
    
    Using response file: /Users/yutaro/project-profit-ios/artifacts/release-quality/performance-gate/DerivedData/Build/Intermediates.noindex/libxlsxwriter.build/Debug-iphonesimulator/libxlsxwriter.build/Objects-normal/arm64/7187679823f38a2a940e0043cdf9d637-common-args.resp
    
    /Applications/Xcode-26.3.app/Contents/Developer/Toolchains/XcodeDefault.xctoolchain/usr/bin/clang -x c -ivfsstatcache /Users/yutaro/project-profit-ios/artifacts/release-quality/performance-gate/DerivedData/SDKStatCaches.noindex/iphonesimulator26.2-23C57-91db6bf2b9df79783d042ed3cc29a58e.sdkstatcache -fmessage-length\=0 -fdiagnostics-show-note-include-stack -fmacro-backtrace-limit\=0 -fno-color-diagnostics -fmodules-prune-interval\=86400 -fmodules-prune-after\=345600 -fbuild-session-file\=/Users/yutaro/project-profit-ios/artifacts/release-quality/performance-gate/DerivedData/ModuleCache.noindex/Session.modulevalidation -fmodules-validate-once-per-build-session -Wnon-modular-include-in-framework-module -Werror\=non-modular-include-in-framework-module -Wno-trigraphs -Wno-missing-field-initializers -Wno-missing-prototypes -Wno-return-type -Wno-missing-braces -Wparentheses -Wswitch -Wno-unused-function -Wno-unused-label -Wno-unused-parameter -Wno-unused-variable -Wunused-value -Wno-empty-body -Wno-uninitialized -Wno-unknown-pragmas -w -Wno-shadow -Wno-four-char-constants -Wno-conversion -Wno-constant-conversion -Wno-int-conversion -Wno-bool-conversion -Wno-enum-conversion -Wno-float-conversion -Wno-non-literal-null-conversion -Wno-objc-literal-conversion -Wshorten-64-to-32 -Wpointer-sign -Wno-newline-eof -Wno-implicit-fallthrough -fstrict-aliasing -Wdeprecated-declarations -Wno-sign-conversion -Wno-infinite-recursion -Wno-comma -Wno-block-capture-autoreleasing -Wno-strict-prototypes -Wno-semicolon-before-method-body -index-store-path /Users/yutaro/project-profit-ios/artifacts/release-quality/performance-gate/DerivedData/Index.noindex/DataStore @/Users/yutaro/project-profit-ios/artifacts/release-quality/performance-gate/DerivedData/Build/Intermediates.noindex/libxlsxwriter.build/Debug-iphonesimulator/libxlsxwriter.build/Objects-normal/arm64/7187679823f38a2a940e0043cdf9d637-common-args.resp -MMD -MT dependencies -MF /Users/yutaro/project-profit-ios/artifacts/release-quality/performance-gate/DerivedData/Build/Intermediates.noindex/libxlsxwriter.build/Debug-iphonesimulator/libxlsxwriter.build/Objects-normal/arm64/styles.d --serialize-diagnostics /Users/yutaro/project-profit-ios/artifacts/release-quality/performance-gate/DerivedData/Build/Intermediates.noindex/libxlsxwriter.build/Debug-iphonesimulator/libxlsxwriter.build/Objects-normal/arm64/styles.dia -c /Users/yutaro/project-profit-ios/artifacts/release-quality/performance-gate/DerivedData/SourcePackages/checkouts/libxlsxwriter/src/styles.c -o /Users/yutaro/project-profit-ios/artifacts/release-quality/performance-gate/DerivedData/Build/Intermediates.noindex/libxlsxwriter.build/Debug-iphonesimulator/libxlsxwriter.build/Objects-normal/arm64/styles.o -index-unit-output-path /libxlsxwriter.build/Debug-iphonesimulator/libxlsxwriter.build/Objects-normal/arm64/styles.o

CompileC /Users/yutaro/project-profit-ios/artifacts/release-quality/performance-gate/DerivedData/Build/Intermediates.noindex/libxlsxwriter.build/Debug-iphonesimulator/libxlsxwriter.build/Objects-normal/arm64/shared_strings.o /Users/yutaro/project-profit-ios/artifacts/release-quality/performance-gate/DerivedData/SourcePackages/checkouts/libxlsxwriter/src/shared_strings.c normal arm64 c com.apple.compilers.llvm.clang.1_0.compiler (in target 'libxlsxwriter' from project 'libxlsxwriter')
    cd /Users/yutaro/project-profit-ios/ProjectProfit.xcodeproj
    
    Using response file: /Users/yutaro/project-profit-ios/artifacts/release-quality/performance-gate/DerivedData/Build/Intermediates.noindex/libxlsxwriter.build/Debug-iphonesimulator/libxlsxwriter.build/Objects-normal/arm64/7187679823f38a2a940e0043cdf9d637-common-args.resp
    
    /Applications/Xcode-26.3.app/Contents/Developer/Toolchains/XcodeDefault.xctoolchain/usr/bin/clang -x c -ivfsstatcache /Users/yutaro/project-profit-ios/artifacts/release-quality/performance-gate/DerivedData/SDKStatCaches.noindex/iphonesimulator26.2-23C57-91db6bf2b9df79783d042ed3cc29a58e.sdkstatcache -fmessage-length\=0 -fdiagnostics-show-note-include-stack -fmacro-backtrace-limit\=0 -fno-color-diagnostics -fmodules-prune-interval\=86400 -fmodules-prune-after\=345600 -fbuild-session-file\=/Users/yutaro/project-profit-ios/artifacts/release-quality/performance-gate/DerivedData/ModuleCache.noindex/Session.modulevalidation -fmodules-validate-once-per-build-session -Wnon-modular-include-in-framework-module -Werror\=non-modular-include-in-framework-module -Wno-trigraphs -Wno-missing-field-initializers -Wno-missing-prototypes -Wno-return-type -Wno-missing-braces -Wparentheses -Wswitch -Wno-unused-function -Wno-unused-label -Wno-unused-parameter -Wno-unused-variable -Wunused-value -Wno-empty-body -Wno-uninitialized -Wno-unknown-pragmas -w -Wno-shadow -Wno-four-char-constants -Wno-conversion -Wno-constant-conversion -Wno-int-conversion -Wno-bool-conversion -Wno-enum-conversion -Wno-float-conversion -Wno-non-literal-null-conversion -Wno-objc-literal-conversion -Wshorten-64-to-32 -Wpointer-sign -Wno-newline-eof -Wno-implicit-fallthrough -fstrict-aliasing -Wdeprecated-declarations -Wno-sign-conversion -Wno-infinite-recursion -Wno-comma -Wno-block-capture-autoreleasing -Wno-strict-prototypes -Wno-semicolon-before-method-body -index-store-path /Users/yutaro/project-profit-ios/artifacts/release-quality/performance-gate/DerivedData/Index.noindex/DataStore @/Users/yutaro/project-profit-ios/artifacts/release-quality/performance-gate/DerivedData/Build/Intermediates.noindex/libxlsxwriter.build/Debug-iphonesimulator/libxlsxwriter.build/Objects-normal/arm64/7187679823f38a2a940e0043cdf9d637-common-args.resp -MMD -MT dependencies -MF /Users/yutaro/project-profit-ios/artifacts/release-quality/performance-gate/DerivedData/Build/Intermediates.noindex/libxlsxwriter.build/Debug-iphonesimulator/libxlsxwriter.build/Objects-normal/arm64/shared_strings.d --serialize-diagnostics /Users/yutaro/project-profit-ios/artifacts/release-quality/performance-gate/DerivedData/Build/Intermediates.noindex/libxlsxwriter.build/Debug-iphonesimulator/libxlsxwriter.build/Objects-normal/arm64/shared_strings.dia -c /Users/yutaro/project-profit-ios/artifacts/release-quality/performance-gate/DerivedData/SourcePackages/checkouts/libxlsxwriter/src/shared_strings.c -o /Users/yutaro/project-profit-ios/artifacts/release-quality/performance-gate/DerivedData/Build/Intermediates.noindex/libxlsxwriter.build/Debug-iphonesimulator/libxlsxwriter.build/Objects-normal/arm64/shared_strings.o -index-unit-output-path /libxlsxwriter.build/Debug-iphonesimulator/libxlsxwriter.build/Objects-normal/arm64/shared_strings.o

CompileC /Users/yutaro/project-profit-ios/artifacts/release-quality/performance-gate/DerivedData/Build/Intermediates.noindex/libxlsxwriter.build/Debug-iphonesimulator/libxlsxwriter.build/Objects-normal/arm64/rich_value_types.o /Users/yutaro/project-profit-ios/artifacts/release-quality/performance-gate/DerivedData/SourcePackages/checkouts/libxlsxwriter/src/rich_value_types.c normal arm64 c com.apple.compilers.llvm.clang.1_0.compiler (in target 'libxlsxwriter' from project 'libxlsxwriter')
    cd /Users/yutaro/project-profit-ios/ProjectProfit.xcodeproj
    
    Using response file: /Users/yutaro/project-profit-ios/artifacts/release-quality/performance-gate/DerivedData/Build/Intermediates.noindex/libxlsxwriter.build/Debug-iphonesimulator/libxlsxwriter.build/Objects-normal/arm64/7187679823f38a2a940e0043cdf9d637-common-args.resp
    
    /Applications/Xcode-26.3.app/Contents/Developer/Toolchains/XcodeDefault.xctoolchain/usr/bin/clang -x c -ivfsstatcache /Users/yutaro/project-profit-ios/artifacts/release-quality/performance-gate/DerivedData/SDKStatCaches.noindex/iphonesimulator26.2-23C57-91db6bf2b9df79783d042ed3cc29a58e.sdkstatcache -fmessage-length\=0 -fdiagnostics-show-note-include-stack -fmacro-backtrace-limit\=0 -fno-color-diagnostics -fmodules-prune-interval\=86400 -fmodules-prune-after\=345600 -fbuild-session-file\=/Users/yutaro/project-profit-ios/artifacts/release-quality/performance-gate/DerivedData/ModuleCache.noindex/Session.modulevalidation -fmodules-validate-once-per-build-session -Wnon-modular-include-in-framework-module -Werror\=non-modular-include-in-framework-module -Wno-trigraphs -Wno-missing-field-initializers -Wno-missing-prototypes -Wno-return-type -Wno-missing-braces -Wparentheses -Wswitch -Wno-unused-function -Wno-unused-label -Wno-unused-parameter -Wno-unused-variable -Wunused-value -Wno-empty-body -Wno-uninitialized -Wno-unknown-pragmas -w -Wno-shadow -Wno-four-char-constants -Wno-conversion -Wno-constant-conversion -Wno-int-conversion -Wno-bool-conversion -Wno-enum-conversion -Wno-float-conversion -Wno-non-literal-null-conversion -Wno-objc-literal-conversion -Wshorten-64-to-32 -Wpointer-sign -Wno-newline-eof -Wno-implicit-fallthrough -fstrict-aliasing -Wdeprecated-declarations -Wno-sign-conversion -Wno-infinite-recursion -Wno-comma -Wno-block-capture-autoreleasing -Wno-strict-prototypes -Wno-semicolon-before-method-body -index-store-path /Users/yutaro/project-profit-ios/artifacts/release-quality/performance-gate/DerivedData/Index.noindex/DataStore @/Users/yutaro/project-profit-ios/artifacts/release-quality/performance-gate/DerivedData/Build/Intermediates.noindex/libxlsxwriter.build/Debug-iphonesimulator/libxlsxwriter.build/Objects-normal/arm64/7187679823f38a2a940e0043cdf9d637-common-args.resp -MMD -MT dependencies -MF /Users/yutaro/project-profit-ios/artifacts/release-quality/performance-gate/DerivedData/Build/Intermediates.noindex/libxlsxwriter.build/Debug-iphonesimulator/libxlsxwriter.build/Objects-normal/arm64/rich_value_types.d --serialize-diagnostics /Users/yutaro/project-profit-ios/artifacts/release-quality/performance-gate/DerivedData/Build/Intermediates.noindex/libxlsxwriter.build/Debug-iphonesimulator/libxlsxwriter.build/Objects-normal/arm64/rich_value_types.dia -c /Users/yutaro/project-profit-ios/artifacts/release-quality/performance-gate/DerivedData/SourcePackages/checkouts/libxlsxwriter/src/rich_value_types.c -o /Users/yutaro/project-profit-ios/artifacts/release-quality/performance-gate/DerivedData/Build/Intermediates.noindex/libxlsxwriter.build/Debug-iphonesimulator/libxlsxwriter.build/Objects-normal/arm64/rich_value_types.o -index-unit-output-path /libxlsxwriter.build/Debug-iphonesimulator/libxlsxwriter.build/Objects-normal/arm64/rich_value_types.o

CompileC /Users/yutaro/project-profit-ios/artifacts/release-quality/performance-gate/DerivedData/Build/Intermediates.noindex/libxlsxwriter.build/Debug-iphonesimulator/libxlsxwriter.build/Objects-normal/arm64/rich_value_structure.o /Users/yutaro/project-profit-ios/artifacts/release-quality/performance-gate/DerivedData/SourcePackages/checkouts/libxlsxwriter/src/rich_value_structure.c normal arm64 c com.apple.compilers.llvm.clang.1_0.compiler (in target 'libxlsxwriter' from project 'libxlsxwriter')
    cd /Users/yutaro/project-profit-ios/ProjectProfit.xcodeproj
    
    Using response file: /Users/yutaro/project-profit-ios/artifacts/release-quality/performance-gate/DerivedData/Build/Intermediates.noindex/libxlsxwriter.build/Debug-iphonesimulator/libxlsxwriter.build/Objects-normal/arm64/7187679823f38a2a940e0043cdf9d637-common-args.resp
    
    /Applications/Xcode-26.3.app/Contents/Developer/Toolchains/XcodeDefault.xctoolchain/usr/bin/clang -x c -ivfsstatcache /Users/yutaro/project-profit-ios/artifacts/release-quality/performance-gate/DerivedData/SDKStatCaches.noindex/iphonesimulator26.2-23C57-91db6bf2b9df79783d042ed3cc29a58e.sdkstatcache -fmessage-length\=0 -fdiagnostics-show-note-include-stack -fmacro-backtrace-limit\=0 -fno-color-diagnostics -fmodules-prune-interval\=86400 -fmodules-prune-after\=345600 -fbuild-session-file\=/Users/yutaro/project-profit-ios/artifacts/release-quality/performance-gate/DerivedData/ModuleCache.noindex/Session.modulevalidation -fmodules-validate-once-per-build-session -Wnon-modular-include-in-framework-module -Werror\=non-modular-include-in-framework-module -Wno-trigraphs -Wno-missing-field-initializers -Wno-missing-prototypes -Wno-return-type -Wno-missing-braces -Wparentheses -Wswitch -Wno-unused-function -Wno-unused-label -Wno-unused-parameter -Wno-unused-variable -Wunused-value -Wno-empty-body -Wno-uninitialized -Wno-unknown-pragmas -w -Wno-shadow -Wno-four-char-constants -Wno-conversion -Wno-constant-conversion -Wno-int-conversion -Wno-bool-conversion -Wno-enum-conversion -Wno-float-conversion -Wno-non-literal-null-conversion -Wno-objc-literal-conversion -Wshorten-64-to-32 -Wpointer-sign -Wno-newline-eof -Wno-implicit-fallthrough -fstrict-aliasing -Wdeprecated-declarations -Wno-sign-conversion -Wno-infinite-recursion -Wno-comma -Wno-block-capture-autoreleasing -Wno-strict-prototypes -Wno-semicolon-before-method-body -index-store-path /Users/yutaro/project-profit-ios/artifacts/release-quality/performance-gate/DerivedData/Index.noindex/DataStore @/Users/yutaro/project-profit-ios/artifacts/release-quality/performance-gate/DerivedData/Build/Intermediates.noindex/libxlsxwriter.build/Debug-iphonesimulator/libxlsxwriter.build/Objects-normal/arm64/7187679823f38a2a940e0043cdf9d637-common-args.resp -MMD -MT dependencies -MF /Users/yutaro/project-profit-ios/artifacts/release-quality/performance-gate/DerivedData/Build/Intermediates.noindex/libxlsxwriter.build/Debug-iphonesimulator/libxlsxwriter.build/Objects-normal/arm64/rich_value_structure.d --serialize-diagnostics /Users/yutaro/project-profit-ios/artifacts/release-quality/performance-gate/DerivedData/Build/Intermediates.noindex/libxlsxwriter.build/Debug-iphonesimulator/libxlsxwriter.build/Objects-normal/arm64/rich_value_structure.dia -c /Users/yutaro/project-profit-ios/artifacts/release-quality/performance-gate/DerivedData/SourcePackages/checkouts/libxlsxwriter/src/rich_value_structure.c -o /Users/yutaro/project-profit-ios/artifacts/release-quality/performance-gate/DerivedData/Build/Intermediates.noindex/libxlsxwriter.build/Debug-iphonesimulator/libxlsxwriter.build/Objects-normal/arm64/rich_value_structure.o -index-unit-output-path /libxlsxwriter.build/Debug-iphonesimulator/libxlsxwriter.build/Objects-normal/arm64/rich_value_structure.o

CompileC /Users/yutaro/project-profit-ios/artifacts/release-quality/performance-gate/DerivedData/Build/Intermediates.noindex/libxlsxwriter.build/Debug-iphonesimulator/libxlsxwriter.build/Objects-normal/arm64/rich_value_rel.o /Users/yutaro/project-profit-ios/artifacts/release-quality/performance-gate/DerivedData/SourcePackages/checkouts/libxlsxwriter/src/rich_value_rel.c normal arm64 c com.apple.compilers.llvm.clang.1_0.compiler (in target 'libxlsxwriter' from project 'libxlsxwriter')
    cd /Users/yutaro/project-profit-ios/ProjectProfit.xcodeproj
    
    Using response file: /Users/yutaro/project-profit-ios/artifacts/release-quality/performance-gate/DerivedData/Build/Intermediates.noindex/libxlsxwriter.build/Debug-iphonesimulator/libxlsxwriter.build/Objects-normal/arm64/7187679823f38a2a940e0043cdf9d637-common-args.resp
    
    /Applications/Xcode-26.3.app/Contents/Developer/Toolchains/XcodeDefault.xctoolchain/usr/bin/clang -x c -ivfsstatcache /Users/yutaro/project-profit-ios/artifacts/release-quality/performance-gate/DerivedData/SDKStatCaches.noindex/iphonesimulator26.2-23C57-91db6bf2b9df79783d042ed3cc29a58e.sdkstatcache -fmessage-length\=0 -fdiagnostics-show-note-include-stack -fmacro-backtrace-limit\=0 -fno-color-diagnostics -fmodules-prune-interval\=86400 -fmodules-prune-after\=345600 -fbuild-session-file\=/Users/yutaro/project-profit-ios/artifacts/release-quality/performance-gate/DerivedData/ModuleCache.noindex/Session.modulevalidation -fmodules-validate-once-per-build-session -Wnon-modular-include-in-framework-module -Werror\=non-modular-include-in-framework-module -Wno-trigraphs -Wno-missing-field-initializers -Wno-missing-prototypes -Wno-return-type -Wno-missing-braces -Wparentheses -Wswitch -Wno-unused-function -Wno-unused-label -Wno-unused-parameter -Wno-unused-variable -Wunused-value -Wno-empty-body -Wno-uninitialized -Wno-unknown-pragmas -w -Wno-shadow -Wno-four-char-constants -Wno-conversion -Wno-constant-conversion -Wno-int-conversion -Wno-bool-conversion -Wno-enum-conversion -Wno-float-conversion -Wno-non-literal-null-conversion -Wno-objc-literal-conversion -Wshorten-64-to-32 -Wpointer-sign -Wno-newline-eof -Wno-implicit-fallthrough -fstrict-aliasing -Wdeprecated-declarations -Wno-sign-conversion -Wno-infinite-recursion -Wno-comma -Wno-block-capture-autoreleasing -Wno-strict-prototypes -Wno-semicolon-before-method-body -index-store-path /Users/yutaro/project-profit-ios/artifacts/release-quality/performance-gate/DerivedData/Index.noindex/DataStore @/Users/yutaro/project-profit-ios/artifacts/release-quality/performance-gate/DerivedData/Build/Intermediates.noindex/libxlsxwriter.build/Debug-iphonesimulator/libxlsxwriter.build/Objects-normal/arm64/7187679823f38a2a940e0043cdf9d637-common-args.resp -MMD -MT dependencies -MF /Users/yutaro/project-profit-ios/artifacts/release-quality/performance-gate/DerivedData/Build/Intermediates.noindex/libxlsxwriter.build/Debug-iphonesimulator/libxlsxwriter.build/Objects-normal/arm64/rich_value_rel.d --serialize-diagnostics /Users/yutaro/project-profit-ios/artifacts/release-quality/performance-gate/DerivedData/Build/Intermediates.noindex/libxlsxwriter.build/Debug-iphonesimulator/libxlsxwriter.build/Objects-normal/arm64/rich_value_rel.dia -c /Users/yutaro/project-profit-ios/artifacts/release-quality/performance-gate/DerivedData/SourcePackages/checkouts/libxlsxwriter/src/rich_value_rel.c -o /Users/yutaro/project-profit-ios/artifacts/release-quality/performance-gate/DerivedData/Build/Intermediates.noindex/libxlsxwriter.build/Debug-iphonesimulator/libxlsxwriter.build/Objects-normal/arm64/rich_value_rel.o -index-unit-output-path /libxlsxwriter.build/Debug-iphonesimulator/libxlsxwriter.build/Objects-normal/arm64/rich_value_rel.o

CompileC /Users/yutaro/project-profit-ios/artifacts/release-quality/performance-gate/DerivedData/Build/Intermediates.noindex/libxlsxwriter.build/Debug-iphonesimulator/libxlsxwriter.build/Objects-normal/arm64/rich_value.o /Users/yutaro/project-profit-ios/artifacts/release-quality/performance-gate/DerivedData/SourcePackages/checkouts/libxlsxwriter/src/rich_value.c normal arm64 c com.apple.compilers.llvm.clang.1_0.compiler (in target 'libxlsxwriter' from project 'libxlsxwriter')
    cd /Users/yutaro/project-profit-ios/ProjectProfit.xcodeproj
    
    Using response file: /Users/yutaro/project-profit-ios/artifacts/release-quality/performance-gate/DerivedData/Build/Intermediates.noindex/libxlsxwriter.build/Debug-iphonesimulator/libxlsxwriter.build/Objects-normal/arm64/7187679823f38a2a940e0043cdf9d637-common-args.resp
    
    /Applications/Xcode-26.3.app/Contents/Developer/Toolchains/XcodeDefault.xctoolchain/usr/bin/clang -x c -ivfsstatcache /Users/yutaro/project-profit-ios/artifacts/release-quality/performance-gate/DerivedData/SDKStatCaches.noindex/iphonesimulator26.2-23C57-91db6bf2b9df79783d042ed3cc29a58e.sdkstatcache -fmessage-length\=0 -fdiagnostics-show-note-include-stack -fmacro-backtrace-limit\=0 -fno-color-diagnostics -fmodules-prune-interval\=86400 -fmodules-prune-after\=345600 -fbuild-session-file\=/Users/yutaro/project-profit-ios/artifacts/release-quality/performance-gate/DerivedData/ModuleCache.noindex/Session.modulevalidation -fmodules-validate-once-per-build-session -Wnon-modular-include-in-framework-module -Werror\=non-modular-include-in-framework-module -Wno-trigraphs -Wno-missing-field-initializers -Wno-missing-prototypes -Wno-return-type -Wno-missing-braces -Wparentheses -Wswitch -Wno-unused-function -Wno-unused-label -Wno-unused-parameter -Wno-unused-variable -Wunused-value -Wno-empty-body -Wno-uninitialized -Wno-unknown-pragmas -w -Wno-shadow -Wno-four-char-constants -Wno-conversion -Wno-constant-conversion -Wno-int-conversion -Wno-bool-conversion -Wno-enum-conversion -Wno-float-conversion -Wno-non-literal-null-conversion -Wno-objc-literal-conversion -Wshorten-64-to-32 -Wpointer-sign -Wno-newline-eof -Wno-implicit-fallthrough -fstrict-aliasing -Wdeprecated-declarations -Wno-sign-conversion -Wno-infinite-recursion -Wno-comma -Wno-block-capture-autoreleasing -Wno-strict-prototypes -Wno-semicolon-before-method-body -index-store-path /Users/yutaro/project-profit-ios/artifacts/release-quality/performance-gate/DerivedData/Index.noindex/DataStore @/Users/yutaro/project-profit-ios/artifacts/release-quality/performance-gate/DerivedData/Build/Intermediates.noindex/libxlsxwriter.build/Debug-iphonesimulator/libxlsxwriter.build/Objects-normal/arm64/7187679823f38a2a940e0043cdf9d637-common-args.resp -MMD -MT dependencies -MF /Users/yutaro/project-profit-ios/artifacts/release-quality/performance-gate/DerivedData/Build/Intermediates.noindex/libxlsxwriter.build/Debug-iphonesimulator/libxlsxwriter.build/Objects-normal/arm64/rich_value.d --serialize-diagnostics /Users/yutaro/project-profit-ios/artifacts/release-quality/performance-gate/DerivedData/Build/Intermediates.noindex/libxlsxwriter.build/Debug-iphonesimulator/libxlsxwriter.build/Objects-normal/arm64/rich_value.dia -c /Users/yutaro/project-profit-ios/artifacts/release-quality/performance-gate/DerivedData/SourcePackages/checkouts/libxlsxwriter/src/rich_value.c -o /Users/yutaro/project-profit-ios/artifacts/release-quality/performance-gate/DerivedData/Build/Intermediates.noindex/libxlsxwriter.build/Debug-iphonesimulator/libxlsxwriter.build/Objects-normal/arm64/rich_value.o -index-unit-output-path /libxlsxwriter.build/Debug-iphonesimulator/libxlsxwriter.build/Objects-normal/arm64/rich_value.o

SwiftExplicitDependencyGeneratePcm arm64 /Users/yutaro/project-profit-ios/artifacts/release-quality/performance-gate/DerivedData/ModuleCache.noindex/_Builtin_limits-9EUDW3ZLOHM18IY59QMT1GHVW.pcm

SwiftExplicitDependencyGeneratePcm arm64 /Users/yutaro/project-profit-ios/artifacts/release-quality/performance-gate/DerivedData/ModuleCache.noindex/_DarwinFoundation2-3DBGTN24OU3ZPQZRVRFBJ5C8W.pcm

CompileC /Users/yutaro/project-profit-ios/artifacts/release-quality/performance-gate/DerivedData/Build/Intermediates.noindex/libxlsxwriter.build/Debug-iphonesimulator/libxlsxwriter.build/Objects-normal/arm64/relationships.o /Users/yutaro/project-profit-ios/artifacts/release-quality/performance-gate/DerivedData/SourcePackages/checkouts/libxlsxwriter/src/relationships.c normal arm64 c com.apple.compilers.llvm.clang.1_0.compiler (in target 'libxlsxwriter' from project 'libxlsxwriter')
    cd /Users/yutaro/project-profit-ios/ProjectProfit.xcodeproj
    
    Using response file: /Users/yutaro/project-profit-ios/artifacts/release-quality/performance-gate/DerivedData/Build/Intermediates.noindex/libxlsxwriter.build/Debug-iphonesimulator/libxlsxwriter.build/Objects-normal/arm64/7187679823f38a2a940e0043cdf9d637-common-args.resp
    
    /Applications/Xcode-26.3.app/Contents/Developer/Toolchains/XcodeDefault.xctoolchain/usr/bin/clang -x c -ivfsstatcache /Users/yutaro/project-profit-ios/artifacts/release-quality/performance-gate/DerivedData/SDKStatCaches.noindex/iphonesimulator26.2-23C57-91db6bf2b9df79783d042ed3cc29a58e.sdkstatcache -fmessage-length\=0 -fdiagnostics-show-note-include-stack -fmacro-backtrace-limit\=0 -fno-color-diagnostics -fmodules-prune-interval\=86400 -fmodules-prune-after\=345600 -fbuild-session-file\=/Users/yutaro/project-profit-ios/artifacts/release-quality/performance-gate/DerivedData/ModuleCache.noindex/Session.modulevalidation -fmodules-validate-once-per-build-session -Wnon-modular-include-in-framework-module -Werror\=non-modular-include-in-framework-module -Wno-trigraphs -Wno-missing-field-initializers -Wno-missing-prototypes -Wno-return-type -Wno-missing-braces -Wparentheses -Wswitch -Wno-unused-function -Wno-unused-label -Wno-unused-parameter -Wno-unused-variable -Wunused-value -Wno-empty-body -Wno-uninitialized -Wno-unknown-pragmas -w -Wno-shadow -Wno-four-char-constants -Wno-conversion -Wno-constant-conversion -Wno-int-conversion -Wno-bool-conversion -Wno-enum-conversion -Wno-float-conversion -Wno-non-literal-null-conversion -Wno-objc-literal-conversion -Wshorten-64-to-32 -Wpointer-sign -Wno-newline-eof -Wno-implicit-fallthrough -fstrict-aliasing -Wdeprecated-declarations -Wno-sign-conversion -Wno-infinite-recursion -Wno-comma -Wno-block-capture-autoreleasing -Wno-strict-prototypes -Wno-semicolon-before-method-body -index-store-path /Users/yutaro/project-profit-ios/artifacts/release-quality/performance-gate/DerivedData/Index.noindex/DataStore @/Users/yutaro/project-profit-ios/artifacts/release-quality/performance-gate/DerivedData/Build/Intermediates.noindex/libxlsxwriter.build/Debug-iphonesimulator/libxlsxwriter.build/Objects-normal/arm64/7187679823f38a2a940e0043cdf9d637-common-args.resp -MMD -MT dependencies -MF /Users/yutaro/project-profit-ios/artifacts/release-quality/performance-gate/DerivedData/Build/Intermediates.noindex/libxlsxwriter.build/Debug-iphonesimulator/libxlsxwriter.build/Objects-normal/arm64/relationships.d --serialize-diagnostics /Users/yutaro/project-profit-ios/artifacts/release-quality/performance-gate/DerivedData/Build/Intermediates.noindex/libxlsxwriter.build/Debug-iphonesimulator/libxlsxwriter.build/Objects-normal/arm64/relationships.dia -c /Users/yutaro/project-profit-ios/artifacts/release-quality/performance-gate/DerivedData/SourcePackages/checkouts/libxlsxwriter/src/relationships.c -o /Users/yutaro/project-profit-ios/artifacts/release-quality/performance-gate/DerivedData/Build/Intermediates.noindex/libxlsxwriter.build/Debug-iphonesimulator/libxlsxwriter.build/Objects-normal/arm64/relationships.o -index-unit-output-path /libxlsxwriter.build/Debug-iphonesimulator/libxlsxwriter.build/Objects-normal/arm64/relationships.o

CompileC /Users/yutaro/project-profit-ios/artifacts/release-quality/performance-gate/DerivedData/Build/Intermediates.noindex/libxlsxwriter.build/Debug-iphonesimulator/libxlsxwriter.build/Objects-normal/arm64/packager.o /Users/yutaro/project-profit-ios/artifacts/release-quality/performance-gate/DerivedData/SourcePackages/checkouts/libxlsxwriter/src/packager.c normal arm64 c com.apple.compilers.llvm.clang.1_0.compiler (in target 'libxlsxwriter' from project 'libxlsxwriter')
    cd /Users/yutaro/project-profit-ios/ProjectProfit.xcodeproj
    
    Using response file: /Users/yutaro/project-profit-ios/artifacts/release-quality/performance-gate/DerivedData/Build/Intermediates.noindex/libxlsxwriter.build/Debug-iphonesimulator/libxlsxwriter.build/Objects-normal/arm64/7187679823f38a2a940e0043cdf9d637-common-args.resp
    
    /Applications/Xcode-26.3.app/Contents/Developer/Toolchains/XcodeDefault.xctoolchain/usr/bin/clang -x c -ivfsstatcache /Users/yutaro/project-profit-ios/artifacts/release-quality/performance-gate/DerivedData/SDKStatCaches.noindex/iphonesimulator26.2-23C57-91db6bf2b9df79783d042ed3cc29a58e.sdkstatcache -fmessage-length\=0 -fdiagnostics-show-note-include-stack -fmacro-backtrace-limit\=0 -fno-color-diagnostics -fmodules-prune-interval\=86400 -fmodules-prune-after\=345600 -fbuild-session-file\=/Users/yutaro/project-profit-ios/artifacts/release-quality/performance-gate/DerivedData/ModuleCache.noindex/Session.modulevalidation -fmodules-validate-once-per-build-session -Wnon-modular-include-in-framework-module -Werror\=non-modular-include-in-framework-module -Wno-trigraphs -Wno-missing-field-initializers -Wno-missing-prototypes -Wno-return-type -Wno-missing-braces -Wparentheses -Wswitch -Wno-unused-function -Wno-unused-label -Wno-unused-parameter -Wno-unused-variable -Wunused-value -Wno-empty-body -Wno-uninitialized -Wno-unknown-pragmas -w -Wno-shadow -Wno-four-char-constants -Wno-conversion -Wno-constant-conversion -Wno-int-conversion -Wno-bool-conversion -Wno-enum-conversion -Wno-float-conversion -Wno-non-literal-null-conversion -Wno-objc-literal-conversion -Wshorten-64-to-32 -Wpointer-sign -Wno-newline-eof -Wno-implicit-fallthrough -fstrict-aliasing -Wdeprecated-declarations -Wno-sign-conversion -Wno-infinite-recursion -Wno-comma -Wno-block-capture-autoreleasing -Wno-strict-prototypes -Wno-semicolon-before-method-body -index-store-path /Users/yutaro/project-profit-ios/artifacts/release-quality/performance-gate/DerivedData/Index.noindex/DataStore @/Users/yutaro/project-profit-ios/artifacts/release-quality/performance-gate/DerivedData/Build/Intermediates.noindex/libxlsxwriter.build/Debug-iphonesimulator/libxlsxwriter.build/Objects-normal/arm64/7187679823f38a2a940e0043cdf9d637-common-args.resp -MMD -MT dependencies -MF /Users/yutaro/project-profit-ios/artifacts/release-quality/performance-gate/DerivedData/Build/Intermediates.noindex/libxlsxwriter.build/Debug-iphonesimulator/libxlsxwriter.build/Objects-normal/arm64/packager.d --serialize-diagnostics /Users/yutaro/project-profit-ios/artifacts/release-quality/performance-gate/DerivedData/Build/Intermediates.noindex/libxlsxwriter.build/Debug-iphonesimulator/libxlsxwriter.build/Objects-normal/arm64/packager.dia -c /Users/yutaro/project-profit-ios/artifacts/release-quality/performance-gate/DerivedData/SourcePackages/checkouts/libxlsxwriter/src/packager.c -o /Users/yutaro/project-profit-ios/artifacts/release-quality/performance-gate/DerivedData/Build/Intermediates.noindex/libxlsxwriter.build/Debug-iphonesimulator/libxlsxwriter.build/Objects-normal/arm64/packager.o -index-unit-output-path /libxlsxwriter.build/Debug-iphonesimulator/libxlsxwriter.build/Objects-normal/arm64/packager.o

CompileC /Users/yutaro/project-profit-ios/artifacts/release-quality/performance-gate/DerivedData/Build/Intermediates.noindex/libxlsxwriter.build/Debug-iphonesimulator/libxlsxwriter.build/Objects-normal/arm64/metadata.o /Users/yutaro/project-profit-ios/artifacts/release-quality/performance-gate/DerivedData/SourcePackages/checkouts/libxlsxwriter/src/metadata.c normal arm64 c com.apple.compilers.llvm.clang.1_0.compiler (in target 'libxlsxwriter' from project 'libxlsxwriter')
    cd /Users/yutaro/project-profit-ios/ProjectProfit.xcodeproj
    
    Using response file: /Users/yutaro/project-profit-ios/artifacts/release-quality/performance-gate/DerivedData/Build/Intermediates.noindex/libxlsxwriter.build/Debug-iphonesimulator/libxlsxwriter.build/Objects-normal/arm64/7187679823f38a2a940e0043cdf9d637-common-args.resp
    
    /Applications/Xcode-26.3.app/Contents/Developer/Toolchains/XcodeDefault.xctoolchain/usr/bin/clang -x c -ivfsstatcache /Users/yutaro/project-profit-ios/artifacts/release-quality/performance-gate/DerivedData/SDKStatCaches.noindex/iphonesimulator26.2-23C57-91db6bf2b9df79783d042ed3cc29a58e.sdkstatcache -fmessage-length\=0 -fdiagnostics-show-note-include-stack -fmacro-backtrace-limit\=0 -fno-color-diagnostics -fmodules-prune-interval\=86400 -fmodules-prune-after\=345600 -fbuild-session-file\=/Users/yutaro/project-profit-ios/artifacts/release-quality/performance-gate/DerivedData/ModuleCache.noindex/Session.modulevalidation -fmodules-validate-once-per-build-session -Wnon-modular-include-in-framework-module -Werror\=non-modular-include-in-framework-module -Wno-trigraphs -Wno-missing-field-initializers -Wno-missing-prototypes -Wno-return-type -Wno-missing-braces -Wparentheses -Wswitch -Wno-unused-function -Wno-unused-label -Wno-unused-parameter -Wno-unused-variable -Wunused-value -Wno-empty-body -Wno-uninitialized -Wno-unknown-pragmas -w -Wno-shadow -Wno-four-char-constants -Wno-conversion -Wno-constant-conversion -Wno-int-conversion -Wno-bool-conversion -Wno-enum-conversion -Wno-float-conversion -Wno-non-literal-null-conversion -Wno-objc-literal-conversion -Wshorten-64-to-32 -Wpointer-sign -Wno-newline-eof -Wno-implicit-fallthrough -fstrict-aliasing -Wdeprecated-declarations -Wno-sign-conversion -Wno-infinite-recursion -Wno-comma -Wno-block-capture-autoreleasing -Wno-strict-prototypes -Wno-semicolon-before-method-body -index-store-path /Users/yutaro/project-profit-ios/artifacts/release-quality/performance-gate/DerivedData/Index.noindex/DataStore @/Users/yutaro/project-profit-ios/artifacts/release-quality/performance-gate/DerivedData/Build/Intermediates.noindex/libxlsxwriter.build/Debug-iphonesimulator/libxlsxwriter.build/Objects-normal/arm64/7187679823f38a2a940e0043cdf9d637-common-args.resp -MMD -MT dependencies -MF /Users/yutaro/project-profit-ios/artifacts/release-quality/performance-gate/DerivedData/Build/Intermediates.noindex/libxlsxwriter.build/Debug-iphonesimulator/libxlsxwriter.build/Objects-normal/arm64/metadata.d --serialize-diagnostics /Users/yutaro/project-profit-ios/artifacts/release-quality/performance-gate/DerivedData/Build/Intermediates.noindex/libxlsxwriter.build/Debug-iphonesimulator/libxlsxwriter.build/Objects-normal/arm64/metadata.dia -c /Users/yutaro/project-profit-ios/artifacts/release-quality/performance-gate/DerivedData/SourcePackages/checkouts/libxlsxwriter/src/metadata.c -o /Users/yutaro/project-profit-ios/artifacts/release-quality/performance-gate/DerivedData/Build/Intermediates.noindex/libxlsxwriter.build/Debug-iphonesimulator/libxlsxwriter.build/Objects-normal/arm64/metadata.o -index-unit-output-path /libxlsxwriter.build/Debug-iphonesimulator/libxlsxwriter.build/Objects-normal/arm64/metadata.o

CompileC /Users/yutaro/project-profit-ios/artifacts/release-quality/performance-gate/DerivedData/Build/Intermediates.noindex/libxlsxwriter.build/Debug-iphonesimulator/libxlsxwriter.build/Objects-normal/arm64/format.o /Users/yutaro/project-profit-ios/artifacts/release-quality/performance-gate/DerivedData/SourcePackages/checkouts/libxlsxwriter/src/format.c normal arm64 c com.apple.compilers.llvm.clang.1_0.compiler (in target 'libxlsxwriter' from project 'libxlsxwriter')
    cd /Users/yutaro/project-profit-ios/ProjectProfit.xcodeproj
    
    Using response file: /Users/yutaro/project-profit-ios/artifacts/release-quality/performance-gate/DerivedData/Build/Intermediates.noindex/libxlsxwriter.build/Debug-iphonesimulator/libxlsxwriter.build/Objects-normal/arm64/7187679823f38a2a940e0043cdf9d637-common-args.resp
    
    /Applications/Xcode-26.3.app/Contents/Developer/Toolchains/XcodeDefault.xctoolchain/usr/bin/clang -x c -ivfsstatcache /Users/yutaro/project-profit-ios/artifacts/release-quality/performance-gate/DerivedData/SDKStatCaches.noindex/iphonesimulator26.2-23C57-91db6bf2b9df79783d042ed3cc29a58e.sdkstatcache -fmessage-length\=0 -fdiagnostics-show-note-include-stack -fmacro-backtrace-limit\=0 -fno-color-diagnostics -fmodules-prune-interval\=86400 -fmodules-prune-after\=345600 -fbuild-session-file\=/Users/yutaro/project-profit-ios/artifacts/release-quality/performance-gate/DerivedData/ModuleCache.noindex/Session.modulevalidation -fmodules-validate-once-per-build-session -Wnon-modular-include-in-framework-module -Werror\=non-modular-include-in-framework-module -Wno-trigraphs -Wno-missing-field-initializers -Wno-missing-prototypes -Wno-return-type -Wno-missing-braces -Wparentheses -Wswitch -Wno-unused-function -Wno-unused-label -Wno-unused-parameter -Wno-unused-variable -Wunused-value -Wno-empty-body -Wno-uninitialized -Wno-unknown-pragmas -w -Wno-shadow -Wno-four-char-constants -Wno-conversion -Wno-constant-conversion -Wno-int-conversion -Wno-bool-conversion -Wno-enum-conversion -Wno-float-conversion -Wno-non-literal-null-conversion -Wno-objc-literal-conversion -Wshorten-64-to-32 -Wpointer-sign -Wno-newline-eof -Wno-implicit-fallthrough -fstrict-aliasing -Wdeprecated-declarations -Wno-sign-conversion -Wno-infinite-recursion -Wno-comma -Wno-block-capture-autoreleasing -Wno-strict-prototypes -Wno-semicolon-before-method-body -index-store-path /Users/yutaro/project-profit-ios/artifacts/release-quality/performance-gate/DerivedData/Index.noindex/DataStore @/Users/yutaro/project-profit-ios/artifacts/release-quality/performance-gate/DerivedData/Build/Intermediates.noindex/libxlsxwriter.build/Debug-iphonesimulator/libxlsxwriter.build/Objects-normal/arm64/7187679823f38a2a940e0043cdf9d637-common-args.resp -MMD -MT dependencies -MF /Users/yutaro/project-profit-ios/artifacts/release-quality/performance-gate/DerivedData/Build/Intermediates.noindex/libxlsxwriter.build/Debug-iphonesimulator/libxlsxwriter.build/Objects-normal/arm64/format.d --serialize-diagnostics /Users/yutaro/project-profit-ios/artifacts/release-quality/performance-gate/DerivedData/Build/Intermediates.noindex/libxlsxwriter.build/Debug-iphonesimulator/libxlsxwriter.build/Objects-normal/arm64/format.dia -c /Users/yutaro/project-profit-ios/artifacts/release-quality/performance-gate/DerivedData/SourcePackages/checkouts/libxlsxwriter/src/format.c -o /Users/yutaro/project-profit-ios/artifacts/release-quality/performance-gate/DerivedData/Build/Intermediates.noindex/libxlsxwriter.build/Debug-iphonesimulator/libxlsxwriter.build/Objects-normal/arm64/format.o -index-unit-output-path /libxlsxwriter.build/Debug-iphonesimulator/libxlsxwriter.build/Objects-normal/arm64/format.o

CompileC /Users/yutaro/project-profit-ios/artifacts/release-quality/performance-gate/DerivedData/Build/Intermediates.noindex/libxlsxwriter.build/Debug-iphonesimulator/libxlsxwriter.build/Objects-normal/arm64/drawing.o /Users/yutaro/project-profit-ios/artifacts/release-quality/performance-gate/DerivedData/SourcePackages/checkouts/libxlsxwriter/src/drawing.c normal arm64 c com.apple.compilers.llvm.clang.1_0.compiler (in target 'libxlsxwriter' from project 'libxlsxwriter')
    cd /Users/yutaro/project-profit-ios/ProjectProfit.xcodeproj
    
    Using response file: /Users/yutaro/project-profit-ios/artifacts/release-quality/performance-gate/DerivedData/Build/Intermediates.noindex/libxlsxwriter.build/Debug-iphonesimulator/libxlsxwriter.build/Objects-normal/arm64/7187679823f38a2a940e0043cdf9d637-common-args.resp
    
    /Applications/Xcode-26.3.app/Contents/Developer/Toolchains/XcodeDefault.xctoolchain/usr/bin/clang -x c -ivfsstatcache /Users/yutaro/project-profit-ios/artifacts/release-quality/performance-gate/DerivedData/SDKStatCaches.noindex/iphonesimulator26.2-23C57-91db6bf2b9df79783d042ed3cc29a58e.sdkstatcache -fmessage-length\=0 -fdiagnostics-show-note-include-stack -fmacro-backtrace-limit\=0 -fno-color-diagnostics -fmodules-prune-interval\=86400 -fmodules-prune-after\=345600 -fbuild-session-file\=/Users/yutaro/project-profit-ios/artifacts/release-quality/performance-gate/DerivedData/ModuleCache.noindex/Session.modulevalidation -fmodules-validate-once-per-build-session -Wnon-modular-include-in-framework-module -Werror\=non-modular-include-in-framework-module -Wno-trigraphs -Wno-missing-field-initializers -Wno-missing-prototypes -Wno-return-type -Wno-missing-braces -Wparentheses -Wswitch -Wno-unused-function -Wno-unused-label -Wno-unused-parameter -Wno-unused-variable -Wunused-value -Wno-empty-body -Wno-uninitialized -Wno-unknown-pragmas -w -Wno-shadow -Wno-four-char-constants -Wno-conversion -Wno-constant-conversion -Wno-int-conversion -Wno-bool-conversion -Wno-enum-conversion -Wno-float-conversion -Wno-non-literal-null-conversion -Wno-objc-literal-conversion -Wshorten-64-to-32 -Wpointer-sign -Wno-newline-eof -Wno-implicit-fallthrough -fstrict-aliasing -Wdeprecated-declarations -Wno-sign-conversion -Wno-infinite-recursion -Wno-comma -Wno-block-capture-autoreleasing -Wno-strict-prototypes -Wno-semicolon-before-method-body -index-store-path /Users/yutaro/project-profit-ios/artifacts/release-quality/performance-gate/DerivedData/Index.noindex/DataStore @/Users/yutaro/project-profit-ios/artifacts/release-quality/performance-gate/DerivedData/Build/Intermediates.noindex/libxlsxwriter.build/Debug-iphonesimulator/libxlsxwriter.build/Objects-normal/arm64/7187679823f38a2a940e0043cdf9d637-common-args.resp -MMD -MT dependencies -MF /Users/yutaro/project-profit-ios/artifacts/release-quality/performance-gate/DerivedData/Build/Intermediates.noindex/libxlsxwriter.build/Debug-iphonesimulator/libxlsxwriter.build/Objects-normal/arm64/drawing.d --serialize-diagnostics /Users/yutaro/project-profit-ios/artifacts/release-quality/performance-gate/DerivedData/Build/Intermediates.noindex/libxlsxwriter.build/Debug-iphonesimulator/libxlsxwriter.build/Objects-normal/arm64/drawing.dia -c /Users/yutaro/project-profit-ios/artifacts/release-quality/performance-gate/DerivedData/SourcePackages/checkouts/libxlsxwriter/src/drawing.c -o /Users/yutaro/project-profit-ios/artifacts/release-quality/performance-gate/DerivedData/Build/Intermediates.noindex/libxlsxwriter.build/Debug-iphonesimulator/libxlsxwriter.build/Objects-normal/arm64/drawing.o -index-unit-output-path /libxlsxwriter.build/Debug-iphonesimulator/libxlsxwriter.build/Objects-normal/arm64/drawing.o

CompileC /Users/yutaro/project-profit-ios/artifacts/release-quality/performance-gate/DerivedData/Build/Intermediates.noindex/libxlsxwriter.build/Debug-iphonesimulator/libxlsxwriter.build/Objects-normal/arm64/custom.o /Users/yutaro/project-profit-ios/artifacts/release-quality/performance-gate/DerivedData/SourcePackages/checkouts/libxlsxwriter/src/custom.c normal arm64 c com.apple.compilers.llvm.clang.1_0.compiler (in target 'libxlsxwriter' from project 'libxlsxwriter')
    cd /Users/yutaro/project-profit-ios/ProjectProfit.xcodeproj
    
    Using response file: /Users/yutaro/project-profit-ios/artifacts/release-quality/performance-gate/DerivedData/Build/Intermediates.noindex/libxlsxwriter.build/Debug-iphonesimulator/libxlsxwriter.build/Objects-normal/arm64/7187679823f38a2a940e0043cdf9d637-common-args.resp
    
    /Applications/Xcode-26.3.app/Contents/Developer/Toolchains/XcodeDefault.xctoolchain/usr/bin/clang -x c -ivfsstatcache /Users/yutaro/project-profit-ios/artifacts/release-quality/performance-gate/DerivedData/SDKStatCaches.noindex/iphonesimulator26.2-23C57-91db6bf2b9df79783d042ed3cc29a58e.sdkstatcache -fmessage-length\=0 -fdiagnostics-show-note-include-stack -fmacro-backtrace-limit\=0 -fno-color-diagnostics -fmodules-prune-interval\=86400 -fmodules-prune-after\=345600 -fbuild-session-file\=/Users/yutaro/project-profit-ios/artifacts/release-quality/performance-gate/DerivedData/ModuleCache.noindex/Session.modulevalidation -fmodules-validate-once-per-build-session -Wnon-modular-include-in-framework-module -Werror\=non-modular-include-in-framework-module -Wno-trigraphs -Wno-missing-field-initializers -Wno-missing-prototypes -Wno-return-type -Wno-missing-braces -Wparentheses -Wswitch -Wno-unused-function -Wno-unused-label -Wno-unused-parameter -Wno-unused-variable -Wunused-value -Wno-empty-body -Wno-uninitialized -Wno-unknown-pragmas -w -Wno-shadow -Wno-four-char-constants -Wno-conversion -Wno-constant-conversion -Wno-int-conversion -Wno-bool-conversion -Wno-enum-conversion -Wno-float-conversion -Wno-non-literal-null-conversion -Wno-objc-literal-conversion -Wshorten-64-to-32 -Wpointer-sign -Wno-newline-eof -Wno-implicit-fallthrough -fstrict-aliasing -Wdeprecated-declarations -Wno-sign-conversion -Wno-infinite-recursion -Wno-comma -Wno-block-capture-autoreleasing -Wno-strict-prototypes -Wno-semicolon-before-method-body -index-store-path /Users/yutaro/project-profit-ios/artifacts/release-quality/performance-gate/DerivedData/Index.noindex/DataStore @/Users/yutaro/project-profit-ios/artifacts/release-quality/performance-gate/DerivedData/Build/Intermediates.noindex/libxlsxwriter.build/Debug-iphonesimulator/libxlsxwriter.build/Objects-normal/arm64/7187679823f38a2a940e0043cdf9d637-common-args.resp -MMD -MT dependencies -MF /Users/yutaro/project-profit-ios/artifacts/release-quality/performance-gate/DerivedData/Build/Intermediates.noindex/libxlsxwriter.build/Debug-iphonesimulator/libxlsxwriter.build/Objects-normal/arm64/custom.d --serialize-diagnostics /Users/yutaro/project-profit-ios/artifacts/release-quality/performance-gate/DerivedData/Build/Intermediates.noindex/libxlsxwriter.build/Debug-iphonesimulator/libxlsxwriter.build/Objects-normal/arm64/custom.dia -c /Users/yutaro/project-profit-ios/artifacts/release-quality/performance-gate/DerivedData/SourcePackages/checkouts/libxlsxwriter/src/custom.c -o /Users/yutaro/project-profit-ios/artifacts/release-quality/performance-gate/DerivedData/Build/Intermediates.noindex/libxlsxwriter.build/Debug-iphonesimulator/libxlsxwriter.build/Objects-normal/arm64/custom.o -index-unit-output-path /libxlsxwriter.build/Debug-iphonesimulator/libxlsxwriter.build/Objects-normal/arm64/custom.o

CompileC /Users/yutaro/project-profit-ios/artifacts/release-quality/performance-gate/DerivedData/Build/Intermediates.noindex/libxlsxwriter.build/Debug-iphonesimulator/libxlsxwriter.build/Objects-normal/arm64/app.o /Users/yutaro/project-profit-ios/artifacts/release-quality/performance-gate/DerivedData/SourcePackages/checkouts/libxlsxwriter/src/app.c normal arm64 c com.apple.compilers.llvm.clang.1_0.compiler (in target 'libxlsxwriter' from project 'libxlsxwriter')
    cd /Users/yutaro/project-profit-ios/ProjectProfit.xcodeproj
    
    Using response file: /Users/yutaro/project-profit-ios/artifacts/release-quality/performance-gate/DerivedData/Build/Intermediates.noindex/libxlsxwriter.build/Debug-iphonesimulator/libxlsxwriter.build/Objects-normal/arm64/7187679823f38a2a940e0043cdf9d637-common-args.resp
    
    /Applications/Xcode-26.3.app/Contents/Developer/Toolchains/XcodeDefault.xctoolchain/usr/bin/clang -x c -ivfsstatcache /Users/yutaro/project-profit-ios/artifacts/release-quality/performance-gate/DerivedData/SDKStatCaches.noindex/iphonesimulator26.2-23C57-91db6bf2b9df79783d042ed3cc29a58e.sdkstatcache -fmessage-length\=0 -fdiagnostics-show-note-include-stack -fmacro-backtrace-limit\=0 -fno-color-diagnostics -fmodules-prune-interval\=86400 -fmodules-prune-after\=345600 -fbuild-session-file\=/Users/yutaro/project-profit-ios/artifacts/release-quality/performance-gate/DerivedData/ModuleCache.noindex/Session.modulevalidation -fmodules-validate-once-per-build-session -Wnon-modular-include-in-framework-module -Werror\=non-modular-include-in-framework-module -Wno-trigraphs -Wno-missing-field-initializers -Wno-missing-prototypes -Wno-return-type -Wno-missing-braces -Wparentheses -Wswitch -Wno-unused-function -Wno-unused-label -Wno-unused-parameter -Wno-unused-variable -Wunused-value -Wno-empty-body -Wno-uninitialized -Wno-unknown-pragmas -w -Wno-shadow -Wno-four-char-constants -Wno-conversion -Wno-constant-conversion -Wno-int-conversion -Wno-bool-conversion -Wno-enum-conversion -Wno-float-conversion -Wno-non-literal-null-conversion -Wno-objc-literal-conversion -Wshorten-64-to-32 -Wpointer-sign -Wno-newline-eof -Wno-implicit-fallthrough -fstrict-aliasing -Wdeprecated-declarations -Wno-sign-conversion -Wno-infinite-recursion -Wno-comma -Wno-block-capture-autoreleasing -Wno-strict-prototypes -Wno-semicolon-before-method-body -index-store-path /Users/yutaro/project-profit-ios/artifacts/release-quality/performance-gate/DerivedData/Index.noindex/DataStore @/Users/yutaro/project-profit-ios/artifacts/release-quality/performance-gate/DerivedData/Build/Intermediates.noindex/libxlsxwriter.build/Debug-iphonesimulator/libxlsxwriter.build/Objects-normal/arm64/7187679823f38a2a940e0043cdf9d637-common-args.resp -MMD -MT dependencies -MF /Users/yutaro/project-profit-ios/artifacts/release-quality/performance-gate/DerivedData/Build/Intermediates.noindex/libxlsxwriter.build/Debug-iphonesimulator/libxlsxwriter.build/Objects-normal/arm64/app.d --serialize-diagnostics /Users/yutaro/project-profit-ios/artifacts/release-quality/performance-gate/DerivedData/Build/Intermediates.noindex/libxlsxwriter.build/Debug-iphonesimulator/libxlsxwriter.build/Objects-normal/arm64/app.dia -c /Users/yutaro/project-profit-ios/artifacts/release-quality/performance-gate/DerivedData/SourcePackages/checkouts/libxlsxwriter/src/app.c -o /Users/yutaro/project-profit-ios/artifacts/release-quality/performance-gate/DerivedData/Build/Intermediates.noindex/libxlsxwriter.build/Debug-iphonesimulator/libxlsxwriter.build/Objects-normal/arm64/app.o -index-unit-output-path /libxlsxwriter.build/Debug-iphonesimulator/libxlsxwriter.build/Objects-normal/arm64/app.o

SwiftExplicitDependencyGeneratePcm arm64 /Users/yutaro/project-profit-ios/artifacts/release-quality/performance-gate/DerivedData/ModuleCache.noindex/sys_types-21NR120O4MQS6B1P77QX2WKJU.pcm

SwiftExplicitDependencyGeneratePcm arm64 /Users/yutaro/project-profit-ios/artifacts/release-quality/performance-gate/DerivedData/ModuleCache.noindex/_Builtin_stdint-7WSHF9TDX2VMF6VX5EO3APCCV.pcm

SwiftExplicitDependencyGeneratePcm arm64 /Users/yutaro/project-profit-ios/artifacts/release-quality/performance-gate/DerivedData/ModuleCache.noindex/_DarwinFoundation3-5K2UMUQYZ34SR6VACKP2VPAOF.pcm

SwiftExplicitDependencyGeneratePcm arm64 /Users/yutaro/project-profit-ios/artifacts/release-quality/performance-gate/DerivedData/ModuleCache.noindex/_Builtin_stdatomic-1YPAGA7T2ZJSEAJ000U6HQJMA.pcm

SwiftExplicitDependencyGeneratePcm arm64 /Users/yutaro/project-profit-ios/artifacts/release-quality/performance-gate/DerivedData/ModuleCache.noindex/_Builtin_inttypes-9XT4AVCRY3OUKL8VXTIZAOBSD.pcm

Ld /Users/yutaro/project-profit-ios/artifacts/release-quality/performance-gate/DerivedData/Build/Products/Debug-iphonesimulator/libxlsxwriter.o normal (in target 'libxlsxwriter' from project 'libxlsxwriter')
    cd /Users/yutaro/project-profit-ios/artifacts/release-quality/performance-gate/DerivedData/SourcePackages/checkouts/libxlsxwriter
    /Applications/Xcode-26.3.app/Contents/Developer/Toolchains/XcodeDefault.xctoolchain/usr/bin/clang -Xlinker -reproducible -target arm64-apple-ios12.0-simulator -r -isysroot /Applications/Xcode-26.3.app/Contents/Developer/Platforms/iPhoneSimulator.platform/Developer/SDKs/iPhoneSimulator26.2.sdk -O0 -w -L/Users/yutaro/project-profit-ios/artifacts/release-quality/performance-gate/DerivedData/Build/Intermediates.noindex/EagerLinkingTBDs/Debug-iphonesimulator -L/Users/yutaro/project-profit-ios/artifacts/release-quality/performance-gate/DerivedData/Build/Products/Debug-iphonesimulator -L/Applications/Xcode-26.3.app/Contents/Developer/Platforms/iPhoneSimulator.platform/Developer/usr/lib -F/Users/yutaro/project-profit-ios/artifacts/release-quality/performance-gate/DerivedData/Build/Intermediates.noindex/EagerLinkingTBDs/Debug-iphonesimulator -F/Users/yutaro/project-profit-ios/artifacts/release-quality/performance-gate/DerivedData/Build/Products/Debug-iphonesimulator -iframework /Applications/Xcode-26.3.app/Contents/Developer/Platforms/iPhoneSimulator.platform/Developer/Library/Frameworks -iframework /Applications/Xcode-26.3.app/Contents/Developer/Platforms/iPhoneSimulator.platform/Developer/SDKs/iPhoneSimulator26.2.sdk/Developer/Library/Frameworks -filelist /Users/yutaro/project-profit-ios/artifacts/release-quality/performance-gate/DerivedData/Build/Intermediates.noindex/libxlsxwriter.build/Debug-iphonesimulator/libxlsxwriter.build/Objects-normal/arm64/libxlsxwriter.LinkFileList -nostdlib -Xlinker -object_path_lto -Xlinker /Users/yutaro/project-profit-ios/artifacts/release-quality/performance-gate/DerivedData/Build/Intermediates.noindex/libxlsxwriter.build/Debug-iphonesimulator/libxlsxwriter.build/Objects-normal/arm64/libxlsxwriter_lto.o -rdynamic -Xlinker -no_deduplicate -Xlinker -objc_abi_version -Xlinker 2 -Xlinker -debug_variant -Xlinker -dependency_info -Xlinker /Users/yutaro/project-profit-ios/artifacts/release-quality/performance-gate/DerivedData/Build/Intermediates.noindex/libxlsxwriter.build/Debug-iphonesimulator/libxlsxwriter.build/Objects-normal/arm64/libxlsxwriter_dependency_info.dat -o /Users/yutaro/project-profit-ios/artifacts/release-quality/performance-gate/DerivedData/Build/Products/Debug-iphonesimulator/libxlsxwriter.o

SwiftExplicitDependencyGeneratePcm arm64 /Users/yutaro/project-profit-ios/artifacts/release-quality/performance-gate/DerivedData/ModuleCache.noindex/Darwin-29UNG33THXDWGR222526PRSB.pcm

RegisterExecutionPolicyException /Users/yutaro/project-profit-ios/artifacts/release-quality/performance-gate/DerivedData/Build/Products/Debug-iphonesimulator/libxlsxwriter.o (in target 'libxlsxwriter' from project 'libxlsxwriter')
    cd /Users/yutaro/project-profit-ios/artifacts/release-quality/performance-gate/DerivedData/SourcePackages/checkouts/libxlsxwriter
    builtin-RegisterExecutionPolicyException /Users/yutaro/project-profit-ios/artifacts/release-quality/performance-gate/DerivedData/Build/Products/Debug-iphonesimulator/libxlsxwriter.o

SwiftExplicitDependencyGeneratePcm arm64 /Users/yutaro/project-profit-ios/artifacts/release-quality/performance-gate/DerivedData/ModuleCache.noindex/ObjectiveC-4RLEAADCK708CA5YMD8PEZJG8.pcm

SwiftExplicitDependencyGeneratePcm arm64 /Users/yutaro/project-profit-ios/artifacts/release-quality/performance-gate/DerivedData/ModuleCache.noindex/MachO-7DBLNU9D7XXV4UK1BX5WMD7I6.pcm

SwiftExplicitDependencyGeneratePcm arm64 /Users/yutaro/project-profit-ios/artifacts/release-quality/performance-gate/DerivedData/ModuleCache.noindex/os_object-4RX7LHDDTZI4DTS7S34QOMLMA.pcm

SwiftExplicitDependencyGeneratePcm arm64 /Users/yutaro/project-profit-ios/artifacts/release-quality/performance-gate/DerivedData/ModuleCache.noindex/os_workgroup-CE046WN5LD31VFUAAC32H1LT7.pcm

SwiftExplicitDependencyGeneratePcm arm64 /Users/yutaro/project-profit-ios/artifacts/release-quality/performance-gate/DerivedData/ModuleCache.noindex/Dispatch-8MZW8M2L6UNISX6CTTLN61ARS.pcm

SwiftExplicitDependencyGeneratePcm arm64 /Users/yutaro/project-profit-ios/artifacts/release-quality/performance-gate/DerivedData/ModuleCache.noindex/CoreFoundation-9CRTKF69V8HC662BN2FRVJ75Q.pcm

SwiftExplicitDependencyGeneratePcm arm64 /Users/yutaro/project-profit-ios/artifacts/release-quality/performance-gate/DerivedData/ModuleCache.noindex/XPC-7U67ZUZ2OBS3NMZWDMX6GX23X.pcm

SwiftExplicitDependencyGeneratePcm arm64 /Users/yutaro/project-profit-ios/artifacts/release-quality/performance-gate/DerivedData/ModuleCache.noindex/os-2Z89VGFOVLT45WVULY0DMJV2C.pcm

SwiftExplicitDependencyGeneratePcm arm64 /Users/yutaro/project-profit-ios/artifacts/release-quality/performance-gate/DerivedData/ModuleCache.noindex/CoreGraphics-A6Y7ZVZD1T02MAPGSZOJLBREK.pcm

SwiftExplicitDependencyGeneratePcm arm64 /Users/yutaro/project-profit-ios/artifacts/release-quality/performance-gate/DerivedData/ModuleCache.noindex/Security-B75AR9N1TT3FAZLB2MFLPWDRE.pcm

SwiftExplicitDependencyGeneratePcm arm64 /Users/yutaro/project-profit-ios/artifacts/release-quality/performance-gate/DerivedData/ModuleCache.noindex/CFNetwork-D833TGWLTANLGDAPCW3Y0M20Y.pcm

SwiftExplicitDependencyGeneratePcm arm64 /Users/yutaro/project-profit-ios/artifacts/release-quality/performance-gate/DerivedData/ModuleCache.noindex/Foundation-1WFEAQ0EH4STYHFH2WSRBQCXI.pcm

SwiftExplicitDependencyGeneratePcm arm64 /Users/yutaro/project-profit-ios/artifacts/release-quality/performance-gate/DerivedData/ModuleCache.noindex/ImageIO-1PFVPEIP5W3W6VGC7EB7K3458.pcm

SwiftExplicitDependencyGeneratePcm arm64 /Users/yutaro/project-profit-ios/artifacts/release-quality/performance-gate/DerivedData/ModuleCache.noindex/CoreText-1M3ATM81PNSI4HQKCC83RLMWA.pcm

SwiftExplicitDependencyGeneratePcm arm64 /Users/yutaro/project-profit-ios/artifacts/release-quality/performance-gate/DerivedData/ModuleCache.noindex/FileProvider-1ZCVX6K1WDNCSAJJ09BVMX50S.pcm

SwiftExplicitDependencyGeneratePcm arm64 /Users/yutaro/project-profit-ios/artifacts/release-quality/performance-gate/DerivedData/ModuleCache.noindex/UIUtilities-C0URGTMEZSJIBUTS8427SL1IV.pcm

SwiftExplicitDependencyGeneratePcm arm64 /Users/yutaro/project-profit-ios/artifacts/release-quality/performance-gate/DerivedData/ModuleCache.noindex/Symbols-9OWUDB7DLKXEUZ6V5R14UO03S.pcm

SwiftExplicitDependencyGeneratePcm arm64 /Users/yutaro/project-profit-ios/artifacts/release-quality/performance-gate/DerivedData/ModuleCache.noindex/OpenGLES-782919FCWC1917Y5PS965XPRF.pcm

SwiftExplicitDependencyGeneratePcm arm64 /Users/yutaro/project-profit-ios/artifacts/release-quality/performance-gate/DerivedData/ModuleCache.noindex/CoreTransferable-DRTXFGSV2PB8GGHJVR4CJXOR3.pcm

SwiftExplicitDependencyGeneratePcm arm64 /Users/yutaro/project-profit-ios/artifacts/release-quality/performance-gate/DerivedData/ModuleCache.noindex/Accessibility-CPEMV8ANFAVLZXYG3W7VJTJK4.pcm

SwiftExplicitDependencyGeneratePcm arm64 /Users/yutaro/project-profit-ios/artifacts/release-quality/performance-gate/DerivedData/ModuleCache.noindex/IOSurface-E7P4G3UIDA9TFHO1C5OF8ULY7.pcm

SwiftExplicitDependencyGeneratePcm arm64 /Users/yutaro/project-profit-ios/artifacts/release-quality/performance-gate/DerivedData/ModuleCache.noindex/OSLog-86PCEOD6ICCDHL0XNVHPFUPU6.pcm

SwiftExplicitDependencyGeneratePcm arm64 /Users/yutaro/project-profit-ios/artifacts/release-quality/performance-gate/DerivedData/ModuleCache.noindex/UniformTypeIdentifiers-2HWCSD2QBGOTFREMR0VS53NFP.pcm

SwiftExplicitDependencyGeneratePcm arm64 /Users/yutaro/project-profit-ios/artifacts/release-quality/performance-gate/DerivedData/ModuleCache.noindex/UserNotifications-AISJT9701YNRD11UCLBYCUM0R.pcm

SwiftExplicitDependencyGeneratePcm arm64 /Users/yutaro/project-profit-ios/artifacts/release-quality/performance-gate/DerivedData/ModuleCache.noindex/DataDetection-ENO7HYNMOMP83SJDFTYEYEWPB.pcm

SwiftExplicitDependencyGeneratePcm arm64 /Users/yutaro/project-profit-ios/artifacts/release-quality/performance-gate/DerivedData/ModuleCache.noindex/Metal-BQCFF7MCH9X1UU0X8NCVPM8QD.pcm

SwiftExplicitDependencyGeneratePcm arm64 /Users/yutaro/project-profit-ios/artifacts/release-quality/performance-gate/DerivedData/ModuleCache.noindex/CoreVideo-1MRTVWWECC0LSB96SDXPULXPA.pcm

SwiftExplicitDependencyGeneratePcm arm64 /Users/yutaro/project-profit-ios/artifacts/release-quality/performance-gate/DerivedData/ModuleCache.noindex/QuartzCore-1MLANGCZ9DZEFK7HM9TCO1SZS.pcm

SwiftExplicitDependencyGeneratePcm arm64 /Users/yutaro/project-profit-ios/artifacts/release-quality/performance-gate/DerivedData/ModuleCache.noindex/CoreImage-A8GZGQKN4IG52PNJM1BQ7MG5B.pcm

SwiftExplicitDependencyGeneratePcm arm64 /Users/yutaro/project-profit-ios/artifacts/release-quality/performance-gate/DerivedData/ModuleCache.noindex/SwiftUICore-6170II3VS9OOPB1EO7XP3KX68.pcm

SwiftExplicitDependencyGeneratePcm arm64 /Users/yutaro/project-profit-ios/artifacts/release-quality/performance-gate/DerivedData/ModuleCache.noindex/UIKit-6EXC78PK325ZWT30JUV59Q4E7.pcm

SwiftEmitModule normal arm64 Emitting\ module\ for\ ProjectProfitShareExtension (in target 'ProjectProfitShareExtension' from project 'ProjectProfit')

EmitSwiftModule normal arm64 (in target 'ProjectProfitShareExtension' from project 'ProjectProfit')
    cd /Users/yutaro/project-profit-ios
    

SwiftCompile normal arm64 Compiling\ ShareAttachmentImporter.swift /Users/yutaro/project-profit-ios/ProjectProfitShareExtension/ShareAttachmentImporter.swift (in target 'ProjectProfitShareExtension' from project 'ProjectProfit')
SwiftCompile normal arm64 /Users/yutaro/project-profit-ios/ProjectProfitShareExtension/ShareAttachmentImporter.swift (in target 'ProjectProfitShareExtension' from project 'ProjectProfit')
    cd /Users/yutaro/project-profit-ios
    

SwiftCompile normal arm64 Compiling\ ShareViewController.swift /Users/yutaro/project-profit-ios/ProjectProfitShareExtension/ShareViewController.swift (in target 'ProjectProfitShareExtension' from project 'ProjectProfit')
SwiftCompile normal arm64 /Users/yutaro/project-profit-ios/ProjectProfitShareExtension/ShareViewController.swift (in target 'ProjectProfitShareExtension' from project 'ProjectProfit')
    cd /Users/yutaro/project-profit-ios
    
/Users/yutaro/project-profit-ios/ProjectProfitShareExtension/ShareViewController.swift:146:103: warning: passing non-Sendable parameter 'completion' to function expecting a '@Sendable' closure
                provider.loadFileRepresentation(forTypeIdentifier: typeIdentifier, completionHandler: completion)
                                                                                                      ^
/Users/yutaro/project-profit-ios/ProjectProfitShareExtension/ShareViewController.swift:145:39: note: parameter 'completion' is implicitly non-Sendable
            loadFileRepresentation: { completion in
                                      ^

SwiftDriverJobDiscovery normal arm64 Emitting module for ProjectProfitShareExtension (in target 'ProjectProfitShareExtension' from project 'ProjectProfit')

SwiftDriver\ Compilation\ Requirements ProjectProfitShareExtension normal arm64 com.apple.xcode.tools.swift.compiler (in target 'ProjectProfitShareExtension' from project 'ProjectProfit')
    cd /Users/yutaro/project-profit-ios
    builtin-Swift-Compilation-Requirements -- /Applications/Xcode-26.3.app/Contents/Developer/Toolchains/XcodeDefault.xctoolchain/usr/bin/swiftc -module-name ProjectProfitShareExtension -Onone -enforce-exclusivity\=checked @/Users/yutaro/project-profit-ios/artifacts/release-quality/performance-gate/DerivedData/Build/Intermediates.noindex/ProjectProfit.build/Debug-iphonesimulator/ProjectProfitShareExtension.build/Objects-normal/arm64/ProjectProfitShareExtension.SwiftFileList -DDEBUG -enable-bare-slash-regex -enable-experimental-feature DebugDescriptionMacro -sdk /Applications/Xcode-26.3.app/Contents/Developer/Platforms/iPhoneSimulator.platform/Developer/SDKs/iPhoneSimulator26.2.sdk -target arm64-apple-ios17.0-simulator -g -module-cache-path /Users/yutaro/project-profit-ios/artifacts/release-quality/performance-gate/DerivedData/ModuleCache.noindex -Xfrontend -serialize-debugging-options -application-extension -profile-coverage-mapping -profile-generate -enable-testing -index-store-path /Users/yutaro/project-profit-ios/artifacts/release-quality/performance-gate/DerivedData/Index.noindex/DataStore -Xcc -D_LIBCPP_HARDENING_MODE\=_LIBCPP_HARDENING_MODE_DEBUG -swift-version 5 -I /Users/yutaro/project-profit-ios/artifacts/release-quality/performance-gate/DerivedData/Build/Products/Debug-iphonesimulator -F /Users/yutaro/project-profit-ios/artifacts/release-quality/performance-gate/DerivedData/Build/Products/Debug-iphonesimulator -c -j8 -enable-batch-mode -incremental -Xcc -ivfsstatcache -Xcc /Users/yutaro/project-profit-ios/artifacts/release-quality/performance-gate/DerivedData/SDKStatCaches.noindex/iphonesimulator26.2-23C57-91db6bf2b9df79783d042ed3cc29a58e.sdkstatcache -output-file-map /Users/yutaro/project-profit-ios/artifacts/release-quality/performance-gate/DerivedData/Build/Intermediates.noindex/ProjectProfit.build/Debug-iphonesimulator/ProjectProfitShareExtension.build/Objects-normal/arm64/ProjectProfitShareExtension-OutputFileMap.json -use-frontend-parseable-output -save-temps -no-color-diagnostics -explicit-module-build -module-cache-path /Users/yutaro/project-profit-ios/artifacts/release-quality/performance-gate/DerivedData/Build/Intermediates.noindex/SwiftExplicitPrecompiledModules -clang-scanner-module-cache-path /Users/yutaro/project-profit-ios/artifacts/release-quality/performance-gate/DerivedData/ModuleCache.noindex -sdk-module-cache-path /Users/yutaro/project-profit-ios/artifacts/release-quality/performance-gate/DerivedData/ModuleCache.noindex -serialize-diagnostics -emit-dependencies -emit-module -emit-module-path /Users/yutaro/project-profit-ios/artifacts/release-quality/performance-gate/DerivedData/Build/Intermediates.noindex/ProjectProfit.build/Debug-iphonesimulator/ProjectProfitShareExtension.build/Objects-normal/arm64/ProjectProfitShareExtension.swiftmodule -validate-clang-modules-once -clang-build-session-file /Users/yutaro/project-profit-ios/artifacts/release-quality/performance-gate/DerivedData/ModuleCache.noindex/Session.modulevalidation -Xcc -I/Users/yutaro/project-profit-ios/artifacts/release-quality/performance-gate/DerivedData/Build/Intermediates.noindex/ProjectProfit.build/Debug-iphonesimulator/ProjectProfitShareExtension.build/swift-overrides.hmap -emit-const-values -Xfrontend -const-gather-protocols-file -Xfrontend /Users/yutaro/project-profit-ios/artifacts/release-quality/performance-gate/DerivedData/Build/Intermediates.noindex/ProjectProfit.build/Debug-iphonesimulator/ProjectProfitShareExtension.build/Objects-normal/arm64/ProjectProfitShareExtension_const_extract_protocols.json -Xcc -iquote -Xcc /Users/yutaro/project-profit-ios/artifacts/release-quality/performance-gate/DerivedData/Build/Intermediates.noindex/ProjectProfit.build/Debug-iphonesimulator/ProjectProfitShareExtension.build/ProjectProfitShareExtension-generated-files.hmap -Xcc -I/Users/yutaro/project-profit-ios/artifacts/release-quality/performance-gate/DerivedData/Build/Intermediates.noindex/ProjectProfit.build/Debug-iphonesimulator/ProjectProfitShareExtension.build/ProjectProfitShareExtension-own-target-headers.hmap -Xcc -I/Users/yutaro/project-profit-ios/artifacts/release-quality/performance-gate/DerivedData/Build/Intermediates.noindex/ProjectProfit.build/Debug-iphonesimulator/ProjectProfitShareExtension.build/ProjectProfitShareExtension-all-non-framework-target-headers.hmap -Xcc -ivfsoverlay -Xcc /Users/yutaro/project-profit-ios/artifacts/release-quality/performance-gate/DerivedData/Build/Intermediates.noindex/ProjectProfit.build/Debug-iphonesimulator/ProjectProfit-bc30635a8cb06e5d3ecf94d8d93f544c-VFS-iphonesimulator/all-product-headers.yaml -Xcc -iquote -Xcc /Users/yutaro/project-profit-ios/artifacts/release-quality/performance-gate/DerivedData/Build/Intermediates.noindex/ProjectProfit.build/Debug-iphonesimulator/ProjectProfitShareExtension.build/ProjectProfitShareExtension-project-headers.hmap -Xcc -I/Users/yutaro/project-profit-ios/artifacts/release-quality/performance-gate/DerivedData/Build/Products/Debug-iphonesimulator/include -Xcc -I/Users/yutaro/project-profit-ios/artifacts/release-quality/performance-gate/DerivedData/Build/Intermediates.noindex/ProjectProfit.build/Debug-iphonesimulator/ProjectProfitShareExtension.build/DerivedSources-normal/arm64 -Xcc -I/Users/yutaro/project-profit-ios/artifacts/release-quality/performance-gate/DerivedData/Build/Intermediates.noindex/ProjectProfit.build/Debug-iphonesimulator/ProjectProfitShareExtension.build/DerivedSources/arm64 -Xcc -I/Users/yutaro/project-profit-ios/artifacts/release-quality/performance-gate/DerivedData/Build/Intermediates.noindex/ProjectProfit.build/Debug-iphonesimulator/ProjectProfitShareExtension.build/DerivedSources -Xcc -DDEBUG\=1 -emit-objc-header -emit-objc-header-path /Users/yutaro/project-profit-ios/artifacts/release-quality/performance-gate/DerivedData/Build/Intermediates.noindex/ProjectProfit.build/Debug-iphonesimulator/ProjectProfitShareExtension.build/Objects-normal/arm64/ProjectProfitShareExtension-Swift.h -working-directory /Users/yutaro/project-profit-ios -experimental-emit-module-separately -disable-cmo

SwiftMergeGeneratedHeaders /Users/yutaro/project-profit-ios/artifacts/release-quality/performance-gate/DerivedData/Build/Intermediates.noindex/ProjectProfit.build/Debug-iphonesimulator/ProjectProfitShareExtension.build/DerivedSources/ProjectProfitShareExtension-Swift.h /Users/yutaro/project-profit-ios/artifacts/release-quality/performance-gate/DerivedData/Build/Intermediates.noindex/ProjectProfit.build/Debug-iphonesimulator/ProjectProfitShareExtension.build/Objects-normal/arm64/ProjectProfitShareExtension-Swift.h (in target 'ProjectProfitShareExtension' from project 'ProjectProfit')
    cd /Users/yutaro/project-profit-ios
    builtin-swiftHeaderTool -arch arm64 /Users/yutaro/project-profit-ios/artifacts/release-quality/performance-gate/DerivedData/Build/Intermediates.noindex/ProjectProfit.build/Debug-iphonesimulator/ProjectProfitShareExtension.build/Objects-normal/arm64/ProjectProfitShareExtension-Swift.h -o /Users/yutaro/project-profit-ios/artifacts/release-quality/performance-gate/DerivedData/Build/Intermediates.noindex/ProjectProfit.build/Debug-iphonesimulator/ProjectProfitShareExtension.build/DerivedSources/ProjectProfitShareExtension-Swift.h

Copy /Users/yutaro/project-profit-ios/artifacts/release-quality/performance-gate/DerivedData/Build/Products/Debug-iphonesimulator/ProjectProfitShareExtension.swiftmodule/arm64-apple-ios-simulator.abi.json /Users/yutaro/project-profit-ios/artifacts/release-quality/performance-gate/DerivedData/Build/Intermediates.noindex/ProjectProfit.build/Debug-iphonesimulator/ProjectProfitShareExtension.build/Objects-normal/arm64/ProjectProfitShareExtension.abi.json (in target 'ProjectProfitShareExtension' from project 'ProjectProfit')
    cd /Users/yutaro/project-profit-ios
    builtin-copy -exclude .DS_Store -exclude CVS -exclude .svn -exclude .git -exclude .hg -resolve-src-symlinks -rename /Users/yutaro/project-profit-ios/artifacts/release-quality/performance-gate/DerivedData/Build/Intermediates.noindex/ProjectProfit.build/Debug-iphonesimulator/ProjectProfitShareExtension.build/Objects-normal/arm64/ProjectProfitShareExtension.abi.json /Users/yutaro/project-profit-ios/artifacts/release-quality/performance-gate/DerivedData/Build/Products/Debug-iphonesimulator/ProjectProfitShareExtension.swiftmodule/arm64-apple-ios-simulator.abi.json

Copy /Users/yutaro/project-profit-ios/artifacts/release-quality/performance-gate/DerivedData/Build/Products/Debug-iphonesimulator/ProjectProfitShareExtension.swiftmodule/arm64-apple-ios-simulator.swiftdoc /Users/yutaro/project-profit-ios/artifacts/release-quality/performance-gate/DerivedData/Build/Intermediates.noindex/ProjectProfit.build/Debug-iphonesimulator/ProjectProfitShareExtension.build/Objects-normal/arm64/ProjectProfitShareExtension.swiftdoc (in target 'ProjectProfitShareExtension' from project 'ProjectProfit')
    cd /Users/yutaro/project-profit-ios
    builtin-copy -exclude .DS_Store -exclude CVS -exclude .svn -exclude .git -exclude .hg -resolve-src-symlinks -rename /Users/yutaro/project-profit-ios/artifacts/release-quality/performance-gate/DerivedData/Build/Intermediates.noindex/ProjectProfit.build/Debug-iphonesimulator/ProjectProfitShareExtension.build/Objects-normal/arm64/ProjectProfitShareExtension.swiftdoc /Users/yutaro/project-profit-ios/artifacts/release-quality/performance-gate/DerivedData/Build/Products/Debug-iphonesimulator/ProjectProfitShareExtension.swiftmodule/arm64-apple-ios-simulator.swiftdoc

Copy /Users/yutaro/project-profit-ios/artifacts/release-quality/performance-gate/DerivedData/Build/Products/Debug-iphonesimulator/ProjectProfitShareExtension.swiftmodule/arm64-apple-ios-simulator.swiftmodule /Users/yutaro/project-profit-ios/artifacts/release-quality/performance-gate/DerivedData/Build/Intermediates.noindex/ProjectProfit.build/Debug-iphonesimulator/ProjectProfitShareExtension.build/Objects-normal/arm64/ProjectProfitShareExtension.swiftmodule (in target 'ProjectProfitShareExtension' from project 'ProjectProfit')
    cd /Users/yutaro/project-profit-ios
    builtin-copy -exclude .DS_Store -exclude CVS -exclude .svn -exclude .git -exclude .hg -resolve-src-symlinks -rename /Users/yutaro/project-profit-ios/artifacts/release-quality/performance-gate/DerivedData/Build/Intermediates.noindex/ProjectProfit.build/Debug-iphonesimulator/ProjectProfitShareExtension.build/Objects-normal/arm64/ProjectProfitShareExtension.swiftmodule /Users/yutaro/project-profit-ios/artifacts/release-quality/performance-gate/DerivedData/Build/Products/Debug-iphonesimulator/ProjectProfitShareExtension.swiftmodule/arm64-apple-ios-simulator.swiftmodule

Copy /Users/yutaro/project-profit-ios/artifacts/release-quality/performance-gate/DerivedData/Build/Products/Debug-iphonesimulator/ProjectProfitShareExtension.swiftmodule/Project/arm64-apple-ios-simulator.swiftsourceinfo /Users/yutaro/project-profit-ios/artifacts/release-quality/performance-gate/DerivedData/Build/Intermediates.noindex/ProjectProfit.build/Debug-iphonesimulator/ProjectProfitShareExtension.build/Objects-normal/arm64/ProjectProfitShareExtension.swiftsourceinfo (in target 'ProjectProfitShareExtension' from project 'ProjectProfit')
    cd /Users/yutaro/project-profit-ios
    builtin-copy -exclude .DS_Store -exclude CVS -exclude .svn -exclude .git -exclude .hg -resolve-src-symlinks -rename /Users/yutaro/project-profit-ios/artifacts/release-quality/performance-gate/DerivedData/Build/Intermediates.noindex/ProjectProfit.build/Debug-iphonesimulator/ProjectProfitShareExtension.build/Objects-normal/arm64/ProjectProfitShareExtension.swiftsourceinfo /Users/yutaro/project-profit-ios/artifacts/release-quality/performance-gate/DerivedData/Build/Products/Debug-iphonesimulator/ProjectProfitShareExtension.swiftmodule/Project/arm64-apple-ios-simulator.swiftsourceinfo

ProcessProductPackaging /Users/yutaro/project-profit-ios/ProjectProfit/ProjectProfit.entitlements /Users/yutaro/project-profit-ios/artifacts/release-quality/performance-gate/DerivedData/Build/Intermediates.noindex/ProjectProfit.build/Debug-iphonesimulator/ProjectProfit.build/ProjectProfit.app.xcent (in target 'ProjectProfit' from project 'ProjectProfit')
    cd /Users/yutaro/project-profit-ios
    
    Entitlements:
    
    {
}
    
    builtin-productPackagingUtility /Users/yutaro/project-profit-ios/ProjectProfit/ProjectProfit.entitlements -entitlements -format xml -o /Users/yutaro/project-profit-ios/artifacts/release-quality/performance-gate/DerivedData/Build/Intermediates.noindex/ProjectProfit.build/Debug-iphonesimulator/ProjectProfit.build/ProjectProfit.app.xcent

ProcessProductPackaging /Users/yutaro/project-profit-ios/ProjectProfit/ProjectProfit.entitlements /Users/yutaro/project-profit-ios/artifacts/release-quality/performance-gate/DerivedData/Build/Intermediates.noindex/ProjectProfit.build/Debug-iphonesimulator/ProjectProfit.build/ProjectProfit.app-Simulated.xcent (in target 'ProjectProfit' from project 'ProjectProfit')
    cd /Users/yutaro/project-profit-ios
    
    Entitlements:
    
    {
    "application-identifier" = "52PPJXD67Z.com.projectprofit.ProjectProfit";
    "com.apple.security.application-groups" =     (
        "group.com.projectprofit.ProjectProfit"
    );
}
    
    builtin-productPackagingUtility /Users/yutaro/project-profit-ios/ProjectProfit/ProjectProfit.entitlements -entitlements -format xml -o /Users/yutaro/project-profit-ios/artifacts/release-quality/performance-gate/DerivedData/Build/Intermediates.noindex/ProjectProfit.build/Debug-iphonesimulator/ProjectProfit.build/ProjectProfit.app-Simulated.xcent

ProcessProductPackagingDER /Users/yutaro/project-profit-ios/artifacts/release-quality/performance-gate/DerivedData/Build/Intermediates.noindex/ProjectProfit.build/Debug-iphonesimulator/ProjectProfit.build/ProjectProfit.app.xcent /Users/yutaro/project-profit-ios/artifacts/release-quality/performance-gate/DerivedData/Build/Intermediates.noindex/ProjectProfit.build/Debug-iphonesimulator/ProjectProfit.build/ProjectProfit.app.xcent.der (in target 'ProjectProfit' from project 'ProjectProfit')
    cd /Users/yutaro/project-profit-ios
    /usr/bin/derq query -f xml -i /Users/yutaro/project-profit-ios/artifacts/release-quality/performance-gate/DerivedData/Build/Intermediates.noindex/ProjectProfit.build/Debug-iphonesimulator/ProjectProfit.build/ProjectProfit.app.xcent -o /Users/yutaro/project-profit-ios/artifacts/release-quality/performance-gate/DerivedData/Build/Intermediates.noindex/ProjectProfit.build/Debug-iphonesimulator/ProjectProfit.build/ProjectProfit.app.xcent.der --raw

ProcessProductPackagingDER /Users/yutaro/project-profit-ios/artifacts/release-quality/performance-gate/DerivedData/Build/Intermediates.noindex/ProjectProfit.build/Debug-iphonesimulator/ProjectProfit.build/ProjectProfit.app-Simulated.xcent /Users/yutaro/project-profit-ios/artifacts/release-quality/performance-gate/DerivedData/Build/Intermediates.noindex/ProjectProfit.build/Debug-iphonesimulator/ProjectProfit.build/ProjectProfit.app-Simulated.xcent.der (in target 'ProjectProfit' from project 'ProjectProfit')
    cd /Users/yutaro/project-profit-ios
    /usr/bin/derq query -f xml -i /Users/yutaro/project-profit-ios/artifacts/release-quality/performance-gate/DerivedData/Build/Intermediates.noindex/ProjectProfit.build/Debug-iphonesimulator/ProjectProfit.build/ProjectProfit.app-Simulated.xcent -o /Users/yutaro/project-profit-ios/artifacts/release-quality/performance-gate/DerivedData/Build/Intermediates.noindex/ProjectProfit.build/Debug-iphonesimulator/ProjectProfit.build/ProjectProfit.app-Simulated.xcent.der --raw

GenerateAssetSymbols /Users/yutaro/project-profit-ios/ProjectProfit/Assets.xcassets /Users/yutaro/project-profit-ios/ProjectProfit/Preview\ Content/Preview\ Assets.xcassets (in target 'ProjectProfit' from project 'ProjectProfit')
    cd /Users/yutaro/project-profit-ios
    /Applications/Xcode-26.3.app/Contents/Developer/usr/bin/actool /Users/yutaro/project-profit-ios/ProjectProfit/Assets.xcassets /Users/yutaro/project-profit-ios/ProjectProfit/Preview\ Content/Preview\ Assets.xcassets --compile /Users/yutaro/project-profit-ios/artifacts/release-quality/performance-gate/DerivedData/Build/Products/Debug-iphonesimulator/ProjectProfit.app --output-format human-readable-text --notices --warnings --export-dependency-info /Users/yutaro/project-profit-ios/artifacts/release-quality/performance-gate/DerivedData/Build/Intermediates.noindex/ProjectProfit.build/Debug-iphonesimulator/ProjectProfit.build/assetcatalog_dependencies --output-partial-info-plist /Users/yutaro/project-profit-ios/artifacts/release-quality/performance-gate/DerivedData/Build/Intermediates.noindex/ProjectProfit.build/Debug-iphonesimulator/ProjectProfit.build/assetcatalog_generated_info.plist --app-icon AppIcon --compress-pngs --enable-on-demand-resources YES --development-region ja --target-device iphone --minimum-deployment-target 17.0 --platform iphonesimulator --bundle-identifier com.projectprofit.ProjectProfit --generate-swift-asset-symbol-extensions NO --generate-swift-asset-symbols /Users/yutaro/project-profit-ios/artifacts/release-quality/performance-gate/DerivedData/Build/Intermediates.noindex/ProjectProfit.build/Debug-iphonesimulator/ProjectProfit.build/DerivedSources/GeneratedAssetSymbols.swift --generate-objc-asset-symbols /Users/yutaro/project-profit-ios/artifacts/release-quality/performance-gate/DerivedData/Build/Intermediates.noindex/ProjectProfit.build/Debug-iphonesimulator/ProjectProfit.build/DerivedSources/GeneratedAssetSymbols.h --generate-asset-symbol-index /Users/yutaro/project-profit-ios/artifacts/release-quality/performance-gate/DerivedData/Build/Intermediates.noindex/ProjectProfit.build/Debug-iphonesimulator/ProjectProfit.build/DerivedSources/GeneratedAssetSymbols-Index.plist
/* com.apple.actool.compilation-results */
/Users/yutaro/project-profit-ios/artifacts/release-quality/performance-gate/DerivedData/Build/Intermediates.noindex/ProjectProfit.build/Debug-iphonesimulator/ProjectProfit.build/DerivedSources/GeneratedAssetSymbols-Index.plist
/Users/yutaro/project-profit-ios/artifacts/release-quality/performance-gate/DerivedData/Build/Intermediates.noindex/ProjectProfit.build/Debug-iphonesimulator/ProjectProfit.build/DerivedSources/GeneratedAssetSymbols.h
/Users/yutaro/project-profit-ios/artifacts/release-quality/performance-gate/DerivedData/Build/Intermediates.noindex/ProjectProfit.build/Debug-iphonesimulator/ProjectProfit.build/DerivedSources/GeneratedAssetSymbols.swift


MkDir /Users/yutaro/project-profit-ios/artifacts/release-quality/performance-gate/DerivedData/Build/Intermediates.noindex/ProjectProfit.build/Debug-iphonesimulator/ProjectProfit.build/assetcatalog_output/thinned (in target 'ProjectProfit' from project 'ProjectProfit')
    cd /Users/yutaro/project-profit-ios
    /bin/mkdir -p /Users/yutaro/project-profit-ios/artifacts/release-quality/performance-gate/DerivedData/Build/Intermediates.noindex/ProjectProfit.build/Debug-iphonesimulator/ProjectProfit.build/assetcatalog_output/thinned

MkDir /Users/yutaro/project-profit-ios/artifacts/release-quality/performance-gate/DerivedData/Build/Intermediates.noindex/ProjectProfit.build/Debug-iphonesimulator/ProjectProfit.build/assetcatalog_output/unthinned (in target 'ProjectProfit' from project 'ProjectProfit')
    cd /Users/yutaro/project-profit-ios
    /bin/mkdir -p /Users/yutaro/project-profit-ios/artifacts/release-quality/performance-gate/DerivedData/Build/Intermediates.noindex/ProjectProfit.build/Debug-iphonesimulator/ProjectProfit.build/assetcatalog_output/unthinned

CompileAssetCatalogVariant thinned /Users/yutaro/project-profit-ios/artifacts/release-quality/performance-gate/DerivedData/Build/Products/Debug-iphonesimulator/ProjectProfit.app /Users/yutaro/project-profit-ios/ProjectProfit/Assets.xcassets /Users/yutaro/project-profit-ios/ProjectProfit/Preview\ Content/Preview\ Assets.xcassets (in target 'ProjectProfit' from project 'ProjectProfit')
    cd /Users/yutaro/project-profit-ios
    /Applications/Xcode-26.3.app/Contents/Developer/usr/bin/actool /Users/yutaro/project-profit-ios/ProjectProfit/Assets.xcassets /Users/yutaro/project-profit-ios/ProjectProfit/Preview\ Content/Preview\ Assets.xcassets --compile /Users/yutaro/project-profit-ios/artifacts/release-quality/performance-gate/DerivedData/Build/Intermediates.noindex/ProjectProfit.build/Debug-iphonesimulator/ProjectProfit.build/assetcatalog_output/thinned --output-format human-readable-text --notices --warnings --export-dependency-info /Users/yutaro/project-profit-ios/artifacts/release-quality/performance-gate/DerivedData/Build/Intermediates.noindex/ProjectProfit.build/Debug-iphonesimulator/ProjectProfit.build/assetcatalog_dependencies_thinned --output-partial-info-plist /Users/yutaro/project-profit-ios/artifacts/release-quality/performance-gate/DerivedData/Build/Intermediates.noindex/ProjectProfit.build/Debug-iphonesimulator/ProjectProfit.build/assetcatalog_generated_info.plist_thinned --app-icon AppIcon --compress-pngs --enable-on-demand-resources YES --filter-for-thinning-device-configuration iPhone18,1 --filter-for-device-os-version 26.2 --development-region ja --target-device iphone --minimum-deployment-target 17.0 --platform iphonesimulator
/* com.apple.actool.compilation-results */
/Users/yutaro/project-profit-ios/artifacts/release-quality/performance-gate/DerivedData/Build/Intermediates.noindex/ProjectProfit.build/Debug-iphonesimulator/ProjectProfit.build/assetcatalog_generated_info.plist_thinned
/Users/yutaro/project-profit-ios/artifacts/release-quality/performance-gate/DerivedData/Build/Intermediates.noindex/ProjectProfit.build/Debug-iphonesimulator/ProjectProfit.build/assetcatalog_output/thinned/Assets.car


SwiftDriver ProjectProfit normal arm64 com.apple.xcode.tools.swift.compiler (in target 'ProjectProfit' from project 'ProjectProfit')
    cd /Users/yutaro/project-profit-ios
    builtin-SwiftDriver -- /Applications/Xcode-26.3.app/Contents/Developer/Toolchains/XcodeDefault.xctoolchain/usr/bin/swiftc -module-name ProjectProfit -Onone -enforce-exclusivity\=checked @/Users/yutaro/project-profit-ios/artifacts/release-quality/performance-gate/DerivedData/Build/Intermediates.noindex/ProjectProfit.build/Debug-iphonesimulator/ProjectProfit.build/Objects-normal/arm64/ProjectProfit.SwiftFileList -DDEBUG -Xcc -fmodule-map-file\=/Users/yutaro/project-profit-ios/artifacts/release-quality/performance-gate/DerivedData/Build/Intermediates.noindex/GeneratedModuleMaps-iphonesimulator/libxlsxwriter.modulemap -Xfrontend -solver-expression-time-threshold\=60 -enable-bare-slash-regex -enable-experimental-feature DebugDescriptionMacro -sdk /Applications/Xcode-26.3.app/Contents/Developer/Platforms/iPhoneSimulator.platform/Developer/SDKs/iPhoneSimulator26.2.sdk -target arm64-apple-ios17.0-simulator -g -module-cache-path /Users/yutaro/project-profit-ios/artifacts/release-quality/performance-gate/DerivedData/ModuleCache.noindex -Xfrontend -serialize-debugging-options -profile-coverage-mapping -profile-generate -enable-testing -index-store-path /Users/yutaro/project-profit-ios/artifacts/release-quality/performance-gate/DerivedData/Index.noindex/DataStore -Xcc -D_LIBCPP_HARDENING_MODE\=_LIBCPP_HARDENING_MODE_DEBUG -swift-version 5 -I /Users/yutaro/project-profit-ios/artifacts/release-quality/performance-gate/DerivedData/Build/Products/Debug-iphonesimulator -I /Users/yutaro/project-profit-ios/ProjectProfit/Ledger/Bridge/xlsxwriter -F /Users/yutaro/project-profit-ios/artifacts/release-quality/performance-gate/DerivedData/Build/Products/Debug-iphonesimulator/PackageFrameworks -F /Users/yutaro/project-profit-ios/artifacts/release-quality/performance-gate/DerivedData/Build/Products/Debug-iphonesimulator -c -j8 -enable-batch-mode -incremental -Xcc -ivfsstatcache -Xcc /Users/yutaro/project-profit-ios/artifacts/release-quality/performance-gate/DerivedData/SDKStatCaches.noindex/iphonesimulator26.2-23C57-91db6bf2b9df79783d042ed3cc29a58e.sdkstatcache -output-file-map /Users/yutaro/project-profit-ios/artifacts/release-quality/performance-gate/DerivedData/Build/Intermediates.noindex/ProjectProfit.build/Debug-iphonesimulator/ProjectProfit.build/Objects-normal/arm64/ProjectProfit-OutputFileMap.json -use-frontend-parseable-output -save-temps -no-color-diagnostics -explicit-module-build -module-cache-path /Users/yutaro/project-profit-ios/artifacts/release-quality/performance-gate/DerivedData/Build/Intermediates.noindex/SwiftExplicitPrecompiledModules -clang-scanner-module-cache-path /Users/yutaro/project-profit-ios/artifacts/release-quality/performance-gate/DerivedData/ModuleCache.noindex -sdk-module-cache-path /Users/yutaro/project-profit-ios/artifacts/release-quality/performance-gate/DerivedData/ModuleCache.noindex -serialize-diagnostics -emit-dependencies -emit-module -emit-module-path /Users/yutaro/project-profit-ios/artifacts/release-quality/performance-gate/DerivedData/Build/Intermediates.noindex/ProjectProfit.build/Debug-iphonesimulator/ProjectProfit.build/Objects-normal/arm64/ProjectProfit.swiftmodule -validate-clang-modules-once -clang-build-session-file /Users/yutaro/project-profit-ios/artifacts/release-quality/performance-gate/DerivedData/ModuleCache.noindex/Session.modulevalidation -Xcc -I/Users/yutaro/project-profit-ios/artifacts/release-quality/performance-gate/DerivedData/Build/Intermediates.noindex/ProjectProfit.build/Debug-iphonesimulator/ProjectProfit.build/swift-overrides.hmap -emit-const-values -Xfrontend -const-gather-protocols-file -Xfrontend /Users/yutaro/project-profit-ios/artifacts/release-quality/performance-gate/DerivedData/Build/Intermediates.noindex/ProjectProfit.build/Debug-iphonesimulator/ProjectProfit.build/Objects-normal/arm64/ProjectProfit_const_extract_protocols.json -Xcc -iquote -Xcc /Users/yutaro/project-profit-ios/artifacts/release-quality/performance-gate/DerivedData/Build/Intermediates.noindex/ProjectProfit.build/Debug-iphonesimulator/ProjectProfit.build/ProjectProfit-generated-files.hmap -Xcc -I/Users/yutaro/project-profit-ios/artifacts/release-quality/performance-gate/DerivedData/Build/Intermediates.noindex/ProjectProfit.build/Debug-iphonesimulator/ProjectProfit.build/ProjectProfit-own-target-headers.hmap -Xcc -I/Users/yutaro/project-profit-ios/artifacts/release-quality/performance-gate/DerivedData/Build/Intermediates.noindex/ProjectProfit.build/Debug-iphonesimulator/ProjectProfit.build/ProjectProfit-all-non-framework-target-headers.hmap -Xcc -ivfsoverlay -Xcc /Users/yutaro/project-profit-ios/artifacts/release-quality/performance-gate/DerivedData/Build/Intermediates.noindex/ProjectProfit.build/Debug-iphonesimulator/ProjectProfit-bc30635a8cb06e5d3ecf94d8d93f544c-VFS-iphonesimulator/all-product-headers.yaml -Xcc -iquote -Xcc /Users/yutaro/project-profit-ios/artifacts/release-quality/performance-gate/DerivedData/Build/Intermediates.noindex/ProjectProfit.build/Debug-iphonesimulator/ProjectProfit.build/ProjectProfit-project-headers.hmap -Xcc -I/Users/yutaro/project-profit-ios/artifacts/release-quality/performance-gate/DerivedData/SourcePackages/checkouts/libxlsxwriter/include -Xcc -I/Users/yutaro/project-profit-ios/artifacts/release-quality/performance-gate/DerivedData/Build/Products/Debug-iphonesimulator/include -Xcc -I/Users/yutaro/project-profit-ios/artifacts/release-quality/performance-gate/DerivedData/SourcePackages/checkouts/libxlsxwriter/include -Xcc -I/Users/yutaro/project-profit-ios/artifacts/release-quality/performance-gate/DerivedData/Build/Intermediates.noindex/ProjectProfit.build/Debug-iphonesimulator/ProjectProfit.build/DerivedSources-normal/arm64 -Xcc -I/Users/yutaro/project-profit-ios/artifacts/release-quality/performance-gate/DerivedData/Build/Intermediates.noindex/ProjectProfit.build/Debug-iphonesimulator/ProjectProfit.build/DerivedSources/arm64 -Xcc -I/Users/yutaro/project-profit-ios/artifacts/release-quality/performance-gate/DerivedData/Build/Intermediates.noindex/ProjectProfit.build/Debug-iphonesimulator/ProjectProfit.build/DerivedSources -Xcc -DDEBUG\=1 -emit-objc-header -emit-objc-header-path /Users/yutaro/project-profit-ios/artifacts/release-quality/performance-gate/DerivedData/Build/Intermediates.noindex/ProjectProfit.build/Debug-iphonesimulator/ProjectProfit.build/Objects-normal/arm64/ProjectProfit-Swift.h -working-directory /Users/yutaro/project-profit-ios -experimental-emit-module-separately -disable-cmo

SwiftExplicitDependencyGeneratePcm arm64 /Users/yutaro/project-profit-ios/artifacts/release-quality/performance-gate/DerivedData/ModuleCache.noindex/_Builtin_stdarg-CKUZ9O1WVFOXYIQXR2V6I9VFT.pcm

SwiftDriverJobDiscovery normal arm64 Compiling ShareAttachmentImporter.swift (in target 'ProjectProfitShareExtension' from project 'ProjectProfit')

SwiftExplicitDependencyGeneratePcm arm64 /Users/yutaro/project-profit-ios/artifacts/release-quality/performance-gate/DerivedData/ModuleCache.noindex/SwiftShims-4TKWF6AOQRBKFWF8QO8MISFS3.pcm

SwiftExplicitDependencyGeneratePcm arm64 /Users/yutaro/project-profit-ios/artifacts/release-quality/performance-gate/DerivedData/ModuleCache.noindex/_SwiftConcurrencyShims-1E1YCJWKWB5N00Y4J01S64YDW.pcm

SwiftExplicitDependencyGeneratePcm arm64 /Users/yutaro/project-profit-ios/artifacts/release-quality/performance-gate/DerivedData/ModuleCache.noindex/_AvailabilityInternal-AYO7SBC2FA57JUHB983XRPLD1.pcm

SwiftExplicitDependencyGeneratePcm arm64 /Users/yutaro/project-profit-ios/artifacts/release-quality/performance-gate/DerivedData/ModuleCache.noindex/DeveloperToolsSupport-6O4KPF27HJ1TZ0WGT4EIN9R7C.pcm

SwiftExplicitDependencyGeneratePcm arm64 /Users/yutaro/project-profit-ios/artifacts/release-quality/performance-gate/DerivedData/ModuleCache.noindex/ptrauth-73R5ETL1VXGPLRV5I75CCXNI7.pcm

SwiftExplicitDependencyGeneratePcm arm64 /Users/yutaro/project-profit-ios/artifacts/release-quality/performance-gate/DerivedData/ModuleCache.noindex/_Builtin_stddef-A30HQQ7U6ZSL0P7C6HFNH1EPE.pcm

SwiftExplicitDependencyGeneratePcm arm64 /Users/yutaro/project-profit-ios/artifacts/release-quality/performance-gate/DerivedData/ModuleCache.noindex/_Builtin_float-E5V7Z16XWR4CW6PTOWIIGVZO.pcm

SwiftExplicitDependencyGeneratePcm arm64 /Users/yutaro/project-profit-ios/artifacts/release-quality/performance-gate/DerivedData/ModuleCache.noindex/ptrcheck-AJVISX9QQQZ50OLW1ZI2FKC9U.pcm

SwiftExplicitDependencyGeneratePcm arm64 /Users/yutaro/project-profit-ios/artifacts/release-quality/performance-gate/DerivedData/ModuleCache.noindex/_Builtin_stdbool-92ZQZYLXAP770LMUQLQX4SQAG.pcm

SwiftExplicitDependencyGeneratePcm arm64 /Users/yutaro/project-profit-ios/artifacts/release-quality/performance-gate/DerivedData/ModuleCache.noindex/_DarwinFoundation1-7K6HHROJ1MAT0C41RUOI9BACH.pcm

SwiftExplicitDependencyGeneratePcm arm64 /Users/yutaro/project-profit-ios/artifacts/release-quality/performance-gate/DerivedData/ModuleCache.noindex/_Builtin_limits-4HLGVHOKTO80BTD03G994JSJ9.pcm

SwiftExplicitDependencyGeneratePcm arm64 /Users/yutaro/project-profit-ios/artifacts/release-quality/performance-gate/DerivedData/ModuleCache.noindex/ExtensionFoundation-5NS1E7O7PHAYAZBKCUY5R7GDI.pcm

SwiftExplicitDependencyGeneratePcm arm64 /Users/yutaro/project-profit-ios/artifacts/release-quality/performance-gate/DerivedData/ModuleCache.noindex/_DarwinFoundation2-198FAZFHZYKDM8NP5ZEVQ0B1F.pcm

SwiftExplicitDependencyGeneratePcm arm64 /Users/yutaro/project-profit-ios/artifacts/release-quality/performance-gate/DerivedData/ModuleCache.noindex/sys_types-EOWTI9G3H7PF5Q616HEOTRANP.pcm

SwiftExplicitDependencyGeneratePcm arm64 /Users/yutaro/project-profit-ios/artifacts/release-quality/performance-gate/DerivedData/ModuleCache.noindex/_Builtin_tgmath-4FKLQCUAUTFJ5DMNHB9PIT2KU.pcm

SwiftExplicitDependencyGeneratePcm arm64 /Users/yutaro/project-profit-ios/artifacts/release-quality/performance-gate/DerivedData/ModuleCache.noindex/_Builtin_stdint-D1WQNSLI0BK4KUIRITWG6IJV5.pcm

SwiftExplicitDependencyGeneratePcm arm64 /Users/yutaro/project-profit-ios/artifacts/release-quality/performance-gate/DerivedData/ModuleCache.noindex/_Builtin_stdatomic-EPGRWPTMN31B86VAUPO4DEIGB.pcm

SwiftExplicitDependencyGeneratePcm arm64 /Users/yutaro/project-profit-ios/artifacts/release-quality/performance-gate/DerivedData/ModuleCache.noindex/_Builtin_intrinsics-99ZJLWF262HXAYJ1QLQ3BX3WJ.pcm

SwiftExplicitDependencyGeneratePcm arm64 /Users/yutaro/project-profit-ios/artifacts/release-quality/performance-gate/DerivedData/ModuleCache.noindex/_DarwinFoundation3-3579EORKNT0E3XQIPQYDL61LA.pcm

SwiftExplicitDependencyGeneratePcm arm64 /Users/yutaro/project-profit-ios/artifacts/release-quality/performance-gate/DerivedData/ModuleCache.noindex/_Builtin_inttypes-8M15BVCB15926PEQI3ZSQ51NP.pcm

SwiftExplicitDependencyGeneratePcm arm64 /Users/yutaro/project-profit-ios/artifacts/release-quality/performance-gate/DerivedData/ModuleCache.noindex/zlib-60BPRX94MS8Y9W89JZJA038UM.pcm

SwiftExplicitDependencyGeneratePcm arm64 /Users/yutaro/project-profit-ios/artifacts/release-quality/performance-gate/DerivedData/ModuleCache.noindex/Darwin-5BCB103RNYZGRSOOTGCJMJAHR.pcm

SwiftExplicitDependencyGeneratePcm arm64 /Users/yutaro/project-profit-ios/artifacts/release-quality/performance-gate/DerivedData/ModuleCache.noindex/simd-3VIDEBFIM40YBT0R4SSAJQJDZ.pcm

SwiftExplicitDependencyGeneratePcm arm64 /Users/yutaro/project-profit-ios/artifacts/release-quality/performance-gate/DerivedData/Build/Intermediates.noindex/SwiftExplicitPrecompiledModules/libxlsxwriter-33AD6AHQK7YN7DF7T3772EO9K.pcm

SwiftExplicitDependencyGeneratePcm arm64 /Users/yutaro/project-profit-ios/artifacts/release-quality/performance-gate/DerivedData/ModuleCache.noindex/MachO-BWAO45SRCE5WG5GSR8S5KK8U6.pcm

SwiftExplicitDependencyGeneratePcm arm64 /Users/yutaro/project-profit-ios/artifacts/release-quality/performance-gate/DerivedData/ModuleCache.noindex/AppleArchive-2SOHSJR1IDW2LCSORET536QT6.pcm

SwiftExplicitDependencyGeneratePcm arm64 /Users/yutaro/project-profit-ios/artifacts/release-quality/performance-gate/DerivedData/ModuleCache.noindex/Compression-5C13JS0QVON69C1MPOD48ED08.pcm

SwiftExplicitDependencyGeneratePcm arm64 /Users/yutaro/project-profit-ios/artifacts/release-quality/performance-gate/DerivedData/ModuleCache.noindex/ObjectiveC-2J46V56GZC2OM73TRARWG95BY.pcm

SwiftExplicitDependencyGeneratePcm arm64 /Users/yutaro/project-profit-ios/artifacts/release-quality/performance-gate/DerivedData/ModuleCache.noindex/os_object-4AZJ82DNTEILVMW3TBUNDJ1MK.pcm

SwiftExplicitDependencyGeneratePcm arm64 /Users/yutaro/project-profit-ios/artifacts/release-quality/performance-gate/DerivedData/Build/Intermediates.noindex/SwiftExplicitPrecompiledModules/xlsxwriter-6CGSJFOSQ7P1LNAXJBSFQBG6H.pcm

SwiftExplicitDependencyGeneratePcm arm64 /Users/yutaro/project-profit-ios/artifacts/release-quality/performance-gate/DerivedData/ModuleCache.noindex/os_workgroup-3B2TL38WLH72NIJZICVQEPA7B.pcm

SwiftExplicitDependencyGeneratePcm arm64 /Users/yutaro/project-profit-ios/artifacts/release-quality/performance-gate/DerivedData/ModuleCache.noindex/Dispatch-54XV4D0WTEFCHL2NRR9NNVYY6.pcm

SwiftExplicitDependencyGeneratePcm arm64 /Users/yutaro/project-profit-ios/artifacts/release-quality/performance-gate/DerivedData/ModuleCache.noindex/dnssd-2Q1LUCTP7F4ZDKPYLBZX5G7OG.pcm

SwiftExplicitDependencyGeneratePcm arm64 /Users/yutaro/project-profit-ios/artifacts/release-quality/performance-gate/DerivedData/ModuleCache.noindex/XPC-DQNE33GPPXOXJ9QDM7SAZIOSD.pcm

SwiftExplicitDependencyGeneratePcm arm64 /Users/yutaro/project-profit-ios/artifacts/release-quality/performance-gate/DerivedData/ModuleCache.noindex/CoreFoundation-R2C8TACEOL2E0QKG4G08KYL8.pcm

SwiftExplicitDependencyGeneratePcm arm64 /Users/yutaro/project-profit-ios/artifacts/release-quality/performance-gate/DerivedData/ModuleCache.noindex/Spatial-T3WGP9AOTOHTGAB2BDKB93OJ.pcm

SwiftDriverJobDiscovery normal arm64 Compiling ShareViewController.swift (in target 'ProjectProfitShareExtension' from project 'ProjectProfit')

SwiftDriver\ Compilation ProjectProfitShareExtension normal arm64 com.apple.xcode.tools.swift.compiler (in target 'ProjectProfitShareExtension' from project 'ProjectProfit')
    cd /Users/yutaro/project-profit-ios
    builtin-Swift-Compilation -- /Applications/Xcode-26.3.app/Contents/Developer/Toolchains/XcodeDefault.xctoolchain/usr/bin/swiftc -module-name ProjectProfitShareExtension -Onone -enforce-exclusivity\=checked @/Users/yutaro/project-profit-ios/artifacts/release-quality/performance-gate/DerivedData/Build/Intermediates.noindex/ProjectProfit.build/Debug-iphonesimulator/ProjectProfitShareExtension.build/Objects-normal/arm64/ProjectProfitShareExtension.SwiftFileList -DDEBUG -enable-bare-slash-regex -enable-experimental-feature DebugDescriptionMacro -sdk /Applications/Xcode-26.3.app/Contents/Developer/Platforms/iPhoneSimulator.platform/Developer/SDKs/iPhoneSimulator26.2.sdk -target arm64-apple-ios17.0-simulator -g -module-cache-path /Users/yutaro/project-profit-ios/artifacts/release-quality/performance-gate/DerivedData/ModuleCache.noindex -Xfrontend -serialize-debugging-options -application-extension -profile-coverage-mapping -profile-generate -enable-testing -index-store-path /Users/yutaro/project-profit-ios/artifacts/release-quality/performance-gate/DerivedData/Index.noindex/DataStore -Xcc -D_LIBCPP_HARDENING_MODE\=_LIBCPP_HARDENING_MODE_DEBUG -swift-version 5 -I /Users/yutaro/project-profit-ios/artifacts/release-quality/performance-gate/DerivedData/Build/Products/Debug-iphonesimulator -F /Users/yutaro/project-profit-ios/artifacts/release-quality/performance-gate/DerivedData/Build/Products/Debug-iphonesimulator -c -j8 -enable-batch-mode -incremental -Xcc -ivfsstatcache -Xcc /Users/yutaro/project-profit-ios/artifacts/release-quality/performance-gate/DerivedData/SDKStatCaches.noindex/iphonesimulator26.2-23C57-91db6bf2b9df79783d042ed3cc29a58e.sdkstatcache -output-file-map /Users/yutaro/project-profit-ios/artifacts/release-quality/performance-gate/DerivedData/Build/Intermediates.noindex/ProjectProfit.build/Debug-iphonesimulator/ProjectProfitShareExtension.build/Objects-normal/arm64/ProjectProfitShareExtension-OutputFileMap.json -use-frontend-parseable-output -save-temps -no-color-diagnostics -explicit-module-build -module-cache-path /Users/yutaro/project-profit-ios/artifacts/release-quality/performance-gate/DerivedData/Build/Intermediates.noindex/SwiftExplicitPrecompiledModules -clang-scanner-module-cache-path /Users/yutaro/project-profit-ios/artifacts/release-quality/performance-gate/DerivedData/ModuleCache.noindex -sdk-module-cache-path /Users/yutaro/project-profit-ios/artifacts/release-quality/performance-gate/DerivedData/ModuleCache.noindex -serialize-diagnostics -emit-dependencies -emit-module -emit-module-path /Users/yutaro/project-profit-ios/artifacts/release-quality/performance-gate/DerivedData/Build/Intermediates.noindex/ProjectProfit.build/Debug-iphonesimulator/ProjectProfitShareExtension.build/Objects-normal/arm64/ProjectProfitShareExtension.swiftmodule -validate-clang-modules-once -clang-build-session-file /Users/yutaro/project-profit-ios/artifacts/release-quality/performance-gate/DerivedData/ModuleCache.noindex/Session.modulevalidation -Xcc -I/Users/yutaro/project-profit-ios/artifacts/release-quality/performance-gate/DerivedData/Build/Intermediates.noindex/ProjectProfit.build/Debug-iphonesimulator/ProjectProfitShareExtension.build/swift-overrides.hmap -emit-const-values -Xfrontend -const-gather-protocols-file -Xfrontend /Users/yutaro/project-profit-ios/artifacts/release-quality/performance-gate/DerivedData/Build/Intermediates.noindex/ProjectProfit.build/Debug-iphonesimulator/ProjectProfitShareExtension.build/Objects-normal/arm64/ProjectProfitShareExtension_const_extract_protocols.json -Xcc -iquote -Xcc /Users/yutaro/project-profit-ios/artifacts/release-quality/performance-gate/DerivedData/Build/Intermediates.noindex/ProjectProfit.build/Debug-iphonesimulator/ProjectProfitShareExtension.build/ProjectProfitShareExtension-generated-files.hmap -Xcc -I/Users/yutaro/project-profit-ios/artifacts/release-quality/performance-gate/DerivedData/Build/Intermediates.noindex/ProjectProfit.build/Debug-iphonesimulator/ProjectProfitShareExtension.build/ProjectProfitShareExtension-own-target-headers.hmap -Xcc -I/Users/yutaro/project-profit-ios/artifacts/release-quality/performance-gate/DerivedData/Build/Intermediates.noindex/ProjectProfit.build/Debug-iphonesimulator/ProjectProfitShareExtension.build/ProjectProfitShareExtension-all-non-framework-target-headers.hmap -Xcc -ivfsoverlay -Xcc /Users/yutaro/project-profit-ios/artifacts/release-quality/performance-gate/DerivedData/Build/Intermediates.noindex/ProjectProfit.build/Debug-iphonesimulator/ProjectProfit-bc30635a8cb06e5d3ecf94d8d93f544c-VFS-iphonesimulator/all-product-headers.yaml -Xcc -iquote -Xcc /Users/yutaro/project-profit-ios/artifacts/release-quality/performance-gate/DerivedData/Build/Intermediates.noindex/ProjectProfit.build/Debug-iphonesimulator/ProjectProfitShareExtension.build/ProjectProfitShareExtension-project-headers.hmap -Xcc -I/Users/yutaro/project-profit-ios/artifacts/release-quality/performance-gate/DerivedData/Build/Products/Debug-iphonesimulator/include -Xcc -I/Users/yutaro/project-profit-ios/artifacts/release-quality/performance-gate/DerivedData/Build/Intermediates.noindex/ProjectProfit.build/Debug-iphonesimulator/ProjectProfitShareExtension.build/DerivedSources-normal/arm64 -Xcc -I/Users/yutaro/project-profit-ios/artifacts/release-quality/performance-gate/DerivedData/Build/Intermediates.noindex/ProjectProfit.build/Debug-iphonesimulator/ProjectProfitShareExtension.build/DerivedSources/arm64 -Xcc -I/Users/yutaro/project-profit-ios/artifacts/release-quality/performance-gate/DerivedData/Build/Intermediates.noindex/ProjectProfit.build/Debug-iphonesimulator/ProjectProfitShareExtension.build/DerivedSources -Xcc -DDEBUG\=1 -emit-objc-header -emit-objc-header-path /Users/yutaro/project-profit-ios/artifacts/release-quality/performance-gate/DerivedData/Build/Intermediates.noindex/ProjectProfit.build/Debug-iphonesimulator/ProjectProfitShareExtension.build/Objects-normal/arm64/ProjectProfitShareExtension-Swift.h -working-directory /Users/yutaro/project-profit-ios -experimental-emit-module-separately -disable-cmo

SwiftExplicitDependencyGeneratePcm arm64 /Users/yutaro/project-profit-ios/artifacts/release-quality/performance-gate/DerivedData/ModuleCache.noindex/os-6YW68EF34O3Q13DZT8IW3PUD8.pcm

Ld /Users/yutaro/project-profit-ios/artifacts/release-quality/performance-gate/DerivedData/Build/Products/Debug-iphonesimulator/ProjectProfitShareExtension.appex/ProjectProfitShareExtension.debug.dylib normal (in target 'ProjectProfitShareExtension' from project 'ProjectProfit')
    cd /Users/yutaro/project-profit-ios
    /Applications/Xcode-26.3.app/Contents/Developer/Toolchains/XcodeDefault.xctoolchain/usr/bin/clang -Xlinker -reproducible -target arm64-apple-ios17.0-simulator -dynamiclib -isysroot /Applications/Xcode-26.3.app/Contents/Developer/Platforms/iPhoneSimulator.platform/Developer/SDKs/iPhoneSimulator26.2.sdk -O0 -L/Users/yutaro/project-profit-ios/artifacts/release-quality/performance-gate/DerivedData/Build/Intermediates.noindex/EagerLinkingTBDs/Debug-iphonesimulator -L/Users/yutaro/project-profit-ios/artifacts/release-quality/performance-gate/DerivedData/Build/Products/Debug-iphonesimulator -F/Users/yutaro/project-profit-ios/artifacts/release-quality/performance-gate/DerivedData/Build/Intermediates.noindex/EagerLinkingTBDs/Debug-iphonesimulator -F/Users/yutaro/project-profit-ios/artifacts/release-quality/performance-gate/DerivedData/Build/Products/Debug-iphonesimulator -filelist /Users/yutaro/project-profit-ios/artifacts/release-quality/performance-gate/DerivedData/Build/Intermediates.noindex/ProjectProfit.build/Debug-iphonesimulator/ProjectProfitShareExtension.build/Objects-normal/arm64/ProjectProfitShareExtension.LinkFileList -install_name @rpath/ProjectProfitShareExtension.debug.dylib -Xlinker -rpath -Xlinker /usr/lib/swift -Xlinker -rpath -Xlinker @executable_path/Frameworks -Xlinker -rpath -Xlinker @executable_path/../../Frameworks -dead_strip -Xlinker -object_path_lto -Xlinker /Users/yutaro/project-profit-ios/artifacts/release-quality/performance-gate/DerivedData/Build/Intermediates.noindex/ProjectProfit.build/Debug-iphonesimulator/ProjectProfitShareExtension.build/Objects-normal/arm64/ProjectProfitShareExtension_lto.o -rdynamic -Xlinker -no_deduplicate -Xlinker -objc_abi_version -Xlinker 2 -Xlinker -debug_variant -Xlinker -dependency_info -Xlinker /Users/yutaro/project-profit-ios/artifacts/release-quality/performance-gate/DerivedData/Build/Intermediates.noindex/ProjectProfit.build/Debug-iphonesimulator/ProjectProfitShareExtension.build/Objects-normal/arm64/ProjectProfitShareExtension_dependency_info.dat -fapplication-extension -fobjc-link-runtime -fprofile-instr-generate -L/Applications/Xcode-26.3.app/Contents/Developer/Toolchains/XcodeDefault.xctoolchain/usr/lib/swift/iphonesimulator -L/usr/lib/swift -Xlinker -add_ast_path -Xlinker /Users/yutaro/project-profit-ios/artifacts/release-quality/performance-gate/DerivedData/Build/Intermediates.noindex/ProjectProfit.build/Debug-iphonesimulator/ProjectProfitShareExtension.build/Objects-normal/arm64/ProjectProfitShareExtension.swiftmodule @/Users/yutaro/project-profit-ios/artifacts/release-quality/performance-gate/DerivedData/Build/Intermediates.noindex/ProjectProfit.build/Debug-iphonesimulator/ProjectProfitShareExtension.build/Objects-normal/arm64/ProjectProfitShareExtension-linker-args.resp -Xlinker -alias -Xlinker _NSExtensionMain -Xlinker ___debug_main_executable_dylib_entry_point -Xlinker -no_adhoc_codesign -o /Users/yutaro/project-profit-ios/artifacts/release-quality/performance-gate/DerivedData/Build/Products/Debug-iphonesimulator/ProjectProfitShareExtension.appex/ProjectProfitShareExtension.debug.dylib

SwiftExplicitDependencyGeneratePcm arm64 /Users/yutaro/project-profit-ios/artifacts/release-quality/performance-gate/DerivedData/ModuleCache.noindex/CoreGraphics-306QRX495F5N0VGLCIOUUG580.pcm

SwiftExplicitDependencyGeneratePcm arm64 /Users/yutaro/project-profit-ios/artifacts/release-quality/performance-gate/DerivedData/ModuleCache.noindex/CFNetwork-EC67N09SXU2KXK1LMMKW00A7T.pcm

SwiftExplicitDependencyGeneratePcm arm64 /Users/yutaro/project-profit-ios/artifacts/release-quality/performance-gate/DerivedData/ModuleCache.noindex/CoreAudioTypes-26UVUGCVM8PE21CRV5BXD79NX.pcm

SwiftExplicitDependencyGeneratePcm arm64 /Users/yutaro/project-profit-ios/artifacts/release-quality/performance-gate/DerivedData/ModuleCache.noindex/Security-7EK81B1Y894JI826TXFDRP1VO.pcm

SwiftExplicitDependencyGeneratePcm arm64 /Users/yutaro/project-profit-ios/artifacts/release-quality/performance-gate/DerivedData/ModuleCache.noindex/CoreAudio-56BQTBO79ZS11YRGSY0Y678U9.pcm

SwiftExplicitDependencyGeneratePcm arm64 /Users/yutaro/project-profit-ios/artifacts/release-quality/performance-gate/DerivedData/ModuleCache.noindex/Foundation-CSOTLWT6WZNXEIOACW3DBCZ6I.pcm

SwiftExplicitDependencyGeneratePcm arm64 /Users/yutaro/project-profit-ios/artifacts/release-quality/performance-gate/DerivedData/ModuleCache.noindex/ImageIO-B65MSF043H64F2M9VT1ZHP9T4.pcm

SwiftExplicitDependencyGeneratePcm arm64 /Users/yutaro/project-profit-ios/artifacts/release-quality/performance-gate/DerivedData/ModuleCache.noindex/CoreText-E19II78Y0NN2WD376NOLH2B4F.pcm

ConstructStubExecutorLinkFileList /Users/yutaro/project-profit-ios/artifacts/release-quality/performance-gate/DerivedData/Build/Intermediates.noindex/ProjectProfit.build/Debug-iphonesimulator/ProjectProfitShareExtension.build/ProjectProfitShareExtension-ExecutorLinkFileList-normal-arm64.txt (in target 'ProjectProfitShareExtension' from project 'ProjectProfit')
    cd /Users/yutaro/project-profit-ios
    construct-stub-executor-link-file-list /Users/yutaro/project-profit-ios/artifacts/release-quality/performance-gate/DerivedData/Build/Products/Debug-iphonesimulator/ProjectProfitShareExtension.appex/ProjectProfitShareExtension.debug.dylib /Applications/Xcode-26.3.app/Contents/Developer/Platforms/iPhoneSimulator.platform/Developer/usr/lib/libPreviewsJITStubExecutor_no_swift_entry_point.a /Applications/Xcode-26.3.app/Contents/Developer/Platforms/iPhoneSimulator.platform/Developer/usr/lib/libPreviewsJITStubExecutor.a --output /Users/yutaro/project-profit-ios/artifacts/release-quality/performance-gate/DerivedData/Build/Intermediates.noindex/ProjectProfit.build/Debug-iphonesimulator/ProjectProfitShareExtension.build/ProjectProfitShareExtension-ExecutorLinkFileList-normal-arm64.txt
note: Using stub executor library without Swift entry point. (in target 'ProjectProfitShareExtension' from project 'ProjectProfit')

Ld /Users/yutaro/project-profit-ios/artifacts/release-quality/performance-gate/DerivedData/Build/Products/Debug-iphonesimulator/ProjectProfitShareExtension.appex/ProjectProfitShareExtension normal (in target 'ProjectProfitShareExtension' from project 'ProjectProfit')
    cd /Users/yutaro/project-profit-ios
    /Applications/Xcode-26.3.app/Contents/Developer/Toolchains/XcodeDefault.xctoolchain/usr/bin/clang -Xlinker -reproducible -target arm64-apple-ios17.0-simulator -isysroot /Applications/Xcode-26.3.app/Contents/Developer/Platforms/iPhoneSimulator.platform/Developer/SDKs/iPhoneSimulator26.2.sdk -O0 -L/Users/yutaro/project-profit-ios/artifacts/release-quality/performance-gate/DerivedData/Build/Products/Debug-iphonesimulator -F/Users/yutaro/project-profit-ios/artifacts/release-quality/performance-gate/DerivedData/Build/Products/Debug-iphonesimulator -Xlinker -rpath -Xlinker @executable_path -Xlinker -rpath -Xlinker @executable_path/Frameworks -Xlinker -rpath -Xlinker @executable_path/../../Frameworks -rdynamic -Xlinker -no_deduplicate -Xlinker -objc_abi_version -Xlinker 2 -Xlinker -debug_variant -e ___debug_blank_executor_main -Xlinker -sectcreate -Xlinker __TEXT -Xlinker __debug_dylib -Xlinker /Users/yutaro/project-profit-ios/artifacts/release-quality/performance-gate/DerivedData/Build/Intermediates.noindex/ProjectProfit.build/Debug-iphonesimulator/ProjectProfitShareExtension.build/ProjectProfitShareExtension-DebugDylibPath-normal-arm64.txt -Xlinker -sectcreate -Xlinker __TEXT -Xlinker __debug_entry -Xlinker /Users/yutaro/project-profit-ios/artifacts/release-quality/performance-gate/DerivedData/Build/Intermediates.noindex/ProjectProfit.build/Debug-iphonesimulator/ProjectProfitShareExtension.build/ProjectProfitShareExtension-DebugEntryPoint-normal-arm64.txt -Xlinker -sectcreate -Xlinker __TEXT -Xlinker __debug_instlnm -Xlinker /Users/yutaro/project-profit-ios/artifacts/release-quality/performance-gate/DerivedData/Build/Intermediates.noindex/ProjectProfit.build/Debug-iphonesimulator/ProjectProfitShareExtension.build/ProjectProfitShareExtension-DebugDylibInstallName-normal-arm64.txt -Xlinker -filelist -Xlinker /Users/yutaro/project-profit-ios/artifacts/release-quality/performance-gate/DerivedData/Build/Intermediates.noindex/ProjectProfit.build/Debug-iphonesimulator/ProjectProfitShareExtension.build/ProjectProfitShareExtension-ExecutorLinkFileList-normal-arm64.txt -Xlinker -sectcreate -Xlinker __TEXT -Xlinker __entitlements -Xlinker /Users/yutaro/project-profit-ios/artifacts/release-quality/performance-gate/DerivedData/Build/Intermediates.noindex/ProjectProfit.build/Debug-iphonesimulator/ProjectProfitShareExtension.build/ProjectProfitShareExtension.appex-Simulated.xcent -Xlinker -sectcreate -Xlinker __TEXT -Xlinker __ents_der -Xlinker /Users/yutaro/project-profit-ios/artifacts/release-quality/performance-gate/DerivedData/Build/Intermediates.noindex/ProjectProfit.build/Debug-iphonesimulator/ProjectProfitShareExtension.build/ProjectProfitShareExtension.appex-Simulated.xcent.der /Users/yutaro/project-profit-ios/artifacts/release-quality/performance-gate/DerivedData/Build/Products/Debug-iphonesimulator/ProjectProfitShareExtension.appex/ProjectProfitShareExtension.debug.dylib -Xlinker -no_adhoc_codesign -o /Users/yutaro/project-profit-ios/artifacts/release-quality/performance-gate/DerivedData/Build/Products/Debug-iphonesimulator/ProjectProfitShareExtension.appex/ProjectProfitShareExtension

ExtractAppIntentsMetadata (in target 'ProjectProfitShareExtension' from project 'ProjectProfit')
    cd /Users/yutaro/project-profit-ios
    /Applications/Xcode-26.3.app/Contents/Developer/Toolchains/XcodeDefault.xctoolchain/usr/bin/appintentsmetadataprocessor --toolchain-dir /Applications/Xcode-26.3.app/Contents/Developer/Toolchains/XcodeDefault.xctoolchain --module-name ProjectProfitShareExtension --sdk-root /Applications/Xcode-26.3.app/Contents/Developer/Platforms/iPhoneSimulator.platform/Developer/SDKs/iPhoneSimulator26.2.sdk --xcode-version 17C519 --platform-family iOS --deployment-target 17.0 --bundle-identifier com.projectprofit.ProjectProfit.ShareExtension --output /Users/yutaro/project-profit-ios/artifacts/release-quality/performance-gate/DerivedData/Build/Products/Debug-iphonesimulator/ProjectProfitShareExtension.appex --target-triple arm64-apple-ios17.0-simulator --binary-file /Users/yutaro/project-profit-ios/artifacts/release-quality/performance-gate/DerivedData/Build/Products/Debug-iphonesimulator/ProjectProfitShareExtension.appex/ProjectProfitShareExtension --dependency-file /Users/yutaro/project-profit-ios/artifacts/release-quality/performance-gate/DerivedData/Build/Intermediates.noindex/ProjectProfit.build/Debug-iphonesimulator/ProjectProfitShareExtension.build/Objects-normal/arm64/ProjectProfitShareExtension_dependency_info.dat --stringsdata-file /Users/yutaro/project-profit-ios/artifacts/release-quality/performance-gate/DerivedData/Build/Intermediates.noindex/ProjectProfit.build/Debug-iphonesimulator/ProjectProfitShareExtension.build/Objects-normal/arm64/ExtractedAppShortcutsMetadata.stringsdata --source-file-list /Users/yutaro/project-profit-ios/artifacts/release-quality/performance-gate/DerivedData/Build/Intermediates.noindex/ProjectProfit.build/Debug-iphonesimulator/ProjectProfitShareExtension.build/Objects-normal/arm64/ProjectProfitShareExtension.SwiftFileList --metadata-file-list /Users/yutaro/project-profit-ios/artifacts/release-quality/performance-gate/DerivedData/Build/Intermediates.noindex/ProjectProfit.build/Debug-iphonesimulator/ProjectProfitShareExtension.build/ProjectProfitShareExtension.DependencyMetadataFileList --static-metadata-file-list /Users/yutaro/project-profit-ios/artifacts/release-quality/performance-gate/DerivedData/Build/Intermediates.noindex/ProjectProfit.build/Debug-iphonesimulator/ProjectProfitShareExtension.build/ProjectProfitShareExtension.DependencyStaticMetadataFileList --swift-const-vals-list /Users/yutaro/project-profit-ios/artifacts/release-quality/performance-gate/DerivedData/Build/Intermediates.noindex/ProjectProfit.build/Debug-iphonesimulator/ProjectProfitShareExtension.build/Objects-normal/arm64/ProjectProfitShareExtension.SwiftConstValuesFileList --compile-time-extraction --deployment-aware-processing --validate-assistant-intents --no-app-shortcuts-localization
2026-03-24 20:34:16.889 appintentsmetadataprocessor[92925:5035301] Starting appintentsmetadataprocessor export
2026-03-24 20:34:16.894 appintentsmetadataprocessor[92925:5035301] warning: Metadata extraction skipped. No AppIntents.framework dependency found.

AppIntentsSSUTraining (in target 'ProjectProfitShareExtension' from project 'ProjectProfit')
    cd /Users/yutaro/project-profit-ios
    /Applications/Xcode-26.3.app/Contents/Developer/Toolchains/XcodeDefault.xctoolchain/usr/bin/appintentsnltrainingprocessor --infoplist-path /Users/yutaro/project-profit-ios/artifacts/release-quality/performance-gate/DerivedData/Build/Products/Debug-iphonesimulator/ProjectProfitShareExtension.appex/Info.plist --temp-dir-path /Users/yutaro/project-profit-ios/artifacts/release-quality/performance-gate/DerivedData/Build/Intermediates.noindex/ProjectProfit.build/Debug-iphonesimulator/ProjectProfitShareExtension.build/ssu --bundle-id com.projectprofit.ProjectProfit.ShareExtension --product-path /Users/yutaro/project-profit-ios/artifacts/release-quality/performance-gate/DerivedData/Build/Products/Debug-iphonesimulator/ProjectProfitShareExtension.appex --extracted-metadata-path /Users/yutaro/project-profit-ios/artifacts/release-quality/performance-gate/DerivedData/Build/Products/Debug-iphonesimulator/ProjectProfitShareExtension.appex/Metadata.appintents --metadata-file-list /Users/yutaro/project-profit-ios/artifacts/release-quality/performance-gate/DerivedData/Build/Intermediates.noindex/ProjectProfit.build/Debug-iphonesimulator/ProjectProfitShareExtension.build/ProjectProfitShareExtension.DependencyMetadataFileList --archive-ssu-assets
2026-03-24 20:34:16.952 appintentsnltrainingprocessor[92928:5035305] Parsing options for appintentsnltrainingprocessor
2026-03-24 20:34:16.954 appintentsnltrainingprocessor[92928:5035305] No AppShortcuts found - Skipping.

CodeSign /Users/yutaro/project-profit-ios/artifacts/release-quality/performance-gate/DerivedData/Build/Products/Debug-iphonesimulator/ProjectProfitShareExtension.appex/ProjectProfitShareExtension.debug.dylib (in target 'ProjectProfitShareExtension' from project 'ProjectProfit')
    cd /Users/yutaro/project-profit-ios
    
    Signing Identity:     "Sign to Run Locally"
    
    /usr/bin/codesign --force --sign - --timestamp\=none --generate-entitlement-der /Users/yutaro/project-profit-ios/artifacts/release-quality/performance-gate/DerivedData/Build/Products/Debug-iphonesimulator/ProjectProfitShareExtension.appex/ProjectProfitShareExtension.debug.dylib

CodeSign /Users/yutaro/project-profit-ios/artifacts/release-quality/performance-gate/DerivedData/Build/Products/Debug-iphonesimulator/ProjectProfitShareExtension.appex/__preview.dylib (in target 'ProjectProfitShareExtension' from project 'ProjectProfit')
    cd /Users/yutaro/project-profit-ios
    
    Signing Identity:     "Sign to Run Locally"
    
    /usr/bin/codesign --force --sign - --timestamp\=none --generate-entitlement-der /Users/yutaro/project-profit-ios/artifacts/release-quality/performance-gate/DerivedData/Build/Products/Debug-iphonesimulator/ProjectProfitShareExtension.appex/__preview.dylib

CodeSign /Users/yutaro/project-profit-ios/artifacts/release-quality/performance-gate/DerivedData/Build/Products/Debug-iphonesimulator/ProjectProfitShareExtension.appex (in target 'ProjectProfitShareExtension' from project 'ProjectProfit')
    cd /Users/yutaro/project-profit-ios
    
    Signing Identity:     "Sign to Run Locally"
    
    /usr/bin/codesign --force --sign - --entitlements /Users/yutaro/project-profit-ios/artifacts/release-quality/performance-gate/DerivedData/Build/Intermediates.noindex/ProjectProfit.build/Debug-iphonesimulator/ProjectProfitShareExtension.build/ProjectProfitShareExtension.appex.xcent --timestamp\=none --generate-entitlement-der /Users/yutaro/project-profit-ios/artifacts/release-quality/performance-gate/DerivedData/Build/Products/Debug-iphonesimulator/ProjectProfitShareExtension.appex

RegisterExecutionPolicyException /Users/yutaro/project-profit-ios/artifacts/release-quality/performance-gate/DerivedData/Build/Products/Debug-iphonesimulator/ProjectProfitShareExtension.appex (in target 'ProjectProfitShareExtension' from project 'ProjectProfit')
    cd /Users/yutaro/project-profit-ios
    builtin-RegisterExecutionPolicyException /Users/yutaro/project-profit-ios/artifacts/release-quality/performance-gate/DerivedData/Build/Products/Debug-iphonesimulator/ProjectProfitShareExtension.appex

Touch /Users/yutaro/project-profit-ios/artifacts/release-quality/performance-gate/DerivedData/Build/Products/Debug-iphonesimulator/ProjectProfitShareExtension.appex (in target 'ProjectProfitShareExtension' from project 'ProjectProfit')
    cd /Users/yutaro/project-profit-ios
    /usr/bin/touch -c /Users/yutaro/project-profit-ios/artifacts/release-quality/performance-gate/DerivedData/Build/Products/Debug-iphonesimulator/ProjectProfitShareExtension.appex

ValidateDevelopmentAssets /Users/yutaro/project-profit-ios/artifacts/release-quality/performance-gate/DerivedData/Build/Intermediates.noindex/ProjectProfit.build/Debug-iphonesimulator/ProjectProfit.build (in target 'ProjectProfit' from project 'ProjectProfit')
    cd /Users/yutaro/project-profit-ios
    builtin-validate-development-assets --validate YES_ERROR /Users/yutaro/project-profit-ios/ProjectProfit/Preview\ Content

CpResource /Users/yutaro/project-profit-ios/artifacts/release-quality/performance-gate/DerivedData/Build/Products/Debug-iphonesimulator/ProjectProfit.app/white_tax_bookkeeping_invoice.csv /Users/yutaro/project-profit-ios/ProjectProfit/Ledger/Resources/csv_templates/white_tax_bookkeeping_invoice.csv (in target 'ProjectProfit' from project 'ProjectProfit')
    cd /Users/yutaro/project-profit-ios
    builtin-copy -exclude .DS_Store -exclude CVS -exclude .svn -exclude .git -exclude .hg -resolve-src-symlinks /Users/yutaro/project-profit-ios/ProjectProfit/Ledger/Resources/csv_templates/white_tax_bookkeeping_invoice.csv /Users/yutaro/project-profit-ios/artifacts/release-quality/performance-gate/DerivedData/Build/Products/Debug-iphonesimulator/ProjectProfit.app

CpResource /Users/yutaro/project-profit-ios/artifacts/release-quality/performance-gate/DerivedData/Build/Products/Debug-iphonesimulator/ProjectProfit.app/white_tax_bookkeeping.csv /Users/yutaro/project-profit-ios/ProjectProfit/Ledger/Resources/csv_templates/white_tax_bookkeeping.csv (in target 'ProjectProfit' from project 'ProjectProfit')
    cd /Users/yutaro/project-profit-ios
    builtin-copy -exclude .DS_Store -exclude CVS -exclude .svn -exclude .git -exclude .hg -resolve-src-symlinks /Users/yutaro/project-profit-ios/ProjectProfit/Ledger/Resources/csv_templates/white_tax_bookkeeping.csv /Users/yutaro/project-profit-ios/artifacts/release-quality/performance-gate/DerivedData/Build/Products/Debug-iphonesimulator/ProjectProfit.app

CpResource /Users/yutaro/project-profit-ios/artifacts/release-quality/performance-gate/DerivedData/Build/Products/Debug-iphonesimulator/ProjectProfit.app/transportation_expense.csv /Users/yutaro/project-profit-ios/ProjectProfit/Ledger/Resources/csv_templates/transportation_expense.csv (in target 'ProjectProfit' from project 'ProjectProfit')
    cd /Users/yutaro/project-profit-ios
    builtin-copy -exclude .DS_Store -exclude CVS -exclude .svn -exclude .git -exclude .hg -resolve-src-symlinks /Users/yutaro/project-profit-ios/ProjectProfit/Ledger/Resources/csv_templates/transportation_expense.csv /Users/yutaro/project-profit-ios/artifacts/release-quality/performance-gate/DerivedData/Build/Products/Debug-iphonesimulator/ProjectProfit.app

CpResource /Users/yutaro/project-profit-ios/artifacts/release-quality/performance-gate/DerivedData/Build/Products/Debug-iphonesimulator/ProjectProfit.app/master_schema.json /Users/yutaro/project-profit-ios/ProjectProfit/Ledger/Resources/master_schema.json (in target 'ProjectProfit' from project 'ProjectProfit')
    cd /Users/yutaro/project-profit-ios
    builtin-copy -exclude .DS_Store -exclude CVS -exclude .svn -exclude .git -exclude .hg -resolve-src-symlinks /Users/yutaro/project-profit-ios/ProjectProfit/Ledger/Resources/master_schema.json /Users/yutaro/project-profit-ios/artifacts/release-quality/performance-gate/DerivedData/Build/Products/Debug-iphonesimulator/ProjectProfit.app

CpResource /Users/yutaro/project-profit-ios/artifacts/release-quality/performance-gate/DerivedData/Build/Products/Debug-iphonesimulator/ProjectProfit.app/journal.csv /Users/yutaro/project-profit-ios/ProjectProfit/Ledger/Resources/csv_templates/journal.csv (in target 'ProjectProfit' from project 'ProjectProfit')
    cd /Users/yutaro/project-profit-ios
    builtin-copy -exclude .DS_Store -exclude CVS -exclude .svn -exclude .git -exclude .hg -resolve-src-symlinks /Users/yutaro/project-profit-ios/ProjectProfit/Ledger/Resources/csv_templates/journal.csv /Users/yutaro/project-profit-ios/artifacts/release-quality/performance-gate/DerivedData/Build/Products/Debug-iphonesimulator/ProjectProfit.app

Ld /Users/yutaro/project-profit-ios/artifacts/release-quality/performance-gate/DerivedData/Build/Products/Debug-iphonesimulator/ProjectProfit.app/__preview.dylib normal (in target 'ProjectProfit' from project 'ProjectProfit')
    cd /Users/yutaro/project-profit-ios
    /Applications/Xcode-26.3.app/Contents/Developer/Toolchains/XcodeDefault.xctoolchain/usr/bin/clang -Xlinker -reproducible -target arm64-apple-ios17.0-simulator -dynamiclib -isysroot /Applications/Xcode-26.3.app/Contents/Developer/Platforms/iPhoneSimulator.platform/Developer/SDKs/iPhoneSimulator26.2.sdk -O0 -L/Users/yutaro/project-profit-ios/artifacts/release-quality/performance-gate/DerivedData/Build/Products/Debug-iphonesimulator -F/Users/yutaro/project-profit-ios/artifacts/release-quality/performance-gate/DerivedData/Build/Products/Debug-iphonesimulator/PackageFrameworks -F/Users/yutaro/project-profit-ios/artifacts/release-quality/performance-gate/DerivedData/Build/Products/Debug-iphonesimulator -install_name @rpath/ProjectProfit.debug.dylib -dead_strip -rdynamic -Xlinker -no_deduplicate -Xlinker -objc_abi_version -Xlinker 2 -Xlinker -debug_variant -Xlinker -dependency_info -Xlinker /Users/yutaro/project-profit-ios/artifacts/release-quality/performance-gate/DerivedData/Build/Intermediates.noindex/ProjectProfit.build/Debug-iphonesimulator/ProjectProfit.build/Objects-normal/arm64/ProjectProfit_dependency_info.dat -Xlinker -sectcreate -Xlinker __TEXT -Xlinker __entitlements -Xlinker /Users/yutaro/project-profit-ios/artifacts/release-quality/performance-gate/DerivedData/Build/Intermediates.noindex/ProjectProfit.build/Debug-iphonesimulator/ProjectProfit.build/ProjectProfit.app-Simulated.xcent -Xlinker -sectcreate -Xlinker __TEXT -Xlinker __ents_der -Xlinker /Users/yutaro/project-profit-ios/artifacts/release-quality/performance-gate/DerivedData/Build/Intermediates.noindex/ProjectProfit.build/Debug-iphonesimulator/ProjectProfit.build/ProjectProfit.app-Simulated.xcent.der -Xlinker -no_adhoc_codesign -o /Users/yutaro/project-profit-ios/artifacts/release-quality/performance-gate/DerivedData/Build/Products/Debug-iphonesimulator/ProjectProfit.app/__preview.dylib

CpResource /Users/yutaro/project-profit-ios/artifacts/release-quality/performance-gate/DerivedData/Build/Products/Debug-iphonesimulator/ProjectProfit.app/general_ledger_invoice.csv /Users/yutaro/project-profit-ios/ProjectProfit/Ledger/Resources/csv_templates/general_ledger_invoice.csv (in target 'ProjectProfit' from project 'ProjectProfit')
    cd /Users/yutaro/project-profit-ios
    builtin-copy -exclude .DS_Store -exclude CVS -exclude .svn -exclude .git -exclude .hg -resolve-src-symlinks /Users/yutaro/project-profit-ios/ProjectProfit/Ledger/Resources/csv_templates/general_ledger_invoice.csv /Users/yutaro/project-profit-ios/artifacts/release-quality/performance-gate/DerivedData/Build/Products/Debug-iphonesimulator/ProjectProfit.app

CpResource /Users/yutaro/project-profit-ios/artifacts/release-quality/performance-gate/DerivedData/Build/Products/Debug-iphonesimulator/ProjectProfit.app/general_ledger.csv /Users/yutaro/project-profit-ios/ProjectProfit/Ledger/Resources/csv_templates/general_ledger.csv (in target 'ProjectProfit' from project 'ProjectProfit')
    cd /Users/yutaro/project-profit-ios
    builtin-copy -exclude .DS_Store -exclude CVS -exclude .svn -exclude .git -exclude .hg -resolve-src-symlinks /Users/yutaro/project-profit-ios/ProjectProfit/Ledger/Resources/csv_templates/general_ledger.csv /Users/yutaro/project-profit-ios/artifacts/release-quality/performance-gate/DerivedData/Build/Products/Debug-iphonesimulator/ProjectProfit.app

CpResource /Users/yutaro/project-profit-ios/artifacts/release-quality/performance-gate/DerivedData/Build/Products/Debug-iphonesimulator/ProjectProfit.app/fixed_asset_register.csv /Users/yutaro/project-profit-ios/ProjectProfit/Ledger/Resources/csv_templates/fixed_asset_register.csv (in target 'ProjectProfit' from project 'ProjectProfit')
    cd /Users/yutaro/project-profit-ios
    builtin-copy -exclude .DS_Store -exclude CVS -exclude .svn -exclude .git -exclude .hg -resolve-src-symlinks /Users/yutaro/project-profit-ios/ProjectProfit/Ledger/Resources/csv_templates/fixed_asset_register.csv /Users/yutaro/project-profit-ios/artifacts/release-quality/performance-gate/DerivedData/Build/Products/Debug-iphonesimulator/ProjectProfit.app

CpResource /Users/yutaro/project-profit-ios/artifacts/release-quality/performance-gate/DerivedData/Build/Products/Debug-iphonesimulator/ProjectProfit.app/fixed_asset_depreciation.csv /Users/yutaro/project-profit-ios/ProjectProfit/Ledger/Resources/csv_templates/fixed_asset_depreciation.csv (in target 'ProjectProfit' from project 'ProjectProfit')
    cd /Users/yutaro/project-profit-ios
    builtin-copy -exclude .DS_Store -exclude CVS -exclude .svn -exclude .git -exclude .hg -resolve-src-symlinks /Users/yutaro/project-profit-ios/ProjectProfit/Ledger/Resources/csv_templates/fixed_asset_depreciation.csv /Users/yutaro/project-profit-ios/artifacts/release-quality/performance-gate/DerivedData/Build/Products/Debug-iphonesimulator/ProjectProfit.app

CpResource /Users/yutaro/project-profit-ios/artifacts/release-quality/performance-gate/DerivedData/Build/Products/Debug-iphonesimulator/ProjectProfit.app/expense_book_invoice.csv /Users/yutaro/project-profit-ios/ProjectProfit/Ledger/Resources/csv_templates/expense_book_invoice.csv (in target 'ProjectProfit' from project 'ProjectProfit')
    cd /Users/yutaro/project-profit-ios
    builtin-copy -exclude .DS_Store -exclude CVS -exclude .svn -exclude .git -exclude .hg -resolve-src-symlinks /Users/yutaro/project-profit-ios/ProjectProfit/Ledger/Resources/csv_templates/expense_book_invoice.csv /Users/yutaro/project-profit-ios/artifacts/release-quality/performance-gate/DerivedData/Build/Products/Debug-iphonesimulator/ProjectProfit.app

CpResource /Users/yutaro/project-profit-ios/artifacts/release-quality/performance-gate/DerivedData/Build/Products/Debug-iphonesimulator/ProjectProfit.app/expense_book.csv /Users/yutaro/project-profit-ios/ProjectProfit/Ledger/Resources/csv_templates/expense_book.csv (in target 'ProjectProfit' from project 'ProjectProfit')
    cd /Users/yutaro/project-profit-ios
    builtin-copy -exclude .DS_Store -exclude CVS -exclude .svn -exclude .git -exclude .hg -resolve-src-symlinks /Users/yutaro/project-profit-ios/ProjectProfit/Ledger/Resources/csv_templates/expense_book.csv /Users/yutaro/project-profit-ios/artifacts/release-quality/performance-gate/DerivedData/Build/Products/Debug-iphonesimulator/ProjectProfit.app

CpResource /Users/yutaro/project-profit-ios/artifacts/release-quality/performance-gate/DerivedData/Build/Products/Debug-iphonesimulator/ProjectProfit.app/cash_book_invoice.csv /Users/yutaro/project-profit-ios/ProjectProfit/Ledger/Resources/csv_templates/cash_book_invoice.csv (in target 'ProjectProfit' from project 'ProjectProfit')
    cd /Users/yutaro/project-profit-ios
    builtin-copy -exclude .DS_Store -exclude CVS -exclude .svn -exclude .git -exclude .hg -resolve-src-symlinks /Users/yutaro/project-profit-ios/ProjectProfit/Ledger/Resources/csv_templates/cash_book_invoice.csv /Users/yutaro/project-profit-ios/artifacts/release-quality/performance-gate/DerivedData/Build/Products/Debug-iphonesimulator/ProjectProfit.app

CpResource /Users/yutaro/project-profit-ios/artifacts/release-quality/performance-gate/DerivedData/Build/Products/Debug-iphonesimulator/ProjectProfit.app/cash_book.csv /Users/yutaro/project-profit-ios/ProjectProfit/Ledger/Resources/csv_templates/cash_book.csv (in target 'ProjectProfit' from project 'ProjectProfit')
    cd /Users/yutaro/project-profit-ios
    builtin-copy -exclude .DS_Store -exclude CVS -exclude .svn -exclude .git -exclude .hg -resolve-src-symlinks /Users/yutaro/project-profit-ios/ProjectProfit/Ledger/Resources/csv_templates/cash_book.csv /Users/yutaro/project-profit-ios/artifacts/release-quality/performance-gate/DerivedData/Build/Products/Debug-iphonesimulator/ProjectProfit.app

CpResource /Users/yutaro/project-profit-ios/artifacts/release-quality/performance-gate/DerivedData/Build/Products/Debug-iphonesimulator/ProjectProfit.app/bank_account_book_invoice.csv /Users/yutaro/project-profit-ios/ProjectProfit/Ledger/Resources/csv_templates/bank_account_book_invoice.csv (in target 'ProjectProfit' from project 'ProjectProfit')
    cd /Users/yutaro/project-profit-ios
    builtin-copy -exclude .DS_Store -exclude CVS -exclude .svn -exclude .git -exclude .hg -resolve-src-symlinks /Users/yutaro/project-profit-ios/ProjectProfit/Ledger/Resources/csv_templates/bank_account_book_invoice.csv /Users/yutaro/project-profit-ios/artifacts/release-quality/performance-gate/DerivedData/Build/Products/Debug-iphonesimulator/ProjectProfit.app

CpResource /Users/yutaro/project-profit-ios/artifacts/release-quality/performance-gate/DerivedData/Build/Products/Debug-iphonesimulator/ProjectProfit.app/bank_account_book.csv /Users/yutaro/project-profit-ios/ProjectProfit/Ledger/Resources/csv_templates/bank_account_book.csv (in target 'ProjectProfit' from project 'ProjectProfit')
    cd /Users/yutaro/project-profit-ios
    builtin-copy -exclude .DS_Store -exclude CVS -exclude .svn -exclude .git -exclude .hg -resolve-src-symlinks /Users/yutaro/project-profit-ios/ProjectProfit/Ledger/Resources/csv_templates/bank_account_book.csv /Users/yutaro/project-profit-ios/artifacts/release-quality/performance-gate/DerivedData/Build/Products/Debug-iphonesimulator/ProjectProfit.app

CpResource /Users/yutaro/project-profit-ios/artifacts/release-quality/performance-gate/DerivedData/Build/Products/Debug-iphonesimulator/ProjectProfit.app/accounts_receivable_book.csv /Users/yutaro/project-profit-ios/ProjectProfit/Ledger/Resources/csv_templates/accounts_receivable_book.csv (in target 'ProjectProfit' from project 'ProjectProfit')
    cd /Users/yutaro/project-profit-ios
    builtin-copy -exclude .DS_Store -exclude CVS -exclude .svn -exclude .git -exclude .hg -resolve-src-symlinks /Users/yutaro/project-profit-ios/ProjectProfit/Ledger/Resources/csv_templates/accounts_receivable_book.csv /Users/yutaro/project-profit-ios/artifacts/release-quality/performance-gate/DerivedData/Build/Products/Debug-iphonesimulator/ProjectProfit.app

CpResource /Users/yutaro/project-profit-ios/artifacts/release-quality/performance-gate/DerivedData/Build/Products/Debug-iphonesimulator/ProjectProfit.app/accounts_payable_book.csv /Users/yutaro/project-profit-ios/ProjectProfit/Ledger/Resources/csv_templates/accounts_payable_book.csv (in target 'ProjectProfit' from project 'ProjectProfit')
    cd /Users/yutaro/project-profit-ios
    builtin-copy -exclude .DS_Store -exclude CVS -exclude .svn -exclude .git -exclude .hg -resolve-src-symlinks /Users/yutaro/project-profit-ios/ProjectProfit/Ledger/Resources/csv_templates/accounts_payable_book.csv /Users/yutaro/project-profit-ios/artifacts/release-quality/performance-gate/DerivedData/Build/Products/Debug-iphonesimulator/ProjectProfit.app

CpResource /Users/yutaro/project-profit-ios/artifacts/release-quality/performance-gate/DerivedData/Build/Products/Debug-iphonesimulator/ProjectProfit.app/account_categories.csv /Users/yutaro/project-profit-ios/ProjectProfit/Ledger/Resources/csv_templates/account_categories.csv (in target 'ProjectProfit' from project 'ProjectProfit')
    cd /Users/yutaro/project-profit-ios
    builtin-copy -exclude .DS_Store -exclude CVS -exclude .svn -exclude .git -exclude .hg -resolve-src-symlinks /Users/yutaro/project-profit-ios/ProjectProfit/Ledger/Resources/csv_templates/account_categories.csv /Users/yutaro/project-profit-ios/artifacts/release-quality/performance-gate/DerivedData/Build/Products/Debug-iphonesimulator/ProjectProfit.app

CpResource /Users/yutaro/project-profit-ios/artifacts/release-quality/performance-gate/DerivedData/Build/Products/Debug-iphonesimulator/ProjectProfit.app/TaxYear2026.json /Users/yutaro/project-profit-ios/ProjectProfit/Resources/TaxYear2026.json (in target 'ProjectProfit' from project 'ProjectProfit')
    cd /Users/yutaro/project-profit-ios
    builtin-copy -exclude .DS_Store -exclude CVS -exclude .svn -exclude .git -exclude .hg -resolve-src-symlinks /Users/yutaro/project-profit-ios/ProjectProfit/Resources/TaxYear2026.json /Users/yutaro/project-profit-ios/artifacts/release-quality/performance-gate/DerivedData/Build/Products/Debug-iphonesimulator/ProjectProfit.app

CpResource /Users/yutaro/project-profit-ios/artifacts/release-quality/performance-gate/DerivedData/Build/Products/Debug-iphonesimulator/ProjectProfit.app/TaxYear2025.json /Users/yutaro/project-profit-ios/ProjectProfit/Resources/TaxYear2025.json (in target 'ProjectProfit' from project 'ProjectProfit')
    cd /Users/yutaro/project-profit-ios
    builtin-copy -exclude .DS_Store -exclude CVS -exclude .svn -exclude .git -exclude .hg -resolve-src-symlinks /Users/yutaro/project-profit-ios/ProjectProfit/Resources/TaxYear2025.json /Users/yutaro/project-profit-ios/artifacts/release-quality/performance-gate/DerivedData/Build/Products/Debug-iphonesimulator/ProjectProfit.app

CpResource /Users/yutaro/project-profit-ios/artifacts/release-quality/performance-gate/DerivedData/Build/Products/Debug-iphonesimulator/ProjectProfit.app/PrivacyInfo.xcprivacy /Users/yutaro/project-profit-ios/ProjectProfit/PrivacyInfo.xcprivacy (in target 'ProjectProfit' from project 'ProjectProfit')
    cd /Users/yutaro/project-profit-ios
    builtin-copy -exclude .DS_Store -exclude CVS -exclude .svn -exclude .git -exclude .hg -resolve-src-symlinks /Users/yutaro/project-profit-ios/ProjectProfit/PrivacyInfo.xcprivacy /Users/yutaro/project-profit-ios/artifacts/release-quality/performance-gate/DerivedData/Build/Products/Debug-iphonesimulator/ProjectProfit.app

CpResource /Users/yutaro/project-profit-ios/artifacts/release-quality/performance-gate/DerivedData/Build/Products/Debug-iphonesimulator/ProjectProfit.app/ClassificationDictionary.json /Users/yutaro/project-profit-ios/ProjectProfit/Resources/ClassificationDictionary.json (in target 'ProjectProfit' from project 'ProjectProfit')
    cd /Users/yutaro/project-profit-ios
    builtin-copy -exclude .DS_Store -exclude CVS -exclude .svn -exclude .git -exclude .hg -resolve-src-symlinks /Users/yutaro/project-profit-ios/ProjectProfit/Resources/ClassificationDictionary.json /Users/yutaro/project-profit-ios/artifacts/release-quality/performance-gate/DerivedData/Build/Products/Debug-iphonesimulator/ProjectProfit.app

Copy /Users/yutaro/project-profit-ios/artifacts/release-quality/performance-gate/DerivedData/Build/Products/Debug-iphonesimulator/ProjectProfit.app/Frameworks/libXCTestSwiftSupport.dylib /Applications/Xcode-26.3.app/Contents/Developer/Platforms/iPhoneSimulator.platform/Developer/usr/lib/libXCTestSwiftSupport.dylib (in target 'ProjectProfit' from project 'ProjectProfit')
    cd /Users/yutaro/project-profit-ios
    builtin-copy -exclude .DS_Store -exclude CVS -exclude .svn -exclude .git -exclude .hg -exclude Headers -exclude PrivateHeaders -exclude Modules -exclude \*.tbd -resolve-src-symlinks /Applications/Xcode-26.3.app/Contents/Developer/Platforms/iPhoneSimulator.platform/Developer/usr/lib/libXCTestSwiftSupport.dylib /Users/yutaro/project-profit-ios/artifacts/release-quality/performance-gate/DerivedData/Build/Products/Debug-iphonesimulator/ProjectProfit.app/Frameworks

Copy /Users/yutaro/project-profit-ios/artifacts/release-quality/performance-gate/DerivedData/Build/Products/Debug-iphonesimulator/ProjectProfit.app/Frameworks/libXCTestBundleInject.dylib /Applications/Xcode-26.3.app/Contents/Developer/Platforms/iPhoneSimulator.platform/Developer/usr/lib/libXCTestBundleInject.dylib (in target 'ProjectProfit' from project 'ProjectProfit')
    cd /Users/yutaro/project-profit-ios
    builtin-copy -exclude .DS_Store -exclude CVS -exclude .svn -exclude .git -exclude .hg -exclude Headers -exclude PrivateHeaders -exclude Modules -exclude \*.tbd -resolve-src-symlinks /Applications/Xcode-26.3.app/Contents/Developer/Platforms/iPhoneSimulator.platform/Developer/usr/lib/libXCTestBundleInject.dylib /Users/yutaro/project-profit-ios/artifacts/release-quality/performance-gate/DerivedData/Build/Products/Debug-iphonesimulator/ProjectProfit.app/Frameworks

Copy /Users/yutaro/project-profit-ios/artifacts/release-quality/performance-gate/DerivedData/Build/Products/Debug-iphonesimulator/ProjectProfit.app/Frameworks/XCUnit.framework /Applications/Xcode-26.3.app/Contents/Developer/Platforms/iPhoneSimulator.platform/Developer/Library/PrivateFrameworks/XCUnit.framework (in target 'ProjectProfit' from project 'ProjectProfit')
    cd /Users/yutaro/project-profit-ios
    builtin-copy -exclude .DS_Store -exclude CVS -exclude .svn -exclude .git -exclude .hg -exclude Headers -exclude PrivateHeaders -exclude Modules -exclude \*.tbd -resolve-src-symlinks /Applications/Xcode-26.3.app/Contents/Developer/Platforms/iPhoneSimulator.platform/Developer/Library/PrivateFrameworks/XCUnit.framework /Users/yutaro/project-profit-ios/artifacts/release-quality/performance-gate/DerivedData/Build/Products/Debug-iphonesimulator/ProjectProfit.app/Frameworks

Copy /Users/yutaro/project-profit-ios/artifacts/release-quality/performance-gate/DerivedData/Build/Products/Debug-iphonesimulator/ProjectProfit.app/Frameworks/XCUIAutomation.framework /Applications/Xcode-26.3.app/Contents/Developer/Platforms/iPhoneSimulator.platform/Developer/Library/Frameworks/XCUIAutomation.framework (in target 'ProjectProfit' from project 'ProjectProfit')
    cd /Users/yutaro/project-profit-ios
    builtin-copy -exclude .DS_Store -exclude CVS -exclude .svn -exclude .git -exclude .hg -exclude Headers -exclude PrivateHeaders -exclude Modules -exclude \*.tbd -resolve-src-symlinks /Applications/Xcode-26.3.app/Contents/Developer/Platforms/iPhoneSimulator.platform/Developer/Library/Frameworks/XCUIAutomation.framework /Users/yutaro/project-profit-ios/artifacts/release-quality/performance-gate/DerivedData/Build/Products/Debug-iphonesimulator/ProjectProfit.app/Frameworks

Copy /Users/yutaro/project-profit-ios/artifacts/release-quality/performance-gate/DerivedData/Build/Products/Debug-iphonesimulator/ProjectProfit.app/Frameworks/XCTestSupport.framework /Applications/Xcode-26.3.app/Contents/Developer/Platforms/iPhoneSimulator.platform/Developer/Library/PrivateFrameworks/XCTestSupport.framework (in target 'ProjectProfit' from project 'ProjectProfit')
    cd /Users/yutaro/project-profit-ios
    builtin-copy -exclude .DS_Store -exclude CVS -exclude .svn -exclude .git -exclude .hg -exclude Headers -exclude PrivateHeaders -exclude Modules -exclude \*.tbd -resolve-src-symlinks /Applications/Xcode-26.3.app/Contents/Developer/Platforms/iPhoneSimulator.platform/Developer/Library/PrivateFrameworks/XCTestSupport.framework /Users/yutaro/project-profit-ios/artifacts/release-quality/performance-gate/DerivedData/Build/Products/Debug-iphonesimulator/ProjectProfit.app/Frameworks

Copy /Users/yutaro/project-profit-ios/artifacts/release-quality/performance-gate/DerivedData/Build/Products/Debug-iphonesimulator/ProjectProfit.app/Frameworks/XCTestCore.framework /Applications/Xcode-26.3.app/Contents/Developer/Platforms/iPhoneSimulator.platform/Developer/Library/PrivateFrameworks/XCTestCore.framework (in target 'ProjectProfit' from project 'ProjectProfit')
    cd /Users/yutaro/project-profit-ios
    builtin-copy -exclude .DS_Store -exclude CVS -exclude .svn -exclude .git -exclude .hg -exclude Headers -exclude PrivateHeaders -exclude Modules -exclude \*.tbd -resolve-src-symlinks /Applications/Xcode-26.3.app/Contents/Developer/Platforms/iPhoneSimulator.platform/Developer/Library/PrivateFrameworks/XCTestCore.framework /Users/yutaro/project-profit-ios/artifacts/release-quality/performance-gate/DerivedData/Build/Products/Debug-iphonesimulator/ProjectProfit.app/Frameworks

Copy /Users/yutaro/project-profit-ios/artifacts/release-quality/performance-gate/DerivedData/Build/Products/Debug-iphonesimulator/ProjectProfit.app/Frameworks/XCTest.framework /Applications/Xcode-26.3.app/Contents/Developer/Platforms/iPhoneSimulator.platform/Developer/Library/Frameworks/XCTest.framework (in target 'ProjectProfit' from project 'ProjectProfit')
    cd /Users/yutaro/project-profit-ios
    builtin-copy -exclude .DS_Store -exclude CVS -exclude .svn -exclude .git -exclude .hg -exclude Headers -exclude PrivateHeaders -exclude Modules -exclude \*.tbd -resolve-src-symlinks /Applications/Xcode-26.3.app/Contents/Developer/Platforms/iPhoneSimulator.platform/Developer/Library/Frameworks/XCTest.framework /Users/yutaro/project-profit-ios/artifacts/release-quality/performance-gate/DerivedData/Build/Products/Debug-iphonesimulator/ProjectProfit.app/Frameworks

Copy /Users/yutaro/project-profit-ios/artifacts/release-quality/performance-gate/DerivedData/Build/Products/Debug-iphonesimulator/ProjectProfit.app/Frameworks/XCTAutomationSupport.framework /Applications/Xcode-26.3.app/Contents/Developer/Platforms/iPhoneSimulator.platform/Developer/Library/PrivateFrameworks/XCTAutomationSupport.framework (in target 'ProjectProfit' from project 'ProjectProfit')
    cd /Users/yutaro/project-profit-ios
    builtin-copy -exclude .DS_Store -exclude CVS -exclude .svn -exclude .git -exclude .hg -exclude Headers -exclude PrivateHeaders -exclude Modules -exclude \*.tbd -resolve-src-symlinks /Applications/Xcode-26.3.app/Contents/Developer/Platforms/iPhoneSimulator.platform/Developer/Library/PrivateFrameworks/XCTAutomationSupport.framework /Users/yutaro/project-profit-ios/artifacts/release-quality/performance-gate/DerivedData/Build/Products/Debug-iphonesimulator/ProjectProfit.app/Frameworks

Copy /Users/yutaro/project-profit-ios/artifacts/release-quality/performance-gate/DerivedData/Build/Products/Debug-iphonesimulator/ProjectProfit.app/Frameworks/Testing.framework /Applications/Xcode-26.3.app/Contents/Developer/Platforms/iPhoneSimulator.platform/Developer/Library/Frameworks/Testing.framework (in target 'ProjectProfit' from project 'ProjectProfit')
    cd /Users/yutaro/project-profit-ios
    builtin-copy -exclude .DS_Store -exclude CVS -exclude .svn -exclude .git -exclude .hg -exclude Headers -exclude PrivateHeaders -exclude Modules -exclude \*.tbd -resolve-src-symlinks /Applications/Xcode-26.3.app/Contents/Developer/Platforms/iPhoneSimulator.platform/Developer/Library/Frameworks/Testing.framework /Users/yutaro/project-profit-ios/artifacts/release-quality/performance-gate/DerivedData/Build/Products/Debug-iphonesimulator/ProjectProfit.app/Frameworks

SwiftExplicitDependencyGeneratePcm arm64 /Users/yutaro/project-profit-ios/artifacts/release-quality/performance-gate/DerivedData/ModuleCache.noindex/UIUtilities-A6JLEZRMTG3BJXEQD0PCMEJD0.pcm

SwiftExplicitDependencyGeneratePcm arm64 /Users/yutaro/project-profit-ios/artifacts/release-quality/performance-gate/DerivedData/ModuleCache.noindex/BackgroundAssets-5D4DRWGBPCUZYZW0PF3P7EZQQ.pcm

SwiftExplicitDependencyGeneratePcm arm64 /Users/yutaro/project-profit-ios/artifacts/release-quality/performance-gate/DerivedData/ModuleCache.noindex/OpenGLES-4QH4AU5BT5X482UDKHIT5UDLM.pcm

SwiftExplicitDependencyGeneratePcm arm64 /Users/yutaro/project-profit-ios/artifacts/release-quality/performance-gate/DerivedData/ModuleCache.noindex/DataDetection-7YBSCHJFJGM7CBNIX6ZJQIRD6.pcm

SwiftExplicitDependencyGeneratePcm arm64 /Users/yutaro/project-profit-ios/artifacts/release-quality/performance-gate/DerivedData/ModuleCache.noindex/Accessibility-CHXJSRBCKYXHACL75RM7UK0UC.pcm

SwiftExplicitDependencyGeneratePcm arm64 /Users/yutaro/project-profit-ios/artifacts/release-quality/performance-gate/DerivedData/ModuleCache.noindex/Symbols-7OI2INTUZVHA83IQ9IJFC2VT6.pcm

SwiftExplicitDependencyGeneratePcm arm64 /Users/yutaro/project-profit-ios/artifacts/release-quality/performance-gate/DerivedData/ModuleCache.noindex/CoreTransferable-BUWPZ6KM7WGA7Y0UA098F4RGJ.pcm

SwiftExplicitDependencyGeneratePcm arm64 /Users/yutaro/project-profit-ios/artifacts/release-quality/performance-gate/DerivedData/ModuleCache.noindex/Network-6F4T2KEDG9ZM0KWOQS74FBWKO.pcm

SwiftExplicitDependencyGeneratePcm arm64 /Users/yutaro/project-profit-ios/artifacts/release-quality/performance-gate/DerivedData/ModuleCache.noindex/LocalAuthentication-3NYMN0M0XCMK0OCVG8IYBVOCI.pcm

SwiftExplicitDependencyGeneratePcm arm64 /Users/yutaro/project-profit-ios/artifacts/release-quality/performance-gate/DerivedData/ModuleCache.noindex/UniformTypeIdentifiers-A2XENW5ZV3ZHLS941CHDLFJZB.pcm

SwiftExplicitDependencyGeneratePcm arm64 /Users/yutaro/project-profit-ios/artifacts/release-quality/performance-gate/DerivedData/ModuleCache.noindex/CoreData-8489ISAFQ8F9BKC04KGYII11T.pcm

SwiftExplicitDependencyGeneratePcm arm64 /Users/yutaro/project-profit-ios/artifacts/release-quality/performance-gate/DerivedData/ModuleCache.noindex/IOSurface-IBAXZW6ACXL7O9NAKHFD6K0O.pcm

SwiftExplicitDependencyGeneratePcm arm64 /Users/yutaro/project-profit-ios/artifacts/release-quality/performance-gate/DerivedData/ModuleCache.noindex/UserNotifications-DV92RHQT573200Y6OZ2CVXBB9.pcm

SwiftExplicitDependencyGeneratePcm arm64 /Users/yutaro/project-profit-ios/artifacts/release-quality/performance-gate/DerivedData/ModuleCache.noindex/OSLog-CK91WOAEG4LEKRIVR7YW8FQBR.pcm

SwiftExplicitDependencyGeneratePcm arm64 /Users/yutaro/project-profit-ios/artifacts/release-quality/performance-gate/DerivedData/ModuleCache.noindex/FileProvider-DQQ42L9FWQL195OWB088LY8GB.pcm

SwiftExplicitDependencyGeneratePcm arm64 /Users/yutaro/project-profit-ios/artifacts/release-quality/performance-gate/DerivedData/ModuleCache.noindex/CoreMIDI-17CQJ0EJ6P0PVKS2B32DK0NN6.pcm

SwiftExplicitDependencyGeneratePcm arm64 /Users/yutaro/project-profit-ios/artifacts/release-quality/performance-gate/DerivedData/ModuleCache.noindex/_LocationEssentials-BQ4VIK9JX55UYGGA7TXN105JA.pcm

SwiftExplicitDependencyGeneratePcm arm64 /Users/yutaro/project-profit-ios/artifacts/release-quality/performance-gate/DerivedData/ModuleCache.noindex/AVRouting-AWFC847T9PY49N35WKQRTBDVS.pcm

SwiftExplicitDependencyGeneratePcm arm64 /Users/yutaro/project-profit-ios/artifacts/release-quality/performance-gate/DerivedData/ModuleCache.noindex/Metal-DWVL4RGNQN3D6ZFGK4VI3YD1Z.pcm

SwiftExplicitDependencyGeneratePcm arm64 /Users/yutaro/project-profit-ios/artifacts/release-quality/performance-gate/DerivedData/ModuleCache.noindex/CoreLocation-4HH0ADIY5AB6NPGU2CZOLPP17.pcm

SwiftExplicitDependencyGeneratePcm arm64 /Users/yutaro/project-profit-ios/artifacts/release-quality/performance-gate/DerivedData/ModuleCache.noindex/AudioToolbox-5DJTITNAOR357CIP3DGC2EFXG.pcm

SwiftExplicitDependencyGeneratePcm arm64 /Users/yutaro/project-profit-ios/artifacts/release-quality/performance-gate/DerivedData/ModuleCache.noindex/CoreVideo-BT6CMR4RRNT451YS3HJHFM38K.pcm

SwiftExplicitDependencyGeneratePcm arm64 /Users/yutaro/project-profit-ios/artifacts/release-quality/performance-gate/DerivedData/ModuleCache.noindex/CoreMedia-7I61S47RZIHJYYGV33JDP2X6O.pcm

SwiftExplicitDependencyGeneratePcm arm64 /Users/yutaro/project-profit-ios/artifacts/release-quality/performance-gate/DerivedData/ModuleCache.noindex/CoreImage-5G4F68D57PCYZAAAAFFQHS0JT.pcm

SwiftExplicitDependencyGeneratePcm arm64 /Users/yutaro/project-profit-ios/artifacts/release-quality/performance-gate/DerivedData/ModuleCache.noindex/CoreML-CUQTHL1YGWYB2E5WERAQLXAQD.pcm

SwiftExplicitDependencyGeneratePcm arm64 /Users/yutaro/project-profit-ios/artifacts/release-quality/performance-gate/DerivedData/ModuleCache.noindex/Accelerate-8YWGLBXPPEGSGCPN0SNSRJK84.pcm

SwiftExplicitDependencyGeneratePcm arm64 /Users/yutaro/project-profit-ios/artifacts/release-quality/performance-gate/DerivedData/ModuleCache.noindex/QuartzCore-9O1U4NS7I4KRGN5THPLI4W1P3.pcm

SwiftExplicitDependencyGeneratePcm arm64 /Users/yutaro/project-profit-ios/artifacts/release-quality/performance-gate/DerivedData/ModuleCache.noindex/SwiftUICore-76O5M6NY7NCXOPUED5JI2WK1L.pcm

SwiftExplicitDependencyGeneratePcm arm64 /Users/yutaro/project-profit-ios/artifacts/release-quality/performance-gate/DerivedData/ModuleCache.noindex/UIKit-9500XL7Z875KNRLBL3TWXOHEJ.pcm

SwiftExplicitDependencyGeneratePcm arm64 /Users/yutaro/project-profit-ios/artifacts/release-quality/performance-gate/DerivedData/ModuleCache.noindex/AVFAudio-DJEFVRNM1P9DH4N4V2GFW02SR.pcm

SwiftExplicitDependencyGeneratePcm arm64 /Users/yutaro/project-profit-ios/artifacts/release-quality/performance-gate/DerivedData/ModuleCache.noindex/MediaToolbox-EXJVVINAUM1HCJ972LXM92JJ.pcm

SwiftExplicitDependencyGeneratePcm arm64 /Users/yutaro/project-profit-ios/artifacts/release-quality/performance-gate/DerivedData/ModuleCache.noindex/Vision-4AFC7EXHR1RTH3URUT5YQYTPL.pcm

SwiftExplicitDependencyGeneratePcm arm64 /Users/yutaro/project-profit-ios/artifacts/release-quality/performance-gate/DerivedData/ModuleCache.noindex/AVFoundation-ERIMCCL1L85UQ33TECQUPL4NV.pcm

SwiftExplicitDependencyGeneratePcm arm64 /Users/yutaro/project-profit-ios/artifacts/release-quality/performance-gate/DerivedData/ModuleCache.noindex/Photos-74J9BXGM4ELG6GIZ11LNBNKRM.pcm

SwiftExplicitDependencyGeneratePcm arm64 /Users/yutaro/project-profit-ios/artifacts/release-quality/performance-gate/DerivedData/ModuleCache.noindex/SwiftUI-BYR08CE5GQGVKVEN1PU7TX3TN.pcm

SwiftExplicitDependencyGeneratePcm arm64 /Users/yutaro/project-profit-ios/artifacts/release-quality/performance-gate/DerivedData/ModuleCache.noindex/PhotosUI-1IKB0QNDMXVL9NOHORPC1K9M3.pcm

SwiftExplicitDependencyGeneratePcm arm64 /Users/yutaro/project-profit-ios/artifacts/release-quality/performance-gate/DerivedData/ModuleCache.noindex/PDFKit-DGHKN9SQ3QON498NKOJI9YB04.pcm

SwiftCompile normal arm64 Compiling\ SwiftDataRecurringRepository.swift,\ SwiftDataReportingRepository.swift,\ SwiftDataSettingsOverviewRepository.swift,\ SwiftDataStatementRepository.swift,\ SwiftDataTaxYearProfileRepository.swift,\ SwiftDataTransactionFormRepository.swift,\ SwiftDataTransactionHistoryRepository.swift,\ SwiftDataUserRuleRepository.swift,\ TaxCode.swift,\ TaxCodePickerView.swift,\ TaxDeductibleRateView.swift,\ TaxLineDefinitions.swift,\ TaxRuleEvaluator.swift,\ TaxStatusMachine.swift,\ TaxYearDefinitionLoader.swift,\ TaxYearPack.swift,\ TaxYearPackProviderPort.swift,\ TaxYearProfile.swift,\ TaxYearProfileEntity.swift,\ TaxYearProfileEntityMapper.swift,\ TaxYearProfileRepository.swift,\ TaxYearStateUseCase.swift,\ TransactionDetailView.swift,\ TransactionDocumentsView.swift /Users/yutaro/project-profit-ios/ProjectProfit/Infrastructure/Persistence/SwiftData/Repositories/SwiftDataRecurringRepository.swift /Users/yutaro/project-profit-ios/ProjectProfit/Infrastructure/Persistence/SwiftData/Repositories/SwiftDataReportingRepository.swift /Users/yutaro/project-profit-ios/ProjectProfit/Infrastructure/Persistence/SwiftData/Repositories/SwiftDataSettingsOverviewRepository.swift /Users/yutaro/project-profit-ios/ProjectProfit/Infrastructure/Persistence/SwiftData/Repositories/SwiftDataStatementRepository.swift /Users/yutaro/project-profit-ios/ProjectProfit/Infrastructure/Persistence/SwiftData/Repositories/SwiftDataTaxYearProfileRepository.swift /Users/yutaro/project-profit-ios/ProjectProfit/Infrastructure/Persistence/SwiftData/Repositories/SwiftDataTransactionFormRepository.swift /Users/yutaro/project-profit-ios/ProjectProfit/Infrastructure/Persistence/SwiftData/Repositories/SwiftDataTransactionHistoryRepository.swift /Users/yutaro/project-profit-ios/ProjectProfit/Infrastructure/Persistence/SwiftData/Repositories/SwiftDataUserRuleRepository.swift /Users/yutaro/project-profit-ios/ProjectProfit/Core/Domain/Tax/TaxCode.swift /Users/yutaro/project-profit-ios/ProjectProfit/Views/Components/TaxCodePickerView.swift /Users/yutaro/project-profit-ios/ProjectProfit/Views/Components/TaxDeductibleRateView.swift /Users/yutaro/project-profit-ios/ProjectProfit/Models/TaxLineDefinitions.swift /Users/yutaro/project-profit-ios/ProjectProfit/Core/Domain/Tax/TaxRuleEvaluator.swift /Users/yutaro/project-profit-ios/ProjectProfit/Core/Domain/Tax/TaxStatusMachine.swift /Users/yutaro/project-profit-ios/ProjectProfit/Services/TaxYearDefinitionLoader.swift /Users/yutaro/project-profit-ios/ProjectProfit/Core/Domain/TaxYear/TaxYearPack.swift /Users/yutaro/project-profit-ios/ProjectProfit/Core/Domain/TaxYear/TaxYearPackProviderPort.swift /Users/yutaro/project-profit-ios/ProjectProfit/Core/Domain/TaxYear/TaxYearProfile.swift /Users/yutaro/project-profit-ios/ProjectProfit/Infrastructure/Persistence/SwiftData/Entities/TaxYearProfileEntity.swift /Users/yutaro/project-profit-ios/ProjectProfit/Application/Mappers/TaxYearProfileEntityMapper.swift /Users/yutaro/project-profit-ios/ProjectProfit/Core/Domain/TaxYear/TaxYearProfileRepository.swift /Users/yutaro/project-profit-ios/ProjectProfit/Application/UseCases/Filing/TaxYearStateUseCase.swift /Users/yutaro/project-profit-ios/ProjectProfit/Views/Transactions/TransactionDetailView.swift /Users/yutaro/project-profit-ios/ProjectProfit/Views/Transactions/TransactionDocumentsView.swift (in target 'ProjectProfit' from project 'ProjectProfit')
SwiftCompile normal arm64 /Users/yutaro/project-profit-ios/ProjectProfit/Infrastructure/Persistence/SwiftData/Repositories/SwiftDataRecurringRepository.swift (in target 'ProjectProfit' from project 'ProjectProfit')
    cd /Users/yutaro/project-profit-ios
    

SwiftCompile normal arm64 /Users/yutaro/project-profit-ios/ProjectProfit/Infrastructure/Persistence/SwiftData/Repositories/SwiftDataReportingRepository.swift (in target 'ProjectProfit' from project 'ProjectProfit')
    cd /Users/yutaro/project-profit-ios
    

SwiftCompile normal arm64 /Users/yutaro/project-profit-ios/ProjectProfit/Infrastructure/Persistence/SwiftData/Repositories/SwiftDataSettingsOverviewRepository.swift (in target 'ProjectProfit' from project 'ProjectProfit')
    cd /Users/yutaro/project-profit-ios
    

SwiftCompile normal arm64 /Users/yutaro/project-profit-ios/ProjectProfit/Infrastructure/Persistence/SwiftData/Repositories/SwiftDataStatementRepository.swift (in target 'ProjectProfit' from project 'ProjectProfit')
    cd /Users/yutaro/project-profit-ios
    

SwiftCompile normal arm64 /Users/yutaro/project-profit-ios/ProjectProfit/Infrastructure/Persistence/SwiftData/Repositories/SwiftDataTaxYearProfileRepository.swift (in target 'ProjectProfit' from project 'ProjectProfit')
    cd /Users/yutaro/project-profit-ios
    

SwiftCompile normal arm64 /Users/yutaro/project-profit-ios/ProjectProfit/Infrastructure/Persistence/SwiftData/Repositories/SwiftDataTransactionFormRepository.swift (in target 'ProjectProfit' from project 'ProjectProfit')
    cd /Users/yutaro/project-profit-ios
    

SwiftCompile normal arm64 /Users/yutaro/project-profit-ios/ProjectProfit/Infrastructure/Persistence/SwiftData/Repositories/SwiftDataTransactionHistoryRepository.swift (in target 'ProjectProfit' from project 'ProjectProfit')
    cd /Users/yutaro/project-profit-ios
    

SwiftCompile normal arm64 /Users/yutaro/project-profit-ios/ProjectProfit/Infrastructure/Persistence/SwiftData/Repositories/SwiftDataUserRuleRepository.swift (in target 'ProjectProfit' from project 'ProjectProfit')
    cd /Users/yutaro/project-profit-ios
    

SwiftCompile normal arm64 /Users/yutaro/project-profit-ios/ProjectProfit/Core/Domain/Tax/TaxCode.swift (in target 'ProjectProfit' from project 'ProjectProfit')
    cd /Users/yutaro/project-profit-ios
    

SwiftCompile normal arm64 /Users/yutaro/project-profit-ios/ProjectProfit/Views/Components/TaxCodePickerView.swift (in target 'ProjectProfit' from project 'ProjectProfit')
    cd /Users/yutaro/project-profit-ios
    

SwiftCompile normal arm64 /Users/yutaro/project-profit-ios/ProjectProfit/Views/Components/TaxDeductibleRateView.swift (in target 'ProjectProfit' from project 'ProjectProfit')
    cd /Users/yutaro/project-profit-ios
    

SwiftCompile normal arm64 /Users/yutaro/project-profit-ios/ProjectProfit/Models/TaxLineDefinitions.swift (in target 'ProjectProfit' from project 'ProjectProfit')
    cd /Users/yutaro/project-profit-ios
    

SwiftCompile normal arm64 /Users/yutaro/project-profit-ios/ProjectProfit/Core/Domain/Tax/TaxRuleEvaluator.swift (in target 'ProjectProfit' from project 'ProjectProfit')
    cd /Users/yutaro/project-profit-ios
    

SwiftCompile normal arm64 /Users/yutaro/project-profit-ios/ProjectProfit/Core/Domain/Tax/TaxStatusMachine.swift (in target 'ProjectProfit' from project 'ProjectProfit')
    cd /Users/yutaro/project-profit-ios
    

SwiftCompile normal arm64 /Users/yutaro/project-profit-ios/ProjectProfit/Services/TaxYearDefinitionLoader.swift (in target 'ProjectProfit' from project 'ProjectProfit')
    cd /Users/yutaro/project-profit-ios
    

SwiftCompile normal arm64 /Users/yutaro/project-profit-ios/ProjectProfit/Core/Domain/TaxYear/TaxYearPack.swift (in target 'ProjectProfit' from project 'ProjectProfit')
    cd /Users/yutaro/project-profit-ios
    

SwiftCompile normal arm64 /Users/yutaro/project-profit-ios/ProjectProfit/Core/Domain/TaxYear/TaxYearPackProviderPort.swift (in target 'ProjectProfit' from project 'ProjectProfit')
    cd /Users/yutaro/project-profit-ios
    

SwiftCompile normal arm64 /Users/yutaro/project-profit-ios/ProjectProfit/Core/Domain/TaxYear/TaxYearProfile.swift (in target 'ProjectProfit' from project 'ProjectProfit')
    cd /Users/yutaro/project-profit-ios
    

SwiftCompile normal arm64 /Users/yutaro/project-profit-ios/ProjectProfit/Infrastructure/Persistence/SwiftData/Entities/TaxYearProfileEntity.swift (in target 'ProjectProfit' from project 'ProjectProfit')
    cd /Users/yutaro/project-profit-ios
    

SwiftCompile normal arm64 /Users/yutaro/project-profit-ios/ProjectProfit/Application/Mappers/TaxYearProfileEntityMapper.swift (in target 'ProjectProfit' from project 'ProjectProfit')
    cd /Users/yutaro/project-profit-ios
    

SwiftCompile normal arm64 /Users/yutaro/project-profit-ios/ProjectProfit/Core/Domain/TaxYear/TaxYearProfileRepository.swift (in target 'ProjectProfit' from project 'ProjectProfit')
    cd /Users/yutaro/project-profit-ios
    

SwiftCompile normal arm64 /Users/yutaro/project-profit-ios/ProjectProfit/Application/UseCases/Filing/TaxYearStateUseCase.swift (in target 'ProjectProfit' from project 'ProjectProfit')
    cd /Users/yutaro/project-profit-ios
    

SwiftCompile normal arm64 /Users/yutaro/project-profit-ios/ProjectProfit/Views/Transactions/TransactionDetailView.swift (in target 'ProjectProfit' from project 'ProjectProfit')
    cd /Users/yutaro/project-profit-ios
    

SwiftCompile normal arm64 /Users/yutaro/project-profit-ios/ProjectProfit/Views/Transactions/TransactionDocumentsView.swift (in target 'ProjectProfit' from project 'ProjectProfit')
    cd /Users/yutaro/project-profit-ios
    

SwiftCompile normal arm64 Compiling\ StatementPDFParser.swift,\ StatementReconciliationQueryUseCase.swift,\ StatementRepository.swift,\ SubLedgerView.swift,\ SwiftDataApprovalQueueRepository.swift,\ SwiftDataApprovalRequestRepository.swift,\ SwiftDataAuditRepository.swift,\ SwiftDataBusinessProfileRepository.swift,\ SwiftDataCanonicalJournalEntryRepository.swift,\ SwiftDataCategoryQueryRepository.swift,\ SwiftDataCategoryRepository.swift,\ SwiftDataChartOfAccountsRepository.swift,\ SwiftDataCounterpartyRepository.swift,\ SwiftDataDataRevisionRepository.swift,\ SwiftDataDistributionTemplateRepository.swift,\ SwiftDataDocumentRepository.swift,\ SwiftDataEvidenceInboxRepository.swift,\ SwiftDataEvidenceRepository.swift,\ SwiftDataFixedAssetRepository.swift,\ SwiftDataFormDraftRepository.swift,\ SwiftDataInventoryRepository.swift,\ SwiftDataPostingCandidateRepository.swift,\ SwiftDataProjectQueryRepository.swift,\ SwiftDataProjectRepository.swift /Users/yutaro/project-profit-ios/ProjectProfit/Services/StatementPDFParser.swift /Users/yutaro/project-profit-ios/ProjectProfit/Application/UseCases/Statements/StatementReconciliationQueryUseCase.swift /Users/yutaro/project-profit-ios/ProjectProfit/Core/Domain/Statements/StatementRepository.swift /Users/yutaro/project-profit-ios/ProjectProfit/Views/Accounting/SubLedgerView.swift /Users/yutaro/project-profit-ios/ProjectProfit/Infrastructure/Persistence/SwiftData/Repositories/SwiftDataApprovalQueueRepository.swift /Users/yutaro/project-profit-ios/ProjectProfit/Infrastructure/Persistence/SwiftData/Repositories/SwiftDataApprovalRequestRepository.swift /Users/yutaro/project-profit-ios/ProjectProfit/Infrastructure/Persistence/SwiftData/Repositories/SwiftDataAuditRepository.swift /Users/yutaro/project-profit-ios/ProjectProfit/Infrastructure/Persistence/SwiftData/Repositories/SwiftDataBusinessProfileRepository.swift /Users/yutaro/project-profit-ios/ProjectProfit/Infrastructure/Persistence/SwiftData/Repositories/SwiftDataCanonicalJournalEntryRepository.swift /Users/yutaro/project-profit-ios/ProjectProfit/Infrastructure/Persistence/SwiftData/Repositories/SwiftDataCategoryQueryRepository.swift /Users/yutaro/project-profit-ios/ProjectProfit/Infrastructure/Persistence/SwiftData/Repositories/SwiftDataCategoryRepository.swift /Users/yutaro/project-profit-ios/ProjectProfit/Infrastructure/Persistence/SwiftData/Repositories/SwiftDataChartOfAccountsRepository.swift /Users/yutaro/project-profit-ios/ProjectProfit/Infrastructure/Persistence/SwiftData/Repositories/SwiftDataCounterpartyRepository.swift /Users/yutaro/project-profit-ios/ProjectProfit/Infrastructure/Persistence/SwiftData/Repositories/SwiftDataDataRevisionRepository.swift /Users/yutaro/project-profit-ios/ProjectProfit/Infrastructure/Persistence/SwiftData/Repositories/SwiftDataDistributionTemplateRepository.swift /Users/yutaro/project-profit-ios/ProjectProfit/Infrastructure/Persistence/SwiftData/Repositories/SwiftDataDocumentRepository.swift /Users/yutaro/project-profit-ios/ProjectProfit/Infrastructure/Persistence/SwiftData/Repositories/SwiftDataEvidenceInboxRepository.swift /Users/yutaro/project-profit-ios/ProjectProfit/Infrastructure/Persistence/SwiftData/Repositories/SwiftDataEvidenceRepository.swift /Users/yutaro/project-profit-ios/ProjectProfit/Infrastructure/Persistence/SwiftData/Repositories/SwiftDataFixedAssetRepository.swift /Users/yutaro/project-profit-ios/ProjectProfit/Infrastructure/Persistence/SwiftData/Repositories/SwiftDataFormDraftRepository.swift /Users/yutaro/project-profit-ios/ProjectProfit/Infrastructure/Persistence/SwiftData/Repositories/SwiftDataInventoryRepository.swift /Users/yutaro/project-profit-ios/ProjectProfit/Infrastructure/Persistence/SwiftData/Repositories/SwiftDataPostingCandidateRepository.swift /Users/yutaro/project-profit-ios/ProjectProfit/Infrastructure/Persistence/SwiftData/Repositories/SwiftDataProjectQueryRepository.swift /Users/yutaro/project-profit-ios/ProjectProfit/Infrastructure/Persistence/SwiftData/Repositories/SwiftDataProjectRepository.swift (in target 'ProjectProfit' from project 'ProjectProfit')
SwiftCompile normal arm64 /Users/yutaro/project-profit-ios/ProjectProfit/Services/StatementPDFParser.swift (in target 'ProjectProfit' from project 'ProjectProfit')
    cd /Users/yutaro/project-profit-ios
    

SwiftCompile normal arm64 /Users/yutaro/project-profit-ios/ProjectProfit/Application/UseCases/Statements/StatementReconciliationQueryUseCase.swift (in target 'ProjectProfit' from project 'ProjectProfit')
    cd /Users/yutaro/project-profit-ios
    

SwiftCompile normal arm64 /Users/yutaro/project-profit-ios/ProjectProfit/Core/Domain/Statements/StatementRepository.swift (in target 'ProjectProfit' from project 'ProjectProfit')
    cd /Users/yutaro/project-profit-ios
    

SwiftCompile normal arm64 /Users/yutaro/project-profit-ios/ProjectProfit/Views/Accounting/SubLedgerView.swift (in target 'ProjectProfit' from project 'ProjectProfit')
    cd /Users/yutaro/project-profit-ios
    

SwiftCompile normal arm64 /Users/yutaro/project-profit-ios/ProjectProfit/Infrastructure/Persistence/SwiftData/Repositories/SwiftDataApprovalQueueRepository.swift (in target 'ProjectProfit' from project 'ProjectProfit')
    cd /Users/yutaro/project-profit-ios
    

SwiftCompile normal arm64 /Users/yutaro/project-profit-ios/ProjectProfit/Infrastructure/Persistence/SwiftData/Repositories/SwiftDataApprovalRequestRepository.swift (in target 'ProjectProfit' from project 'ProjectProfit')
    cd /Users/yutaro/project-profit-ios
    

SwiftCompile normal arm64 /Users/yutaro/project-profit-ios/ProjectProfit/Infrastructure/Persistence/SwiftData/Repositories/SwiftDataAuditRepository.swift (in target 'ProjectProfit' from project 'ProjectProfit')
    cd /Users/yutaro/project-profit-ios
    

SwiftCompile normal arm64 /Users/yutaro/project-profit-ios/ProjectProfit/Infrastructure/Persistence/SwiftData/Repositories/SwiftDataBusinessProfileRepository.swift (in target 'ProjectProfit' from project 'ProjectProfit')
    cd /Users/yutaro/project-profit-ios
    

SwiftCompile normal arm64 /Users/yutaro/project-profit-ios/ProjectProfit/Infrastructure/Persistence/SwiftData/Repositories/SwiftDataCanonicalJournalEntryRepository.swift (in target 'ProjectProfit' from project 'ProjectProfit')
    cd /Users/yutaro/project-profit-ios
    

SwiftCompile normal arm64 /Users/yutaro/project-profit-ios/ProjectProfit/Infrastructure/Persistence/SwiftData/Repositories/SwiftDataCategoryQueryRepository.swift (in target 'ProjectProfit' from project 'ProjectProfit')
    cd /Users/yutaro/project-profit-ios
    

SwiftCompile normal arm64 /Users/yutaro/project-profit-ios/ProjectProfit/Infrastructure/Persistence/SwiftData/Repositories/SwiftDataCategoryRepository.swift (in target 'ProjectProfit' from project 'ProjectProfit')
    cd /Users/yutaro/project-profit-ios
    

SwiftCompile normal arm64 /Users/yutaro/project-profit-ios/ProjectProfit/Infrastructure/Persistence/SwiftData/Repositories/SwiftDataChartOfAccountsRepository.swift (in target 'ProjectProfit' from project 'ProjectProfit')
    cd /Users/yutaro/project-profit-ios
    

SwiftCompile normal arm64 /Users/yutaro/project-profit-ios/ProjectProfit/Infrastructure/Persistence/SwiftData/Repositories/SwiftDataCounterpartyRepository.swift (in target 'ProjectProfit' from project 'ProjectProfit')
    cd /Users/yutaro/project-profit-ios
    

SwiftCompile normal arm64 /Users/yutaro/project-profit-ios/ProjectProfit/Infrastructure/Persistence/SwiftData/Repositories/SwiftDataDataRevisionRepository.swift (in target 'ProjectProfit' from project 'ProjectProfit')
    cd /Users/yutaro/project-profit-ios
    

SwiftCompile normal arm64 /Users/yutaro/project-profit-ios/ProjectProfit/Infrastructure/Persistence/SwiftData/Repositories/SwiftDataDistributionTemplateRepository.swift (in target 'ProjectProfit' from project 'ProjectProfit')
    cd /Users/yutaro/project-profit-ios
    

SwiftCompile normal arm64 /Users/yutaro/project-profit-ios/ProjectProfit/Infrastructure/Persistence/SwiftData/Repositories/SwiftDataDocumentRepository.swift (in target 'ProjectProfit' from project 'ProjectProfit')
    cd /Users/yutaro/project-profit-ios
    

SwiftCompile normal arm64 /Users/yutaro/project-profit-ios/ProjectProfit/Infrastructure/Persistence/SwiftData/Repositories/SwiftDataEvidenceInboxRepository.swift (in target 'ProjectProfit' from project 'ProjectProfit')
    cd /Users/yutaro/project-profit-ios
    

SwiftCompile normal arm64 /Users/yutaro/project-profit-ios/ProjectProfit/Infrastructure/Persistence/SwiftData/Repositories/SwiftDataEvidenceRepository.swift (in target 'ProjectProfit' from project 'ProjectProfit')
    cd /Users/yutaro/project-profit-ios
    

SwiftCompile normal arm64 /Users/yutaro/project-profit-ios/ProjectProfit/Infrastructure/Persistence/SwiftData/Repositories/SwiftDataFixedAssetRepository.swift (in target 'ProjectProfit' from project 'ProjectProfit')
    cd /Users/yutaro/project-profit-ios
    

SwiftCompile normal arm64 /Users/yutaro/project-profit-ios/ProjectProfit/Infrastructure/Persistence/SwiftData/Repositories/SwiftDataFormDraftRepository.swift (in target 'ProjectProfit' from project 'ProjectProfit')
    cd /Users/yutaro/project-profit-ios
    

SwiftCompile normal arm64 /Users/yutaro/project-profit-ios/ProjectProfit/Infrastructure/Persistence/SwiftData/Repositories/SwiftDataInventoryRepository.swift (in target 'ProjectProfit' from project 'ProjectProfit')
    cd /Users/yutaro/project-profit-ios
    

SwiftCompile normal arm64 /Users/yutaro/project-profit-ios/ProjectProfit/Infrastructure/Persistence/SwiftData/Repositories/SwiftDataPostingCandidateRepository.swift (in target 'ProjectProfit' from project 'ProjectProfit')
    cd /Users/yutaro/project-profit-ios
    

SwiftCompile normal arm64 /Users/yutaro/project-profit-ios/ProjectProfit/Infrastructure/Persistence/SwiftData/Repositories/SwiftDataProjectQueryRepository.swift (in target 'ProjectProfit' from project 'ProjectProfit')
    cd /Users/yutaro/project-profit-ios
    

SwiftCompile normal arm64 /Users/yutaro/project-profit-ios/ProjectProfit/Infrastructure/Persistence/SwiftData/Repositories/SwiftDataProjectRepository.swift (in target 'ProjectProfit' from project 'ProjectProfit')
    cd /Users/yutaro/project-profit-ios
    

SwiftCompile normal arm64 Compiling\ TransactionFormQueryUseCase.swift,\ TransactionFormRepository.swift,\ TransactionFormView.swift,\ TransactionHistoryRepository.swift,\ TransactionHistoryUseCase.swift,\ TransactionsView.swift,\ TransactionsViewModel.swift,\ TrialBalanceView.swift,\ UITestBootstrap.swift,\ UnclassifiedTransactionsView.swift,\ UserRuleRepository.swift,\ Utilities.swift,\ VatMethod.swift,\ VatStatus.swift,\ VoucherNumber.swift,\ WithholdingPostingSupport.swift,\ WithholdingStatementQueryUseCase.swift,\ WithholdingStatementView.swift,\ WithholdingStatementViewModel.swift,\ WithholdingTaxCalculator.swift,\ WithholdingTaxCode.swift,\ WorkflowPersistenceSupport.swift,\ YearLockState.swift,\ GeneratedAssetSymbols.swift /Users/yutaro/project-profit-ios/ProjectProfit/Application/UseCases/Transactions/TransactionFormQueryUseCase.swift /Users/yutaro/project-profit-ios/ProjectProfit/Core/Domain/Transactions/TransactionFormRepository.swift /Users/yutaro/project-profit-ios/ProjectProfit/Views/Components/TransactionFormView.swift /Users/yutaro/project-profit-ios/ProjectProfit/Core/Domain/Transactions/TransactionHistoryRepository.swift /Users/yutaro/project-profit-ios/ProjectProfit/Application/UseCases/Transactions/TransactionHistoryUseCase.swift /Users/yutaro/project-profit-ios/ProjectProfit/Views/Transactions/TransactionsView.swift /Users/yutaro/project-profit-ios/ProjectProfit/ViewModels/TransactionsViewModel.swift /Users/yutaro/project-profit-ios/ProjectProfit/Views/Accounting/TrialBalanceView.swift /Users/yutaro/project-profit-ios/ProjectProfit/Application/Testing/UITestBootstrap.swift /Users/yutaro/project-profit-ios/ProjectProfit/Views/Accounting/UnclassifiedTransactionsView.swift /Users/yutaro/project-profit-ios/ProjectProfit/Core/Domain/Classification/UserRuleRepository.swift /Users/yutaro/project-profit-ios/ProjectProfit/Utilities/Utilities.swift /Users/yutaro/project-profit-ios/ProjectProfit/Core/Domain/TaxYear/VatMethod.swift /Users/yutaro/project-profit-ios/ProjectProfit/Core/Domain/TaxYear/VatStatus.swift /Users/yutaro/project-profit-ios/ProjectProfit/Core/Domain/Posting/VoucherNumber.swift /Users/yutaro/project-profit-ios/ProjectProfit/Application/UseCases/Posting/WithholdingPostingSupport.swift /Users/yutaro/project-profit-ios/ProjectProfit/Application/UseCases/Filing/WithholdingStatementQueryUseCase.swift /Users/yutaro/project-profit-ios/ProjectProfit/Views/Accounting/WithholdingStatementView.swift /Users/yutaro/project-profit-ios/ProjectProfit/ViewModels/WithholdingStatementViewModel.swift /Users/yutaro/project-profit-ios/ProjectProfit/Core/Domain/Tax/WithholdingTaxCalculator.swift /Users/yutaro/project-profit-ios/ProjectProfit/Core/Domain/Tax/WithholdingTaxCode.swift /Users/yutaro/project-profit-ios/ProjectProfit/Application/UseCases/WorkflowPersistenceSupport.swift /Users/yutaro/project-profit-ios/ProjectProfit/Core/Domain/TaxYear/YearLockState.swift /Users/yutaro/project-profit-ios/artifacts/release-quality/performance-gate/DerivedData/Build/Intermediates.noindex/ProjectProfit.build/Debug-iphonesimulator/ProjectProfit.build/DerivedSources/GeneratedAssetSymbols.swift (in target 'ProjectProfit' from project 'ProjectProfit')
SwiftCompile normal arm64 /Users/yutaro/project-profit-ios/ProjectProfit/Application/UseCases/Transactions/TransactionFormQueryUseCase.swift (in target 'ProjectProfit' from project 'ProjectProfit')
    cd /Users/yutaro/project-profit-ios
    

SwiftCompile normal arm64 /Users/yutaro/project-profit-ios/ProjectProfit/Core/Domain/Transactions/TransactionFormRepository.swift (in target 'ProjectProfit' from project 'ProjectProfit')
    cd /Users/yutaro/project-profit-ios
    

SwiftCompile normal arm64 /Users/yutaro/project-profit-ios/ProjectProfit/Views/Components/TransactionFormView.swift (in target 'ProjectProfit' from project 'ProjectProfit')
    cd /Users/yutaro/project-profit-ios
    

SwiftCompile normal arm64 /Users/yutaro/project-profit-ios/ProjectProfit/Core/Domain/Transactions/TransactionHistoryRepository.swift (in target 'ProjectProfit' from project 'ProjectProfit')
    cd /Users/yutaro/project-profit-ios
    

SwiftCompile normal arm64 /Users/yutaro/project-profit-ios/ProjectProfit/Application/UseCases/Transactions/TransactionHistoryUseCase.swift (in target 'ProjectProfit' from project 'ProjectProfit')
    cd /Users/yutaro/project-profit-ios
    

SwiftCompile normal arm64 /Users/yutaro/project-profit-ios/ProjectProfit/Views/Transactions/TransactionsView.swift (in target 'ProjectProfit' from project 'ProjectProfit')
    cd /Users/yutaro/project-profit-ios
    

SwiftCompile normal arm64 /Users/yutaro/project-profit-ios/ProjectProfit/ViewModels/TransactionsViewModel.swift (in target 'ProjectProfit' from project 'ProjectProfit')
    cd /Users/yutaro/project-profit-ios
    

SwiftCompile normal arm64 /Users/yutaro/project-profit-ios/ProjectProfit/Views/Accounting/TrialBalanceView.swift (in target 'ProjectProfit' from project 'ProjectProfit')
    cd /Users/yutaro/project-profit-ios
    

SwiftCompile normal arm64 /Users/yutaro/project-profit-ios/ProjectProfit/Application/Testing/UITestBootstrap.swift (in target 'ProjectProfit' from project 'ProjectProfit')
    cd /Users/yutaro/project-profit-ios
    

SwiftCompile normal arm64 /Users/yutaro/project-profit-ios/ProjectProfit/Views/Accounting/UnclassifiedTransactionsView.swift (in target 'ProjectProfit' from project 'ProjectProfit')
    cd /Users/yutaro/project-profit-ios
    

SwiftCompile normal arm64 /Users/yutaro/project-profit-ios/ProjectProfit/Core/Domain/Classification/UserRuleRepository.swift (in target 'ProjectProfit' from project 'ProjectProfit')
    cd /Users/yutaro/project-profit-ios
    

SwiftCompile normal arm64 /Users/yutaro/project-profit-ios/ProjectProfit/Utilities/Utilities.swift (in target 'ProjectProfit' from project 'ProjectProfit')
    cd /Users/yutaro/project-profit-ios
    

SwiftCompile normal arm64 /Users/yutaro/project-profit-ios/ProjectProfit/Core/Domain/TaxYear/VatMethod.swift (in target 'ProjectProfit' from project 'ProjectProfit')
    cd /Users/yutaro/project-profit-ios
    

SwiftCompile normal arm64 /Users/yutaro/project-profit-ios/ProjectProfit/Core/Domain/TaxYear/VatStatus.swift (in target 'ProjectProfit' from project 'ProjectProfit')
    cd /Users/yutaro/project-profit-ios
    

SwiftCompile normal arm64 /Users/yutaro/project-profit-ios/ProjectProfit/Core/Domain/Posting/VoucherNumber.swift (in target 'ProjectProfit' from project 'ProjectProfit')
    cd /Users/yutaro/project-profit-ios
    

SwiftCompile normal arm64 /Users/yutaro/project-profit-ios/ProjectProfit/Application/UseCases/Posting/WithholdingPostingSupport.swift (in target 'ProjectProfit' from project 'ProjectProfit')
    cd /Users/yutaro/project-profit-ios
    

SwiftCompile normal arm64 /Users/yutaro/project-profit-ios/ProjectProfit/Application/UseCases/Filing/WithholdingStatementQueryUseCase.swift (in target 'ProjectProfit' from project 'ProjectProfit')
    cd /Users/yutaro/project-profit-ios
    

SwiftCompile normal arm64 /Users/yutaro/project-profit-ios/ProjectProfit/Views/Accounting/WithholdingStatementView.swift (in target 'ProjectProfit' from project 'ProjectProfit')
    cd /Users/yutaro/project-profit-ios
    

SwiftCompile normal arm64 /Users/yutaro/project-profit-ios/ProjectProfit/ViewModels/WithholdingStatementViewModel.swift (in target 'ProjectProfit' from project 'ProjectProfit')
    cd /Users/yutaro/project-profit-ios
    

SwiftCompile normal arm64 /Users/yutaro/project-profit-ios/ProjectProfit/Core/Domain/Tax/WithholdingTaxCalculator.swift (in target 'ProjectProfit' from project 'ProjectProfit')
    cd /Users/yutaro/project-profit-ios
    

SwiftCompile normal arm64 /Users/yutaro/project-profit-ios/ProjectProfit/Core/Domain/Tax/WithholdingTaxCode.swift (in target 'ProjectProfit' from project 'ProjectProfit')
    cd /Users/yutaro/project-profit-ios
    

SwiftCompile normal arm64 /Users/yutaro/project-profit-ios/ProjectProfit/Application/UseCases/WorkflowPersistenceSupport.swift (in target 'ProjectProfit' from project 'ProjectProfit')
    cd /Users/yutaro/project-profit-ios
    

SwiftCompile normal arm64 /Users/yutaro/project-profit-ios/ProjectProfit/Core/Domain/TaxYear/YearLockState.swift (in target 'ProjectProfit' from project 'ProjectProfit')
    cd /Users/yutaro/project-profit-ios
    

SwiftCompile normal arm64 /Users/yutaro/project-profit-ios/artifacts/release-quality/performance-gate/DerivedData/Build/Intermediates.noindex/ProjectProfit.build/Debug-iphonesimulator/ProjectProfit.build/DerivedSources/GeneratedAssetSymbols.swift (in target 'ProjectProfit' from project 'ProjectProfit')
    cd /Users/yutaro/project-profit-ios
    

SwiftEmitModule normal arm64 Emitting\ module\ for\ ProjectProfit (in target 'ProjectProfit' from project 'ProjectProfit')

EmitSwiftModule normal arm64 (in target 'ProjectProfit' from project 'ProjectProfit')
    cd /Users/yutaro/project-profit-ios
    
/Users/yutaro/project-profit-ios/ProjectProfit/Infrastructure/FileStorage/AppSnapshotModels.swift:95:30: warning: 'LegacyAccountingProfileSnapshot' is deprecated: Legacy profile snapshots are restore-compat only. New backups must use canonical profiles.
    var accountingProfiles: [LegacyAccountingProfileSnapshot]
                             ^
/Users/yutaro/project-profit-ios/ProjectProfit/Application/Migrations/LegacyProfileMigrationRunner.swift:188:52: warning: 'PPAccountingProfile' is deprecated: Use BusinessProfile / TaxYearProfile instead. Migration-only legacy model.
    private func makeBusinessProfileEntity(legacy: PPAccountingProfile, businessId: UUID) -> BusinessProfileEntity {
                                                   ^
/Users/yutaro/project-profit-ios/ProjectProfit/Application/Migrations/LegacyProfileMigrationRunner.swift:208:51: warning: 'PPAccountingProfile' is deprecated: Use BusinessProfile / TaxYearProfile instead. Migration-only legacy model.
    private func makeTaxYearProfileEntity(legacy: PPAccountingProfile, businessId: UUID) -> TaxYearProfileEntity {
                                                  ^
/Users/yutaro/project-profit-ios/ProjectProfit/Application/Migrations/LegacyProfileMigrationRunner.swift:230:48: warning: 'PPAccountingProfile' is deprecated: Use BusinessProfile / TaxYearProfile instead. Migration-only legacy model.
    private func mapBookkeepingBasis(_ legacy: PPAccountingProfile) -> BookkeepingBasis {
                                               ^
/Users/yutaro/project-profit-ios/ProjectProfit/Application/Migrations/LegacyProfileMigrationRunner.swift:241:50: warning: 'PPAccountingProfile' is deprecated: Use BusinessProfile / TaxYearProfile instead. Migration-only legacy model.
    private func mapBlueDeductionLevel(_ legacy: PPAccountingProfile) -> BlueDeductionLevel {
                                                 ^
/Users/yutaro/project-profit-ios/ProjectProfit/Models/PPAccountingProfile.swift:78:11: warning: 'PPAccountingProfile' is deprecated: Use BusinessProfile / TaxYearProfile instead. Migration-only legacy model.
extension PPAccountingProfile {
          ^
/Users/yutaro/project-profit-ios/ProjectProfit/Infrastructure/FileStorage/RestoreService+Upserts.swift:330:23: warning: 'LegacyAccountingProfileSnapshot' is deprecated: Legacy profile snapshots are restore-compat only. New backups must use canonical profiles.
        _ snapshots: [LegacyAccountingProfileSnapshot]
                      ^
/Users/yutaro/project-profit-ios/ProjectProfit/Infrastructure/FileStorage/RestoreService+Upserts.swift:373:14: warning: 'LegacyAccountingProfileSnapshot' is deprecated: Legacy profile snapshots are restore-compat only. New backups must use canonical profiles.
        lhs: LegacyAccountingProfileSnapshot,
             ^
/Users/yutaro/project-profit-ios/ProjectProfit/Infrastructure/FileStorage/RestoreService+Upserts.swift:374:14: warning: 'LegacyAccountingProfileSnapshot' is deprecated: Legacy profile snapshots are restore-compat only. New backups must use canonical profiles.
        rhs: LegacyAccountingProfileSnapshot
             ^
/Users/yutaro/project-profit-ios/ProjectProfit/Application/UseCases/Settings/SettingsMaintenanceUseCase.swift:90:39: warning: 'PPAccountingProfile' is deprecated: Use BusinessProfile / TaxYearProfile instead. Migration-only legacy model.
    private func legacyProfiles() -> [PPAccountingProfile] {
                                      ^

SwiftCompile normal arm64 Compiling\ ConsumptionTaxWorksheet.swift,\ ContentView.swift,\ Counterparty.swift,\ CounterpartyEntity.swift,\ CounterpartyEntityMapper.swift,\ CounterpartyFormView.swift,\ CounterpartyListView.swift,\ CounterpartyMasterUseCase.swift,\ CounterpartyRepository.swift,\ CurrencyText.swift,\ DashboardView.swift,\ DashboardViewModel.swift,\ DataRevisionQueryUseCase.swift,\ DataRevisionRepository.swift,\ DataStore+Accounting.swift,\ DataStore+Documents.swift,\ DataStore+FixedAsset.swift,\ DataStore+Inventory.swift,\ DataStore+MonthlySummary.swift,\ DataStore+ProfileMigration.swift,\ DataStore+SubLedger.swift,\ DataStore+YearLock.swift,\ DataStore.swift,\ DepreciationEngine.swift,\ DepreciationScheduleBuilder.swift /Users/yutaro/project-profit-ios/ProjectProfit/Core/Domain/Tax/ConsumptionTaxWorksheet.swift /Users/yutaro/project-profit-ios/ProjectProfit/Views/ContentView.swift /Users/yutaro/project-profit-ios/ProjectProfit/Core/Domain/Counterparties/Counterparty.swift /Users/yutaro/project-profit-ios/ProjectProfit/Infrastructure/Persistence/SwiftData/Entities/CounterpartyEntity.swift /Users/yutaro/project-profit-ios/ProjectProfit/Application/Mappers/CounterpartyEntityMapper.swift /Users/yutaro/project-profit-ios/ProjectProfit/Features/Masters/Counterparties/Presentation/Screens/CounterpartyFormView.swift /Users/yutaro/project-profit-ios/ProjectProfit/Features/Masters/Counterparties/Presentation/Screens/CounterpartyListView.swift /Users/yutaro/project-profit-ios/ProjectProfit/Application/UseCases/Masters/CounterpartyMasterUseCase.swift /Users/yutaro/project-profit-ios/ProjectProfit/Core/Domain/Counterparties/CounterpartyRepository.swift /Users/yutaro/project-profit-ios/ProjectProfit/Utilities/CurrencyText.swift /Users/yutaro/project-profit-ios/ProjectProfit/Views/Dashboard/DashboardView.swift /Users/yutaro/project-profit-ios/ProjectProfit/ViewModels/DashboardViewModel.swift /Users/yutaro/project-profit-ios/ProjectProfit/Application/UseCases/App/DataRevisionQueryUseCase.swift /Users/yutaro/project-profit-ios/ProjectProfit/Core/Domain/App/DataRevisionRepository.swift /Users/yutaro/project-profit-ios/ProjectProfit/Services/DataStore+Accounting.swift /Users/yutaro/project-profit-ios/ProjectProfit/Services/DataStore+Documents.swift /Users/yutaro/project-profit-ios/ProjectProfit/Services/DataStore+FixedAsset.swift /Users/yutaro/project-profit-ios/ProjectProfit/Services/DataStore+Inventory.swift /Users/yutaro/project-profit-ios/ProjectProfit/Services/DataStore+MonthlySummary.swift /Users/yutaro/project-profit-ios/ProjectProfit/Services/DataStore+ProfileMigration.swift /Users/yutaro/project-profit-ios/ProjectProfit/Services/DataStore+SubLedger.swift /Users/yutaro/project-profit-ios/ProjectProfit/Services/DataStore+YearLock.swift /Users/yutaro/project-profit-ios/ProjectProfit/Services/DataStore.swift /Users/yutaro/project-profit-ios/ProjectProfit/Services/DepreciationEngine.swift /Users/yutaro/project-profit-ios/ProjectProfit/Services/DepreciationScheduleBuilder.swift (in target 'ProjectProfit' from project 'ProjectProfit')

SwiftCompile normal arm64 /Users/yutaro/project-profit-ios/ProjectProfit/Core/Domain/Tax/ConsumptionTaxWorksheet.swift (in target 'ProjectProfit' from project 'ProjectProfit')
    cd /Users/yutaro/project-profit-ios
    

SwiftCompile normal arm64 /Users/yutaro/project-profit-ios/ProjectProfit/Views/ContentView.swift (in target 'ProjectProfit' from project 'ProjectProfit')
    cd /Users/yutaro/project-profit-ios
    

SwiftCompile normal arm64 /Users/yutaro/project-profit-ios/ProjectProfit/Core/Domain/Counterparties/Counterparty.swift (in target 'ProjectProfit' from project 'ProjectProfit')
    cd /Users/yutaro/project-profit-ios
    

SwiftCompile normal arm64 /Users/yutaro/project-profit-ios/ProjectProfit/Infrastructure/Persistence/SwiftData/Entities/CounterpartyEntity.swift (in target 'ProjectProfit' from project 'ProjectProfit')
    cd /Users/yutaro/project-profit-ios
    

SwiftCompile normal arm64 /Users/yutaro/project-profit-ios/ProjectProfit/Application/Mappers/CounterpartyEntityMapper.swift (in target 'ProjectProfit' from project 'ProjectProfit')
    cd /Users/yutaro/project-profit-ios
    

SwiftCompile normal arm64 /Users/yutaro/project-profit-ios/ProjectProfit/Features/Masters/Counterparties/Presentation/Screens/CounterpartyFormView.swift (in target 'ProjectProfit' from project 'ProjectProfit')
    cd /Users/yutaro/project-profit-ios
    

SwiftCompile normal arm64 /Users/yutaro/project-profit-ios/ProjectProfit/Features/Masters/Counterparties/Presentation/Screens/CounterpartyListView.swift (in target 'ProjectProfit' from project 'ProjectProfit')
    cd /Users/yutaro/project-profit-ios
    

SwiftCompile normal arm64 /Users/yutaro/project-profit-ios/ProjectProfit/Application/UseCases/Masters/CounterpartyMasterUseCase.swift (in target 'ProjectProfit' from project 'ProjectProfit')
    cd /Users/yutaro/project-profit-ios
    

SwiftCompile normal arm64 /Users/yutaro/project-profit-ios/ProjectProfit/Core/Domain/Counterparties/CounterpartyRepository.swift (in target 'ProjectProfit' from project 'ProjectProfit')
    cd /Users/yutaro/project-profit-ios
    

SwiftCompile normal arm64 /Users/yutaro/project-profit-ios/ProjectProfit/Utilities/CurrencyText.swift (in target 'ProjectProfit' from project 'ProjectProfit')
    cd /Users/yutaro/project-profit-ios
    

SwiftCompile normal arm64 /Users/yutaro/project-profit-ios/ProjectProfit/Views/Dashboard/DashboardView.swift (in target 'ProjectProfit' from project 'ProjectProfit')
    cd /Users/yutaro/project-profit-ios
    

SwiftCompile normal arm64 /Users/yutaro/project-profit-ios/ProjectProfit/ViewModels/DashboardViewModel.swift (in target 'ProjectProfit' from project 'ProjectProfit')
    cd /Users/yutaro/project-profit-ios
    

SwiftCompile normal arm64 /Users/yutaro/project-profit-ios/ProjectProfit/Application/UseCases/App/DataRevisionQueryUseCase.swift (in target 'ProjectProfit' from project 'ProjectProfit')
    cd /Users/yutaro/project-profit-ios
    

SwiftCompile normal arm64 /Users/yutaro/project-profit-ios/ProjectProfit/Core/Domain/App/DataRevisionRepository.swift (in target 'ProjectProfit' from project 'ProjectProfit')
    cd /Users/yutaro/project-profit-ios
    

SwiftCompile normal arm64 /Users/yutaro/project-profit-ios/ProjectProfit/Services/DataStore+Accounting.swift (in target 'ProjectProfit' from project 'ProjectProfit')
    cd /Users/yutaro/project-profit-ios
    

SwiftCompile normal arm64 /Users/yutaro/project-profit-ios/ProjectProfit/Services/DataStore+Documents.swift (in target 'ProjectProfit' from project 'ProjectProfit')
    cd /Users/yutaro/project-profit-ios
    

SwiftCompile normal arm64 /Users/yutaro/project-profit-ios/ProjectProfit/Services/DataStore+FixedAsset.swift (in target 'ProjectProfit' from project 'ProjectProfit')
    cd /Users/yutaro/project-profit-ios
    

SwiftCompile normal arm64 /Users/yutaro/project-profit-ios/ProjectProfit/Services/DataStore+Inventory.swift (in target 'ProjectProfit' from project 'ProjectProfit')
    cd /Users/yutaro/project-profit-ios
    

SwiftCompile normal arm64 /Users/yutaro/project-profit-ios/ProjectProfit/Services/DataStore+MonthlySummary.swift (in target 'ProjectProfit' from project 'ProjectProfit')
    cd /Users/yutaro/project-profit-ios
    

SwiftCompile normal arm64 /Users/yutaro/project-profit-ios/ProjectProfit/Services/DataStore+ProfileMigration.swift (in target 'ProjectProfit' from project 'ProjectProfit')
    cd /Users/yutaro/project-profit-ios
    

SwiftCompile normal arm64 /Users/yutaro/project-profit-ios/ProjectProfit/Services/DataStore+SubLedger.swift (in target 'ProjectProfit' from project 'ProjectProfit')
    cd /Users/yutaro/project-profit-ios
    

SwiftCompile normal arm64 /Users/yutaro/project-profit-ios/ProjectProfit/Services/DataStore+YearLock.swift (in target 'ProjectProfit' from project 'ProjectProfit')
    cd /Users/yutaro/project-profit-ios
    

SwiftCompile normal arm64 /Users/yutaro/project-profit-ios/ProjectProfit/Services/DataStore.swift (in target 'ProjectProfit' from project 'ProjectProfit')
    cd /Users/yutaro/project-profit-ios
    

SwiftCompile normal arm64 /Users/yutaro/project-profit-ios/ProjectProfit/Services/DepreciationEngine.swift (in target 'ProjectProfit' from project 'ProjectProfit')
    cd /Users/yutaro/project-profit-ios
    

SwiftCompile normal arm64 /Users/yutaro/project-profit-ios/ProjectProfit/Services/DepreciationScheduleBuilder.swift (in target 'ProjectProfit' from project 'ProjectProfit')
    cd /Users/yutaro/project-profit-ios
    

SwiftCompile normal arm64 Compiling\ FixedAssetListView.swift,\ FixedAssetRepository.swift,\ FixedAssetScheduleView.swift,\ FixedAssetWorkflowUseCase.swift,\ FormDraftEntity.swift,\ FormDraftEntityMapper.swift,\ FormEngine.swift,\ GenreTag.swift,\ InventoryInputView.swift,\ InventoryRepository.swift,\ InventoryService.swift,\ InventoryViewModel.swift,\ InventoryWorkflowUseCase.swift,\ InvoiceIssuerStatus.swift,\ JournalBrowserView.swift,\ JournalDetailView.swift,\ JournalEntry.swift,\ JournalEntryEntity.swift,\ JournalEntryRepository.swift,\ JournalLine.swift,\ JournalLineEntity.swift,\ JournalLineEntityMapper.swift,\ JournalListView.swift,\ JournalSearchCriteria.swift /Users/yutaro/project-profit-ios/ProjectProfit/Views/Accounting/FixedAssetListView.swift /Users/yutaro/project-profit-ios/ProjectProfit/Core/Domain/FixedAssets/FixedAssetRepository.swift /Users/yutaro/project-profit-ios/ProjectProfit/Views/Accounting/FixedAssetScheduleView.swift /Users/yutaro/project-profit-ios/ProjectProfit/Application/UseCases/FixedAssets/FixedAssetWorkflowUseCase.swift /Users/yutaro/project-profit-ios/ProjectProfit/Infrastructure/Persistence/SwiftData/Entities/FormDraftEntity.swift /Users/yutaro/project-profit-ios/ProjectProfit/Application/Mappers/FormDraftEntityMapper.swift /Users/yutaro/project-profit-ios/ProjectProfit/Services/FormEngine.swift /Users/yutaro/project-profit-ios/ProjectProfit/Core/Domain/Tags/GenreTag.swift /Users/yutaro/project-profit-ios/ProjectProfit/Views/Accounting/InventoryInputView.swift /Users/yutaro/project-profit-ios/ProjectProfit/Core/Domain/Inventory/InventoryRepository.swift /Users/yutaro/project-profit-ios/ProjectProfit/Services/InventoryService.swift /Users/yutaro/project-profit-ios/ProjectProfit/ViewModels/InventoryViewModel.swift /Users/yutaro/project-profit-ios/ProjectProfit/Application/UseCases/Inventory/InventoryWorkflowUseCase.swift /Users/yutaro/project-profit-ios/ProjectProfit/Core/Domain/TaxYear/InvoiceIssuerStatus.swift /Users/yutaro/project-profit-ios/ProjectProfit/Features/Journals/Presentation/Screens/JournalBrowserView.swift /Users/yutaro/project-profit-ios/ProjectProfit/Views/Accounting/JournalDetailView.swift /Users/yutaro/project-profit-ios/ProjectProfit/Core/Domain/Posting/JournalEntry.swift /Users/yutaro/project-profit-ios/ProjectProfit/Infrastructure/Persistence/SwiftData/Entities/JournalEntryEntity.swift /Users/yutaro/project-profit-ios/ProjectProfit/Core/Domain/Posting/JournalEntryRepository.swift /Users/yutaro/project-profit-ios/ProjectProfit/Core/Domain/Posting/JournalLine.swift /Users/yutaro/project-profit-ios/ProjectProfit/Infrastructure/Persistence/SwiftData/Entities/JournalLineEntity.swift /Users/yutaro/project-profit-ios/ProjectProfit/Application/Mappers/JournalLineEntityMapper.swift /Users/yutaro/project-profit-ios/ProjectProfit/Views/Accounting/JournalListView.swift /Users/yutaro/project-profit-ios/ProjectProfit/Core/Domain/Posting/JournalSearchCriteria.swift (in target 'ProjectProfit' from project 'ProjectProfit')

SwiftCompile normal arm64 /Users/yutaro/project-profit-ios/ProjectProfit/Views/Accounting/FixedAssetListView.swift (in target 'ProjectProfit' from project 'ProjectProfit')
    cd /Users/yutaro/project-profit-ios
    

SwiftCompile normal arm64 /Users/yutaro/project-profit-ios/ProjectProfit/Core/Domain/FixedAssets/FixedAssetRepository.swift (in target 'ProjectProfit' from project 'ProjectProfit')
    cd /Users/yutaro/project-profit-ios
    

SwiftCompile normal arm64 /Users/yutaro/project-profit-ios/ProjectProfit/Views/Accounting/FixedAssetScheduleView.swift (in target 'ProjectProfit' from project 'ProjectProfit')
    cd /Users/yutaro/project-profit-ios
    

SwiftCompile normal arm64 /Users/yutaro/project-profit-ios/ProjectProfit/Application/UseCases/FixedAssets/FixedAssetWorkflowUseCase.swift (in target 'ProjectProfit' from project 'ProjectProfit')
    cd /Users/yutaro/project-profit-ios
    

SwiftCompile normal arm64 /Users/yutaro/project-profit-ios/ProjectProfit/Infrastructure/Persistence/SwiftData/Entities/FormDraftEntity.swift (in target 'ProjectProfit' from project 'ProjectProfit')
    cd /Users/yutaro/project-profit-ios
    

SwiftCompile normal arm64 /Users/yutaro/project-profit-ios/ProjectProfit/Application/Mappers/FormDraftEntityMapper.swift (in target 'ProjectProfit' from project 'ProjectProfit')
    cd /Users/yutaro/project-profit-ios
    

SwiftCompile normal arm64 /Users/yutaro/project-profit-ios/ProjectProfit/Services/FormEngine.swift (in target 'ProjectProfit' from project 'ProjectProfit')
    cd /Users/yutaro/project-profit-ios
    

SwiftCompile normal arm64 /Users/yutaro/project-profit-ios/ProjectProfit/Core/Domain/Tags/GenreTag.swift (in target 'ProjectProfit' from project 'ProjectProfit')
    cd /Users/yutaro/project-profit-ios
    

SwiftCompile normal arm64 /Users/yutaro/project-profit-ios/ProjectProfit/Views/Accounting/InventoryInputView.swift (in target 'ProjectProfit' from project 'ProjectProfit')
    cd /Users/yutaro/project-profit-ios
    

SwiftCompile normal arm64 /Users/yutaro/project-profit-ios/ProjectProfit/Core/Domain/Inventory/InventoryRepository.swift (in target 'ProjectProfit' from project 'ProjectProfit')
    cd /Users/yutaro/project-profit-ios
    

SwiftCompile normal arm64 /Users/yutaro/project-profit-ios/ProjectProfit/Services/InventoryService.swift (in target 'ProjectProfit' from project 'ProjectProfit')
    cd /Users/yutaro/project-profit-ios
    

SwiftCompile normal arm64 /Users/yutaro/project-profit-ios/ProjectProfit/ViewModels/InventoryViewModel.swift (in target 'ProjectProfit' from project 'ProjectProfit')
    cd /Users/yutaro/project-profit-ios
    

SwiftCompile normal arm64 /Users/yutaro/project-profit-ios/ProjectProfit/Application/UseCases/Inventory/InventoryWorkflowUseCase.swift (in target 'ProjectProfit' from project 'ProjectProfit')
    cd /Users/yutaro/project-profit-ios
    

SwiftCompile normal arm64 /Users/yutaro/project-profit-ios/ProjectProfit/Core/Domain/TaxYear/InvoiceIssuerStatus.swift (in target 'ProjectProfit' from project 'ProjectProfit')
    cd /Users/yutaro/project-profit-ios
    

SwiftCompile normal arm64 /Users/yutaro/project-profit-ios/ProjectProfit/Features/Journals/Presentation/Screens/JournalBrowserView.swift (in target 'ProjectProfit' from project 'ProjectProfit')
    cd /Users/yutaro/project-profit-ios
    

SwiftCompile normal arm64 /Users/yutaro/project-profit-ios/ProjectProfit/Views/Accounting/JournalDetailView.swift (in target 'ProjectProfit' from project 'ProjectProfit')
    cd /Users/yutaro/project-profit-ios
    

SwiftCompile normal arm64 /Users/yutaro/project-profit-ios/ProjectProfit/Core/Domain/Posting/JournalEntry.swift (in target 'ProjectProfit' from project 'ProjectProfit')
    cd /Users/yutaro/project-profit-ios
    

SwiftCompile normal arm64 /Users/yutaro/project-profit-ios/ProjectProfit/Infrastructure/Persistence/SwiftData/Entities/JournalEntryEntity.swift (in target 'ProjectProfit' from project 'ProjectProfit')
    cd /Users/yutaro/project-profit-ios
    

SwiftCompile normal arm64 /Users/yutaro/project-profit-ios/ProjectProfit/Core/Domain/Posting/JournalEntryRepository.swift (in target 'ProjectProfit' from project 'ProjectProfit')
    cd /Users/yutaro/project-profit-ios
    

SwiftCompile normal arm64 /Users/yutaro/project-profit-ios/ProjectProfit/Core/Domain/Posting/JournalLine.swift (in target 'ProjectProfit' from project 'ProjectProfit')
    cd /Users/yutaro/project-profit-ios
    

SwiftCompile normal arm64 /Users/yutaro/project-profit-ios/ProjectProfit/Infrastructure/Persistence/SwiftData/Entities/JournalLineEntity.swift (in target 'ProjectProfit' from project 'ProjectProfit')
    cd /Users/yutaro/project-profit-ios
    

SwiftCompile normal arm64 /Users/yutaro/project-profit-ios/ProjectProfit/Application/Mappers/JournalLineEntityMapper.swift (in target 'ProjectProfit' from project 'ProjectProfit')
    cd /Users/yutaro/project-profit-ios
    

SwiftCompile normal arm64 /Users/yutaro/project-profit-ios/ProjectProfit/Views/Accounting/JournalListView.swift (in target 'ProjectProfit' from project 'ProjectProfit')
    cd /Users/yutaro/project-profit-ios
    

SwiftCompile normal arm64 /Users/yutaro/project-profit-ios/ProjectProfit/Core/Domain/Posting/JournalSearchCriteria.swift (in target 'ProjectProfit' from project 'ProjectProfit')
    cd /Users/yutaro/project-profit-ios
    

SwiftCompile normal arm64 Compiling\ ReportingRepository.swift,\ RestoreService+Upserts.swift,\ RestoreService.swift,\ SearchFilterSheets.swift,\ SearchIndexNormalizer.swift,\ SearchIndexRebuilder.swift,\ SearchIndexRepairVerificationError.swift,\ SettingsMainView.swift,\ SettingsMaintenanceUseCase.swift,\ SettingsMaintenanceWorkflowUseCase.swift,\ SettingsOverviewRepository.swift,\ SettingsOverviewUseCase.swift,\ SettingsView.swift,\ ShareImportInboxService.swift,\ ShareSheetView.swift,\ ShushiNaiyakushoBuilder.swift,\ SnapshotArchiveStore.swift,\ StatementImportEntity.swift,\ StatementImportEntityMapper.swift,\ StatementImportUseCase.swift,\ StatementLineEntity.swift,\ StatementLineEntityMapper.swift,\ StatementMatchService.swift,\ StatementModels.swift /Users/yutaro/project-profit-ios/ProjectProfit/Core/Domain/Reporting/ReportingRepository.swift /Users/yutaro/project-profit-ios/ProjectProfit/Infrastructure/FileStorage/RestoreService+Upserts.swift /Users/yutaro/project-profit-ios/ProjectProfit/Infrastructure/FileStorage/RestoreService.swift /Users/yutaro/project-profit-ios/ProjectProfit/Views/Components/SearchFilterSheets.swift /Users/yutaro/project-profit-ios/ProjectProfit/Infrastructure/Search/SearchIndexNormalizer.swift /Users/yutaro/project-profit-ios/ProjectProfit/Infrastructure/Search/SearchIndexRebuilder.swift /Users/yutaro/project-profit-ios/ProjectProfit/Infrastructure/Search/SearchIndexRepairVerificationError.swift /Users/yutaro/project-profit-ios/ProjectProfit/Features/Settings/Presentation/Screens/SettingsMainView.swift /Users/yutaro/project-profit-ios/ProjectProfit/Application/UseCases/Settings/SettingsMaintenanceUseCase.swift /Users/yutaro/project-profit-ios/ProjectProfit/Application/UseCases/Settings/SettingsMaintenanceWorkflowUseCase.swift /Users/yutaro/project-profit-ios/ProjectProfit/Core/Domain/Settings/SettingsOverviewRepository.swift /Users/yutaro/project-profit-ios/ProjectProfit/Application/UseCases/Settings/SettingsOverviewUseCase.swift /Users/yutaro/project-profit-ios/ProjectProfit/Views/Settings/SettingsView.swift /Users/yutaro/project-profit-ios/ProjectProfit/Services/ShareImportInboxService.swift /Users/yutaro/project-profit-ios/ProjectProfit/Views/Components/ShareSheetView.swift /Users/yutaro/project-profit-ios/ProjectProfit/Services/ShushiNaiyakushoBuilder.swift /Users/yutaro/project-profit-ios/ProjectProfit/Infrastructure/FileStorage/SnapshotArchiveStore.swift /Users/yutaro/project-profit-ios/ProjectProfit/Infrastructure/Persistence/SwiftData/Entities/StatementImportEntity.swift /Users/yutaro/project-profit-ios/ProjectProfit/Application/Mappers/StatementImportEntityMapper.swift /Users/yutaro/project-profit-ios/ProjectProfit/Application/UseCases/Statements/StatementImportUseCase.swift /Users/yutaro/project-profit-ios/ProjectProfit/Infrastructure/Persistence/SwiftData/Entities/StatementLineEntity.swift /Users/yutaro/project-profit-ios/ProjectProfit/Application/Mappers/StatementLineEntityMapper.swift /Users/yutaro/project-profit-ios/ProjectProfit/Application/UseCases/Statements/StatementMatchService.swift /Users/yutaro/project-profit-ios/ProjectProfit/Core/Domain/Statements/StatementModels.swift (in target 'ProjectProfit' from project 'ProjectProfit')

SwiftCompile normal arm64 /Users/yutaro/project-profit-ios/ProjectProfit/Core/Domain/Reporting/ReportingRepository.swift (in target 'ProjectProfit' from project 'ProjectProfit')
    cd /Users/yutaro/project-profit-ios
    

SwiftCompile normal arm64 /Users/yutaro/project-profit-ios/ProjectProfit/Infrastructure/FileStorage/RestoreService+Upserts.swift (in target 'ProjectProfit' from project 'ProjectProfit')
    cd /Users/yutaro/project-profit-ios
    
/Users/yutaro/project-profit-ios/ProjectProfit/Infrastructure/FileStorage/RestoreService+Upserts.swift:330:23: warning: 'LegacyAccountingProfileSnapshot' is deprecated: Legacy profile snapshots are restore-compat only. New backups must use canonical profiles.
        _ snapshots: [LegacyAccountingProfileSnapshot]
                      ^
/Users/yutaro/project-profit-ios/ProjectProfit/Infrastructure/FileStorage/RestoreService+Upserts.swift:373:14: warning: 'LegacyAccountingProfileSnapshot' is deprecated: Legacy profile snapshots are restore-compat only. New backups must use canonical profiles.
        lhs: LegacyAccountingProfileSnapshot,
             ^
/Users/yutaro/project-profit-ios/ProjectProfit/Infrastructure/FileStorage/RestoreService+Upserts.swift:374:14: warning: 'LegacyAccountingProfileSnapshot' is deprecated: Legacy profile snapshots are restore-compat only. New backups must use canonical profiles.
        rhs: LegacyAccountingProfileSnapshot
             ^

SwiftCompile normal arm64 /Users/yutaro/project-profit-ios/ProjectProfit/Infrastructure/FileStorage/RestoreService.swift (in target 'ProjectProfit' from project 'ProjectProfit')
    cd /Users/yutaro/project-profit-ios
    
/Users/yutaro/project-profit-ios/ProjectProfit/Infrastructure/FileStorage/RestoreService.swift:368:17: warning: conformance of 'PPAccountingProfile' to 'PersistentModel' is deprecated: Use BusinessProfile / TaxYearProfile instead. Migration-only legacy model.
            try deleteAll(PPAccountingProfile.self)
                ^
/Users/yutaro/project-profit-ios/ProjectProfit/Infrastructure/FileStorage/RestoreService.swift:368:27: warning: 'PPAccountingProfile' is deprecated: Use BusinessProfile / TaxYearProfile instead. Migration-only legacy model.
            try deleteAll(PPAccountingProfile.self)
                          ^
/Users/yutaro/project-profit-ios/ProjectProfit/Infrastructure/FileStorage/RestoreService.swift:587:29: warning: conformance of 'PPAccountingProfile' to 'PersistentModel' is deprecated: Use BusinessProfile / TaxYearProfile instead. Migration-only legacy model.
        let legacyIds = try fetchAll(PPAccountingProfile.self).map(\.id)
                            ^
/Users/yutaro/project-profit-ios/ProjectProfit/Infrastructure/FileStorage/RestoreService.swift:587:38: warning: 'PPAccountingProfile' is deprecated: Use BusinessProfile / TaxYearProfile instead. Migration-only legacy model.
        let legacyIds = try fetchAll(PPAccountingProfile.self).map(\.id)
                                     ^

SwiftCompile normal arm64 /Users/yutaro/project-profit-ios/ProjectProfit/Views/Components/SearchFilterSheets.swift (in target 'ProjectProfit' from project 'ProjectProfit')
    cd /Users/yutaro/project-profit-ios
    

SwiftCompile normal arm64 /Users/yutaro/project-profit-ios/ProjectProfit/Infrastructure/Search/SearchIndexNormalizer.swift (in target 'ProjectProfit' from project 'ProjectProfit')
    cd /Users/yutaro/project-profit-ios
    

SwiftCompile normal arm64 /Users/yutaro/project-profit-ios/ProjectProfit/Infrastructure/Search/SearchIndexRebuilder.swift (in target 'ProjectProfit' from project 'ProjectProfit')
    cd /Users/yutaro/project-profit-ios
    

SwiftCompile normal arm64 /Users/yutaro/project-profit-ios/ProjectProfit/Infrastructure/Search/SearchIndexRepairVerificationError.swift (in target 'ProjectProfit' from project 'ProjectProfit')
    cd /Users/yutaro/project-profit-ios
    

SwiftCompile normal arm64 /Users/yutaro/project-profit-ios/ProjectProfit/Features/Settings/Presentation/Screens/SettingsMainView.swift (in target 'ProjectProfit' from project 'ProjectProfit')
    cd /Users/yutaro/project-profit-ios
    

SwiftCompile normal arm64 /Users/yutaro/project-profit-ios/ProjectProfit/Application/UseCases/Settings/SettingsMaintenanceUseCase.swift (in target 'ProjectProfit' from project 'ProjectProfit')
    cd /Users/yutaro/project-profit-ios
    
/Users/yutaro/project-profit-ios/ProjectProfit/Application/UseCases/Settings/SettingsMaintenanceUseCase.swift:90:39: warning: 'PPAccountingProfile' is deprecated: Use BusinessProfile / TaxYearProfile instead. Migration-only legacy model.
    private func legacyProfiles() -> [PPAccountingProfile] {
                                      ^
/Users/yutaro/project-profit-ios/ProjectProfit/Application/UseCases/Settings/SettingsMaintenanceUseCase.swift:30:9: warning: conformance of 'PPAccountingProfile' to 'PersistentModel' is deprecated: Use BusinessProfile / TaxYearProfile instead. Migration-only legacy model.
        deleteAll(legacyProfiles())
        ^
/Users/yutaro/project-profit-ios/ProjectProfit/Application/UseCases/Settings/SettingsMaintenanceUseCase.swift:91:9: warning: conformance of 'PPAccountingProfile' to 'PersistentModel' is deprecated: Use BusinessProfile / TaxYearProfile instead. Migration-only legacy model.
        fetch(FetchDescriptor<PPAccountingProfile>())
        ^
/Users/yutaro/project-profit-ios/ProjectProfit/Application/UseCases/Settings/SettingsMaintenanceUseCase.swift:91:31: warning: 'PPAccountingProfile' is deprecated: Use BusinessProfile / TaxYearProfile instead. Migration-only legacy model.
        fetch(FetchDescriptor<PPAccountingProfile>())
                              ^
/Users/yutaro/project-profit-ios/ProjectProfit/Application/UseCases/Settings/SettingsMaintenanceUseCase.swift:91:15: warning: conformance of 'PPAccountingProfile' to 'PersistentModel' is deprecated: Use BusinessProfile / TaxYearProfile instead. Migration-only legacy model.
        fetch(FetchDescriptor<PPAccountingProfile>())
              ^
/Users/yutaro/project-profit-ios/ProjectProfit/Application/UseCases/Settings/SettingsMaintenanceUseCase.swift:91:50: warning: conformance of 'PPAccountingProfile' to 'PersistentModel' is deprecated: Use BusinessProfile / TaxYearProfile instead. Migration-only legacy model.
        fetch(FetchDescriptor<PPAccountingProfile>())
                                                 ^

SwiftCompile normal arm64 /Users/yutaro/project-profit-ios/ProjectProfit/Application/UseCases/Settings/SettingsMaintenanceWorkflowUseCase.swift (in target 'ProjectProfit' from project 'ProjectProfit')
    cd /Users/yutaro/project-profit-ios
    

SwiftCompile normal arm64 /Users/yutaro/project-profit-ios/ProjectProfit/Core/Domain/Settings/SettingsOverviewRepository.swift (in target 'ProjectProfit' from project 'ProjectProfit')
    cd /Users/yutaro/project-profit-ios
    

SwiftCompile normal arm64 /Users/yutaro/project-profit-ios/ProjectProfit/Application/UseCases/Settings/SettingsOverviewUseCase.swift (in target 'ProjectProfit' from project 'ProjectProfit')
    cd /Users/yutaro/project-profit-ios
    

SwiftCompile normal arm64 /Users/yutaro/project-profit-ios/ProjectProfit/Views/Settings/SettingsView.swift (in target 'ProjectProfit' from project 'ProjectProfit')
    cd /Users/yutaro/project-profit-ios
    

SwiftCompile normal arm64 /Users/yutaro/project-profit-ios/ProjectProfit/Services/ShareImportInboxService.swift (in target 'ProjectProfit' from project 'ProjectProfit')
    cd /Users/yutaro/project-profit-ios
    

SwiftCompile normal arm64 /Users/yutaro/project-profit-ios/ProjectProfit/Views/Components/ShareSheetView.swift (in target 'ProjectProfit' from project 'ProjectProfit')
    cd /Users/yutaro/project-profit-ios
    

SwiftCompile normal arm64 /Users/yutaro/project-profit-ios/ProjectProfit/Services/ShushiNaiyakushoBuilder.swift (in target 'ProjectProfit' from project 'ProjectProfit')
    cd /Users/yutaro/project-profit-ios
    

SwiftCompile normal arm64 /Users/yutaro/project-profit-ios/ProjectProfit/Infrastructure/FileStorage/SnapshotArchiveStore.swift (in target 'ProjectProfit' from project 'ProjectProfit')
    cd /Users/yutaro/project-profit-ios
    

SwiftCompile normal arm64 /Users/yutaro/project-profit-ios/ProjectProfit/Infrastructure/Persistence/SwiftData/Entities/StatementImportEntity.swift (in target 'ProjectProfit' from project 'ProjectProfit')
    cd /Users/yutaro/project-profit-ios
    

SwiftCompile normal arm64 /Users/yutaro/project-profit-ios/ProjectProfit/Application/Mappers/StatementImportEntityMapper.swift (in target 'ProjectProfit' from project 'ProjectProfit')
    cd /Users/yutaro/project-profit-ios
    

SwiftCompile normal arm64 /Users/yutaro/project-profit-ios/ProjectProfit/Application/UseCases/Statements/StatementImportUseCase.swift (in target 'ProjectProfit' from project 'ProjectProfit')
    cd /Users/yutaro/project-profit-ios
    

SwiftCompile normal arm64 /Users/yutaro/project-profit-ios/ProjectProfit/Infrastructure/Persistence/SwiftData/Entities/StatementLineEntity.swift (in target 'ProjectProfit' from project 'ProjectProfit')
    cd /Users/yutaro/project-profit-ios
    

SwiftCompile normal arm64 /Users/yutaro/project-profit-ios/ProjectProfit/Application/Mappers/StatementLineEntityMapper.swift (in target 'ProjectProfit' from project 'ProjectProfit')
    cd /Users/yutaro/project-profit-ios
    

SwiftCompile normal arm64 /Users/yutaro/project-profit-ios/ProjectProfit/Application/UseCases/Statements/StatementMatchService.swift (in target 'ProjectProfit' from project 'ProjectProfit')
    cd /Users/yutaro/project-profit-ios
    

SwiftCompile normal arm64 /Users/yutaro/project-profit-ios/ProjectProfit/Core/Domain/Statements/StatementModels.swift (in target 'ProjectProfit' from project 'ProjectProfit')
    cd /Users/yutaro/project-profit-ios
    

SwiftCompile normal arm64 Compiling\ PayeeInfo.swift,\ PostingCandidate.swift,\ PostingCandidateEntity.swift,\ PostingCandidateEntityMapper.swift,\ PostingCandidateLine.swift,\ PostingIntakeStore.swift,\ PostingIntakeUseCase.swift,\ PostingSource.swift,\ PostingWorkflowUseCase.swift,\ ProfileSettingsUseCase.swift,\ ProfileSettingsView.swift,\ ProfileSettingsWorkflowUseCase.swift,\ ProfitLossView.swift,\ ProjectAllocation.swift,\ ProjectAllocationReprocessor.swift,\ ProjectDetailView.swift,\ ProjectDetailViewModel.swift,\ ProjectFormView.swift,\ ProjectProfitApp.swift,\ ProjectQueryRepository.swift,\ ProjectQueryUseCase.swift,\ ProjectRepository.swift,\ ProjectWorkflowStore.swift,\ ProjectWorkflowUseCase.swift /Users/yutaro/project-profit-ios/ProjectProfit/Core/Domain/Counterparties/PayeeInfo.swift /Users/yutaro/project-profit-ios/ProjectProfit/Core/Domain/Posting/PostingCandidate.swift /Users/yutaro/project-profit-ios/ProjectProfit/Infrastructure/Persistence/SwiftData/Entities/PostingCandidateEntity.swift /Users/yutaro/project-profit-ios/ProjectProfit/Application/Mappers/PostingCandidateEntityMapper.swift /Users/yutaro/project-profit-ios/ProjectProfit/Core/Domain/Posting/PostingCandidateLine.swift /Users/yutaro/project-profit-ios/ProjectProfit/Application/UseCases/Posting/PostingIntakeStore.swift /Users/yutaro/project-profit-ios/ProjectProfit/Application/UseCases/Posting/PostingIntakeUseCase.swift /Users/yutaro/project-profit-ios/ProjectProfit/Core/Domain/Posting/PostingSource.swift /Users/yutaro/project-profit-ios/ProjectProfit/Application/UseCases/Posting/PostingWorkflowUseCase.swift /Users/yutaro/project-profit-ios/ProjectProfit/Application/UseCases/Masters/ProfileSettingsUseCase.swift /Users/yutaro/project-profit-ios/ProjectProfit/Views/Settings/ProfileSettingsView.swift /Users/yutaro/project-profit-ios/ProjectProfit/Application/UseCases/Masters/ProfileSettingsWorkflowUseCase.swift /Users/yutaro/project-profit-ios/ProjectProfit/Views/Accounting/ProfitLossView.swift /Users/yutaro/project-profit-ios/ProjectProfit/Core/Domain/Distribution/ProjectAllocation.swift /Users/yutaro/project-profit-ios/ProjectProfit/Application/UseCases/Projects/ProjectAllocationReprocessor.swift /Users/yutaro/project-profit-ios/ProjectProfit/Views/Projects/ProjectDetailView.swift /Users/yutaro/project-profit-ios/ProjectProfit/ViewModels/ProjectDetailViewModel.swift /Users/yutaro/project-profit-ios/ProjectProfit/Views/Components/ProjectFormView.swift /Users/yutaro/project-profit-ios/ProjectProfit/ProjectProfitApp.swift /Users/yutaro/project-profit-ios/ProjectProfit/Core/Domain/Projects/ProjectQueryRepository.swift /Users/yutaro/project-profit-ios/ProjectProfit/Application/UseCases/Projects/ProjectQueryUseCase.swift /Users/yutaro/project-profit-ios/ProjectProfit/Core/Domain/Projects/ProjectRepository.swift /Users/yutaro/project-profit-ios/ProjectProfit/Application/UseCases/Projects/ProjectWorkflowStore.swift /Users/yutaro/project-profit-ios/ProjectProfit/Application/UseCases/Projects/ProjectWorkflowUseCase.swift (in target 'ProjectProfit' from project 'ProjectProfit')

SwiftCompile normal arm64 /Users/yutaro/project-profit-ios/ProjectProfit/Core/Domain/Counterparties/PayeeInfo.swift (in target 'ProjectProfit' from project 'ProjectProfit')
    cd /Users/yutaro/project-profit-ios
    

SwiftCompile normal arm64 /Users/yutaro/project-profit-ios/ProjectProfit/Core/Domain/Posting/PostingCandidate.swift (in target 'ProjectProfit' from project 'ProjectProfit')
    cd /Users/yutaro/project-profit-ios
    

SwiftCompile normal arm64 /Users/yutaro/project-profit-ios/ProjectProfit/Infrastructure/Persistence/SwiftData/Entities/PostingCandidateEntity.swift (in target 'ProjectProfit' from project 'ProjectProfit')
    cd /Users/yutaro/project-profit-ios
    

SwiftCompile normal arm64 /Users/yutaro/project-profit-ios/ProjectProfit/Application/Mappers/PostingCandidateEntityMapper.swift (in target 'ProjectProfit' from project 'ProjectProfit')
    cd /Users/yutaro/project-profit-ios
    

SwiftCompile normal arm64 /Users/yutaro/project-profit-ios/ProjectProfit/Core/Domain/Posting/PostingCandidateLine.swift (in target 'ProjectProfit' from project 'ProjectProfit')
    cd /Users/yutaro/project-profit-ios
    

SwiftCompile normal arm64 /Users/yutaro/project-profit-ios/ProjectProfit/Application/UseCases/Posting/PostingIntakeStore.swift (in target 'ProjectProfit' from project 'ProjectProfit')
    cd /Users/yutaro/project-profit-ios
    

SwiftCompile normal arm64 /Users/yutaro/project-profit-ios/ProjectProfit/Application/UseCases/Posting/PostingIntakeUseCase.swift (in target 'ProjectProfit' from project 'ProjectProfit')
    cd /Users/yutaro/project-profit-ios
    

SwiftCompile normal arm64 /Users/yutaro/project-profit-ios/ProjectProfit/Core/Domain/Posting/PostingSource.swift (in target 'ProjectProfit' from project 'ProjectProfit')
    cd /Users/yutaro/project-profit-ios
    

SwiftCompile normal arm64 /Users/yutaro/project-profit-ios/ProjectProfit/Application/UseCases/Posting/PostingWorkflowUseCase.swift (in target 'ProjectProfit' from project 'ProjectProfit')
    cd /Users/yutaro/project-profit-ios
    

SwiftCompile normal arm64 /Users/yutaro/project-profit-ios/ProjectProfit/Application/UseCases/Masters/ProfileSettingsUseCase.swift (in target 'ProjectProfit' from project 'ProjectProfit')
    cd /Users/yutaro/project-profit-ios
    

SwiftCompile normal arm64 /Users/yutaro/project-profit-ios/ProjectProfit/Views/Settings/ProfileSettingsView.swift (in target 'ProjectProfit' from project 'ProjectProfit')
    cd /Users/yutaro/project-profit-ios
    

SwiftCompile normal arm64 /Users/yutaro/project-profit-ios/ProjectProfit/Application/UseCases/Masters/ProfileSettingsWorkflowUseCase.swift (in target 'ProjectProfit' from project 'ProjectProfit')
    cd /Users/yutaro/project-profit-ios
    

SwiftCompile normal arm64 /Users/yutaro/project-profit-ios/ProjectProfit/Views/Accounting/ProfitLossView.swift (in target 'ProjectProfit' from project 'ProjectProfit')
    cd /Users/yutaro/project-profit-ios
    

SwiftCompile normal arm64 /Users/yutaro/project-profit-ios/ProjectProfit/Core/Domain/Distribution/ProjectAllocation.swift (in target 'ProjectProfit' from project 'ProjectProfit')
    cd /Users/yutaro/project-profit-ios
    

SwiftCompile normal arm64 /Users/yutaro/project-profit-ios/ProjectProfit/Application/UseCases/Projects/ProjectAllocationReprocessor.swift (in target 'ProjectProfit' from project 'ProjectProfit')
    cd /Users/yutaro/project-profit-ios
    

SwiftCompile normal arm64 /Users/yutaro/project-profit-ios/ProjectProfit/Views/Projects/ProjectDetailView.swift (in target 'ProjectProfit' from project 'ProjectProfit')
    cd /Users/yutaro/project-profit-ios
    

SwiftCompile normal arm64 /Users/yutaro/project-profit-ios/ProjectProfit/ViewModels/ProjectDetailViewModel.swift (in target 'ProjectProfit' from project 'ProjectProfit')
    cd /Users/yutaro/project-profit-ios
    

SwiftCompile normal arm64 /Users/yutaro/project-profit-ios/ProjectProfit/Views/Components/ProjectFormView.swift (in target 'ProjectProfit' from project 'ProjectProfit')
    cd /Users/yutaro/project-profit-ios
    

SwiftCompile normal arm64 /Users/yutaro/project-profit-ios/ProjectProfit/ProjectProfitApp.swift (in target 'ProjectProfit' from project 'ProjectProfit')
    cd /Users/yutaro/project-profit-ios
    

SwiftCompile normal arm64 /Users/yutaro/project-profit-ios/ProjectProfit/Core/Domain/Projects/ProjectQueryRepository.swift (in target 'ProjectProfit' from project 'ProjectProfit')
    cd /Users/yutaro/project-profit-ios
    

SwiftCompile normal arm64 /Users/yutaro/project-profit-ios/ProjectProfit/Application/UseCases/Projects/ProjectQueryUseCase.swift (in target 'ProjectProfit' from project 'ProjectProfit')
    cd /Users/yutaro/project-profit-ios
    

SwiftCompile normal arm64 /Users/yutaro/project-profit-ios/ProjectProfit/Core/Domain/Projects/ProjectRepository.swift (in target 'ProjectProfit' from project 'ProjectProfit')
    cd /Users/yutaro/project-profit-ios
    

SwiftCompile normal arm64 /Users/yutaro/project-profit-ios/ProjectProfit/Application/UseCases/Projects/ProjectWorkflowStore.swift (in target 'ProjectProfit' from project 'ProjectProfit')
    cd /Users/yutaro/project-profit-ios
    

SwiftCompile normal arm64 /Users/yutaro/project-profit-ios/ProjectProfit/Application/UseCases/Projects/ProjectWorkflowUseCase.swift (in target 'ProjectProfit' from project 'ProjectProfit')
    cd /Users/yutaro/project-profit-ios
    

LinkAssetCatalog /Users/yutaro/project-profit-ios/ProjectProfit/Assets.xcassets /Users/yutaro/project-profit-ios/ProjectProfit/Preview\ Content/Preview\ Assets.xcassets (in target 'ProjectProfit' from project 'ProjectProfit')
    cd /Users/yutaro/project-profit-ios
    builtin-linkAssetCatalog --thinned /Users/yutaro/project-profit-ios/artifacts/release-quality/performance-gate/DerivedData/Build/Intermediates.noindex/ProjectProfit.build/Debug-iphonesimulator/ProjectProfit.build/assetcatalog_output/thinned --thinned-dependencies /Users/yutaro/project-profit-ios/artifacts/release-quality/performance-gate/DerivedData/Build/Intermediates.noindex/ProjectProfit.build/Debug-iphonesimulator/ProjectProfit.build/assetcatalog_dependencies_thinned --thinned-info-plist-content /Users/yutaro/project-profit-ios/artifacts/release-quality/performance-gate/DerivedData/Build/Intermediates.noindex/ProjectProfit.build/Debug-iphonesimulator/ProjectProfit.build/assetcatalog_generated_info.plist_thinned --unthinned /Users/yutaro/project-profit-ios/artifacts/release-quality/performance-gate/DerivedData/Build/Intermediates.noindex/ProjectProfit.build/Debug-iphonesimulator/ProjectProfit.build/assetcatalog_output/unthinned --unthinned-dependencies /Users/yutaro/project-profit-ios/artifacts/release-quality/performance-gate/DerivedData/Build/Intermediates.noindex/ProjectProfit.build/Debug-iphonesimulator/ProjectProfit.build/assetcatalog_dependencies_unthinned --unthinned-info-plist-content /Users/yutaro/project-profit-ios/artifacts/release-quality/performance-gate/DerivedData/Build/Intermediates.noindex/ProjectProfit.build/Debug-iphonesimulator/ProjectProfit.build/assetcatalog_generated_info.plist_unthinned --output /Users/yutaro/project-profit-ios/artifacts/release-quality/performance-gate/DerivedData/Build/Products/Debug-iphonesimulator/ProjectProfit.app --plist-output /Users/yutaro/project-profit-ios/artifacts/release-quality/performance-gate/DerivedData/Build/Intermediates.noindex/ProjectProfit.build/Debug-iphonesimulator/ProjectProfit.build/assetcatalog_generated_info.plist
note: Emplaced /Users/yutaro/project-profit-ios/artifacts/release-quality/performance-gate/DerivedData/Build/Products/Debug-iphonesimulator/ProjectProfit.app/Assets.car (in target 'ProjectProfit' from project 'ProjectProfit')

SwiftDriverJobDiscovery normal arm64 Compiling FixedAssetListView.swift, FixedAssetRepository.swift, FixedAssetScheduleView.swift, FixedAssetWorkflowUseCase.swift, FormDraftEntity.swift, FormDraftEntityMapper.swift, FormEngine.swift, GenreTag.swift, InventoryInputView.swift, InventoryRepository.swift, InventoryService.swift, InventoryViewModel.swift, InventoryWorkflowUseCase.swift, InvoiceIssuerStatus.swift, JournalBrowserView.swift, JournalDetailView.swift, JournalEntry.swift, JournalEntryEntity.swift, JournalEntryRepository.swift, JournalLine.swift, JournalLineEntity.swift, JournalLineEntityMapper.swift, JournalListView.swift, JournalSearchCriteria.swift (in target 'ProjectProfit' from project 'ProjectProfit')

SwiftCompile normal arm64 Compiling\ AccountFormView.swift,\ AccountPickerView.swift,\ AccountingBookReadModelQueries.swift,\ AccountingBootstrapService.swift,\ AccountingConstants.swift,\ AccountingEngine.swift,\ AccountingEnums.swift,\ AccountingPlaceholders.swift,\ AccountingReadSupport.swift,\ AccountingReportModels.swift,\ AccountingReportService.swift,\ AccountingReportViewModel.swift,\ AllocationCalculator.swift,\ AppBootstrapWorkflowUseCase.swift,\ AppColors.swift,\ AppError.swift,\ AppShellWorkflowUseCase.swift,\ AppSnapshotModels.swift,\ ApprovalQueueQueryUseCase.swift,\ ApprovalQueueRepository.swift,\ ApprovalQueueView.swift,\ ApprovalQueueWorkflowUseCase.swift,\ ApprovalRequest.swift,\ ApprovalRequestEntity.swift,\ ApprovalRequestEntityMapper.swift /Users/yutaro/project-profit-ios/ProjectProfit/Features/Masters/Accounts/Presentation/Screens/AccountFormView.swift /Users/yutaro/project-profit-ios/ProjectProfit/Views/Components/AccountPickerView.swift /Users/yutaro/project-profit-ios/ProjectProfit/Application/UseCases/App/AccountingBookReadModelQueries.swift /Users/yutaro/project-profit-ios/ProjectProfit/Services/AccountingBootstrapService.swift /Users/yutaro/project-profit-ios/ProjectProfit/Services/AccountingConstants.swift /Users/yutaro/project-profit-ios/ProjectProfit/Services/AccountingEngine.swift /Users/yutaro/project-profit-ios/ProjectProfit/Models/AccountingEnums.swift /Users/yutaro/project-profit-ios/ProjectProfit/Views/Accounting/AccountingPlaceholders.swift /Users/yutaro/project-profit-ios/ProjectProfit/Application/UseCases/App/AccountingReadSupport.swift /Users/yutaro/project-profit-ios/ProjectProfit/Models/AccountingReportModels.swift /Users/yutaro/project-profit-ios/ProjectProfit/Services/AccountingReportService.swift /Users/yutaro/project-profit-ios/ProjectProfit/ViewModels/AccountingReportViewModel.swift /Users/yutaro/project-profit-ios/ProjectProfit/Core/Domain/Distribution/AllocationCalculator.swift /Users/yutaro/project-profit-ios/ProjectProfit/Application/UseCases/App/AppBootstrapWorkflowUseCase.swift /Users/yutaro/project-profit-ios/ProjectProfit/Utilities/AppColors.swift /Users/yutaro/project-profit-ios/ProjectProfit/Services/AppError.swift /Users/yutaro/project-profit-ios/ProjectProfit/Application/UseCases/App/AppShellWorkflowUseCase.swift /Users/yutaro/project-profit-ios/ProjectProfit/Infrastructure/FileStorage/AppSnapshotModels.swift /Users/yutaro/project-profit-ios/ProjectProfit/Application/UseCases/Posting/ApprovalQueueQueryUseCase.swift /Users/yutaro/project-profit-ios/ProjectProfit/Core/Domain/Posting/ApprovalQueueRepository.swift /Users/yutaro/project-profit-ios/ProjectProfit/Features/ApprovalQueue/ApprovalQueueView.swift /Users/yutaro/project-profit-ios/ProjectProfit/Application/UseCases/Posting/ApprovalQueueWorkflowUseCase.swift /Users/yutaro/project-profit-ios/ProjectProfit/Core/Domain/Posting/ApprovalRequest.swift /Users/yutaro/project-profit-ios/ProjectProfit/Infrastructure/Persistence/SwiftData/Entities/ApprovalRequestEntity.swift /Users/yutaro/project-profit-ios/ProjectProfit/Application/Mappers/ApprovalRequestEntityMapper.swift (in target 'ProjectProfit' from project 'ProjectProfit')
SwiftCompile normal arm64 /Users/yutaro/project-profit-ios/ProjectProfit/Features/Masters/Accounts/Presentation/Screens/AccountFormView.swift (in target 'ProjectProfit' from project 'ProjectProfit')
    cd /Users/yutaro/project-profit-ios
    

SwiftCompile normal arm64 /Users/yutaro/project-profit-ios/ProjectProfit/Views/Components/AccountPickerView.swift (in target 'ProjectProfit' from project 'ProjectProfit')
    cd /Users/yutaro/project-profit-ios
    

SwiftCompile normal arm64 /Users/yutaro/project-profit-ios/ProjectProfit/Application/UseCases/App/AccountingBookReadModelQueries.swift (in target 'ProjectProfit' from project 'ProjectProfit')
    cd /Users/yutaro/project-profit-ios
    

SwiftCompile normal arm64 /Users/yutaro/project-profit-ios/ProjectProfit/Services/AccountingBootstrapService.swift (in target 'ProjectProfit' from project 'ProjectProfit')
    cd /Users/yutaro/project-profit-ios
    

SwiftCompile normal arm64 /Users/yutaro/project-profit-ios/ProjectProfit/Services/AccountingConstants.swift (in target 'ProjectProfit' from project 'ProjectProfit')
    cd /Users/yutaro/project-profit-ios
    

SwiftCompile normal arm64 /Users/yutaro/project-profit-ios/ProjectProfit/Services/AccountingEngine.swift (in target 'ProjectProfit' from project 'ProjectProfit')
    cd /Users/yutaro/project-profit-ios
    

SwiftCompile normal arm64 /Users/yutaro/project-profit-ios/ProjectProfit/Models/AccountingEnums.swift (in target 'ProjectProfit' from project 'ProjectProfit')
    cd /Users/yutaro/project-profit-ios
    

SwiftCompile normal arm64 /Users/yutaro/project-profit-ios/ProjectProfit/Views/Accounting/AccountingPlaceholders.swift (in target 'ProjectProfit' from project 'ProjectProfit')
    cd /Users/yutaro/project-profit-ios
    

SwiftCompile normal arm64 /Users/yutaro/project-profit-ios/ProjectProfit/Application/UseCases/App/AccountingReadSupport.swift (in target 'ProjectProfit' from project 'ProjectProfit')
    cd /Users/yutaro/project-profit-ios
    

SwiftCompile normal arm64 /Users/yutaro/project-profit-ios/ProjectProfit/Models/AccountingReportModels.swift (in target 'ProjectProfit' from project 'ProjectProfit')
    cd /Users/yutaro/project-profit-ios
    

SwiftCompile normal arm64 /Users/yutaro/project-profit-ios/ProjectProfit/Services/AccountingReportService.swift (in target 'ProjectProfit' from project 'ProjectProfit')
    cd /Users/yutaro/project-profit-ios
    

SwiftCompile normal arm64 /Users/yutaro/project-profit-ios/ProjectProfit/ViewModels/AccountingReportViewModel.swift (in target 'ProjectProfit' from project 'ProjectProfit')
    cd /Users/yutaro/project-profit-ios
    

SwiftCompile normal arm64 /Users/yutaro/project-profit-ios/ProjectProfit/Core/Domain/Distribution/AllocationCalculator.swift (in target 'ProjectProfit' from project 'ProjectProfit')
    cd /Users/yutaro/project-profit-ios
    

SwiftCompile normal arm64 /Users/yutaro/project-profit-ios/ProjectProfit/Application/UseCases/App/AppBootstrapWorkflowUseCase.swift (in target 'ProjectProfit' from project 'ProjectProfit')
    cd /Users/yutaro/project-profit-ios
    

SwiftCompile normal arm64 /Users/yutaro/project-profit-ios/ProjectProfit/Utilities/AppColors.swift (in target 'ProjectProfit' from project 'ProjectProfit')
    cd /Users/yutaro/project-profit-ios
    

SwiftCompile normal arm64 /Users/yutaro/project-profit-ios/ProjectProfit/Services/AppError.swift (in target 'ProjectProfit' from project 'ProjectProfit')
    cd /Users/yutaro/project-profit-ios
    

SwiftCompile normal arm64 /Users/yutaro/project-profit-ios/ProjectProfit/Application/UseCases/App/AppShellWorkflowUseCase.swift (in target 'ProjectProfit' from project 'ProjectProfit')
    cd /Users/yutaro/project-profit-ios
    

SwiftCompile normal arm64 /Users/yutaro/project-profit-ios/ProjectProfit/Infrastructure/FileStorage/AppSnapshotModels.swift (in target 'ProjectProfit' from project 'ProjectProfit')
    cd /Users/yutaro/project-profit-ios
    
/Users/yutaro/project-profit-ios/ProjectProfit/Infrastructure/FileStorage/AppSnapshotModels.swift:95:30: warning: 'LegacyAccountingProfileSnapshot' is deprecated: Legacy profile snapshots are restore-compat only. New backups must use canonical profiles.
    var accountingProfiles: [LegacyAccountingProfileSnapshot]
                             ^

SwiftCompile normal arm64 /Users/yutaro/project-profit-ios/ProjectProfit/Application/UseCases/Posting/ApprovalQueueQueryUseCase.swift (in target 'ProjectProfit' from project 'ProjectProfit')
    cd /Users/yutaro/project-profit-ios
    

SwiftCompile normal arm64 /Users/yutaro/project-profit-ios/ProjectProfit/Core/Domain/Posting/ApprovalQueueRepository.swift (in target 'ProjectProfit' from project 'ProjectProfit')
    cd /Users/yutaro/project-profit-ios
    

SwiftCompile normal arm64 /Users/yutaro/project-profit-ios/ProjectProfit/Features/ApprovalQueue/ApprovalQueueView.swift (in target 'ProjectProfit' from project 'ProjectProfit')
    cd /Users/yutaro/project-profit-ios
    

SwiftCompile normal arm64 /Users/yutaro/project-profit-ios/ProjectProfit/Application/UseCases/Posting/ApprovalQueueWorkflowUseCase.swift (in target 'ProjectProfit' from project 'ProjectProfit')
    cd /Users/yutaro/project-profit-ios
    

SwiftCompile normal arm64 /Users/yutaro/project-profit-ios/ProjectProfit/Core/Domain/Posting/ApprovalRequest.swift (in target 'ProjectProfit' from project 'ProjectProfit')
    cd /Users/yutaro/project-profit-ios
    

SwiftCompile normal arm64 /Users/yutaro/project-profit-ios/ProjectProfit/Infrastructure/Persistence/SwiftData/Entities/ApprovalRequestEntity.swift (in target 'ProjectProfit' from project 'ProjectProfit')
    cd /Users/yutaro/project-profit-ios
    

SwiftCompile normal arm64 /Users/yutaro/project-profit-ios/ProjectProfit/Application/Mappers/ApprovalRequestEntityMapper.swift (in target 'ProjectProfit' from project 'ProjectProfit')
    cd /Users/yutaro/project-profit-ios
    

SwiftCompile normal arm64 Compiling\ LegacyProjectedJournalAssembler.swift,\ LegalDocumentLedgerView.swift,\ LegalReportLine.swift,\ LineItemsEditView.swift,\ LocalEvidenceSearchIndex.swift,\ LocalJournalSearchIndex.swift,\ Logger.swift,\ ManualJournalFormView.swift,\ MigrationReportRunner.swift,\ ModelContainerFactory.swift,\ Models.swift,\ MonthlySummaryView.swift,\ NotificationService.swift,\ NotificationSettingsView.swift,\ PDFExportService.swift,\ PDFPageRenderer.swift,\ PPAccount.swift,\ PPAccountingProfile.swift,\ PPDocumentRecord.swift,\ PPFixedAsset.swift,\ PPInventoryRecord.swift,\ PPJournalEntry.swift,\ PPTransactionLog.swift,\ PPUserRule.swift /Users/yutaro/project-profit-ios/ProjectProfit/Services/LegacyProjectedJournalAssembler.swift /Users/yutaro/project-profit-ios/ProjectProfit/Views/Accounting/LegalDocumentLedgerView.swift /Users/yutaro/project-profit-ios/ProjectProfit/Core/Domain/Accounts/LegalReportLine.swift /Users/yutaro/project-profit-ios/ProjectProfit/Views/Receipt/LineItemsEditView.swift /Users/yutaro/project-profit-ios/ProjectProfit/Infrastructure/Search/LocalEvidenceSearchIndex.swift /Users/yutaro/project-profit-ios/ProjectProfit/Infrastructure/Search/LocalJournalSearchIndex.swift /Users/yutaro/project-profit-ios/ProjectProfit/Services/Logger.swift /Users/yutaro/project-profit-ios/ProjectProfit/Views/Accounting/ManualJournalFormView.swift /Users/yutaro/project-profit-ios/ProjectProfit/Application/Migrations/MigrationReportRunner.swift /Users/yutaro/project-profit-ios/ProjectProfit/Infrastructure/Persistence/SwiftData/Store/ModelContainerFactory.swift /Users/yutaro/project-profit-ios/ProjectProfit/Models/Models.swift /Users/yutaro/project-profit-ios/ProjectProfit/Views/Accounting/MonthlySummaryView.swift /Users/yutaro/project-profit-ios/ProjectProfit/Services/NotificationService.swift /Users/yutaro/project-profit-ios/ProjectProfit/Views/Components/NotificationSettingsView.swift /Users/yutaro/project-profit-ios/ProjectProfit/Services/PDFExportService.swift /Users/yutaro/project-profit-ios/ProjectProfit/Services/PDFPageRenderer.swift /Users/yutaro/project-profit-ios/ProjectProfit/Models/PPAccount.swift /Users/yutaro/project-profit-ios/ProjectProfit/Models/PPAccountingProfile.swift /Users/yutaro/project-profit-ios/ProjectProfit/Models/PPDocumentRecord.swift /Users/yutaro/project-profit-ios/ProjectProfit/Models/PPFixedAsset.swift /Users/yutaro/project-profit-ios/ProjectProfit/Models/PPInventoryRecord.swift /Users/yutaro/project-profit-ios/ProjectProfit/Models/PPJournalEntry.swift /Users/yutaro/project-profit-ios/ProjectProfit/Models/PPTransactionLog.swift /Users/yutaro/project-profit-ios/ProjectProfit/Models/PPUserRule.swift (in target 'ProjectProfit' from project 'ProjectProfit')

SwiftCompile normal arm64 /Users/yutaro/project-profit-ios/ProjectProfit/Services/LegacyProjectedJournalAssembler.swift (in target 'ProjectProfit' from project 'ProjectProfit')
    cd /Users/yutaro/project-profit-ios
    

SwiftCompile normal arm64 /Users/yutaro/project-profit-ios/ProjectProfit/Views/Accounting/LegalDocumentLedgerView.swift (in target 'ProjectProfit' from project 'ProjectProfit')
    cd /Users/yutaro/project-profit-ios
    

SwiftCompile normal arm64 /Users/yutaro/project-profit-ios/ProjectProfit/Core/Domain/Accounts/LegalReportLine.swift (in target 'ProjectProfit' from project 'ProjectProfit')
    cd /Users/yutaro/project-profit-ios
    

SwiftCompile normal arm64 /Users/yutaro/project-profit-ios/ProjectProfit/Views/Receipt/LineItemsEditView.swift (in target 'ProjectProfit' from project 'ProjectProfit')
    cd /Users/yutaro/project-profit-ios
    

SwiftCompile normal arm64 /Users/yutaro/project-profit-ios/ProjectProfit/Infrastructure/Search/LocalEvidenceSearchIndex.swift (in target 'ProjectProfit' from project 'ProjectProfit')
    cd /Users/yutaro/project-profit-ios
    

SwiftCompile normal arm64 /Users/yutaro/project-profit-ios/ProjectProfit/Infrastructure/Search/LocalJournalSearchIndex.swift (in target 'ProjectProfit' from project 'ProjectProfit')
    cd /Users/yutaro/project-profit-ios
    

SwiftCompile normal arm64 /Users/yutaro/project-profit-ios/ProjectProfit/Services/Logger.swift (in target 'ProjectProfit' from project 'ProjectProfit')
    cd /Users/yutaro/project-profit-ios
    

SwiftCompile normal arm64 /Users/yutaro/project-profit-ios/ProjectProfit/Views/Accounting/ManualJournalFormView.swift (in target 'ProjectProfit' from project 'ProjectProfit')
    cd /Users/yutaro/project-profit-ios
    

SwiftCompile normal arm64 /Users/yutaro/project-profit-ios/ProjectProfit/Application/Migrations/MigrationReportRunner.swift (in target 'ProjectProfit' from project 'ProjectProfit')
    cd /Users/yutaro/project-profit-ios
    
/Users/yutaro/project-profit-ios/ProjectProfit/Application/Migrations/MigrationReportRunner.swift:44:28: warning: conformance of 'PPAccountingProfile' to 'PersistentModel' is deprecated: Use BusinessProfile / TaxYearProfile instead. Migration-only legacy model.
        let profiles = try fetchAll(PPAccountingProfile.self)
                           ^
/Users/yutaro/project-profit-ios/ProjectProfit/Application/Migrations/MigrationReportRunner.swift:44:37: warning: 'PPAccountingProfile' is deprecated: Use BusinessProfile / TaxYearProfile instead. Migration-only legacy model.
        let profiles = try fetchAll(PPAccountingProfile.self)
                                    ^

SwiftCompile normal arm64 /Users/yutaro/project-profit-ios/ProjectProfit/Infrastructure/Persistence/SwiftData/Store/ModelContainerFactory.swift (in target 'ProjectProfit' from project 'ProjectProfit')
    cd /Users/yutaro/project-profit-ios
    
/Users/yutaro/project-profit-ios/ProjectProfit/Infrastructure/Persistence/SwiftData/Store/ModelContainerFactory.swift:18:13: warning: conformance of 'PPAccountingProfile' to 'PersistentModel' is deprecated: Use BusinessProfile / TaxYearProfile instead. Migration-only legacy model.
            PPAccountingProfile.self, // migration-only legacy compat
            ^
/Users/yutaro/project-profit-ios/ProjectProfit/Infrastructure/Persistence/SwiftData/Store/ModelContainerFactory.swift:18:13: warning: 'PPAccountingProfile' is deprecated: Use BusinessProfile / TaxYearProfile instead. Migration-only legacy model.
            PPAccountingProfile.self, // migration-only legacy compat
            ^

SwiftCompile normal arm64 /Users/yutaro/project-profit-ios/ProjectProfit/Models/Models.swift (in target 'ProjectProfit' from project 'ProjectProfit')
    cd /Users/yutaro/project-profit-ios
    

SwiftCompile normal arm64 /Users/yutaro/project-profit-ios/ProjectProfit/Views/Accounting/MonthlySummaryView.swift (in target 'ProjectProfit' from project 'ProjectProfit')
    cd /Users/yutaro/project-profit-ios
    

SwiftCompile normal arm64 /Users/yutaro/project-profit-ios/ProjectProfit/Services/NotificationService.swift (in target 'ProjectProfit' from project 'ProjectProfit')
    cd /Users/yutaro/project-profit-ios
    

SwiftCompile normal arm64 /Users/yutaro/project-profit-ios/ProjectProfit/Views/Components/NotificationSettingsView.swift (in target 'ProjectProfit' from project 'ProjectProfit')
    cd /Users/yutaro/project-profit-ios
    

SwiftCompile normal arm64 /Users/yutaro/project-profit-ios/ProjectProfit/Services/PDFExportService.swift (in target 'ProjectProfit' from project 'ProjectProfit')
    cd /Users/yutaro/project-profit-ios
    

SwiftCompile normal arm64 /Users/yutaro/project-profit-ios/ProjectProfit/Services/PDFPageRenderer.swift (in target 'ProjectProfit' from project 'ProjectProfit')
    cd /Users/yutaro/project-profit-ios
    

SwiftCompile normal arm64 /Users/yutaro/project-profit-ios/ProjectProfit/Models/PPAccount.swift (in target 'ProjectProfit' from project 'ProjectProfit')
    cd /Users/yutaro/project-profit-ios
    

SwiftCompile normal arm64 /Users/yutaro/project-profit-ios/ProjectProfit/Models/PPAccountingProfile.swift (in target 'ProjectProfit' from project 'ProjectProfit')
    cd /Users/yutaro/project-profit-ios
    
/Users/yutaro/project-profit-ios/ProjectProfit/Models/PPAccountingProfile.swift:78:11: warning: 'PPAccountingProfile' is deprecated: Use BusinessProfile / TaxYearProfile instead. Migration-only legacy model.
extension PPAccountingProfile {
          ^

SwiftCompile normal arm64 /Users/yutaro/project-profit-ios/ProjectProfit/Models/PPDocumentRecord.swift (in target 'ProjectProfit' from project 'ProjectProfit')
    cd /Users/yutaro/project-profit-ios
    

SwiftCompile normal arm64 /Users/yutaro/project-profit-ios/ProjectProfit/Models/PPFixedAsset.swift (in target 'ProjectProfit' from project 'ProjectProfit')
    cd /Users/yutaro/project-profit-ios
    

SwiftCompile normal arm64 /Users/yutaro/project-profit-ios/ProjectProfit/Models/PPInventoryRecord.swift (in target 'ProjectProfit' from project 'ProjectProfit')
    cd /Users/yutaro/project-profit-ios
    

SwiftCompile normal arm64 /Users/yutaro/project-profit-ios/ProjectProfit/Models/PPJournalEntry.swift (in target 'ProjectProfit' from project 'ProjectProfit')
    cd /Users/yutaro/project-profit-ios
    

SwiftCompile normal arm64 /Users/yutaro/project-profit-ios/ProjectProfit/Models/PPTransactionLog.swift (in target 'ProjectProfit' from project 'ProjectProfit')
    cd /Users/yutaro/project-profit-ios
    

SwiftCompile normal arm64 /Users/yutaro/project-profit-ios/ProjectProfit/Models/PPUserRule.swift (in target 'ProjectProfit' from project 'ProjectProfit')
    cd /Users/yutaro/project-profit-ios
    

SwiftDriverJobDiscovery normal arm64 Emitting module for ProjectProfit (in target 'ProjectProfit' from project 'ProjectProfit')

SwiftDriver\ Compilation\ Requirements ProjectProfit normal arm64 com.apple.xcode.tools.swift.compiler (in target 'ProjectProfit' from project 'ProjectProfit')
    cd /Users/yutaro/project-profit-ios
    builtin-Swift-Compilation-Requirements -- /Applications/Xcode-26.3.app/Contents/Developer/Toolchains/XcodeDefault.xctoolchain/usr/bin/swiftc -module-name ProjectProfit -Onone -enforce-exclusivity\=checked @/Users/yutaro/project-profit-ios/artifacts/release-quality/performance-gate/DerivedData/Build/Intermediates.noindex/ProjectProfit.build/Debug-iphonesimulator/ProjectProfit.build/Objects-normal/arm64/ProjectProfit.SwiftFileList -DDEBUG -Xcc -fmodule-map-file\=/Users/yutaro/project-profit-ios/artifacts/release-quality/performance-gate/DerivedData/Build/Intermediates.noindex/GeneratedModuleMaps-iphonesimulator/libxlsxwriter.modulemap -Xfrontend -solver-expression-time-threshold\=60 -enable-bare-slash-regex -enable-experimental-feature DebugDescriptionMacro -sdk /Applications/Xcode-26.3.app/Contents/Developer/Platforms/iPhoneSimulator.platform/Developer/SDKs/iPhoneSimulator26.2.sdk -target arm64-apple-ios17.0-simulator -g -module-cache-path /Users/yutaro/project-profit-ios/artifacts/release-quality/performance-gate/DerivedData/ModuleCache.noindex -Xfrontend -serialize-debugging-options -profile-coverage-mapping -profile-generate -enable-testing -index-store-path /Users/yutaro/project-profit-ios/artifacts/release-quality/performance-gate/DerivedData/Index.noindex/DataStore -Xcc -D_LIBCPP_HARDENING_MODE\=_LIBCPP_HARDENING_MODE_DEBUG -swift-version 5 -I /Users/yutaro/project-profit-ios/artifacts/release-quality/performance-gate/DerivedData/Build/Products/Debug-iphonesimulator -I /Users/yutaro/project-profit-ios/ProjectProfit/Ledger/Bridge/xlsxwriter -F /Users/yutaro/project-profit-ios/artifacts/release-quality/performance-gate/DerivedData/Build/Products/Debug-iphonesimulator/PackageFrameworks -F /Users/yutaro/project-profit-ios/artifacts/release-quality/performance-gate/DerivedData/Build/Products/Debug-iphonesimulator -c -j8 -enable-batch-mode -incremental -Xcc -ivfsstatcache -Xcc /Users/yutaro/project-profit-ios/artifacts/release-quality/performance-gate/DerivedData/SDKStatCaches.noindex/iphonesimulator26.2-23C57-91db6bf2b9df79783d042ed3cc29a58e.sdkstatcache -output-file-map /Users/yutaro/project-profit-ios/artifacts/release-quality/performance-gate/DerivedData/Build/Intermediates.noindex/ProjectProfit.build/Debug-iphonesimulator/ProjectProfit.build/Objects-normal/arm64/ProjectProfit-OutputFileMap.json -use-frontend-parseable-output -save-temps -no-color-diagnostics -explicit-module-build -module-cache-path /Users/yutaro/project-profit-ios/artifacts/release-quality/performance-gate/DerivedData/Build/Intermediates.noindex/SwiftExplicitPrecompiledModules -clang-scanner-module-cache-path /Users/yutaro/project-profit-ios/artifacts/release-quality/performance-gate/DerivedData/ModuleCache.noindex -sdk-module-cache-path /Users/yutaro/project-profit-ios/artifacts/release-quality/performance-gate/DerivedData/ModuleCache.noindex -serialize-diagnostics -emit-dependencies -emit-module -emit-module-path /Users/yutaro/project-profit-ios/artifacts/release-quality/performance-gate/DerivedData/Build/Intermediates.noindex/ProjectProfit.build/Debug-iphonesimulator/ProjectProfit.build/Objects-normal/arm64/ProjectProfit.swiftmodule -validate-clang-modules-once -clang-build-session-file /Users/yutaro/project-profit-ios/artifacts/release-quality/performance-gate/DerivedData/ModuleCache.noindex/Session.modulevalidation -Xcc -I/Users/yutaro/project-profit-ios/artifacts/release-quality/performance-gate/DerivedData/Build/Intermediates.noindex/ProjectProfit.build/Debug-iphonesimulator/ProjectProfit.build/swift-overrides.hmap -emit-const-values -Xfrontend -const-gather-protocols-file -Xfrontend /Users/yutaro/project-profit-ios/artifacts/release-quality/performance-gate/DerivedData/Build/Intermediates.noindex/ProjectProfit.build/Debug-iphonesimulator/ProjectProfit.build/Objects-normal/arm64/ProjectProfit_const_extract_protocols.json -Xcc -iquote -Xcc /Users/yutaro/project-profit-ios/artifacts/release-quality/performance-gate/DerivedData/Build/Intermediates.noindex/ProjectProfit.build/Debug-iphonesimulator/ProjectProfit.build/ProjectProfit-generated-files.hmap -Xcc -I/Users/yutaro/project-profit-ios/artifacts/release-quality/performance-gate/DerivedData/Build/Intermediates.noindex/ProjectProfit.build/Debug-iphonesimulator/ProjectProfit.build/ProjectProfit-own-target-headers.hmap -Xcc -I/Users/yutaro/project-profit-ios/artifacts/release-quality/performance-gate/DerivedData/Build/Intermediates.noindex/ProjectProfit.build/Debug-iphonesimulator/ProjectProfit.build/ProjectProfit-all-non-framework-target-headers.hmap -Xcc -ivfsoverlay -Xcc /Users/yutaro/project-profit-ios/artifacts/release-quality/performance-gate/DerivedData/Build/Intermediates.noindex/ProjectProfit.build/Debug-iphonesimulator/ProjectProfit-bc30635a8cb06e5d3ecf94d8d93f544c-VFS-iphonesimulator/all-product-headers.yaml -Xcc -iquote -Xcc /Users/yutaro/project-profit-ios/artifacts/release-quality/performance-gate/DerivedData/Build/Intermediates.noindex/ProjectProfit.build/Debug-iphonesimulator/ProjectProfit.build/ProjectProfit-project-headers.hmap -Xcc -I/Users/yutaro/project-profit-ios/artifacts/release-quality/performance-gate/DerivedData/SourcePackages/checkouts/libxlsxwriter/include -Xcc -I/Users/yutaro/project-profit-ios/artifacts/release-quality/performance-gate/DerivedData/Build/Products/Debug-iphonesimulator/include -Xcc -I/Users/yutaro/project-profit-ios/artifacts/release-quality/performance-gate/DerivedData/SourcePackages/checkouts/libxlsxwriter/include -Xcc -I/Users/yutaro/project-profit-ios/artifacts/release-quality/performance-gate/DerivedData/Build/Intermediates.noindex/ProjectProfit.build/Debug-iphonesimulator/ProjectProfit.build/DerivedSources-normal/arm64 -Xcc -I/Users/yutaro/project-profit-ios/artifacts/release-quality/performance-gate/DerivedData/Build/Intermediates.noindex/ProjectProfit.build/Debug-iphonesimulator/ProjectProfit.build/DerivedSources/arm64 -Xcc -I/Users/yutaro/project-profit-ios/artifacts/release-quality/performance-gate/DerivedData/Build/Intermediates.noindex/ProjectProfit.build/Debug-iphonesimulator/ProjectProfit.build/DerivedSources -Xcc -DDEBUG\=1 -emit-objc-header -emit-objc-header-path /Users/yutaro/project-profit-ios/artifacts/release-quality/performance-gate/DerivedData/Build/Intermediates.noindex/ProjectProfit.build/Debug-iphonesimulator/ProjectProfit.build/Objects-normal/arm64/ProjectProfit-Swift.h -working-directory /Users/yutaro/project-profit-ios -experimental-emit-module-separately -disable-cmo

SwiftDriverJobDiscovery normal arm64 Compiling SwiftDataRecurringRepository.swift, SwiftDataReportingRepository.swift, SwiftDataSettingsOverviewRepository.swift, SwiftDataStatementRepository.swift, SwiftDataTaxYearProfileRepository.swift, SwiftDataTransactionFormRepository.swift, SwiftDataTransactionHistoryRepository.swift, SwiftDataUserRuleRepository.swift, TaxCode.swift, TaxCodePickerView.swift, TaxDeductibleRateView.swift, TaxLineDefinitions.swift, TaxRuleEvaluator.swift, TaxStatusMachine.swift, TaxYearDefinitionLoader.swift, TaxYearPack.swift, TaxYearPackProviderPort.swift, TaxYearProfile.swift, TaxYearProfileEntity.swift, TaxYearProfileEntityMapper.swift, TaxYearProfileRepository.swift, TaxYearStateUseCase.swift, TransactionDetailView.swift, TransactionDocumentsView.swift (in target 'ProjectProfit' from project 'ProjectProfit')

SwiftCompile normal arm64 Compiling\ ProjectsView.swift,\ ProjectsViewModel.swift,\ ReceiptData.swift,\ ReceiptEvidenceIntakeUseCase.swift,\ ReceiptImagePreviewView.swift,\ ReceiptImageStore.swift,\ ReceiptReviewView.swift,\ ReceiptScannerService.swift,\ ReceiptScannerView.swift,\ RecurringFormSections.swift,\ RecurringFormView.swift,\ RecurringHistoryView.swift,\ RecurringPostingCoordinator.swift,\ RecurringPreviewItem.swift,\ RecurringPreviewView.swift,\ RecurringQueryUseCase.swift,\ RecurringRepository.swift,\ RecurringView.swift,\ RecurringViewModel.swift,\ RecurringWorkflowStore.swift,\ RecurringWorkflowUseCase.swift,\ ReportView.swift,\ ReportViewModel.swift,\ ReportingQueryUseCase.swift /Users/yutaro/project-profit-ios/ProjectProfit/Views/Projects/ProjectsView.swift /Users/yutaro/project-profit-ios/ProjectProfit/ViewModels/ProjectsViewModel.swift /Users/yutaro/project-profit-ios/ProjectProfit/Models/ReceiptData.swift /Users/yutaro/project-profit-ios/ProjectProfit/Application/UseCases/Evidence/ReceiptEvidenceIntakeUseCase.swift /Users/yutaro/project-profit-ios/ProjectProfit/Views/Receipt/ReceiptImagePreviewView.swift /Users/yutaro/project-profit-ios/ProjectProfit/Services/ReceiptImageStore.swift /Users/yutaro/project-profit-ios/ProjectProfit/Views/Receipt/ReceiptReviewView.swift /Users/yutaro/project-profit-ios/ProjectProfit/Services/ReceiptScannerService.swift /Users/yutaro/project-profit-ios/ProjectProfit/Views/Receipt/ReceiptScannerView.swift /Users/yutaro/project-profit-ios/ProjectProfit/Views/Components/RecurringFormSections.swift /Users/yutaro/project-profit-ios/ProjectProfit/Views/Components/RecurringFormView.swift /Users/yutaro/project-profit-ios/ProjectProfit/Views/Recurring/RecurringHistoryView.swift /Users/yutaro/project-profit-ios/ProjectProfit/Application/UseCases/Recurring/RecurringPostingCoordinator.swift /Users/yutaro/project-profit-ios/ProjectProfit/Models/RecurringPreviewItem.swift /Users/yutaro/project-profit-ios/ProjectProfit/Features/Recurring/RecurringPreviewView.swift /Users/yutaro/project-profit-ios/ProjectProfit/Application/UseCases/Recurring/RecurringQueryUseCase.swift /Users/yutaro/project-profit-ios/ProjectProfit/Core/Domain/Recurring/RecurringRepository.swift /Users/yutaro/project-profit-ios/ProjectProfit/Views/Recurring/RecurringView.swift /Users/yutaro/project-profit-ios/ProjectProfit/ViewModels/RecurringViewModel.swift /Users/yutaro/project-profit-ios/ProjectProfit/Application/UseCases/Recurring/RecurringWorkflowStore.swift /Users/yutaro/project-profit-ios/ProjectProfit/Application/UseCases/Recurring/RecurringWorkflowUseCase.swift /Users/yutaro/project-profit-ios/ProjectProfit/Views/Report/ReportView.swift /Users/yutaro/project-profit-ios/ProjectProfit/ViewModels/ReportViewModel.swift /Users/yutaro/project-profit-ios/ProjectProfit/Application/UseCases/Reporting/ReportingQueryUseCase.swift (in target 'ProjectProfit' from project 'ProjectProfit')
SwiftCompile normal arm64 /Users/yutaro/project-profit-ios/ProjectProfit/Views/Projects/ProjectsView.swift (in target 'ProjectProfit' from project 'ProjectProfit')
    cd /Users/yutaro/project-profit-ios
    

SwiftCompile normal arm64 /Users/yutaro/project-profit-ios/ProjectProfit/ViewModels/ProjectsViewModel.swift (in target 'ProjectProfit' from project 'ProjectProfit')
    cd /Users/yutaro/project-profit-ios
    

SwiftCompile normal arm64 /Users/yutaro/project-profit-ios/ProjectProfit/Models/ReceiptData.swift (in target 'ProjectProfit' from project 'ProjectProfit')
    cd /Users/yutaro/project-profit-ios
    

SwiftCompile normal arm64 /Users/yutaro/project-profit-ios/ProjectProfit/Application/UseCases/Evidence/ReceiptEvidenceIntakeUseCase.swift (in target 'ProjectProfit' from project 'ProjectProfit')
    cd /Users/yutaro/project-profit-ios
    

SwiftCompile normal arm64 /Users/yutaro/project-profit-ios/ProjectProfit/Views/Receipt/ReceiptImagePreviewView.swift (in target 'ProjectProfit' from project 'ProjectProfit')
    cd /Users/yutaro/project-profit-ios
    

SwiftCompile normal arm64 /Users/yutaro/project-profit-ios/ProjectProfit/Services/ReceiptImageStore.swift (in target 'ProjectProfit' from project 'ProjectProfit')
    cd /Users/yutaro/project-profit-ios
    

SwiftCompile normal arm64 /Users/yutaro/project-profit-ios/ProjectProfit/Views/Receipt/ReceiptReviewView.swift (in target 'ProjectProfit' from project 'ProjectProfit')
    cd /Users/yutaro/project-profit-ios
    

SwiftCompile normal arm64 /Users/yutaro/project-profit-ios/ProjectProfit/Services/ReceiptScannerService.swift (in target 'ProjectProfit' from project 'ProjectProfit')
    cd /Users/yutaro/project-profit-ios
    

SwiftCompile normal arm64 /Users/yutaro/project-profit-ios/ProjectProfit/Views/Receipt/ReceiptScannerView.swift (in target 'ProjectProfit' from project 'ProjectProfit')
    cd /Users/yutaro/project-profit-ios
    

SwiftCompile normal arm64 /Users/yutaro/project-profit-ios/ProjectProfit/Views/Components/RecurringFormSections.swift (in target 'ProjectProfit' from project 'ProjectProfit')
    cd /Users/yutaro/project-profit-ios
    

SwiftCompile normal arm64 /Users/yutaro/project-profit-ios/ProjectProfit/Views/Components/RecurringFormView.swift (in target 'ProjectProfit' from project 'ProjectProfit')
    cd /Users/yutaro/project-profit-ios
    

SwiftCompile normal arm64 /Users/yutaro/project-profit-ios/ProjectProfit/Views/Recurring/RecurringHistoryView.swift (in target 'ProjectProfit' from project 'ProjectProfit')
    cd /Users/yutaro/project-profit-ios
    

SwiftCompile normal arm64 /Users/yutaro/project-profit-ios/ProjectProfit/Application/UseCases/Recurring/RecurringPostingCoordinator.swift (in target 'ProjectProfit' from project 'ProjectProfit')
    cd /Users/yutaro/project-profit-ios
    

SwiftCompile normal arm64 /Users/yutaro/project-profit-ios/ProjectProfit/Models/RecurringPreviewItem.swift (in target 'ProjectProfit' from project 'ProjectProfit')
    cd /Users/yutaro/project-profit-ios
    

SwiftCompile normal arm64 /Users/yutaro/project-profit-ios/ProjectProfit/Features/Recurring/RecurringPreviewView.swift (in target 'ProjectProfit' from project 'ProjectProfit')
    cd /Users/yutaro/project-profit-ios
    

SwiftCompile normal arm64 /Users/yutaro/project-profit-ios/ProjectProfit/Application/UseCases/Recurring/RecurringQueryUseCase.swift (in target 'ProjectProfit' from project 'ProjectProfit')
    cd /Users/yutaro/project-profit-ios
    

SwiftCompile normal arm64 /Users/yutaro/project-profit-ios/ProjectProfit/Core/Domain/Recurring/RecurringRepository.swift (in target 'ProjectProfit' from project 'ProjectProfit')
    cd /Users/yutaro/project-profit-ios
    

SwiftCompile normal arm64 /Users/yutaro/project-profit-ios/ProjectProfit/Views/Recurring/RecurringView.swift (in target 'ProjectProfit' from project 'ProjectProfit')
    cd /Users/yutaro/project-profit-ios
    

SwiftCompile normal arm64 /Users/yutaro/project-profit-ios/ProjectProfit/ViewModels/RecurringViewModel.swift (in target 'ProjectProfit' from project 'ProjectProfit')
    cd /Users/yutaro/project-profit-ios
    

SwiftCompile normal arm64 /Users/yutaro/project-profit-ios/ProjectProfit/Application/UseCases/Recurring/RecurringWorkflowStore.swift (in target 'ProjectProfit' from project 'ProjectProfit')
    cd /Users/yutaro/project-profit-ios
    

SwiftCompile normal arm64 /Users/yutaro/project-profit-ios/ProjectProfit/Application/UseCases/Recurring/RecurringWorkflowUseCase.swift (in target 'ProjectProfit' from project 'ProjectProfit')
    cd /Users/yutaro/project-profit-ios
    

SwiftCompile normal arm64 /Users/yutaro/project-profit-ios/ProjectProfit/Views/Report/ReportView.swift (in target 'ProjectProfit' from project 'ProjectProfit')
    cd /Users/yutaro/project-profit-ios
    

SwiftCompile normal arm64 /Users/yutaro/project-profit-ios/ProjectProfit/ViewModels/ReportViewModel.swift (in target 'ProjectProfit' from project 'ProjectProfit')
    cd /Users/yutaro/project-profit-ios
    

SwiftCompile normal arm64 /Users/yutaro/project-profit-ios/ProjectProfit/Application/UseCases/Reporting/ReportingQueryUseCase.swift (in target 'ProjectProfit' from project 'ProjectProfit')
    cd /Users/yutaro/project-profit-ios
    

SwiftMergeGeneratedHeaders /Users/yutaro/project-profit-ios/artifacts/release-quality/performance-gate/DerivedData/Build/Intermediates.noindex/ProjectProfit.build/Debug-iphonesimulator/ProjectProfit.build/DerivedSources/ProjectProfit-Swift.h /Users/yutaro/project-profit-ios/artifacts/release-quality/performance-gate/DerivedData/Build/Intermediates.noindex/ProjectProfit.build/Debug-iphonesimulator/ProjectProfit.build/Objects-normal/arm64/ProjectProfit-Swift.h (in target 'ProjectProfit' from project 'ProjectProfit')
    cd /Users/yutaro/project-profit-ios
    builtin-swiftHeaderTool -arch arm64 /Users/yutaro/project-profit-ios/artifacts/release-quality/performance-gate/DerivedData/Build/Intermediates.noindex/ProjectProfit.build/Debug-iphonesimulator/ProjectProfit.build/Objects-normal/arm64/ProjectProfit-Swift.h -o /Users/yutaro/project-profit-ios/artifacts/release-quality/performance-gate/DerivedData/Build/Intermediates.noindex/ProjectProfit.build/Debug-iphonesimulator/ProjectProfit.build/DerivedSources/ProjectProfit-Swift.h

SwiftDriverJobDiscovery normal arm64 Compiling StatementPDFParser.swift, StatementReconciliationQueryUseCase.swift, StatementRepository.swift, SubLedgerView.swift, SwiftDataApprovalQueueRepository.swift, SwiftDataApprovalRequestRepository.swift, SwiftDataAuditRepository.swift, SwiftDataBusinessProfileRepository.swift, SwiftDataCanonicalJournalEntryRepository.swift, SwiftDataCategoryQueryRepository.swift, SwiftDataCategoryRepository.swift, SwiftDataChartOfAccountsRepository.swift, SwiftDataCounterpartyRepository.swift, SwiftDataDataRevisionRepository.swift, SwiftDataDistributionTemplateRepository.swift, SwiftDataDocumentRepository.swift, SwiftDataEvidenceInboxRepository.swift, SwiftDataEvidenceRepository.swift, SwiftDataFixedAssetRepository.swift, SwiftDataFormDraftRepository.swift, SwiftDataInventoryRepository.swift, SwiftDataPostingCandidateRepository.swift, SwiftDataProjectQueryRepository.swift, SwiftDataProjectRepository.swift (in target 'ProjectProfit' from project 'ProjectProfit')

Copy /Users/yutaro/project-profit-ios/artifacts/release-quality/performance-gate/DerivedData/Build/Products/Debug-iphonesimulator/ProjectProfit.swiftmodule/arm64-apple-ios-simulator.swiftmodule /Users/yutaro/project-profit-ios/artifacts/release-quality/performance-gate/DerivedData/Build/Intermediates.noindex/ProjectProfit.build/Debug-iphonesimulator/ProjectProfit.build/Objects-normal/arm64/ProjectProfit.swiftmodule (in target 'ProjectProfit' from project 'ProjectProfit')
    cd /Users/yutaro/project-profit-ios
    builtin-copy -exclude .DS_Store -exclude CVS -exclude .svn -exclude .git -exclude .hg -resolve-src-symlinks -rename /Users/yutaro/project-profit-ios/artifacts/release-quality/performance-gate/DerivedData/Build/Intermediates.noindex/ProjectProfit.build/Debug-iphonesimulator/ProjectProfit.build/Objects-normal/arm64/ProjectProfit.swiftmodule /Users/yutaro/project-profit-ios/artifacts/release-quality/performance-gate/DerivedData/Build/Products/Debug-iphonesimulator/ProjectProfit.swiftmodule/arm64-apple-ios-simulator.swiftmodule

Copy /Users/yutaro/project-profit-ios/artifacts/release-quality/performance-gate/DerivedData/Build/Products/Debug-iphonesimulator/ProjectProfit.swiftmodule/arm64-apple-ios-simulator.swiftdoc /Users/yutaro/project-profit-ios/artifacts/release-quality/performance-gate/DerivedData/Build/Intermediates.noindex/ProjectProfit.build/Debug-iphonesimulator/ProjectProfit.build/Objects-normal/arm64/ProjectProfit.swiftdoc (in target 'ProjectProfit' from project 'ProjectProfit')
    cd /Users/yutaro/project-profit-ios
    builtin-copy -exclude .DS_Store -exclude CVS -exclude .svn -exclude .git -exclude .hg -resolve-src-symlinks -rename /Users/yutaro/project-profit-ios/artifacts/release-quality/performance-gate/DerivedData/Build/Intermediates.noindex/ProjectProfit.build/Debug-iphonesimulator/ProjectProfit.build/Objects-normal/arm64/ProjectProfit.swiftdoc /Users/yutaro/project-profit-ios/artifacts/release-quality/performance-gate/DerivedData/Build/Products/Debug-iphonesimulator/ProjectProfit.swiftmodule/arm64-apple-ios-simulator.swiftdoc

Copy /Users/yutaro/project-profit-ios/artifacts/release-quality/performance-gate/DerivedData/Build/Products/Debug-iphonesimulator/ProjectProfit.swiftmodule/arm64-apple-ios-simulator.abi.json /Users/yutaro/project-profit-ios/artifacts/release-quality/performance-gate/DerivedData/Build/Intermediates.noindex/ProjectProfit.build/Debug-iphonesimulator/ProjectProfit.build/Objects-normal/arm64/ProjectProfit.abi.json (in target 'ProjectProfit' from project 'ProjectProfit')
    cd /Users/yutaro/project-profit-ios
    builtin-copy -exclude .DS_Store -exclude CVS -exclude .svn -exclude .git -exclude .hg -resolve-src-symlinks -rename /Users/yutaro/project-profit-ios/artifacts/release-quality/performance-gate/DerivedData/Build/Intermediates.noindex/ProjectProfit.build/Debug-iphonesimulator/ProjectProfit.build/Objects-normal/arm64/ProjectProfit.abi.json /Users/yutaro/project-profit-ios/artifacts/release-quality/performance-gate/DerivedData/Build/Products/Debug-iphonesimulator/ProjectProfit.swiftmodule/arm64-apple-ios-simulator.abi.json

Copy /Users/yutaro/project-profit-ios/artifacts/release-quality/performance-gate/DerivedData/Build/Products/Debug-iphonesimulator/ProjectProfit.swiftmodule/Project/arm64-apple-ios-simulator.swiftsourceinfo /Users/yutaro/project-profit-ios/artifacts/release-quality/performance-gate/DerivedData/Build/Intermediates.noindex/ProjectProfit.build/Debug-iphonesimulator/ProjectProfit.build/Objects-normal/arm64/ProjectProfit.swiftsourceinfo (in target 'ProjectProfit' from project 'ProjectProfit')
    cd /Users/yutaro/project-profit-ios
    builtin-copy -exclude .DS_Store -exclude CVS -exclude .svn -exclude .git -exclude .hg -resolve-src-symlinks -rename /Users/yutaro/project-profit-ios/artifacts/release-quality/performance-gate/DerivedData/Build/Intermediates.noindex/ProjectProfit.build/Debug-iphonesimulator/ProjectProfit.build/Objects-normal/arm64/ProjectProfit.swiftsourceinfo /Users/yutaro/project-profit-ios/artifacts/release-quality/performance-gate/DerivedData/Build/Products/Debug-iphonesimulator/ProjectProfit.swiftmodule/Project/arm64-apple-ios-simulator.swiftsourceinfo

SwiftCompile normal arm64 Compiling\ JournalSearchIndexEntity.swift,\ JournalSearchUseCase.swift,\ JournalValidationService.swift,\ LedgerAccountPicker.swift,\ LedgerBookCreateView.swift,\ LedgerBookDetailView.swift,\ LedgerBridge.swift,\ LedgerCSVImportService.swift,\ LedgerCSVImportView.swift,\ LedgerDataStore+Calculations.swift,\ LedgerDataStore.swift,\ LedgerEntryFormView.swift,\ LedgerExcelExportService.swift,\ LedgerExportService.swift,\ LedgerHomeView.swift,\ LedgerImportCoordinator.swift,\ LedgerModels.swift,\ LedgerPDFExportService.swift,\ LedgerSwiftDataModels.swift,\ LedgerView.swift,\ LegacyAccountCanonicalMapper.swift,\ LegacyAccountingProfileCanonicalMapper.swift,\ LegacyDataMigrationExecutor.swift,\ LegacyProfileMigrationRunner.swift /Users/yutaro/project-profit-ios/ProjectProfit/Infrastructure/Persistence/SwiftData/Entities/JournalSearchIndexEntity.swift /Users/yutaro/project-profit-ios/ProjectProfit/Application/UseCases/Journals/JournalSearchUseCase.swift /Users/yutaro/project-profit-ios/ProjectProfit/Services/JournalValidationService.swift /Users/yutaro/project-profit-ios/ProjectProfit/Ledger/Views/Components/LedgerAccountPicker.swift /Users/yutaro/project-profit-ios/ProjectProfit/Ledger/Views/LedgerBookCreateView.swift /Users/yutaro/project-profit-ios/ProjectProfit/Ledger/Views/LedgerBookDetailView.swift /Users/yutaro/project-profit-ios/ProjectProfit/Ledger/Bridge/LedgerBridge.swift /Users/yutaro/project-profit-ios/ProjectProfit/Ledger/Services/LedgerCSVImportService.swift /Users/yutaro/project-profit-ios/ProjectProfit/Ledger/Views/LedgerCSVImportView.swift /Users/yutaro/project-profit-ios/ProjectProfit/Ledger/Services/LedgerDataStore+Calculations.swift /Users/yutaro/project-profit-ios/ProjectProfit/Ledger/Services/LedgerDataStore.swift /Users/yutaro/project-profit-ios/ProjectProfit/Ledger/Views/LedgerEntryFormView.swift /Users/yutaro/project-profit-ios/ProjectProfit/Ledger/Services/LedgerExcelExportService.swift /Users/yutaro/project-profit-ios/ProjectProfit/Ledger/Services/LedgerExportService.swift /Users/yutaro/project-profit-ios/ProjectProfit/Ledger/Views/LedgerHomeView.swift /Users/yutaro/project-profit-ios/ProjectProfit/Ledger/Services/LedgerImportCoordinator.swift /Users/yutaro/project-profit-ios/ProjectProfit/Ledger/Models/LedgerModels.swift /Users/yutaro/project-profit-ios/ProjectProfit/Ledger/Services/LedgerPDFExportService.swift /Users/yutaro/project-profit-ios/ProjectProfit/Ledger/Bridge/LedgerSwiftDataModels.swift /Users/yutaro/project-profit-ios/ProjectProfit/Views/Accounting/LedgerView.swift /Users/yutaro/project-profit-ios/ProjectProfit/Application/Mappers/LegacyAccountCanonicalMapper.swift /Users/yutaro/project-profit-ios/ProjectProfit/Application/Mappers/LegacyAccountingProfileCanonicalMapper.swift /Users/yutaro/project-profit-ios/ProjectProfit/Application/Migrations/LegacyDataMigrationExecutor.swift /Users/yutaro/project-profit-ios/ProjectProfit/Application/Migrations/LegacyProfileMigrationRunner.swift (in target 'ProjectProfit' from project 'ProjectProfit')

SwiftCompile normal arm64 /Users/yutaro/project-profit-ios/ProjectProfit/Infrastructure/Persistence/SwiftData/Entities/JournalSearchIndexEntity.swift (in target 'ProjectProfit' from project 'ProjectProfit')
    cd /Users/yutaro/project-profit-ios
    

SwiftCompile normal arm64 /Users/yutaro/project-profit-ios/ProjectProfit/Application/UseCases/Journals/JournalSearchUseCase.swift (in target 'ProjectProfit' from project 'ProjectProfit')
    cd /Users/yutaro/project-profit-ios
    

SwiftCompile normal arm64 /Users/yutaro/project-profit-ios/ProjectProfit/Services/JournalValidationService.swift (in target 'ProjectProfit' from project 'ProjectProfit')
    cd /Users/yutaro/project-profit-ios
    

SwiftCompile normal arm64 /Users/yutaro/project-profit-ios/ProjectProfit/Ledger/Views/Components/LedgerAccountPicker.swift (in target 'ProjectProfit' from project 'ProjectProfit')
    cd /Users/yutaro/project-profit-ios
    

SwiftCompile normal arm64 /Users/yutaro/project-profit-ios/ProjectProfit/Ledger/Views/LedgerBookCreateView.swift (in target 'ProjectProfit' from project 'ProjectProfit')
    cd /Users/yutaro/project-profit-ios
    

SwiftCompile normal arm64 /Users/yutaro/project-profit-ios/ProjectProfit/Ledger/Views/LedgerBookDetailView.swift (in target 'ProjectProfit' from project 'ProjectProfit')
    cd /Users/yutaro/project-profit-ios
    

SwiftCompile normal arm64 /Users/yutaro/project-profit-ios/ProjectProfit/Ledger/Bridge/LedgerBridge.swift (in target 'ProjectProfit' from project 'ProjectProfit')
    cd /Users/yutaro/project-profit-ios
    

SwiftCompile normal arm64 /Users/yutaro/project-profit-ios/ProjectProfit/Ledger/Services/LedgerCSVImportService.swift (in target 'ProjectProfit' from project 'ProjectProfit')
    cd /Users/yutaro/project-profit-ios
    

SwiftCompile normal arm64 /Users/yutaro/project-profit-ios/ProjectProfit/Ledger/Views/LedgerCSVImportView.swift (in target 'ProjectProfit' from project 'ProjectProfit')
    cd /Users/yutaro/project-profit-ios
    

SwiftCompile normal arm64 /Users/yutaro/project-profit-ios/ProjectProfit/Ledger/Services/LedgerDataStore+Calculations.swift (in target 'ProjectProfit' from project 'ProjectProfit')
    cd /Users/yutaro/project-profit-ios
    

SwiftCompile normal arm64 /Users/yutaro/project-profit-ios/ProjectProfit/Ledger/Services/LedgerDataStore.swift (in target 'ProjectProfit' from project 'ProjectProfit')
    cd /Users/yutaro/project-profit-ios
    

SwiftCompile normal arm64 /Users/yutaro/project-profit-ios/ProjectProfit/Ledger/Views/LedgerEntryFormView.swift (in target 'ProjectProfit' from project 'ProjectProfit')
    cd /Users/yutaro/project-profit-ios
    

SwiftCompile normal arm64 /Users/yutaro/project-profit-ios/ProjectProfit/Ledger/Services/LedgerExcelExportService.swift (in target 'ProjectProfit' from project 'ProjectProfit')
    cd /Users/yutaro/project-profit-ios
    
/Users/yutaro/project-profit-ios/ProjectProfit/Ledger/Services/LedgerExcelExportService.swift:447:13: warning: initialization of immutable value 'attrCell' was never used; consider replacing with assignment to '_' or removing it
        let attrCell = "\(columnLetter(balCol))1"  // 属性セル参照

SwiftCompile normal arm64 /Users/yutaro/project-profit-ios/ProjectProfit/Ledger/Services/LedgerExportService.swift (in target 'ProjectProfit' from project 'ProjectProfit')
    cd /Users/yutaro/project-profit-ios
    

SwiftCompile normal arm64 /Users/yutaro/project-profit-ios/ProjectProfit/Ledger/Views/LedgerHomeView.swift (in target 'ProjectProfit' from project 'ProjectProfit')
    cd /Users/yutaro/project-profit-ios
    

SwiftCompile normal arm64 /Users/yutaro/project-profit-ios/ProjectProfit/Ledger/Services/LedgerImportCoordinator.swift (in target 'ProjectProfit' from project 'ProjectProfit')
    cd /Users/yutaro/project-profit-ios
    

SwiftCompile normal arm64 /Users/yutaro/project-profit-ios/ProjectProfit/Ledger/Models/LedgerModels.swift (in target 'ProjectProfit' from project 'ProjectProfit')
    cd /Users/yutaro/project-profit-ios
    

SwiftCompile normal arm64 /Users/yutaro/project-profit-ios/ProjectProfit/Ledger/Services/LedgerPDFExportService.swift (in target 'ProjectProfit' from project 'ProjectProfit')
    cd /Users/yutaro/project-profit-ios
    

SwiftCompile normal arm64 /Users/yutaro/project-profit-ios/ProjectProfit/Ledger/Bridge/LedgerSwiftDataModels.swift (in target 'ProjectProfit' from project 'ProjectProfit')
    cd /Users/yutaro/project-profit-ios
    

SwiftCompile normal arm64 /Users/yutaro/project-profit-ios/ProjectProfit/Views/Accounting/LedgerView.swift (in target 'ProjectProfit' from project 'ProjectProfit')
    cd /Users/yutaro/project-profit-ios
    

SwiftCompile normal arm64 /Users/yutaro/project-profit-ios/ProjectProfit/Application/Mappers/LegacyAccountCanonicalMapper.swift (in target 'ProjectProfit' from project 'ProjectProfit')
    cd /Users/yutaro/project-profit-ios
    

SwiftCompile normal arm64 /Users/yutaro/project-profit-ios/ProjectProfit/Application/Mappers/LegacyAccountingProfileCanonicalMapper.swift (in target 'ProjectProfit' from project 'ProjectProfit')
    cd /Users/yutaro/project-profit-ios
    

SwiftCompile normal arm64 /Users/yutaro/project-profit-ios/ProjectProfit/Application/Migrations/LegacyDataMigrationExecutor.swift (in target 'ProjectProfit' from project 'ProjectProfit')
    cd /Users/yutaro/project-profit-ios
    

SwiftCompile normal arm64 /Users/yutaro/project-profit-ios/ProjectProfit/Application/Migrations/LegacyProfileMigrationRunner.swift (in target 'ProjectProfit' from project 'ProjectProfit')
    cd /Users/yutaro/project-profit-ios
    
/Users/yutaro/project-profit-ios/ProjectProfit/Application/Migrations/LegacyProfileMigrationRunner.swift:188:52: warning: 'PPAccountingProfile' is deprecated: Use BusinessProfile / TaxYearProfile instead. Migration-only legacy model.
    private func makeBusinessProfileEntity(legacy: PPAccountingProfile, businessId: UUID) -> BusinessProfileEntity {
                                                   ^
/Users/yutaro/project-profit-ios/ProjectProfit/Application/Migrations/LegacyProfileMigrationRunner.swift:208:51: warning: 'PPAccountingProfile' is deprecated: Use BusinessProfile / TaxYearProfile instead. Migration-only legacy model.
    private func makeTaxYearProfileEntity(legacy: PPAccountingProfile, businessId: UUID) -> TaxYearProfileEntity {
                                                  ^
/Users/yutaro/project-profit-ios/ProjectProfit/Application/Migrations/LegacyProfileMigrationRunner.swift:230:48: warning: 'PPAccountingProfile' is deprecated: Use BusinessProfile / TaxYearProfile instead. Migration-only legacy model.
    private func mapBookkeepingBasis(_ legacy: PPAccountingProfile) -> BookkeepingBasis {
                                               ^
/Users/yutaro/project-profit-ios/ProjectProfit/Application/Migrations/LegacyProfileMigrationRunner.swift:241:50: warning: 'PPAccountingProfile' is deprecated: Use BusinessProfile / TaxYearProfile instead. Migration-only legacy model.
    private func mapBlueDeductionLevel(_ legacy: PPAccountingProfile) -> BlueDeductionLevel {
                                                 ^
/Users/yutaro/project-profit-ios/ProjectProfit/Application/Migrations/LegacyProfileMigrationRunner.swift:82:51: warning: conformance of 'PPAccountingProfile' to 'PersistentModel' is deprecated: Use BusinessProfile / TaxYearProfile instead. Migration-only legacy model.
            let legacyProfiles = try modelContext.fetch(
                                                  ^
/Users/yutaro/project-profit-ios/ProjectProfit/Application/Migrations/LegacyProfileMigrationRunner.swift:83:33: warning: 'PPAccountingProfile' is deprecated: Use BusinessProfile / TaxYearProfile instead. Migration-only legacy model.
                FetchDescriptor<PPAccountingProfile>(sortBy: [SortDescriptor(\.createdAt)])
                                ^
/Users/yutaro/project-profit-ios/ProjectProfit/Application/Migrations/LegacyProfileMigrationRunner.swift:83:17: warning: conformance of 'PPAccountingProfile' to 'PersistentModel' is deprecated: Use BusinessProfile / TaxYearProfile instead. Migration-only legacy model.
                FetchDescriptor<PPAccountingProfile>(sortBy: [SortDescriptor(\.createdAt)])
                ^
/Users/yutaro/project-profit-ios/ProjectProfit/Application/Migrations/LegacyProfileMigrationRunner.swift:83:52: warning: conformance of 'PPAccountingProfile' to 'PersistentModel' is deprecated: Use BusinessProfile / TaxYearProfile instead. Migration-only legacy model.
                FetchDescriptor<PPAccountingProfile>(sortBy: [SortDescriptor(\.createdAt)])
                                                   ^
/Users/yutaro/project-profit-ios/ProjectProfit/Application/Migrations/LegacyProfileMigrationRunner.swift:147:53: warning: conformance of 'PPAccountingProfile' to 'PersistentModel' is deprecated: Use BusinessProfile / TaxYearProfile instead. Migration-only legacy model.
                legacyProfiles.forEach(modelContext.delete)
                                                    ^

SwiftDriverJobDiscovery normal arm64 Compiling ReportingRepository.swift, RestoreService+Upserts.swift, RestoreService.swift, SearchFilterSheets.swift, SearchIndexNormalizer.swift, SearchIndexRebuilder.swift, SearchIndexRepairVerificationError.swift, SettingsMainView.swift, SettingsMaintenanceUseCase.swift, SettingsMaintenanceWorkflowUseCase.swift, SettingsOverviewRepository.swift, SettingsOverviewUseCase.swift, SettingsView.swift, ShareImportInboxService.swift, ShareSheetView.swift, ShushiNaiyakushoBuilder.swift, SnapshotArchiveStore.swift, StatementImportEntity.swift, StatementImportEntityMapper.swift, StatementImportUseCase.swift, StatementLineEntity.swift, StatementLineEntityMapper.swift, StatementMatchService.swift, StatementModels.swift (in target 'ProjectProfit' from project 'ProjectProfit')

SwiftCompile normal arm64 Compiling\ DistributionBasis.swift,\ DistributionRule.swift,\ DistributionRuleBuilder.swift,\ DistributionRuleEntity.swift,\ DistributionRuleEntityMapper.swift,\ DistributionScope.swift,\ DistributionTemplateApplicationUseCase.swift,\ DistributionTemplateListView.swift,\ DistributionTemplateManagementQueryUseCase.swift,\ DistributionTemplateRepository.swift,\ DistributionTemplateSettingsView.swift,\ DistributionTemplateUseCase.swift,\ DocumentRepository.swift,\ DocumentWorkflowUseCase.swift,\ ElectronicBookLevel.swift,\ EtaxCharacterValidator.swift,\ EtaxExportView.swift,\ EtaxExportViewModel.swift,\ EtaxFieldPopulator.swift,\ EtaxFormPreviewView.swift,\ EtaxModels.swift,\ EtaxXtxExporter.swift,\ EvidenceCatalogUseCase.swift,\ EvidenceDocument.swift,\ EvidenceInboxQueryUseCase.swift /Users/yutaro/project-profit-ios/ProjectProfit/Core/Domain/Distribution/DistributionBasis.swift /Users/yutaro/project-profit-ios/ProjectProfit/Core/Domain/Distribution/DistributionRule.swift /Users/yutaro/project-profit-ios/ProjectProfit/Application/UseCases/Distribution/DistributionRuleBuilder.swift /Users/yutaro/project-profit-ios/ProjectProfit/Infrastructure/Persistence/SwiftData/Entities/DistributionRuleEntity.swift /Users/yutaro/project-profit-ios/ProjectProfit/Application/Mappers/DistributionRuleEntityMapper.swift /Users/yutaro/project-profit-ios/ProjectProfit/Core/Domain/Distribution/DistributionScope.swift /Users/yutaro/project-profit-ios/ProjectProfit/Application/UseCases/Distribution/DistributionTemplateApplicationUseCase.swift /Users/yutaro/project-profit-ios/ProjectProfit/Features/Masters/DistributionTemplates/Presentation/Screens/DistributionTemplateListView.swift /Users/yutaro/project-profit-ios/ProjectProfit/Application/UseCases/Distribution/DistributionTemplateManagementQueryUseCase.swift /Users/yutaro/project-profit-ios/ProjectProfit/Core/Domain/Distribution/DistributionTemplateRepository.swift /Users/yutaro/project-profit-ios/ProjectProfit/Views/Settings/DistributionTemplateSettingsView.swift /Users/yutaro/project-profit-ios/ProjectProfit/Application/UseCases/Distribution/DistributionTemplateUseCase.swift /Users/yutaro/project-profit-ios/ProjectProfit/Core/Domain/Documents/DocumentRepository.swift /Users/yutaro/project-profit-ios/ProjectProfit/Application/UseCases/Documents/DocumentWorkflowUseCase.swift /Users/yutaro/project-profit-ios/ProjectProfit/Core/Domain/TaxYear/ElectronicBookLevel.swift /Users/yutaro/project-profit-ios/ProjectProfit/Services/EtaxCharacterValidator.swift /Users/yutaro/project-profit-ios/ProjectProfit/Views/Accounting/EtaxExportView.swift /Users/yutaro/project-profit-ios/ProjectProfit/ViewModels/EtaxExportViewModel.swift /Users/yutaro/project-profit-ios/ProjectProfit/Services/EtaxFieldPopulator.swift /Users/yutaro/project-profit-ios/ProjectProfit/Views/Accounting/EtaxFormPreviewView.swift /Users/yutaro/project-profit-ios/ProjectProfit/Models/EtaxModels.swift /Users/yutaro/project-profit-ios/ProjectProfit/Services/EtaxXtxExporter.swift /Users/yutaro/project-profit-ios/ProjectProfit/Application/UseCases/Evidence/EvidenceCatalogUseCase.swift /Users/yutaro/project-profit-ios/ProjectProfit/Core/Domain/Evidence/EvidenceDocument.swift /Users/yutaro/project-profit-ios/ProjectProfit/Application/UseCases/Evidence/EvidenceInboxQueryUseCase.swift (in target 'ProjectProfit' from project 'ProjectProfit')

SwiftCompile normal arm64 /Users/yutaro/project-profit-ios/ProjectProfit/Core/Domain/Distribution/DistributionBasis.swift (in target 'ProjectProfit' from project 'ProjectProfit')
    cd /Users/yutaro/project-profit-ios
    

SwiftCompile normal arm64 /Users/yutaro/project-profit-ios/ProjectProfit/Core/Domain/Distribution/DistributionRule.swift (in target 'ProjectProfit' from project 'ProjectProfit')
    cd /Users/yutaro/project-profit-ios
    

SwiftCompile normal arm64 /Users/yutaro/project-profit-ios/ProjectProfit/Application/UseCases/Distribution/DistributionRuleBuilder.swift (in target 'ProjectProfit' from project 'ProjectProfit')
    cd /Users/yutaro/project-profit-ios
    

SwiftCompile normal arm64 /Users/yutaro/project-profit-ios/ProjectProfit/Infrastructure/Persistence/SwiftData/Entities/DistributionRuleEntity.swift (in target 'ProjectProfit' from project 'ProjectProfit')
    cd /Users/yutaro/project-profit-ios
    

SwiftCompile normal arm64 /Users/yutaro/project-profit-ios/ProjectProfit/Application/Mappers/DistributionRuleEntityMapper.swift (in target 'ProjectProfit' from project 'ProjectProfit')
    cd /Users/yutaro/project-profit-ios
    

SwiftCompile normal arm64 /Users/yutaro/project-profit-ios/ProjectProfit/Core/Domain/Distribution/DistributionScope.swift (in target 'ProjectProfit' from project 'ProjectProfit')
    cd /Users/yutaro/project-profit-ios
    

SwiftCompile normal arm64 /Users/yutaro/project-profit-ios/ProjectProfit/Application/UseCases/Distribution/DistributionTemplateApplicationUseCase.swift (in target 'ProjectProfit' from project 'ProjectProfit')
    cd /Users/yutaro/project-profit-ios
    

SwiftCompile normal arm64 /Users/yutaro/project-profit-ios/ProjectProfit/Features/Masters/DistributionTemplates/Presentation/Screens/DistributionTemplateListView.swift (in target 'ProjectProfit' from project 'ProjectProfit')
    cd /Users/yutaro/project-profit-ios
    

SwiftCompile normal arm64 /Users/yutaro/project-profit-ios/ProjectProfit/Application/UseCases/Distribution/DistributionTemplateManagementQueryUseCase.swift (in target 'ProjectProfit' from project 'ProjectProfit')
    cd /Users/yutaro/project-profit-ios
    

SwiftCompile normal arm64 /Users/yutaro/project-profit-ios/ProjectProfit/Core/Domain/Distribution/DistributionTemplateRepository.swift (in target 'ProjectProfit' from project 'ProjectProfit')
    cd /Users/yutaro/project-profit-ios
    

SwiftCompile normal arm64 /Users/yutaro/project-profit-ios/ProjectProfit/Views/Settings/DistributionTemplateSettingsView.swift (in target 'ProjectProfit' from project 'ProjectProfit')
    cd /Users/yutaro/project-profit-ios
    

SwiftCompile normal arm64 /Users/yutaro/project-profit-ios/ProjectProfit/Application/UseCases/Distribution/DistributionTemplateUseCase.swift (in target 'ProjectProfit' from project 'ProjectProfit')
    cd /Users/yutaro/project-profit-ios
    

SwiftCompile normal arm64 /Users/yutaro/project-profit-ios/ProjectProfit/Core/Domain/Documents/DocumentRepository.swift (in target 'ProjectProfit' from project 'ProjectProfit')
    cd /Users/yutaro/project-profit-ios
    

SwiftCompile normal arm64 /Users/yutaro/project-profit-ios/ProjectProfit/Application/UseCases/Documents/DocumentWorkflowUseCase.swift (in target 'ProjectProfit' from project 'ProjectProfit')
    cd /Users/yutaro/project-profit-ios
    

SwiftCompile normal arm64 /Users/yutaro/project-profit-ios/ProjectProfit/Core/Domain/TaxYear/ElectronicBookLevel.swift (in target 'ProjectProfit' from project 'ProjectProfit')
    cd /Users/yutaro/project-profit-ios
    

SwiftCompile normal arm64 /Users/yutaro/project-profit-ios/ProjectProfit/Services/EtaxCharacterValidator.swift (in target 'ProjectProfit' from project 'ProjectProfit')
    cd /Users/yutaro/project-profit-ios
    

SwiftCompile normal arm64 /Users/yutaro/project-profit-ios/ProjectProfit/Views/Accounting/EtaxExportView.swift (in target 'ProjectProfit' from project 'ProjectProfit')
    cd /Users/yutaro/project-profit-ios
    

SwiftCompile normal arm64 /Users/yutaro/project-profit-ios/ProjectProfit/ViewModels/EtaxExportViewModel.swift (in target 'ProjectProfit' from project 'ProjectProfit')
    cd /Users/yutaro/project-profit-ios
    

SwiftCompile normal arm64 /Users/yutaro/project-profit-ios/ProjectProfit/Services/EtaxFieldPopulator.swift (in target 'ProjectProfit' from project 'ProjectProfit')
    cd /Users/yutaro/project-profit-ios
    

SwiftCompile normal arm64 /Users/yutaro/project-profit-ios/ProjectProfit/Views/Accounting/EtaxFormPreviewView.swift (in target 'ProjectProfit' from project 'ProjectProfit')
    cd /Users/yutaro/project-profit-ios
    

SwiftCompile normal arm64 /Users/yutaro/project-profit-ios/ProjectProfit/Models/EtaxModels.swift (in target 'ProjectProfit' from project 'ProjectProfit')
    cd /Users/yutaro/project-profit-ios
    

SwiftCompile normal arm64 /Users/yutaro/project-profit-ios/ProjectProfit/Services/EtaxXtxExporter.swift (in target 'ProjectProfit' from project 'ProjectProfit')
    cd /Users/yutaro/project-profit-ios
    

SwiftCompile normal arm64 /Users/yutaro/project-profit-ios/ProjectProfit/Application/UseCases/Evidence/EvidenceCatalogUseCase.swift (in target 'ProjectProfit' from project 'ProjectProfit')
    cd /Users/yutaro/project-profit-ios
    

SwiftCompile normal arm64 /Users/yutaro/project-profit-ios/ProjectProfit/Core/Domain/Evidence/EvidenceDocument.swift (in target 'ProjectProfit' from project 'ProjectProfit')
    cd /Users/yutaro/project-profit-ios
    

SwiftCompile normal arm64 /Users/yutaro/project-profit-ios/ProjectProfit/Application/UseCases/Evidence/EvidenceInboxQueryUseCase.swift (in target 'ProjectProfit' from project 'ProjectProfit')
    cd /Users/yutaro/project-profit-ios
    

SwiftCompile normal arm64 Compiling\ ApprovalRequestRepository.swift,\ AuditEvent.swift,\ AuditEventEntity.swift,\ AuditEventEntityMapper.swift,\ AuditEventType.swift,\ AuditRepository.swift,\ BackupService.swift,\ BalanceSheetView.swift,\ BankCardReconciliationView.swift,\ BlueDeductionLevel.swift,\ BookkeepingBasis.swift,\ BooksWorkspaceView.swift,\ BundledTaxYearPackProvider.swift,\ BusinessProfile.swift,\ BusinessProfileEntity.swift,\ BusinessProfileEntityMapper.swift,\ BusinessProfileRepository.swift,\ CSVExportService.swift,\ CSVImportService.swift,\ CanonicalAccount.swift,\ CanonicalAccountEntity.swift,\ CanonicalAccountEntityMapper.swift,\ CanonicalAccountType.swift,\ CanonicalBookModels.swift,\ CanonicalBookService.swift /Users/yutaro/project-profit-ios/ProjectProfit/Core/Domain/Posting/ApprovalRequestRepository.swift /Users/yutaro/project-profit-ios/ProjectProfit/Core/Domain/Audit/AuditEvent.swift /Users/yutaro/project-profit-ios/ProjectProfit/Infrastructure/Persistence/SwiftData/Entities/AuditEventEntity.swift /Users/yutaro/project-profit-ios/ProjectProfit/Application/Mappers/AuditEventEntityMapper.swift /Users/yutaro/project-profit-ios/ProjectProfit/Core/Domain/Audit/AuditEventType.swift /Users/yutaro/project-profit-ios/ProjectProfit/Core/Domain/Audit/AuditRepository.swift /Users/yutaro/project-profit-ios/ProjectProfit/Infrastructure/FileStorage/BackupService.swift /Users/yutaro/project-profit-ios/ProjectProfit/Views/Accounting/BalanceSheetView.swift /Users/yutaro/project-profit-ios/ProjectProfit/Features/Reconciliation/BankCardReconciliationView.swift /Users/yutaro/project-profit-ios/ProjectProfit/Core/Domain/TaxYear/BlueDeductionLevel.swift /Users/yutaro/project-profit-ios/ProjectProfit/Core/Domain/TaxYear/BookkeepingBasis.swift /Users/yutaro/project-profit-ios/ProjectProfit/Features/Books/Presentation/Screens/BooksWorkspaceView.swift /Users/yutaro/project-profit-ios/ProjectProfit/Infrastructure/TaxYearPack/BundledTaxYearPackProvider.swift /Users/yutaro/project-profit-ios/ProjectProfit/Core/Domain/BusinessProfile/BusinessProfile.swift /Users/yutaro/project-profit-ios/ProjectProfit/Infrastructure/Persistence/SwiftData/Entities/BusinessProfileEntity.swift /Users/yutaro/project-profit-ios/ProjectProfit/Application/Mappers/BusinessProfileEntityMapper.swift /Users/yutaro/project-profit-ios/ProjectProfit/Core/Domain/BusinessProfile/BusinessProfileRepository.swift /Users/yutaro/project-profit-ios/ProjectProfit/Services/CSVExportService.swift /Users/yutaro/project-profit-ios/ProjectProfit/Ledger/Services/CSVImportService.swift /Users/yutaro/project-profit-ios/ProjectProfit/Core/Domain/Accounts/CanonicalAccount.swift /Users/yutaro/project-profit-ios/ProjectProfit/Infrastructure/Persistence/SwiftData/Entities/CanonicalAccountEntity.swift /Users/yutaro/project-profit-ios/ProjectProfit/Application/Mappers/CanonicalAccountEntityMapper.swift /Users/yutaro/project-profit-ios/ProjectProfit/Core/Domain/Accounts/CanonicalAccountType.swift /Users/yutaro/project-profit-ios/ProjectProfit/Core/Domain/Reporting/Books/CanonicalBookModels.swift /Users/yutaro/project-profit-ios/ProjectProfit/Services/CanonicalBookService.swift (in target 'ProjectProfit' from project 'ProjectProfit')

SwiftCompile normal arm64 /Users/yutaro/project-profit-ios/ProjectProfit/Core/Domain/Posting/ApprovalRequestRepository.swift (in target 'ProjectProfit' from project 'ProjectProfit')
    cd /Users/yutaro/project-profit-ios
    

SwiftCompile normal arm64 /Users/yutaro/project-profit-ios/ProjectProfit/Core/Domain/Audit/AuditEvent.swift (in target 'ProjectProfit' from project 'ProjectProfit')
    cd /Users/yutaro/project-profit-ios
    

SwiftCompile normal arm64 /Users/yutaro/project-profit-ios/ProjectProfit/Infrastructure/Persistence/SwiftData/Entities/AuditEventEntity.swift (in target 'ProjectProfit' from project 'ProjectProfit')
    cd /Users/yutaro/project-profit-ios
    

SwiftCompile normal arm64 /Users/yutaro/project-profit-ios/ProjectProfit/Application/Mappers/AuditEventEntityMapper.swift (in target 'ProjectProfit' from project 'ProjectProfit')
    cd /Users/yutaro/project-profit-ios
    

SwiftCompile normal arm64 /Users/yutaro/project-profit-ios/ProjectProfit/Core/Domain/Audit/AuditEventType.swift (in target 'ProjectProfit' from project 'ProjectProfit')
    cd /Users/yutaro/project-profit-ios
    

SwiftCompile normal arm64 /Users/yutaro/project-profit-ios/ProjectProfit/Core/Domain/Audit/AuditRepository.swift (in target 'ProjectProfit' from project 'ProjectProfit')
    cd /Users/yutaro/project-profit-ios
    

SwiftCompile normal arm64 /Users/yutaro/project-profit-ios/ProjectProfit/Infrastructure/FileStorage/BackupService.swift (in target 'ProjectProfit' from project 'ProjectProfit')
    cd /Users/yutaro/project-profit-ios
    

SwiftCompile normal arm64 /Users/yutaro/project-profit-ios/ProjectProfit/Views/Accounting/BalanceSheetView.swift (in target 'ProjectProfit' from project 'ProjectProfit')
    cd /Users/yutaro/project-profit-ios
    

SwiftCompile normal arm64 /Users/yutaro/project-profit-ios/ProjectProfit/Features/Reconciliation/BankCardReconciliationView.swift (in target 'ProjectProfit' from project 'ProjectProfit')
    cd /Users/yutaro/project-profit-ios
    

SwiftCompile normal arm64 /Users/yutaro/project-profit-ios/ProjectProfit/Core/Domain/TaxYear/BlueDeductionLevel.swift (in target 'ProjectProfit' from project 'ProjectProfit')
    cd /Users/yutaro/project-profit-ios
    

SwiftCompile normal arm64 /Users/yutaro/project-profit-ios/ProjectProfit/Core/Domain/TaxYear/BookkeepingBasis.swift (in target 'ProjectProfit' from project 'ProjectProfit')
    cd /Users/yutaro/project-profit-ios
    

SwiftCompile normal arm64 /Users/yutaro/project-profit-ios/ProjectProfit/Features/Books/Presentation/Screens/BooksWorkspaceView.swift (in target 'ProjectProfit' from project 'ProjectProfit')
    cd /Users/yutaro/project-profit-ios
    

SwiftCompile normal arm64 /Users/yutaro/project-profit-ios/ProjectProfit/Infrastructure/TaxYearPack/BundledTaxYearPackProvider.swift (in target 'ProjectProfit' from project 'ProjectProfit')
    cd /Users/yutaro/project-profit-ios
    

SwiftCompile normal arm64 /Users/yutaro/project-profit-ios/ProjectProfit/Core/Domain/BusinessProfile/BusinessProfile.swift (in target 'ProjectProfit' from project 'ProjectProfit')
    cd /Users/yutaro/project-profit-ios
    

SwiftCompile normal arm64 /Users/yutaro/project-profit-ios/ProjectProfit/Infrastructure/Persistence/SwiftData/Entities/BusinessProfileEntity.swift (in target 'ProjectProfit' from project 'ProjectProfit')
    cd /Users/yutaro/project-profit-ios
    

SwiftCompile normal arm64 /Users/yutaro/project-profit-ios/ProjectProfit/Application/Mappers/BusinessProfileEntityMapper.swift (in target 'ProjectProfit' from project 'ProjectProfit')
    cd /Users/yutaro/project-profit-ios
    

SwiftCompile normal arm64 /Users/yutaro/project-profit-ios/ProjectProfit/Core/Domain/BusinessProfile/BusinessProfileRepository.swift (in target 'ProjectProfit' from project 'ProjectProfit')
    cd /Users/yutaro/project-profit-ios
    

SwiftCompile normal arm64 /Users/yutaro/project-profit-ios/ProjectProfit/Services/CSVExportService.swift (in target 'ProjectProfit' from project 'ProjectProfit')
    cd /Users/yutaro/project-profit-ios
    

SwiftCompile normal arm64 /Users/yutaro/project-profit-ios/ProjectProfit/Ledger/Services/CSVImportService.swift (in target 'ProjectProfit' from project 'ProjectProfit')
    cd /Users/yutaro/project-profit-ios
    

SwiftCompile normal arm64 /Users/yutaro/project-profit-ios/ProjectProfit/Core/Domain/Accounts/CanonicalAccount.swift (in target 'ProjectProfit' from project 'ProjectProfit')
    cd /Users/yutaro/project-profit-ios
    

SwiftCompile normal arm64 /Users/yutaro/project-profit-ios/ProjectProfit/Infrastructure/Persistence/SwiftData/Entities/CanonicalAccountEntity.swift (in target 'ProjectProfit' from project 'ProjectProfit')
    cd /Users/yutaro/project-profit-ios
    

SwiftCompile normal arm64 /Users/yutaro/project-profit-ios/ProjectProfit/Application/Mappers/CanonicalAccountEntityMapper.swift (in target 'ProjectProfit' from project 'ProjectProfit')
    cd /Users/yutaro/project-profit-ios
    

SwiftCompile normal arm64 /Users/yutaro/project-profit-ios/ProjectProfit/Core/Domain/Accounts/CanonicalAccountType.swift (in target 'ProjectProfit' from project 'ProjectProfit')
    cd /Users/yutaro/project-profit-ios
    

SwiftCompile normal arm64 /Users/yutaro/project-profit-ios/ProjectProfit/Core/Domain/Reporting/Books/CanonicalBookModels.swift (in target 'ProjectProfit' from project 'ProjectProfit')
    cd /Users/yutaro/project-profit-ios
    

SwiftCompile normal arm64 /Users/yutaro/project-profit-ios/ProjectProfit/Services/CanonicalBookService.swift (in target 'ProjectProfit' from project 'ProjectProfit')
    cd /Users/yutaro/project-profit-ios
    

SwiftDriverJobDiscovery normal arm64 Compiling PayeeInfo.swift, PostingCandidate.swift, PostingCandidateEntity.swift, PostingCandidateEntityMapper.swift, PostingCandidateLine.swift, PostingIntakeStore.swift, PostingIntakeUseCase.swift, PostingSource.swift, PostingWorkflowUseCase.swift, ProfileSettingsUseCase.swift, ProfileSettingsView.swift, ProfileSettingsWorkflowUseCase.swift, ProfitLossView.swift, ProjectAllocation.swift, ProjectAllocationReprocessor.swift, ProjectDetailView.swift, ProjectDetailViewModel.swift, ProjectFormView.swift, ProjectProfitApp.swift, ProjectQueryRepository.swift, ProjectQueryUseCase.swift, ProjectRepository.swift, ProjectWorkflowStore.swift, ProjectWorkflowUseCase.swift (in target 'ProjectProfit' from project 'ProjectProfit')

SwiftDriverJobDiscovery normal arm64 Compiling ConsumptionTaxWorksheet.swift, ContentView.swift, Counterparty.swift, CounterpartyEntity.swift, CounterpartyEntityMapper.swift, CounterpartyFormView.swift, CounterpartyListView.swift, CounterpartyMasterUseCase.swift, CounterpartyRepository.swift, CurrencyText.swift, DashboardView.swift, DashboardViewModel.swift, DataRevisionQueryUseCase.swift, DataRevisionRepository.swift, DataStore+Accounting.swift, DataStore+Documents.swift, DataStore+FixedAsset.swift, DataStore+Inventory.swift, DataStore+MonthlySummary.swift, DataStore+ProfileMigration.swift, DataStore+SubLedger.swift, DataStore+YearLock.swift, DataStore.swift, DepreciationEngine.swift, DepreciationScheduleBuilder.swift (in target 'ProjectProfit' from project 'ProjectProfit')

SwiftCompile normal arm64 Compiling\ EvidenceInboxRepository.swift,\ EvidenceInboxView.swift,\ EvidenceLegalType.swift,\ EvidenceLineItem.swift,\ EvidenceRecordEntity.swift,\ EvidenceRecordEntityMapper.swift,\ EvidenceRepository.swift,\ EvidenceSearchCriteria.swift,\ EvidenceSearchIndexEntity.swift,\ EvidenceSourceType.swift,\ EvidenceStatus.swift,\ EvidenceStructuredFields.swift,\ EvidenceVersion.swift,\ ExportCoordinator.swift,\ ExportMenuButton.swift,\ FeatureFlags.swift,\ FilingDashboardQueryUseCase.swift,\ FilingDashboardView.swift,\ FilingPreflightUseCase.swift,\ FilingStyle.swift,\ FilterView.swift,\ FiscalYearSettings.swift,\ FiscalYearUtilities.swift,\ FixedAssetDetailView.swift,\ FixedAssetFormView.swift /Users/yutaro/project-profit-ios/ProjectProfit/Core/Domain/Evidence/EvidenceInboxRepository.swift /Users/yutaro/project-profit-ios/ProjectProfit/Features/EvidenceInbox/EvidenceInboxView.swift /Users/yutaro/project-profit-ios/ProjectProfit/Core/Domain/Evidence/EvidenceLegalType.swift /Users/yutaro/project-profit-ios/ProjectProfit/Core/Domain/Evidence/EvidenceLineItem.swift /Users/yutaro/project-profit-ios/ProjectProfit/Infrastructure/Persistence/SwiftData/Entities/EvidenceRecordEntity.swift /Users/yutaro/project-profit-ios/ProjectProfit/Application/Mappers/EvidenceRecordEntityMapper.swift /Users/yutaro/project-profit-ios/ProjectProfit/Core/Domain/Evidence/EvidenceRepository.swift /Users/yutaro/project-profit-ios/ProjectProfit/Core/Domain/Evidence/EvidenceSearchCriteria.swift /Users/yutaro/project-profit-ios/ProjectProfit/Infrastructure/Persistence/SwiftData/Entities/EvidenceSearchIndexEntity.swift /Users/yutaro/project-profit-ios/ProjectProfit/Core/Domain/Evidence/EvidenceSourceType.swift /Users/yutaro/project-profit-ios/ProjectProfit/Core/Domain/Evidence/EvidenceStatus.swift /Users/yutaro/project-profit-ios/ProjectProfit/Core/Domain/Evidence/EvidenceStructuredFields.swift /Users/yutaro/project-profit-ios/ProjectProfit/Core/Domain/Evidence/EvidenceVersion.swift /Users/yutaro/project-profit-ios/ProjectProfit/Services/ExportCoordinator.swift /Users/yutaro/project-profit-ios/ProjectProfit/Views/Components/ExportMenuButton.swift /Users/yutaro/project-profit-ios/ProjectProfit/App/FeatureFlags.swift /Users/yutaro/project-profit-ios/ProjectProfit/Application/UseCases/Filing/FilingDashboardQueryUseCase.swift /Users/yutaro/project-profit-ios/ProjectProfit/Features/Filing/Presentation/Screens/FilingDashboardView.swift /Users/yutaro/project-profit-ios/ProjectProfit/Application/UseCases/Filing/FilingPreflightUseCase.swift /Users/yutaro/project-profit-ios/ProjectProfit/Core/Domain/TaxYear/FilingStyle.swift /Users/yutaro/project-profit-ios/ProjectProfit/Views/Components/FilterView.swift /Users/yutaro/project-profit-ios/ProjectProfit/Utilities/FiscalYearSettings.swift /Users/yutaro/project-profit-ios/ProjectProfit/Utilities/FiscalYearUtilities.swift /Users/yutaro/project-profit-ios/ProjectProfit/Views/Accounting/FixedAssetDetailView.swift /Users/yutaro/project-profit-ios/ProjectProfit/Views/Accounting/FixedAssetFormView.swift (in target 'ProjectProfit' from project 'ProjectProfit')

SwiftCompile normal arm64 /Users/yutaro/project-profit-ios/ProjectProfit/Core/Domain/Evidence/EvidenceInboxRepository.swift (in target 'ProjectProfit' from project 'ProjectProfit')
    cd /Users/yutaro/project-profit-ios
    

SwiftCompile normal arm64 /Users/yutaro/project-profit-ios/ProjectProfit/Features/EvidenceInbox/EvidenceInboxView.swift (in target 'ProjectProfit' from project 'ProjectProfit')
    cd /Users/yutaro/project-profit-ios
    

SwiftCompile normal arm64 /Users/yutaro/project-profit-ios/ProjectProfit/Core/Domain/Evidence/EvidenceLegalType.swift (in target 'ProjectProfit' from project 'ProjectProfit')
    cd /Users/yutaro/project-profit-ios
    

SwiftCompile normal arm64 /Users/yutaro/project-profit-ios/ProjectProfit/Core/Domain/Evidence/EvidenceLineItem.swift (in target 'ProjectProfit' from project 'ProjectProfit')
    cd /Users/yutaro/project-profit-ios
    

SwiftCompile normal arm64 /Users/yutaro/project-profit-ios/ProjectProfit/Infrastructure/Persistence/SwiftData/Entities/EvidenceRecordEntity.swift (in target 'ProjectProfit' from project 'ProjectProfit')
    cd /Users/yutaro/project-profit-ios
    

SwiftCompile normal arm64 /Users/yutaro/project-profit-ios/ProjectProfit/Application/Mappers/EvidenceRecordEntityMapper.swift (in target 'ProjectProfit' from project 'ProjectProfit')
    cd /Users/yutaro/project-profit-ios
    

SwiftCompile normal arm64 /Users/yutaro/project-profit-ios/ProjectProfit/Core/Domain/Evidence/EvidenceRepository.swift (in target 'ProjectProfit' from project 'ProjectProfit')
    cd /Users/yutaro/project-profit-ios
    

SwiftCompile normal arm64 /Users/yutaro/project-profit-ios/ProjectProfit/Core/Domain/Evidence/EvidenceSearchCriteria.swift (in target 'ProjectProfit' from project 'ProjectProfit')
    cd /Users/yutaro/project-profit-ios
    

SwiftCompile normal arm64 /Users/yutaro/project-profit-ios/ProjectProfit/Infrastructure/Persistence/SwiftData/Entities/EvidenceSearchIndexEntity.swift (in target 'ProjectProfit' from project 'ProjectProfit')
    cd /Users/yutaro/project-profit-ios
    

SwiftCompile normal arm64 /Users/yutaro/project-profit-ios/ProjectProfit/Core/Domain/Evidence/EvidenceSourceType.swift (in target 'ProjectProfit' from project 'ProjectProfit')
    cd /Users/yutaro/project-profit-ios
    

SwiftCompile normal arm64 /Users/yutaro/project-profit-ios/ProjectProfit/Core/Domain/Evidence/EvidenceStatus.swift (in target 'ProjectProfit' from project 'ProjectProfit')
    cd /Users/yutaro/project-profit-ios
    

SwiftCompile normal arm64 /Users/yutaro/project-profit-ios/ProjectProfit/Core/Domain/Evidence/EvidenceStructuredFields.swift (in target 'ProjectProfit' from project 'ProjectProfit')
    cd /Users/yutaro/project-profit-ios
    

SwiftCompile normal arm64 /Users/yutaro/project-profit-ios/ProjectProfit/Core/Domain/Evidence/EvidenceVersion.swift (in target 'ProjectProfit' from project 'ProjectProfit')
    cd /Users/yutaro/project-profit-ios
    

SwiftCompile normal arm64 /Users/yutaro/project-profit-ios/ProjectProfit/Services/ExportCoordinator.swift (in target 'ProjectProfit' from project 'ProjectProfit')
    cd /Users/yutaro/project-profit-ios
    

SwiftCompile normal arm64 /Users/yutaro/project-profit-ios/ProjectProfit/Views/Components/ExportMenuButton.swift (in target 'ProjectProfit' from project 'ProjectProfit')
    cd /Users/yutaro/project-profit-ios
    

SwiftCompile normal arm64 /Users/yutaro/project-profit-ios/ProjectProfit/App/FeatureFlags.swift (in target 'ProjectProfit' from project 'ProjectProfit')
    cd /Users/yutaro/project-profit-ios
    

SwiftCompile normal arm64 /Users/yutaro/project-profit-ios/ProjectProfit/Application/UseCases/Filing/FilingDashboardQueryUseCase.swift (in target 'ProjectProfit' from project 'ProjectProfit')
    cd /Users/yutaro/project-profit-ios
    
/Users/yutaro/project-profit-ios/ProjectProfit/Application/UseCases/Filing/FilingDashboardQueryUseCase.swift:31:21: warning: no 'async' operations occur within 'await' expression
                try await FilingPreflightUseCase(modelContext: modelContext).preflightReport(
                    ^

SwiftCompile normal arm64 /Users/yutaro/project-profit-ios/ProjectProfit/Features/Filing/Presentation/Screens/FilingDashboardView.swift (in target 'ProjectProfit' from project 'ProjectProfit')
    cd /Users/yutaro/project-profit-ios
    

SwiftCompile normal arm64 /Users/yutaro/project-profit-ios/ProjectProfit/Application/UseCases/Filing/FilingPreflightUseCase.swift (in target 'ProjectProfit' from project 'ProjectProfit')
    cd /Users/yutaro/project-profit-ios
    

SwiftCompile normal arm64 /Users/yutaro/project-profit-ios/ProjectProfit/Core/Domain/TaxYear/FilingStyle.swift (in target 'ProjectProfit' from project 'ProjectProfit')
    cd /Users/yutaro/project-profit-ios
    

SwiftCompile normal arm64 /Users/yutaro/project-profit-ios/ProjectProfit/Views/Components/FilterView.swift (in target 'ProjectProfit' from project 'ProjectProfit')
    cd /Users/yutaro/project-profit-ios
    

SwiftCompile normal arm64 /Users/yutaro/project-profit-ios/ProjectProfit/Utilities/FiscalYearSettings.swift (in target 'ProjectProfit' from project 'ProjectProfit')
    cd /Users/yutaro/project-profit-ios
    

SwiftCompile normal arm64 /Users/yutaro/project-profit-ios/ProjectProfit/Utilities/FiscalYearUtilities.swift (in target 'ProjectProfit' from project 'ProjectProfit')
    cd /Users/yutaro/project-profit-ios
    

SwiftCompile normal arm64 /Users/yutaro/project-profit-ios/ProjectProfit/Views/Accounting/FixedAssetDetailView.swift (in target 'ProjectProfit' from project 'ProjectProfit')
    cd /Users/yutaro/project-profit-ios
    

SwiftCompile normal arm64 /Users/yutaro/project-profit-ios/ProjectProfit/Views/Accounting/FixedAssetFormView.swift (in target 'ProjectProfit' from project 'ProjectProfit')
    cd /Users/yutaro/project-profit-ios
    

SwiftDriverJobDiscovery normal arm64 Compiling TransactionFormQueryUseCase.swift, TransactionFormRepository.swift, TransactionFormView.swift, TransactionHistoryRepository.swift, TransactionHistoryUseCase.swift, TransactionsView.swift, TransactionsViewModel.swift, TrialBalanceView.swift, UITestBootstrap.swift, UnclassifiedTransactionsView.swift, UserRuleRepository.swift, Utilities.swift, VatMethod.swift, VatStatus.swift, VoucherNumber.swift, WithholdingPostingSupport.swift, WithholdingStatementQueryUseCase.swift, WithholdingStatementView.swift, WithholdingStatementViewModel.swift, WithholdingTaxCalculator.swift, WithholdingTaxCode.swift, WorkflowPersistenceSupport.swift, YearLockState.swift, GeneratedAssetSymbols.swift (in target 'ProjectProfit' from project 'ProjectProfit')

SwiftCompile normal arm64 Compiling\ CanonicalCategory.swift,\ CanonicalJSONCoder.swift,\ CanonicalJournalEntryEntityMapper.swift,\ CanonicalPostingEngine.swift,\ CanonicalPostingSupport.swift,\ CanonicalRepositoryError.swift,\ CashBasisReturnBuilder.swift,\ CategoryAccountMappingView.swift,\ CategoryListView.swift,\ CategoryManageView.swift,\ CategoryQueryRepository.swift,\ CategoryQueryUseCase.swift,\ CategoryRepository.swift,\ CategoryWorkflowUseCase.swift,\ ChartOfAccountsRepository.swift,\ ChartOfAccountsUseCase.swift,\ ChartOfAccountsView.swift,\ ClassificationDictionaryLoader.swift,\ ClassificationEngine.swift,\ ClassificationLearningService.swift,\ ClassificationViewModel.swift,\ ClosingEntryView.swift,\ ClosingWorkflowUseCase.swift,\ ConsumptionTaxModels.swift,\ ConsumptionTaxReportService.swift /Users/yutaro/project-profit-ios/ProjectProfit/Core/Domain/Categories/CanonicalCategory.swift /Users/yutaro/project-profit-ios/ProjectProfit/Application/Mappers/CanonicalJSONCoder.swift /Users/yutaro/project-profit-ios/ProjectProfit/Application/Mappers/CanonicalJournalEntryEntityMapper.swift /Users/yutaro/project-profit-ios/ProjectProfit/Application/UseCases/Posting/CanonicalPostingEngine.swift /Users/yutaro/project-profit-ios/ProjectProfit/Application/UseCases/Posting/CanonicalPostingSupport.swift /Users/yutaro/project-profit-ios/ProjectProfit/Infrastructure/Persistence/SwiftData/Repositories/CanonicalRepositoryError.swift /Users/yutaro/project-profit-ios/ProjectProfit/Services/CashBasisReturnBuilder.swift /Users/yutaro/project-profit-ios/ProjectProfit/Views/Accounting/CategoryAccountMappingView.swift /Users/yutaro/project-profit-ios/ProjectProfit/Features/Masters/Categories/Presentation/Screens/CategoryListView.swift /Users/yutaro/project-profit-ios/ProjectProfit/Views/Components/CategoryManageView.swift /Users/yutaro/project-profit-ios/ProjectProfit/Core/Domain/Categories/CategoryQueryRepository.swift /Users/yutaro/project-profit-ios/ProjectProfit/Application/UseCases/Masters/CategoryQueryUseCase.swift /Users/yutaro/project-profit-ios/ProjectProfit/Core/Domain/Categories/CategoryRepository.swift /Users/yutaro/project-profit-ios/ProjectProfit/Application/UseCases/Masters/CategoryWorkflowUseCase.swift /Users/yutaro/project-profit-ios/ProjectProfit/Core/Domain/Accounts/ChartOfAccountsRepository.swift /Users/yutaro/project-profit-ios/ProjectProfit/Application/UseCases/Masters/ChartOfAccountsUseCase.swift /Users/yutaro/project-profit-ios/ProjectProfit/Views/Accounting/ChartOfAccountsView.swift /Users/yutaro/project-profit-ios/ProjectProfit/Services/ClassificationDictionaryLoader.swift /Users/yutaro/project-profit-ios/ProjectProfit/Services/ClassificationEngine.swift /Users/yutaro/project-profit-ios/ProjectProfit/Services/ClassificationLearningService.swift /Users/yutaro/project-profit-ios/ProjectProfit/ViewModels/ClassificationViewModel.swift /Users/yutaro/project-profit-ios/ProjectProfit/Views/Accounting/ClosingEntryView.swift /Users/yutaro/project-profit-ios/ProjectProfit/Application/UseCases/Closing/ClosingWorkflowUseCase.swift /Users/yutaro/project-profit-ios/ProjectProfit/Models/ConsumptionTaxModels.swift /Users/yutaro/project-profit-ios/ProjectProfit/Services/ConsumptionTaxReportService.swift (in target 'ProjectProfit' from project 'ProjectProfit')

SwiftCompile normal arm64 /Users/yutaro/project-profit-ios/ProjectProfit/Core/Domain/Categories/CanonicalCategory.swift (in target 'ProjectProfit' from project 'ProjectProfit')
    cd /Users/yutaro/project-profit-ios
    

SwiftCompile normal arm64 /Users/yutaro/project-profit-ios/ProjectProfit/Application/Mappers/CanonicalJSONCoder.swift (in target 'ProjectProfit' from project 'ProjectProfit')
    cd /Users/yutaro/project-profit-ios
    

SwiftCompile normal arm64 /Users/yutaro/project-profit-ios/ProjectProfit/Application/Mappers/CanonicalJournalEntryEntityMapper.swift (in target 'ProjectProfit' from project 'ProjectProfit')
    cd /Users/yutaro/project-profit-ios
    

SwiftCompile normal arm64 /Users/yutaro/project-profit-ios/ProjectProfit/Application/UseCases/Posting/CanonicalPostingEngine.swift (in target 'ProjectProfit' from project 'ProjectProfit')
    cd /Users/yutaro/project-profit-ios
    

SwiftCompile normal arm64 /Users/yutaro/project-profit-ios/ProjectProfit/Application/UseCases/Posting/CanonicalPostingSupport.swift (in target 'ProjectProfit' from project 'ProjectProfit')
    cd /Users/yutaro/project-profit-ios
    

SwiftCompile normal arm64 /Users/yutaro/project-profit-ios/ProjectProfit/Infrastructure/Persistence/SwiftData/Repositories/CanonicalRepositoryError.swift (in target 'ProjectProfit' from project 'ProjectProfit')
    cd /Users/yutaro/project-profit-ios
    

SwiftCompile normal arm64 /Users/yutaro/project-profit-ios/ProjectProfit/Services/CashBasisReturnBuilder.swift (in target 'ProjectProfit' from project 'ProjectProfit')
    cd /Users/yutaro/project-profit-ios
    

SwiftCompile normal arm64 /Users/yutaro/project-profit-ios/ProjectProfit/Views/Accounting/CategoryAccountMappingView.swift (in target 'ProjectProfit' from project 'ProjectProfit')
    cd /Users/yutaro/project-profit-ios
    

SwiftCompile normal arm64 /Users/yutaro/project-profit-ios/ProjectProfit/Features/Masters/Categories/Presentation/Screens/CategoryListView.swift (in target 'ProjectProfit' from project 'ProjectProfit')
    cd /Users/yutaro/project-profit-ios
    

SwiftCompile normal arm64 /Users/yutaro/project-profit-ios/ProjectProfit/Views/Components/CategoryManageView.swift (in target 'ProjectProfit' from project 'ProjectProfit')
    cd /Users/yutaro/project-profit-ios
    

SwiftCompile normal arm64 /Users/yutaro/project-profit-ios/ProjectProfit/Core/Domain/Categories/CategoryQueryRepository.swift (in target 'ProjectProfit' from project 'ProjectProfit')
    cd /Users/yutaro/project-profit-ios
    

SwiftCompile normal arm64 /Users/yutaro/project-profit-ios/ProjectProfit/Application/UseCases/Masters/CategoryQueryUseCase.swift (in target 'ProjectProfit' from project 'ProjectProfit')
    cd /Users/yutaro/project-profit-ios
    

SwiftCompile normal arm64 /Users/yutaro/project-profit-ios/ProjectProfit/Core/Domain/Categories/CategoryRepository.swift (in target 'ProjectProfit' from project 'ProjectProfit')
    cd /Users/yutaro/project-profit-ios
    

SwiftCompile normal arm64 /Users/yutaro/project-profit-ios/ProjectProfit/Application/UseCases/Masters/CategoryWorkflowUseCase.swift (in target 'ProjectProfit' from project 'ProjectProfit')
    cd /Users/yutaro/project-profit-ios
    

SwiftCompile normal arm64 /Users/yutaro/project-profit-ios/ProjectProfit/Core/Domain/Accounts/ChartOfAccountsRepository.swift (in target 'ProjectProfit' from project 'ProjectProfit')
    cd /Users/yutaro/project-profit-ios
    

SwiftCompile normal arm64 /Users/yutaro/project-profit-ios/ProjectProfit/Application/UseCases/Masters/ChartOfAccountsUseCase.swift (in target 'ProjectProfit' from project 'ProjectProfit')
    cd /Users/yutaro/project-profit-ios
    

SwiftCompile normal arm64 /Users/yutaro/project-profit-ios/ProjectProfit/Views/Accounting/ChartOfAccountsView.swift (in target 'ProjectProfit' from project 'ProjectProfit')
    cd /Users/yutaro/project-profit-ios
    

SwiftCompile normal arm64 /Users/yutaro/project-profit-ios/ProjectProfit/Services/ClassificationDictionaryLoader.swift (in target 'ProjectProfit' from project 'ProjectProfit')
    cd /Users/yutaro/project-profit-ios
    

SwiftCompile normal arm64 /Users/yutaro/project-profit-ios/ProjectProfit/Services/ClassificationEngine.swift (in target 'ProjectProfit' from project 'ProjectProfit')
    cd /Users/yutaro/project-profit-ios
    

SwiftCompile normal arm64 /Users/yutaro/project-profit-ios/ProjectProfit/Services/ClassificationLearningService.swift (in target 'ProjectProfit' from project 'ProjectProfit')
    cd /Users/yutaro/project-profit-ios
    

SwiftCompile normal arm64 /Users/yutaro/project-profit-ios/ProjectProfit/ViewModels/ClassificationViewModel.swift (in target 'ProjectProfit' from project 'ProjectProfit')
    cd /Users/yutaro/project-profit-ios
    

SwiftCompile normal arm64 /Users/yutaro/project-profit-ios/ProjectProfit/Views/Accounting/ClosingEntryView.swift (in target 'ProjectProfit' from project 'ProjectProfit')
    cd /Users/yutaro/project-profit-ios
    

SwiftCompile normal arm64 /Users/yutaro/project-profit-ios/ProjectProfit/Application/UseCases/Closing/ClosingWorkflowUseCase.swift (in target 'ProjectProfit' from project 'ProjectProfit')
    cd /Users/yutaro/project-profit-ios
    

SwiftCompile normal arm64 /Users/yutaro/project-profit-ios/ProjectProfit/Models/ConsumptionTaxModels.swift (in target 'ProjectProfit' from project 'ProjectProfit')
    cd /Users/yutaro/project-profit-ios
    

SwiftCompile normal arm64 /Users/yutaro/project-profit-ios/ProjectProfit/Services/ConsumptionTaxReportService.swift (in target 'ProjectProfit' from project 'ProjectProfit')
    cd /Users/yutaro/project-profit-ios
    

SwiftDriverJobDiscovery normal arm64 Compiling LegacyProjectedJournalAssembler.swift, LegalDocumentLedgerView.swift, LegalReportLine.swift, LineItemsEditView.swift, LocalEvidenceSearchIndex.swift, LocalJournalSearchIndex.swift, Logger.swift, ManualJournalFormView.swift, MigrationReportRunner.swift, ModelContainerFactory.swift, Models.swift, MonthlySummaryView.swift, NotificationService.swift, NotificationSettingsView.swift, PDFExportService.swift, PDFPageRenderer.swift, PPAccount.swift, PPAccountingProfile.swift, PPDocumentRecord.swift, PPFixedAsset.swift, PPInventoryRecord.swift, PPJournalEntry.swift, PPTransactionLog.swift, PPUserRule.swift (in target 'ProjectProfit' from project 'ProjectProfit')

ProcessProductPackaging "" /Users/yutaro/project-profit-ios/artifacts/release-quality/performance-gate/DerivedData/Build/Intermediates.noindex/ProjectProfit.build/Debug-iphonesimulator/ProjectProfitUITests.build/ProjectProfitUITests.xctest-Simulated.xcent (in target 'ProjectProfitUITests' from project 'ProjectProfit')
    cd /Users/yutaro/project-profit-ios
    
    Entitlements:
    
    {
    "application-identifier" = "52PPJXD67Z.com.projectprofit.ProjectProfitUITests.xctrunner";
    "keychain-access-groups" =     (
        "52PPJXD67Z.com.projectprofit.ProjectProfitUITests.xctrunner"
    );
}
    
    builtin-productPackagingUtility -entitlements -format xml -o /Users/yutaro/project-profit-ios/artifacts/release-quality/performance-gate/DerivedData/Build/Intermediates.noindex/ProjectProfit.build/Debug-iphonesimulator/ProjectProfitUITests.build/ProjectProfitUITests.xctest-Simulated.xcent

ProcessProductPackagingDER /Users/yutaro/project-profit-ios/artifacts/release-quality/performance-gate/DerivedData/Build/Intermediates.noindex/ProjectProfit.build/Debug-iphonesimulator/ProjectProfitUITests.build/ProjectProfitUITests.xctest-Simulated.xcent /Users/yutaro/project-profit-ios/artifacts/release-quality/performance-gate/DerivedData/Build/Intermediates.noindex/ProjectProfit.build/Debug-iphonesimulator/ProjectProfitUITests.build/ProjectProfitUITests.xctest-Simulated.xcent.der (in target 'ProjectProfitUITests' from project 'ProjectProfit')
    cd /Users/yutaro/project-profit-ios
    /usr/bin/derq query -f xml -i /Users/yutaro/project-profit-ios/artifacts/release-quality/performance-gate/DerivedData/Build/Intermediates.noindex/ProjectProfit.build/Debug-iphonesimulator/ProjectProfitUITests.build/ProjectProfitUITests.xctest-Simulated.xcent -o /Users/yutaro/project-profit-ios/artifacts/release-quality/performance-gate/DerivedData/Build/Intermediates.noindex/ProjectProfit.build/Debug-iphonesimulator/ProjectProfitUITests.build/ProjectProfitUITests.xctest-Simulated.xcent.der --raw

SwiftDriver ProjectProfitTests normal arm64 com.apple.xcode.tools.swift.compiler (in target 'ProjectProfitTests' from project 'ProjectProfit')
    cd /Users/yutaro/project-profit-ios
    builtin-SwiftDriver -- /Applications/Xcode-26.3.app/Contents/Developer/Toolchains/XcodeDefault.xctoolchain/usr/bin/swiftc -module-name ProjectProfitTests -Onone -enforce-exclusivity\=checked @/Users/yutaro/project-profit-ios/artifacts/release-quality/performance-gate/DerivedData/Build/Intermediates.noindex/ProjectProfit.build/Debug-iphonesimulator/ProjectProfitTests.build/Objects-normal/arm64/ProjectProfitTests.SwiftFileList -DDEBUG -Xcc -fmodule-map-file\=/Users/yutaro/project-profit-ios/artifacts/release-quality/performance-gate/DerivedData/Build/Intermediates.noindex/GeneratedModuleMaps-iphonesimulator/libxlsxwriter.modulemap -plugin-path /Applications/Xcode-26.3.app/Contents/Developer/Toolchains/XcodeDefault.xctoolchain/usr/lib/swift/host/plugins/testing -enable-bare-slash-regex -enable-experimental-feature DebugDescriptionMacro -sdk /Applications/Xcode-26.3.app/Contents/Developer/Platforms/iPhoneSimulator.platform/Developer/SDKs/iPhoneSimulator26.2.sdk -target arm64-apple-ios17.0-simulator -g -module-cache-path /Users/yutaro/project-profit-ios/artifacts/release-quality/performance-gate/DerivedData/ModuleCache.noindex -Xfrontend -serialize-debugging-options -profile-coverage-mapping -profile-generate -enable-testing -index-store-path /Users/yutaro/project-profit-ios/artifacts/release-quality/performance-gate/DerivedData/Index.noindex/DataStore -Xcc -D_LIBCPP_HARDENING_MODE\=_LIBCPP_HARDENING_MODE_DEBUG -swift-version 5 -I /Users/yutaro/project-profit-ios/artifacts/release-quality/performance-gate/DerivedData/Build/Products/Debug-iphonesimulator -I /Users/yutaro/project-profit-ios/ProjectProfit/Ledger/Bridge/xlsxwriter -Isystem /Applications/Xcode-26.3.app/Contents/Developer/Platforms/iPhoneSimulator.platform/Developer/usr/lib -F /Users/yutaro/project-profit-ios/artifacts/release-quality/performance-gate/DerivedData/Build/Products/Debug-iphonesimulator/PackageFrameworks -F /Users/yutaro/project-profit-ios/artifacts/release-quality/performance-gate/DerivedData/Build/Products/Debug-iphonesimulator -F /Applications/Xcode-26.3.app/Contents/Developer/Platforms/iPhoneSimulator.platform/Developer/Library/Frameworks -F /Applications/Xcode-26.3.app/Contents/Developer/Platforms/iPhoneSimulator.platform/Developer/SDKs/iPhoneSimulator26.2.sdk/Developer/Library/Frameworks -c -j8 -enable-batch-mode -incremental -Xcc -ivfsstatcache -Xcc /Users/yutaro/project-profit-ios/artifacts/release-quality/performance-gate/DerivedData/SDKStatCaches.noindex/iphonesimulator26.2-23C57-91db6bf2b9df79783d042ed3cc29a58e.sdkstatcache -output-file-map /Users/yutaro/project-profit-ios/artifacts/release-quality/performance-gate/DerivedData/Build/Intermediates.noindex/ProjectProfit.build/Debug-iphonesimulator/ProjectProfitTests.build/Objects-normal/arm64/ProjectProfitTests-OutputFileMap.json -use-frontend-parseable-output -save-temps -no-color-diagnostics -explicit-module-build -module-cache-path /Users/yutaro/project-profit-ios/artifacts/release-quality/performance-gate/DerivedData/Build/Intermediates.noindex/SwiftExplicitPrecompiledModules -clang-scanner-module-cache-path /Users/yutaro/project-profit-ios/artifacts/release-quality/performance-gate/DerivedData/ModuleCache.noindex -sdk-module-cache-path /Users/yutaro/project-profit-ios/artifacts/release-quality/performance-gate/DerivedData/ModuleCache.noindex -serialize-diagnostics -emit-dependencies -emit-module -emit-module-path /Users/yutaro/project-profit-ios/artifacts/release-quality/performance-gate/DerivedData/Build/Intermediates.noindex/ProjectProfit.build/Debug-iphonesimulator/ProjectProfitTests.build/Objects-normal/arm64/ProjectProfitTests.swiftmodule -validate-clang-modules-once -clang-build-session-file /Users/yutaro/project-profit-ios/artifacts/release-quality/performance-gate/DerivedData/ModuleCache.noindex/Session.modulevalidation -Xcc -I/Users/yutaro/project-profit-ios/artifacts/release-quality/performance-gate/DerivedData/Build/Intermediates.noindex/ProjectProfit.build/Debug-iphonesimulator/ProjectProfitTests.build/swift-overrides.hmap -emit-const-values -Xfrontend -const-gather-protocols-file -Xfrontend /Users/yutaro/project-profit-ios/artifacts/release-quality/performance-gate/DerivedData/Build/Intermediates.noindex/ProjectProfit.build/Debug-iphonesimulator/ProjectProfitTests.build/Objects-normal/arm64/ProjectProfitTests_const_extract_protocols.json -Xcc -iquote -Xcc /Users/yutaro/project-profit-ios/artifacts/release-quality/performance-gate/DerivedData/Build/Intermediates.noindex/ProjectProfit.build/Debug-iphonesimulator/ProjectProfitTests.build/ProjectProfitTests-generated-files.hmap -Xcc -I/Users/yutaro/project-profit-ios/artifacts/release-quality/performance-gate/DerivedData/Build/Intermediates.noindex/ProjectProfit.build/Debug-iphonesimulator/ProjectProfitTests.build/ProjectProfitTests-own-target-headers.hmap -Xcc -I/Users/yutaro/project-profit-ios/artifacts/release-quality/performance-gate/DerivedData/Build/Intermediates.noindex/ProjectProfit.build/Debug-iphonesimulator/ProjectProfitTests.build/ProjectProfitTests-all-non-framework-target-headers.hmap -Xcc -ivfsoverlay -Xcc /Users/yutaro/project-profit-ios/artifacts/release-quality/performance-gate/DerivedData/Build/Intermediates.noindex/ProjectProfit.build/Debug-iphonesimulator/ProjectProfit-bc30635a8cb06e5d3ecf94d8d93f544c-VFS-iphonesimulator/all-product-headers.yaml -Xcc -iquote -Xcc /Users/yutaro/project-profit-ios/artifacts/release-quality/performance-gate/DerivedData/Build/Intermediates.noindex/ProjectProfit.build/Debug-iphonesimulator/ProjectProfitTests.build/ProjectProfitTests-project-headers.hmap -Xcc -I/Users/yutaro/project-profit-ios/artifacts/release-quality/performance-gate/DerivedData/SourcePackages/checkouts/libxlsxwriter/include -Xcc -I/Users/yutaro/project-profit-ios/artifacts/release-quality/performance-gate/DerivedData/Build/Products/Debug-iphonesimulator/include -Xcc -I/Users/yutaro/project-profit-ios/artifacts/release-quality/performance-gate/DerivedData/SourcePackages/checkouts/libxlsxwriter/include -Xcc -I/Users/yutaro/project-profit-ios/artifacts/release-quality/performance-gate/DerivedData/Build/Intermediates.noindex/ProjectProfit.build/Debug-iphonesimulator/ProjectProfitTests.build/DerivedSources-normal/arm64 -Xcc -I/Users/yutaro/project-profit-ios/artifacts/release-quality/performance-gate/DerivedData/Build/Intermediates.noindex/ProjectProfit.build/Debug-iphonesimulator/ProjectProfitTests.build/DerivedSources/arm64 -Xcc -I/Users/yutaro/project-profit-ios/artifacts/release-quality/performance-gate/DerivedData/Build/Intermediates.noindex/ProjectProfit.build/Debug-iphonesimulator/ProjectProfitTests.build/DerivedSources -Xcc -DDEBUG\=1 -emit-objc-header -emit-objc-header-path /Users/yutaro/project-profit-ios/artifacts/release-quality/performance-gate/DerivedData/Build/Intermediates.noindex/ProjectProfit.build/Debug-iphonesimulator/ProjectProfitTests.build/Objects-normal/arm64/ProjectProfitTests-Swift.h -working-directory /Users/yutaro/project-profit-ios -experimental-emit-module-separately -disable-cmo

SwiftDriverJobDiscovery normal arm64 Compiling DistributionBasis.swift, DistributionRule.swift, DistributionRuleBuilder.swift, DistributionRuleEntity.swift, DistributionRuleEntityMapper.swift, DistributionScope.swift, DistributionTemplateApplicationUseCase.swift, DistributionTemplateListView.swift, DistributionTemplateManagementQueryUseCase.swift, DistributionTemplateRepository.swift, DistributionTemplateSettingsView.swift, DistributionTemplateUseCase.swift, DocumentRepository.swift, DocumentWorkflowUseCase.swift, ElectronicBookLevel.swift, EtaxCharacterValidator.swift, EtaxExportView.swift, EtaxExportViewModel.swift, EtaxFieldPopulator.swift, EtaxFormPreviewView.swift, EtaxModels.swift, EtaxXtxExporter.swift, EvidenceCatalogUseCase.swift, EvidenceDocument.swift, EvidenceInboxQueryUseCase.swift (in target 'ProjectProfit' from project 'ProjectProfit')

SwiftDriver ProjectProfitUITests normal arm64 com.apple.xcode.tools.swift.compiler (in target 'ProjectProfitUITests' from project 'ProjectProfit')
    cd /Users/yutaro/project-profit-ios
    builtin-SwiftDriver -- /Applications/Xcode-26.3.app/Contents/Developer/Toolchains/XcodeDefault.xctoolchain/usr/bin/swiftc -module-name ProjectProfitUITests -Onone -enforce-exclusivity\=checked @/Users/yutaro/project-profit-ios/artifacts/release-quality/performance-gate/DerivedData/Build/Intermediates.noindex/ProjectProfit.build/Debug-iphonesimulator/ProjectProfitUITests.build/Objects-normal/arm64/ProjectProfitUITests.SwiftFileList -DDEBUG -module-alias Testing\=_Testing_Unavailable -plugin-path /Applications/Xcode-26.3.app/Contents/Developer/Toolchains/XcodeDefault.xctoolchain/usr/lib/swift/host/plugins/testing -enable-bare-slash-regex -enable-experimental-feature DebugDescriptionMacro -sdk /Applications/Xcode-26.3.app/Contents/Developer/Platforms/iPhoneSimulator.platform/Developer/SDKs/iPhoneSimulator26.2.sdk -target arm64-apple-ios17.0-simulator -g -module-cache-path /Users/yutaro/project-profit-ios/artifacts/release-quality/performance-gate/DerivedData/ModuleCache.noindex -Xfrontend -serialize-debugging-options -profile-coverage-mapping -profile-generate -enable-testing -index-store-path /Users/yutaro/project-profit-ios/artifacts/release-quality/performance-gate/DerivedData/Index.noindex/DataStore -Xcc -D_LIBCPP_HARDENING_MODE\=_LIBCPP_HARDENING_MODE_DEBUG -swift-version 5 -I /Users/yutaro/project-profit-ios/artifacts/release-quality/performance-gate/DerivedData/Build/Products/Debug-iphonesimulator -Isystem /Applications/Xcode-26.3.app/Contents/Developer/Platforms/iPhoneSimulator.platform/Developer/usr/lib -F /Users/yutaro/project-profit-ios/artifacts/release-quality/performance-gate/DerivedData/Build/Products/Debug-iphonesimulator -F /Applications/Xcode-26.3.app/Contents/Developer/Platforms/iPhoneSimulator.platform/Developer/Library/Frameworks -F /Applications/Xcode-26.3.app/Contents/Developer/Platforms/iPhoneSimulator.platform/Developer/SDKs/iPhoneSimulator26.2.sdk/Developer/Library/Frameworks -parse-as-library -c -j8 -enable-batch-mode -incremental -Xcc -ivfsstatcache -Xcc /Users/yutaro/project-profit-ios/artifacts/release-quality/performance-gate/DerivedData/SDKStatCaches.noindex/iphonesimulator26.2-23C57-91db6bf2b9df79783d042ed3cc29a58e.sdkstatcache -output-file-map /Users/yutaro/project-profit-ios/artifacts/release-quality/performance-gate/DerivedData/Build/Intermediates.noindex/ProjectProfit.build/Debug-iphonesimulator/ProjectProfitUITests.build/Objects-normal/arm64/ProjectProfitUITests-OutputFileMap.json -use-frontend-parseable-output -save-temps -no-color-diagnostics -explicit-module-build -module-cache-path /Users/yutaro/project-profit-ios/artifacts/release-quality/performance-gate/DerivedData/Build/Intermediates.noindex/SwiftExplicitPrecompiledModules -clang-scanner-module-cache-path /Users/yutaro/project-profit-ios/artifacts/release-quality/performance-gate/DerivedData/ModuleCache.noindex -sdk-module-cache-path /Users/yutaro/project-profit-ios/artifacts/release-quality/performance-gate/DerivedData/ModuleCache.noindex -serialize-diagnostics -emit-dependencies -emit-module -emit-module-path /Users/yutaro/project-profit-ios/artifacts/release-quality/performance-gate/DerivedData/Build/Intermediates.noindex/ProjectProfit.build/Debug-iphonesimulator/ProjectProfitUITests.build/Objects-normal/arm64/ProjectProfitUITests.swiftmodule -validate-clang-modules-once -clang-build-session-file /Users/yutaro/project-profit-ios/artifacts/release-quality/performance-gate/DerivedData/ModuleCache.noindex/Session.modulevalidation -Xcc -I/Users/yutaro/project-profit-ios/artifacts/release-quality/performance-gate/DerivedData/Build/Intermediates.noindex/ProjectProfit.build/Debug-iphonesimulator/ProjectProfitUITests.build/swift-overrides.hmap -emit-const-values -Xfrontend -const-gather-protocols-file -Xfrontend /Users/yutaro/project-profit-ios/artifacts/release-quality/performance-gate/DerivedData/Build/Intermediates.noindex/ProjectProfit.build/Debug-iphonesimulator/ProjectProfitUITests.build/Objects-normal/arm64/ProjectProfitUITests_const_extract_protocols.json -Xcc -iquote -Xcc /Users/yutaro/project-profit-ios/artifacts/release-quality/performance-gate/DerivedData/Build/Intermediates.noindex/ProjectProfit.build/Debug-iphonesimulator/ProjectProfitUITests.build/ProjectProfitUITests-generated-files.hmap -Xcc -I/Users/yutaro/project-profit-ios/artifacts/release-quality/performance-gate/DerivedData/Build/Intermediates.noindex/ProjectProfit.build/Debug-iphonesimulator/ProjectProfitUITests.build/ProjectProfitUITests-own-target-headers.hmap -Xcc -I/Users/yutaro/project-profit-ios/artifacts/release-quality/performance-gate/DerivedData/Build/Intermediates.noindex/ProjectProfit.build/Debug-iphonesimulator/ProjectProfitUITests.build/ProjectProfitUITests-all-non-framework-target-headers.hmap -Xcc -ivfsoverlay -Xcc /Users/yutaro/project-profit-ios/artifacts/release-quality/performance-gate/DerivedData/Build/Intermediates.noindex/ProjectProfit.build/Debug-iphonesimulator/ProjectProfit-bc30635a8cb06e5d3ecf94d8d93f544c-VFS-iphonesimulator/all-product-headers.yaml -Xcc -iquote -Xcc /Users/yutaro/project-profit-ios/artifacts/release-quality/performance-gate/DerivedData/Build/Intermediates.noindex/ProjectProfit.build/Debug-iphonesimulator/ProjectProfitUITests.build/ProjectProfitUITests-project-headers.hmap -Xcc -I/Users/yutaro/project-profit-ios/artifacts/release-quality/performance-gate/DerivedData/Build/Products/Debug-iphonesimulator/include -Xcc -I/Users/yutaro/project-profit-ios/artifacts/release-quality/performance-gate/DerivedData/Build/Intermediates.noindex/ProjectProfit.build/Debug-iphonesimulator/ProjectProfitUITests.build/DerivedSources-normal/arm64 -Xcc -I/Users/yutaro/project-profit-ios/artifacts/release-quality/performance-gate/DerivedData/Build/Intermediates.noindex/ProjectProfit.build/Debug-iphonesimulator/ProjectProfitUITests.build/DerivedSources/arm64 -Xcc -I/Users/yutaro/project-profit-ios/artifacts/release-quality/performance-gate/DerivedData/Build/Intermediates.noindex/ProjectProfit.build/Debug-iphonesimulator/ProjectProfitUITests.build/DerivedSources -Xcc -DDEBUG\=1 -emit-objc-header -emit-objc-header-path /Users/yutaro/project-profit-ios/artifacts/release-quality/performance-gate/DerivedData/Build/Intermediates.noindex/ProjectProfit.build/Debug-iphonesimulator/ProjectProfitUITests.build/Objects-normal/arm64/ProjectProfitUITests-Swift.h -working-directory /Users/yutaro/project-profit-ios -experimental-emit-module-separately -disable-cmo

SwiftDriverJobDiscovery normal arm64 Compiling JournalSearchIndexEntity.swift, JournalSearchUseCase.swift, JournalValidationService.swift, LedgerAccountPicker.swift, LedgerBookCreateView.swift, LedgerBookDetailView.swift, LedgerBridge.swift, LedgerCSVImportService.swift, LedgerCSVImportView.swift, LedgerDataStore+Calculations.swift, LedgerDataStore.swift, LedgerEntryFormView.swift, LedgerExcelExportService.swift, LedgerExportService.swift, LedgerHomeView.swift, LedgerImportCoordinator.swift, LedgerModels.swift, LedgerPDFExportService.swift, LedgerSwiftDataModels.swift, LedgerView.swift, LegacyAccountCanonicalMapper.swift, LegacyAccountingProfileCanonicalMapper.swift, LegacyDataMigrationExecutor.swift, LegacyProfileMigrationRunner.swift (in target 'ProjectProfit' from project 'ProjectProfit')

SwiftExplicitDependencyGeneratePcm arm64 /Users/yutaro/project-profit-ios/artifacts/release-quality/performance-gate/DerivedData/Build/Intermediates.noindex/SwiftExplicitPrecompiledModules/XCUIAutomation-PYU922OL6NY2XZ4SF0LWJSZU.pcm

SwiftExplicitDependencyGeneratePcm arm64 /Users/yutaro/project-profit-ios/artifacts/release-quality/performance-gate/DerivedData/Build/Intermediates.noindex/SwiftExplicitPrecompiledModules/XCTest-4TD3RJWG3HEJ0WW4QLZ3LROW5.pcm

SwiftExplicitDependencyCompileModuleFromInterface arm64 /Users/yutaro/project-profit-ios/artifacts/release-quality/performance-gate/DerivedData/Build/Intermediates.noindex/SwiftExplicitPrecompiledModules/XCUIAutomation-39WSCS7330X4M.swiftmodule

SwiftExplicitDependencyCompileModuleFromInterface arm64 /Users/yutaro/project-profit-ios/artifacts/release-quality/performance-gate/DerivedData/Build/Intermediates.noindex/SwiftExplicitPrecompiledModules/XCTest-3DYX1NM9AMPAC.swiftmodule

SwiftEmitModule normal arm64 Emitting\ module\ for\ ProjectProfitTests (in target 'ProjectProfitTests' from project 'ProjectProfit')

EmitSwiftModule normal arm64 (in target 'ProjectProfitTests' from project 'ProjectProfit')
    cd /Users/yutaro/project-profit-ios
    
/Users/yutaro/project-profit-ios/ProjectProfitTests/CounterpartyMatchingTests.swift:7:9: warning: stored property 'counterparties' of 'Sendable'-conforming class 'MockCounterpartyRepository' is mutable; this is an error in the Swift 6 language mode
    var counterparties: [Counterparty] = []
        ^

SwiftCompile normal arm64 Compiling\ TaxStatusMachineTests.swift,\ TaxYearDefinitionLoaderTests.swift,\ TaxYearProfileTests.swift,\ TaxYearStateUseCaseTests.swift,\ TestHelpers.swift,\ TestMutationDriver.swift,\ TransactionFormQueryUseCaseTests.swift,\ TransactionHistoryTests.swift,\ TransactionHistoryUseCaseTests.swift,\ TransactionLogTests.swift,\ TransactionsViewModelTests.swift,\ UITestBootstrapTests.swift,\ UtilitiesTests.swift,\ WithholdingFlowE2ETests.swift,\ WithholdingStatementQueryUseCaseTests.swift,\ WithholdingTaxCalculatorTests.swift,\ WorkflowNavigationTests.swift,\ YearLockTests.swift /Users/yutaro/project-profit-ios/ProjectProfitTests/Core/TaxStatusMachineTests.swift /Users/yutaro/project-profit-ios/ProjectProfitTests/TaxYearDefinitionLoaderTests.swift /Users/yutaro/project-profit-ios/ProjectProfitTests/Core/TaxYearProfileTests.swift /Users/yutaro/project-profit-ios/ProjectProfitTests/TaxYearStateUseCaseTests.swift /Users/yutaro/project-profit-ios/ProjectProfitTests/TestHelpers.swift /Users/yutaro/project-profit-ios/ProjectProfitTests/TestMutationDriver.swift /Users/yutaro/project-profit-ios/ProjectProfitTests/TransactionFormQueryUseCaseTests.swift /Users/yutaro/project-profit-ios/ProjectProfitTests/TransactionHistoryTests.swift /Users/yutaro/project-profit-ios/ProjectProfitTests/TransactionHistoryUseCaseTests.swift /Users/yutaro/project-profit-ios/ProjectProfitTests/TransactionLogTests.swift /Users/yutaro/project-profit-ios/ProjectProfitTests/TransactionsViewModelTests.swift /Users/yutaro/project-profit-ios/ProjectProfitTests/UITestBootstrapTests.swift /Users/yutaro/project-profit-ios/ProjectProfitTests/UtilitiesTests.swift /Users/yutaro/project-profit-ios/ProjectProfitTests/WithholdingFlowE2ETests.swift /Users/yutaro/project-profit-ios/ProjectProfitTests/WithholdingStatementQueryUseCaseTests.swift /Users/yutaro/project-profit-ios/ProjectProfitTests/Core/WithholdingTaxCalculatorTests.swift /Users/yutaro/project-profit-ios/ProjectProfitTests/WorkflowNavigationTests.swift /Users/yutaro/project-profit-ios/ProjectProfitTests/YearLockTests.swift (in target 'ProjectProfitTests' from project 'ProjectProfit')

SwiftCompile normal arm64 /Users/yutaro/project-profit-ios/ProjectProfitTests/Core/TaxStatusMachineTests.swift (in target 'ProjectProfitTests' from project 'ProjectProfit')
    cd /Users/yutaro/project-profit-ios
    

SwiftCompile normal arm64 /Users/yutaro/project-profit-ios/ProjectProfitTests/TaxYearDefinitionLoaderTests.swift (in target 'ProjectProfitTests' from project 'ProjectProfit')
    cd /Users/yutaro/project-profit-ios
    

SwiftCompile normal arm64 /Users/yutaro/project-profit-ios/ProjectProfitTests/Core/TaxYearProfileTests.swift (in target 'ProjectProfitTests' from project 'ProjectProfit')
    cd /Users/yutaro/project-profit-ios
    

SwiftCompile normal arm64 /Users/yutaro/project-profit-ios/ProjectProfitTests/TaxYearStateUseCaseTests.swift (in target 'ProjectProfitTests' from project 'ProjectProfit')
    cd /Users/yutaro/project-profit-ios
    

SwiftCompile normal arm64 /Users/yutaro/project-profit-ios/ProjectProfitTests/TestHelpers.swift (in target 'ProjectProfitTests' from project 'ProjectProfit')
    cd /Users/yutaro/project-profit-ios
    

SwiftCompile normal arm64 /Users/yutaro/project-profit-ios/ProjectProfitTests/TestMutationDriver.swift (in target 'ProjectProfitTests' from project 'ProjectProfit')
    cd /Users/yutaro/project-profit-ios
    

SwiftCompile normal arm64 /Users/yutaro/project-profit-ios/ProjectProfitTests/TransactionFormQueryUseCaseTests.swift (in target 'ProjectProfitTests' from project 'ProjectProfit')
    cd /Users/yutaro/project-profit-ios
    

SwiftCompile normal arm64 /Users/yutaro/project-profit-ios/ProjectProfitTests/TransactionHistoryTests.swift (in target 'ProjectProfitTests' from project 'ProjectProfit')
    cd /Users/yutaro/project-profit-ios
    

SwiftCompile normal arm64 /Users/yutaro/project-profit-ios/ProjectProfitTests/TransactionHistoryUseCaseTests.swift (in target 'ProjectProfitTests' from project 'ProjectProfit')
    cd /Users/yutaro/project-profit-ios
    

SwiftCompile normal arm64 /Users/yutaro/project-profit-ios/ProjectProfitTests/TransactionLogTests.swift (in target 'ProjectProfitTests' from project 'ProjectProfit')
    cd /Users/yutaro/project-profit-ios
    

SwiftCompile normal arm64 /Users/yutaro/project-profit-ios/ProjectProfitTests/TransactionsViewModelTests.swift (in target 'ProjectProfitTests' from project 'ProjectProfit')
    cd /Users/yutaro/project-profit-ios
    

SwiftCompile normal arm64 /Users/yutaro/project-profit-ios/ProjectProfitTests/UITestBootstrapTests.swift (in target 'ProjectProfitTests' from project 'ProjectProfit')
    cd /Users/yutaro/project-profit-ios
    

SwiftCompile normal arm64 /Users/yutaro/project-profit-ios/ProjectProfitTests/UtilitiesTests.swift (in target 'ProjectProfitTests' from project 'ProjectProfit')
    cd /Users/yutaro/project-profit-ios
    
/Users/yutaro/project-profit-ios/ProjectProfitTests/UtilitiesTests.swift:362:81: warning: immutable value 'currentDay' was never used; consider replacing with '_' or removing it
        guard let currentYear = comps.year, let currentMonth = comps.month, let currentDay = comps.day else {
                                                                            ~~~~^~~~~~~~~~
                                                                            _

SwiftCompile normal arm64 /Users/yutaro/project-profit-ios/ProjectProfitTests/WithholdingFlowE2ETests.swift (in target 'ProjectProfitTests' from project 'ProjectProfit')
    cd /Users/yutaro/project-profit-ios
    

SwiftCompile normal arm64 /Users/yutaro/project-profit-ios/ProjectProfitTests/WithholdingStatementQueryUseCaseTests.swift (in target 'ProjectProfitTests' from project 'ProjectProfit')
    cd /Users/yutaro/project-profit-ios
    

SwiftCompile normal arm64 /Users/yutaro/project-profit-ios/ProjectProfitTests/Core/WithholdingTaxCalculatorTests.swift (in target 'ProjectProfitTests' from project 'ProjectProfit')
    cd /Users/yutaro/project-profit-ios
    

SwiftCompile normal arm64 /Users/yutaro/project-profit-ios/ProjectProfitTests/WorkflowNavigationTests.swift (in target 'ProjectProfitTests' from project 'ProjectProfit')
    cd /Users/yutaro/project-profit-ios
    

SwiftCompile normal arm64 /Users/yutaro/project-profit-ios/ProjectProfitTests/YearLockTests.swift (in target 'ProjectProfitTests' from project 'ProjectProfit')
    cd /Users/yutaro/project-profit-ios
    

SwiftCompile normal arm64 Compiling\ EtaxXtxExporterTests.swift,\ EvidenceInboxQueryUseCaseTests.swift,\ ExpenseBookTests.swift,\ ExportCoordinatorTests.swift,\ FilingDashboardQueryUseCaseTests.swift,\ FilingPreflightUseCaseTests.swift,\ FiscalYearDataStoreTests.swift,\ FiscalYearUtilitiesTests.swift,\ FixedAssetNTATests.swift,\ FixedAssetWorkflowUseCaseTests.swift,\ FormEngineTests.swift,\ GeneralLedgerEnrichmentTests.swift,\ GoldenBaselineTests.swift,\ GoldenFixtureSupport.swift,\ InventoryServiceTests.swift,\ InventoryViewModelTests.swift,\ InventoryWorkflowUseCaseTests.swift,\ JournalValidationTests.swift /Users/yutaro/project-profit-ios/ProjectProfitTests/EtaxXtxExporterTests.swift /Users/yutaro/project-profit-ios/ProjectProfitTests/EvidenceInboxQueryUseCaseTests.swift /Users/yutaro/project-profit-ios/ProjectProfitTests/ExpenseBookTests.swift /Users/yutaro/project-profit-ios/ProjectProfitTests/ExportCoordinatorTests.swift /Users/yutaro/project-profit-ios/ProjectProfitTests/FilingDashboardQueryUseCaseTests.swift /Users/yutaro/project-profit-ios/ProjectProfitTests/FilingPreflightUseCaseTests.swift /Users/yutaro/project-profit-ios/ProjectProfitTests/FiscalYearDataStoreTests.swift /Users/yutaro/project-profit-ios/ProjectProfitTests/FiscalYearUtilitiesTests.swift /Users/yutaro/project-profit-ios/ProjectProfitTests/FixedAssetNTATests.swift /Users/yutaro/project-profit-ios/ProjectProfitTests/FixedAssetWorkflowUseCaseTests.swift /Users/yutaro/project-profit-ios/ProjectProfitTests/FormEngineTests.swift /Users/yutaro/project-profit-ios/ProjectProfitTests/GeneralLedgerEnrichmentTests.swift /Users/yutaro/project-profit-ios/ProjectProfitTests/Golden/GoldenBaselineTests.swift /Users/yutaro/project-profit-ios/ProjectProfitTests/Golden/GoldenFixtureSupport.swift /Users/yutaro/project-profit-ios/ProjectProfitTests/InventoryServiceTests.swift /Users/yutaro/project-profit-ios/ProjectProfitTests/InventoryViewModelTests.swift /Users/yutaro/project-profit-ios/ProjectProfitTests/InventoryWorkflowUseCaseTests.swift /Users/yutaro/project-profit-ios/ProjectProfitTests/JournalValidationTests.swift (in target 'ProjectProfitTests' from project 'ProjectProfit')

SwiftCompile normal arm64 /Users/yutaro/project-profit-ios/ProjectProfitTests/EtaxXtxExporterTests.swift (in target 'ProjectProfitTests' from project 'ProjectProfit')
    cd /Users/yutaro/project-profit-ios
    

SwiftCompile normal arm64 /Users/yutaro/project-profit-ios/ProjectProfitTests/EvidenceInboxQueryUseCaseTests.swift (in target 'ProjectProfitTests' from project 'ProjectProfit')
    cd /Users/yutaro/project-profit-ios
    

SwiftCompile normal arm64 /Users/yutaro/project-profit-ios/ProjectProfitTests/ExpenseBookTests.swift (in target 'ProjectProfitTests' from project 'ProjectProfit')
    cd /Users/yutaro/project-profit-ios
    

SwiftCompile normal arm64 /Users/yutaro/project-profit-ios/ProjectProfitTests/ExportCoordinatorTests.swift (in target 'ProjectProfitTests' from project 'ProjectProfit')
    cd /Users/yutaro/project-profit-ios
    

SwiftCompile normal arm64 /Users/yutaro/project-profit-ios/ProjectProfitTests/FilingDashboardQueryUseCaseTests.swift (in target 'ProjectProfitTests' from project 'ProjectProfit')
    cd /Users/yutaro/project-profit-ios
    
/Users/yutaro/project-profit-ios/ProjectProfitTests/FilingDashboardQueryUseCaseTests.swift:128:99: warning: left side of nil coalescing operator '??' has non-optional type 'String', so the right side is never used
        XCTAssertEqual(snapshot.preflightIssues, [StubError.preflightFailure.localizedDescription ?? ""])
                                                  ~~~~~~~~~~~~~~~~~~~~~~~~~~~~~~~~~~~~~~~~~~~~~~~~^~~~~
                                                                                                 

SwiftCompile normal arm64 /Users/yutaro/project-profit-ios/ProjectProfitTests/FilingPreflightUseCaseTests.swift (in target 'ProjectProfitTests' from project 'ProjectProfit')
    cd /Users/yutaro/project-profit-ios
    
/Users/yutaro/project-profit-ios/ProjectProfitTests/FilingPreflightUseCaseTests.swift:148:22: warning: 'PPAccountingProfile' is deprecated: Use BusinessProfile / TaxYearProfile instead. Migration-only legacy model.
        let legacy = PPAccountingProfile(
                     ^
/Users/yutaro/project-profit-ios/ProjectProfitTests/FilingPreflightUseCaseTests.swift:157:17: warning: conformance of 'PPAccountingProfile' to 'PersistentModel' is deprecated: Use BusinessProfile / TaxYearProfile instead. Migration-only legacy model.
        context.insert(legacy)
                ^

SwiftCompile normal arm64 /Users/yutaro/project-profit-ios/ProjectProfitTests/FiscalYearDataStoreTests.swift (in target 'ProjectProfitTests' from project 'ProjectProfit')
    cd /Users/yutaro/project-profit-ios
    

SwiftCompile normal arm64 /Users/yutaro/project-profit-ios/ProjectProfitTests/FiscalYearUtilitiesTests.swift (in target 'ProjectProfitTests' from project 'ProjectProfit')
    cd /Users/yutaro/project-profit-ios
    

SwiftCompile normal arm64 /Users/yutaro/project-profit-ios/ProjectProfitTests/FixedAssetNTATests.swift (in target 'ProjectProfitTests' from project 'ProjectProfit')
    cd /Users/yutaro/project-profit-ios
    
/Users/yutaro/project-profit-ios/ProjectProfitTests/FixedAssetNTATests.swift:68:19: warning: value 'asset' was defined but never used; consider replacing with boolean test
        guard let asset = dataStore.addFixedAsset(
              ~~~~^~~~~~~~
              

SwiftCompile normal arm64 /Users/yutaro/project-profit-ios/ProjectProfitTests/FixedAssetWorkflowUseCaseTests.swift (in target 'ProjectProfitTests' from project 'ProjectProfit')
    cd /Users/yutaro/project-profit-ios
    
/Users/yutaro/project-profit-ios/ProjectProfitTests/FixedAssetWorkflowUseCaseTests.swift:163:27: warning: 'PPAccountingProfile' is deprecated: Use BusinessProfile / TaxYearProfile instead. Migration-only legacy model.
            let profile = PPAccountingProfile(
                          ^
/Users/yutaro/project-profit-ios/ProjectProfitTests/FixedAssetWorkflowUseCaseTests.swift:167:36: warning: conformance of 'PPAccountingProfile' to 'PersistentModel' is deprecated: Use BusinessProfile / TaxYearProfile instead. Migration-only legacy model.
            dataStore.modelContext.insert(profile)
                                   ^

SwiftCompile normal arm64 /Users/yutaro/project-profit-ios/ProjectProfitTests/FormEngineTests.swift (in target 'ProjectProfitTests' from project 'ProjectProfit')
    cd /Users/yutaro/project-profit-ios
    

SwiftCompile normal arm64 /Users/yutaro/project-profit-ios/ProjectProfitTests/GeneralLedgerEnrichmentTests.swift (in target 'ProjectProfitTests' from project 'ProjectProfit')
    cd /Users/yutaro/project-profit-ios
    

SwiftCompile normal arm64 /Users/yutaro/project-profit-ios/ProjectProfitTests/Golden/GoldenBaselineTests.swift (in target 'ProjectProfitTests' from project 'ProjectProfit')
    cd /Users/yutaro/project-profit-ios
    

SwiftCompile normal arm64 /Users/yutaro/project-profit-ios/ProjectProfitTests/Golden/GoldenFixtureSupport.swift (in target 'ProjectProfitTests' from project 'ProjectProfit')
    cd /Users/yutaro/project-profit-ios
    

SwiftCompile normal arm64 /Users/yutaro/project-profit-ios/ProjectProfitTests/InventoryServiceTests.swift (in target 'ProjectProfitTests' from project 'ProjectProfit')
    cd /Users/yutaro/project-profit-ios
    

SwiftCompile normal arm64 /Users/yutaro/project-profit-ios/ProjectProfitTests/InventoryViewModelTests.swift (in target 'ProjectProfitTests' from project 'ProjectProfit')
    cd /Users/yutaro/project-profit-ios
    
/Users/yutaro/project-profit-ios/ProjectProfitTests/InventoryViewModelTests.swift:117:27: warning: 'PPAccountingProfile' is deprecated: Use BusinessProfile / TaxYearProfile instead. Migration-only legacy model.
            let profile = PPAccountingProfile(
                          ^
/Users/yutaro/project-profit-ios/ProjectProfitTests/InventoryViewModelTests.swift:121:36: warning: conformance of 'PPAccountingProfile' to 'PersistentModel' is deprecated: Use BusinessProfile / TaxYearProfile instead. Migration-only legacy model.
            dataStore.modelContext.insert(profile)
                                   ^

SwiftCompile normal arm64 /Users/yutaro/project-profit-ios/ProjectProfitTests/InventoryWorkflowUseCaseTests.swift (in target 'ProjectProfitTests' from project 'ProjectProfit')
    cd /Users/yutaro/project-profit-ios
    
/Users/yutaro/project-profit-ios/ProjectProfitTests/InventoryWorkflowUseCaseTests.swift:158:27: warning: 'PPAccountingProfile' is deprecated: Use BusinessProfile / TaxYearProfile instead. Migration-only legacy model.
            let profile = PPAccountingProfile(
                          ^
/Users/yutaro/project-profit-ios/ProjectProfitTests/InventoryWorkflowUseCaseTests.swift:162:36: warning: conformance of 'PPAccountingProfile' to 'PersistentModel' is deprecated: Use BusinessProfile / TaxYearProfile instead. Migration-only legacy model.
            dataStore.modelContext.insert(profile)
                                   ^

SwiftCompile normal arm64 /Users/yutaro/project-profit-ios/ProjectProfitTests/JournalValidationTests.swift (in target 'ProjectProfitTests' from project 'ProjectProfit')
    cd /Users/yutaro/project-profit-ios
    

SwiftEmitModule normal arm64 Emitting\ module\ for\ ProjectProfitUITests (in target 'ProjectProfitUITests' from project 'ProjectProfit')

SwiftCompile normal arm64 /Users/yutaro/project-profit-ios/ProjectProfitUITests/WithholdingApprovalUITests.swift (in target 'ProjectProfitUITests' from project 'ProjectProfit')
    cd /Users/yutaro/project-profit-ios
    

SwiftDriverJobDiscovery normal arm64 Compiling ApprovalRequestRepository.swift, AuditEvent.swift, AuditEventEntity.swift, AuditEventEntityMapper.swift, AuditEventType.swift, AuditRepository.swift, BackupService.swift, BalanceSheetView.swift, BankCardReconciliationView.swift, BlueDeductionLevel.swift, BookkeepingBasis.swift, BooksWorkspaceView.swift, BundledTaxYearPackProvider.swift, BusinessProfile.swift, BusinessProfileEntity.swift, BusinessProfileEntityMapper.swift, BusinessProfileRepository.swift, CSVExportService.swift, CSVImportService.swift, CanonicalAccount.swift, CanonicalAccountEntity.swift, CanonicalAccountEntityMapper.swift, CanonicalAccountType.swift, CanonicalBookModels.swift, CanonicalBookService.swift (in target 'ProjectProfit' from project 'ProjectProfit')

SwiftCompile normal arm64 Compiling\ WithholdingApprovalUITests.swift /Users/yutaro/project-profit-ios/ProjectProfitUITests/WithholdingApprovalUITests.swift (in target 'ProjectProfitUITests' from project 'ProjectProfit')

SwiftCompile normal arm64 /Users/yutaro/project-profit-ios/ProjectProfitUITests/WithholdingApprovalUITests.swift (in target 'ProjectProfitUITests' from project 'ProjectProfit')
    cd /Users/yutaro/project-profit-ios
    

SwiftDriverJobDiscovery normal arm64 Emitting module for ProjectProfitUITests (in target 'ProjectProfitUITests' from project 'ProjectProfit')

SwiftDriver\ Compilation\ Requirements ProjectProfitUITests normal arm64 com.apple.xcode.tools.swift.compiler (in target 'ProjectProfitUITests' from project 'ProjectProfit')
    cd /Users/yutaro/project-profit-ios
    builtin-Swift-Compilation-Requirements -- /Applications/Xcode-26.3.app/Contents/Developer/Toolchains/XcodeDefault.xctoolchain/usr/bin/swiftc -module-name ProjectProfitUITests -Onone -enforce-exclusivity\=checked @/Users/yutaro/project-profit-ios/artifacts/release-quality/performance-gate/DerivedData/Build/Intermediates.noindex/ProjectProfit.build/Debug-iphonesimulator/ProjectProfitUITests.build/Objects-normal/arm64/ProjectProfitUITests.SwiftFileList -DDEBUG -module-alias Testing\=_Testing_Unavailable -plugin-path /Applications/Xcode-26.3.app/Contents/Developer/Toolchains/XcodeDefault.xctoolchain/usr/lib/swift/host/plugins/testing -enable-bare-slash-regex -enable-experimental-feature DebugDescriptionMacro -sdk /Applications/Xcode-26.3.app/Contents/Developer/Platforms/iPhoneSimulator.platform/Developer/SDKs/iPhoneSimulator26.2.sdk -target arm64-apple-ios17.0-simulator -g -module-cache-path /Users/yutaro/project-profit-ios/artifacts/release-quality/performance-gate/DerivedData/ModuleCache.noindex -Xfrontend -serialize-debugging-options -profile-coverage-mapping -profile-generate -enable-testing -index-store-path /Users/yutaro/project-profit-ios/artifacts/release-quality/performance-gate/DerivedData/Index.noindex/DataStore -Xcc -D_LIBCPP_HARDENING_MODE\=_LIBCPP_HARDENING_MODE_DEBUG -swift-version 5 -I /Users/yutaro/project-profit-ios/artifacts/release-quality/performance-gate/DerivedData/Build/Products/Debug-iphonesimulator -Isystem /Applications/Xcode-26.3.app/Contents/Developer/Platforms/iPhoneSimulator.platform/Developer/usr/lib -F /Users/yutaro/project-profit-ios/artifacts/release-quality/performance-gate/DerivedData/Build/Products/Debug-iphonesimulator -F /Applications/Xcode-26.3.app/Contents/Developer/Platforms/iPhoneSimulator.platform/Developer/Library/Frameworks -F /Applications/Xcode-26.3.app/Contents/Developer/Platforms/iPhoneSimulator.platform/Developer/SDKs/iPhoneSimulator26.2.sdk/Developer/Library/Frameworks -parse-as-library -c -j8 -enable-batch-mode -incremental -Xcc -ivfsstatcache -Xcc /Users/yutaro/project-profit-ios/artifacts/release-quality/performance-gate/DerivedData/SDKStatCaches.noindex/iphonesimulator26.2-23C57-91db6bf2b9df79783d042ed3cc29a58e.sdkstatcache -output-file-map /Users/yutaro/project-profit-ios/artifacts/release-quality/performance-gate/DerivedData/Build/Intermediates.noindex/ProjectProfit.build/Debug-iphonesimulator/ProjectProfitUITests.build/Objects-normal/arm64/ProjectProfitUITests-OutputFileMap.json -use-frontend-parseable-output -save-temps -no-color-diagnostics -explicit-module-build -module-cache-path /Users/yutaro/project-profit-ios/artifacts/release-quality/performance-gate/DerivedData/Build/Intermediates.noindex/SwiftExplicitPrecompiledModules -clang-scanner-module-cache-path /Users/yutaro/project-profit-ios/artifacts/release-quality/performance-gate/DerivedData/ModuleCache.noindex -sdk-module-cache-path /Users/yutaro/project-profit-ios/artifacts/release-quality/performance-gate/DerivedData/ModuleCache.noindex -serialize-diagnostics -emit-dependencies -emit-module -emit-module-path /Users/yutaro/project-profit-ios/artifacts/release-quality/performance-gate/DerivedData/Build/Intermediates.noindex/ProjectProfit.build/Debug-iphonesimulator/ProjectProfitUITests.build/Objects-normal/arm64/ProjectProfitUITests.swiftmodule -validate-clang-modules-once -clang-build-session-file /Users/yutaro/project-profit-ios/artifacts/release-quality/performance-gate/DerivedData/ModuleCache.noindex/Session.modulevalidation -Xcc -I/Users/yutaro/project-profit-ios/artifacts/release-quality/performance-gate/DerivedData/Build/Intermediates.noindex/ProjectProfit.build/Debug-iphonesimulator/ProjectProfitUITests.build/swift-overrides.hmap -emit-const-values -Xfrontend -const-gather-protocols-file -Xfrontend /Users/yutaro/project-profit-ios/artifacts/release-quality/performance-gate/DerivedData/Build/Intermediates.noindex/ProjectProfit.build/Debug-iphonesimulator/ProjectProfitUITests.build/Objects-normal/arm64/ProjectProfitUITests_const_extract_protocols.json -Xcc -iquote -Xcc /Users/yutaro/project-profit-ios/artifacts/release-quality/performance-gate/DerivedData/Build/Intermediates.noindex/ProjectProfit.build/Debug-iphonesimulator/ProjectProfitUITests.build/ProjectProfitUITests-generated-files.hmap -Xcc -I/Users/yutaro/project-profit-ios/artifacts/release-quality/performance-gate/DerivedData/Build/Intermediates.noindex/ProjectProfit.build/Debug-iphonesimulator/ProjectProfitUITests.build/ProjectProfitUITests-own-target-headers.hmap -Xcc -I/Users/yutaro/project-profit-ios/artifacts/release-quality/performance-gate/DerivedData/Build/Intermediates.noindex/ProjectProfit.build/Debug-iphonesimulator/ProjectProfitUITests.build/ProjectProfitUITests-all-non-framework-target-headers.hmap -Xcc -ivfsoverlay -Xcc /Users/yutaro/project-profit-ios/artifacts/release-quality/performance-gate/DerivedData/Build/Intermediates.noindex/ProjectProfit.build/Debug-iphonesimulator/ProjectProfit-bc30635a8cb06e5d3ecf94d8d93f544c-VFS-iphonesimulator/all-product-headers.yaml -Xcc -iquote -Xcc /Users/yutaro/project-profit-ios/artifacts/release-quality/performance-gate/DerivedData/Build/Intermediates.noindex/ProjectProfit.build/Debug-iphonesimulator/ProjectProfitUITests.build/ProjectProfitUITests-project-headers.hmap -Xcc -I/Users/yutaro/project-profit-ios/artifacts/release-quality/performance-gate/DerivedData/Build/Products/Debug-iphonesimulator/include -Xcc -I/Users/yutaro/project-profit-ios/artifacts/release-quality/performance-gate/DerivedData/Build/Intermediates.noindex/ProjectProfit.build/Debug-iphonesimulator/ProjectProfitUITests.build/DerivedSources-normal/arm64 -Xcc -I/Users/yutaro/project-profit-ios/artifacts/release-quality/performance-gate/DerivedData/Build/Intermediates.noindex/ProjectProfit.build/Debug-iphonesimulator/ProjectProfitUITests.build/DerivedSources/arm64 -Xcc -I/Users/yutaro/project-profit-ios/artifacts/release-quality/performance-gate/DerivedData/Build/Intermediates.noindex/ProjectProfit.build/Debug-iphonesimulator/ProjectProfitUITests.build/DerivedSources -Xcc -DDEBUG\=1 -emit-objc-header -emit-objc-header-path /Users/yutaro/project-profit-ios/artifacts/release-quality/performance-gate/DerivedData/Build/Intermediates.noindex/ProjectProfit.build/Debug-iphonesimulator/ProjectProfitUITests.build/Objects-normal/arm64/ProjectProfitUITests-Swift.h -working-directory /Users/yutaro/project-profit-ios -experimental-emit-module-separately -disable-cmo

SwiftDriverJobDiscovery normal arm64 Emitting module for ProjectProfitTests (in target 'ProjectProfitTests' from project 'ProjectProfit')

SwiftDriver\ Compilation\ Requirements ProjectProfitTests normal arm64 com.apple.xcode.tools.swift.compiler (in target 'ProjectProfitTests' from project 'ProjectProfit')
    cd /Users/yutaro/project-profit-ios
    builtin-Swift-Compilation-Requirements -- /Applications/Xcode-26.3.app/Contents/Developer/Toolchains/XcodeDefault.xctoolchain/usr/bin/swiftc -module-name ProjectProfitTests -Onone -enforce-exclusivity\=checked @/Users/yutaro/project-profit-ios/artifacts/release-quality/performance-gate/DerivedData/Build/Intermediates.noindex/ProjectProfit.build/Debug-iphonesimulator/ProjectProfitTests.build/Objects-normal/arm64/ProjectProfitTests.SwiftFileList -DDEBUG -Xcc -fmodule-map-file\=/Users/yutaro/project-profit-ios/artifacts/release-quality/performance-gate/DerivedData/Build/Intermediates.noindex/GeneratedModuleMaps-iphonesimulator/libxlsxwriter.modulemap -plugin-path /Applications/Xcode-26.3.app/Contents/Developer/Toolchains/XcodeDefault.xctoolchain/usr/lib/swift/host/plugins/testing -enable-bare-slash-regex -enable-experimental-feature DebugDescriptionMacro -sdk /Applications/Xcode-26.3.app/Contents/Developer/Platforms/iPhoneSimulator.platform/Developer/SDKs/iPhoneSimulator26.2.sdk -target arm64-apple-ios17.0-simulator -g -module-cache-path /Users/yutaro/project-profit-ios/artifacts/release-quality/performance-gate/DerivedData/ModuleCache.noindex -Xfrontend -serialize-debugging-options -profile-coverage-mapping -profile-generate -enable-testing -index-store-path /Users/yutaro/project-profit-ios/artifacts/release-quality/performance-gate/DerivedData/Index.noindex/DataStore -Xcc -D_LIBCPP_HARDENING_MODE\=_LIBCPP_HARDENING_MODE_DEBUG -swift-version 5 -I /Users/yutaro/project-profit-ios/artifacts/release-quality/performance-gate/DerivedData/Build/Products/Debug-iphonesimulator -I /Users/yutaro/project-profit-ios/ProjectProfit/Ledger/Bridge/xlsxwriter -Isystem /Applications/Xcode-26.3.app/Contents/Developer/Platforms/iPhoneSimulator.platform/Developer/usr/lib -F /Users/yutaro/project-profit-ios/artifacts/release-quality/performance-gate/DerivedData/Build/Products/Debug-iphonesimulator/PackageFrameworks -F /Users/yutaro/project-profit-ios/artifacts/release-quality/performance-gate/DerivedData/Build/Products/Debug-iphonesimulator -F /Applications/Xcode-26.3.app/Contents/Developer/Platforms/iPhoneSimulator.platform/Developer/Library/Frameworks -F /Applications/Xcode-26.3.app/Contents/Developer/Platforms/iPhoneSimulator.platform/Developer/SDKs/iPhoneSimulator26.2.sdk/Developer/Library/Frameworks -c -j8 -enable-batch-mode -incremental -Xcc -ivfsstatcache -Xcc /Users/yutaro/project-profit-ios/artifacts/release-quality/performance-gate/DerivedData/SDKStatCaches.noindex/iphonesimulator26.2-23C57-91db6bf2b9df79783d042ed3cc29a58e.sdkstatcache -output-file-map /Users/yutaro/project-profit-ios/artifacts/release-quality/performance-gate/DerivedData/Build/Intermediates.noindex/ProjectProfit.build/Debug-iphonesimulator/ProjectProfitTests.build/Objects-normal/arm64/ProjectProfitTests-OutputFileMap.json -use-frontend-parseable-output -save-temps -no-color-diagnostics -explicit-module-build -module-cache-path /Users/yutaro/project-profit-ios/artifacts/release-quality/performance-gate/DerivedData/Build/Intermediates.noindex/SwiftExplicitPrecompiledModules -clang-scanner-module-cache-path /Users/yutaro/project-profit-ios/artifacts/release-quality/performance-gate/DerivedData/ModuleCache.noindex -sdk-module-cache-path /Users/yutaro/project-profit-ios/artifacts/release-quality/performance-gate/DerivedData/ModuleCache.noindex -serialize-diagnostics -emit-dependencies -emit-module -emit-module-path /Users/yutaro/project-profit-ios/artifacts/release-quality/performance-gate/DerivedData/Build/Intermediates.noindex/ProjectProfit.build/Debug-iphonesimulator/ProjectProfitTests.build/Objects-normal/arm64/ProjectProfitTests.swiftmodule -validate-clang-modules-once -clang-build-session-file /Users/yutaro/project-profit-ios/artifacts/release-quality/performance-gate/DerivedData/ModuleCache.noindex/Session.modulevalidation -Xcc -I/Users/yutaro/project-profit-ios/artifacts/release-quality/performance-gate/DerivedData/Build/Intermediates.noindex/ProjectProfit.build/Debug-iphonesimulator/ProjectProfitTests.build/swift-overrides.hmap -emit-const-values -Xfrontend -const-gather-protocols-file -Xfrontend /Users/yutaro/project-profit-ios/artifacts/release-quality/performance-gate/DerivedData/Build/Intermediates.noindex/ProjectProfit.build/Debug-iphonesimulator/ProjectProfitTests.build/Objects-normal/arm64/ProjectProfitTests_const_extract_protocols.json -Xcc -iquote -Xcc /Users/yutaro/project-profit-ios/artifacts/release-quality/performance-gate/DerivedData/Build/Intermediates.noindex/ProjectProfit.build/Debug-iphonesimulator/ProjectProfitTests.build/ProjectProfitTests-generated-files.hmap -Xcc -I/Users/yutaro/project-profit-ios/artifacts/release-quality/performance-gate/DerivedData/Build/Intermediates.noindex/ProjectProfit.build/Debug-iphonesimulator/ProjectProfitTests.build/ProjectProfitTests-own-target-headers.hmap -Xcc -I/Users/yutaro/project-profit-ios/artifacts/release-quality/performance-gate/DerivedData/Build/Intermediates.noindex/ProjectProfit.build/Debug-iphonesimulator/ProjectProfitTests.build/ProjectProfitTests-all-non-framework-target-headers.hmap -Xcc -ivfsoverlay -Xcc /Users/yutaro/project-profit-ios/artifacts/release-quality/performance-gate/DerivedData/Build/Intermediates.noindex/ProjectProfit.build/Debug-iphonesimulator/ProjectProfit-bc30635a8cb06e5d3ecf94d8d93f544c-VFS-iphonesimulator/all-product-headers.yaml -Xcc -iquote -Xcc /Users/yutaro/project-profit-ios/artifacts/release-quality/performance-gate/DerivedData/Build/Intermediates.noindex/ProjectProfit.build/Debug-iphonesimulator/ProjectProfitTests.build/ProjectProfitTests-project-headers.hmap -Xcc -I/Users/yutaro/project-profit-ios/artifacts/release-quality/performance-gate/DerivedData/SourcePackages/checkouts/libxlsxwriter/include -Xcc -I/Users/yutaro/project-profit-ios/artifacts/release-quality/performance-gate/DerivedData/Build/Products/Debug-iphonesimulator/include -Xcc -I/Users/yutaro/project-profit-ios/artifacts/release-quality/performance-gate/DerivedData/SourcePackages/checkouts/libxlsxwriter/include -Xcc -I/Users/yutaro/project-profit-ios/artifacts/release-quality/performance-gate/DerivedData/Build/Intermediates.noindex/ProjectProfit.build/Debug-iphonesimulator/ProjectProfitTests.build/DerivedSources-normal/arm64 -Xcc -I/Users/yutaro/project-profit-ios/artifacts/release-quality/performance-gate/DerivedData/Build/Intermediates.noindex/ProjectProfit.build/Debug-iphonesimulator/ProjectProfitTests.build/DerivedSources/arm64 -Xcc -I/Users/yutaro/project-profit-ios/artifacts/release-quality/performance-gate/DerivedData/Build/Intermediates.noindex/ProjectProfit.build/Debug-iphonesimulator/ProjectProfitTests.build/DerivedSources -Xcc -DDEBUG\=1 -emit-objc-header -emit-objc-header-path /Users/yutaro/project-profit-ios/artifacts/release-quality/performance-gate/DerivedData/Build/Intermediates.noindex/ProjectProfit.build/Debug-iphonesimulator/ProjectProfitTests.build/Objects-normal/arm64/ProjectProfitTests-Swift.h -working-directory /Users/yutaro/project-profit-ios -experimental-emit-module-separately -disable-cmo

SwiftMergeGeneratedHeaders /Users/yutaro/project-profit-ios/artifacts/release-quality/performance-gate/DerivedData/Build/Intermediates.noindex/ProjectProfit.build/Debug-iphonesimulator/ProjectProfitUITests.build/DerivedSources/ProjectProfitUITests-Swift.h /Users/yutaro/project-profit-ios/artifacts/release-quality/performance-gate/DerivedData/Build/Intermediates.noindex/ProjectProfit.build/Debug-iphonesimulator/ProjectProfitUITests.build/Objects-normal/arm64/ProjectProfitUITests-Swift.h (in target 'ProjectProfitUITests' from project 'ProjectProfit')
    cd /Users/yutaro/project-profit-ios
    builtin-swiftHeaderTool -arch arm64 /Users/yutaro/project-profit-ios/artifacts/release-quality/performance-gate/DerivedData/Build/Intermediates.noindex/ProjectProfit.build/Debug-iphonesimulator/ProjectProfitUITests.build/Objects-normal/arm64/ProjectProfitUITests-Swift.h -o /Users/yutaro/project-profit-ios/artifacts/release-quality/performance-gate/DerivedData/Build/Intermediates.noindex/ProjectProfit.build/Debug-iphonesimulator/ProjectProfitUITests.build/DerivedSources/ProjectProfitUITests-Swift.h

SwiftDriverJobDiscovery normal arm64 Compiling WithholdingApprovalUITests.swift (in target 'ProjectProfitUITests' from project 'ProjectProfit')

Copy /Users/yutaro/project-profit-ios/artifacts/release-quality/performance-gate/DerivedData/Build/Products/Debug-iphonesimulator/ProjectProfitUITests.swiftmodule/arm64-apple-ios-simulator.swiftmodule /Users/yutaro/project-profit-ios/artifacts/release-quality/performance-gate/DerivedData/Build/Intermediates.noindex/ProjectProfit.build/Debug-iphonesimulator/ProjectProfitUITests.build/Objects-normal/arm64/ProjectProfitUITests.swiftmodule (in target 'ProjectProfitUITests' from project 'ProjectProfit')
    cd /Users/yutaro/project-profit-ios
    builtin-copy -exclude .DS_Store -exclude CVS -exclude .svn -exclude .git -exclude .hg -resolve-src-symlinks -rename /Users/yutaro/project-profit-ios/artifacts/release-quality/performance-gate/DerivedData/Build/Intermediates.noindex/ProjectProfit.build/Debug-iphonesimulator/ProjectProfitUITests.build/Objects-normal/arm64/ProjectProfitUITests.swiftmodule /Users/yutaro/project-profit-ios/artifacts/release-quality/performance-gate/DerivedData/Build/Products/Debug-iphonesimulator/ProjectProfitUITests.swiftmodule/arm64-apple-ios-simulator.swiftmodule

Copy /Users/yutaro/project-profit-ios/artifacts/release-quality/performance-gate/DerivedData/Build/Products/Debug-iphonesimulator/ProjectProfitUITests.swiftmodule/arm64-apple-ios-simulator.swiftdoc /Users/yutaro/project-profit-ios/artifacts/release-quality/performance-gate/DerivedData/Build/Intermediates.noindex/ProjectProfit.build/Debug-iphonesimulator/ProjectProfitUITests.build/Objects-normal/arm64/ProjectProfitUITests.swiftdoc (in target 'ProjectProfitUITests' from project 'ProjectProfit')
    cd /Users/yutaro/project-profit-ios
    builtin-copy -exclude .DS_Store -exclude CVS -exclude .svn -exclude .git -exclude .hg -resolve-src-symlinks -rename /Users/yutaro/project-profit-ios/artifacts/release-quality/performance-gate/DerivedData/Build/Intermediates.noindex/ProjectProfit.build/Debug-iphonesimulator/ProjectProfitUITests.build/Objects-normal/arm64/ProjectProfitUITests.swiftdoc /Users/yutaro/project-profit-ios/artifacts/release-quality/performance-gate/DerivedData/Build/Products/Debug-iphonesimulator/ProjectProfitUITests.swiftmodule/arm64-apple-ios-simulator.swiftdoc

Copy /Users/yutaro/project-profit-ios/artifacts/release-quality/performance-gate/DerivedData/Build/Products/Debug-iphonesimulator/ProjectProfitUITests.swiftmodule/arm64-apple-ios-simulator.abi.json /Users/yutaro/project-profit-ios/artifacts/release-quality/performance-gate/DerivedData/Build/Intermediates.noindex/ProjectProfit.build/Debug-iphonesimulator/ProjectProfitUITests.build/Objects-normal/arm64/ProjectProfitUITests.abi.json (in target 'ProjectProfitUITests' from project 'ProjectProfit')
    cd /Users/yutaro/project-profit-ios
    builtin-copy -exclude .DS_Store -exclude CVS -exclude .svn -exclude .git -exclude .hg -resolve-src-symlinks -rename /Users/yutaro/project-profit-ios/artifacts/release-quality/performance-gate/DerivedData/Build/Intermediates.noindex/ProjectProfit.build/Debug-iphonesimulator/ProjectProfitUITests.build/Objects-normal/arm64/ProjectProfitUITests.abi.json /Users/yutaro/project-profit-ios/artifacts/release-quality/performance-gate/DerivedData/Build/Products/Debug-iphonesimulator/ProjectProfitUITests.swiftmodule/arm64-apple-ios-simulator.abi.json

Copy /Users/yutaro/project-profit-ios/artifacts/release-quality/performance-gate/DerivedData/Build/Products/Debug-iphonesimulator/ProjectProfitUITests.swiftmodule/Project/arm64-apple-ios-simulator.swiftsourceinfo /Users/yutaro/project-profit-ios/artifacts/release-quality/performance-gate/DerivedData/Build/Intermediates.noindex/ProjectProfit.build/Debug-iphonesimulator/ProjectProfitUITests.build/Objects-normal/arm64/ProjectProfitUITests.swiftsourceinfo (in target 'ProjectProfitUITests' from project 'ProjectProfit')
    cd /Users/yutaro/project-profit-ios
    builtin-copy -exclude .DS_Store -exclude CVS -exclude .svn -exclude .git -exclude .hg -resolve-src-symlinks -rename /Users/yutaro/project-profit-ios/artifacts/release-quality/performance-gate/DerivedData/Build/Intermediates.noindex/ProjectProfit.build/Debug-iphonesimulator/ProjectProfitUITests.build/Objects-normal/arm64/ProjectProfitUITests.swiftsourceinfo /Users/yutaro/project-profit-ios/artifacts/release-quality/performance-gate/DerivedData/Build/Products/Debug-iphonesimulator/ProjectProfitUITests.swiftmodule/Project/arm64-apple-ios-simulator.swiftsourceinfo

SwiftMergeGeneratedHeaders /Users/yutaro/project-profit-ios/artifacts/release-quality/performance-gate/DerivedData/Build/Intermediates.noindex/ProjectProfit.build/Debug-iphonesimulator/ProjectProfitTests.build/DerivedSources/ProjectProfitTests-Swift.h /Users/yutaro/project-profit-ios/artifacts/release-quality/performance-gate/DerivedData/Build/Intermediates.noindex/ProjectProfit.build/Debug-iphonesimulator/ProjectProfitTests.build/Objects-normal/arm64/ProjectProfitTests-Swift.h (in target 'ProjectProfitTests' from project 'ProjectProfit')
    cd /Users/yutaro/project-profit-ios
    builtin-swiftHeaderTool -arch arm64 /Users/yutaro/project-profit-ios/artifacts/release-quality/performance-gate/DerivedData/Build/Intermediates.noindex/ProjectProfit.build/Debug-iphonesimulator/ProjectProfitTests.build/Objects-normal/arm64/ProjectProfitTests-Swift.h -o /Users/yutaro/project-profit-ios/artifacts/release-quality/performance-gate/DerivedData/Build/Intermediates.noindex/ProjectProfit.build/Debug-iphonesimulator/ProjectProfitTests.build/DerivedSources/ProjectProfitTests-Swift.h

Copy /Users/yutaro/project-profit-ios/artifacts/release-quality/performance-gate/DerivedData/Build/Products/Debug-iphonesimulator/ProjectProfitTests.swiftmodule/arm64-apple-ios-simulator.swiftmodule /Users/yutaro/project-profit-ios/artifacts/release-quality/performance-gate/DerivedData/Build/Intermediates.noindex/ProjectProfit.build/Debug-iphonesimulator/ProjectProfitTests.build/Objects-normal/arm64/ProjectProfitTests.swiftmodule (in target 'ProjectProfitTests' from project 'ProjectProfit')
    cd /Users/yutaro/project-profit-ios
    builtin-copy -exclude .DS_Store -exclude CVS -exclude .svn -exclude .git -exclude .hg -resolve-src-symlinks -rename /Users/yutaro/project-profit-ios/artifacts/release-quality/performance-gate/DerivedData/Build/Intermediates.noindex/ProjectProfit.build/Debug-iphonesimulator/ProjectProfitTests.build/Objects-normal/arm64/ProjectProfitTests.swiftmodule /Users/yutaro/project-profit-ios/artifacts/release-quality/performance-gate/DerivedData/Build/Products/Debug-iphonesimulator/ProjectProfitTests.swiftmodule/arm64-apple-ios-simulator.swiftmodule

Copy /Users/yutaro/project-profit-ios/artifacts/release-quality/performance-gate/DerivedData/Build/Products/Debug-iphonesimulator/ProjectProfitTests.swiftmodule/arm64-apple-ios-simulator.swiftdoc /Users/yutaro/project-profit-ios/artifacts/release-quality/performance-gate/DerivedData/Build/Intermediates.noindex/ProjectProfit.build/Debug-iphonesimulator/ProjectProfitTests.build/Objects-normal/arm64/ProjectProfitTests.swiftdoc (in target 'ProjectProfitTests' from project 'ProjectProfit')
    cd /Users/yutaro/project-profit-ios
    builtin-copy -exclude .DS_Store -exclude CVS -exclude .svn -exclude .git -exclude .hg -resolve-src-symlinks -rename /Users/yutaro/project-profit-ios/artifacts/release-quality/performance-gate/DerivedData/Build/Intermediates.noindex/ProjectProfit.build/Debug-iphonesimulator/ProjectProfitTests.build/Objects-normal/arm64/ProjectProfitTests.swiftdoc /Users/yutaro/project-profit-ios/artifacts/release-quality/performance-gate/DerivedData/Build/Products/Debug-iphonesimulator/ProjectProfitTests.swiftmodule/arm64-apple-ios-simulator.swiftdoc

Copy /Users/yutaro/project-profit-ios/artifacts/release-quality/performance-gate/DerivedData/Build/Products/Debug-iphonesimulator/ProjectProfitTests.swiftmodule/arm64-apple-ios-simulator.abi.json /Users/yutaro/project-profit-ios/artifacts/release-quality/performance-gate/DerivedData/Build/Intermediates.noindex/ProjectProfit.build/Debug-iphonesimulator/ProjectProfitTests.build/Objects-normal/arm64/ProjectProfitTests.abi.json (in target 'ProjectProfitTests' from project 'ProjectProfit')
    cd /Users/yutaro/project-profit-ios
    builtin-copy -exclude .DS_Store -exclude CVS -exclude .svn -exclude .git -exclude .hg -resolve-src-symlinks -rename /Users/yutaro/project-profit-ios/artifacts/release-quality/performance-gate/DerivedData/Build/Intermediates.noindex/ProjectProfit.build/Debug-iphonesimulator/ProjectProfitTests.build/Objects-normal/arm64/ProjectProfitTests.abi.json /Users/yutaro/project-profit-ios/artifacts/release-quality/performance-gate/DerivedData/Build/Products/Debug-iphonesimulator/ProjectProfitTests.swiftmodule/arm64-apple-ios-simulator.abi.json

Copy /Users/yutaro/project-profit-ios/artifacts/release-quality/performance-gate/DerivedData/Build/Products/Debug-iphonesimulator/ProjectProfitTests.swiftmodule/Project/arm64-apple-ios-simulator.swiftsourceinfo /Users/yutaro/project-profit-ios/artifacts/release-quality/performance-gate/DerivedData/Build/Intermediates.noindex/ProjectProfit.build/Debug-iphonesimulator/ProjectProfitTests.build/Objects-normal/arm64/ProjectProfitTests.swiftsourceinfo (in target 'ProjectProfitTests' from project 'ProjectProfit')
    cd /Users/yutaro/project-profit-ios
    builtin-copy -exclude .DS_Store -exclude CVS -exclude .svn -exclude .git -exclude .hg -resolve-src-symlinks -rename /Users/yutaro/project-profit-ios/artifacts/release-quality/performance-gate/DerivedData/Build/Intermediates.noindex/ProjectProfit.build/Debug-iphonesimulator/ProjectProfitTests.build/Objects-normal/arm64/ProjectProfitTests.swiftsourceinfo /Users/yutaro/project-profit-ios/artifacts/release-quality/performance-gate/DerivedData/Build/Products/Debug-iphonesimulator/ProjectProfitTests.swiftmodule/Project/arm64-apple-ios-simulator.swiftsourceinfo

SwiftDriver\ Compilation ProjectProfitUITests normal arm64 com.apple.xcode.tools.swift.compiler (in target 'ProjectProfitUITests' from project 'ProjectProfit')
    cd /Users/yutaro/project-profit-ios
    builtin-Swift-Compilation -- /Applications/Xcode-26.3.app/Contents/Developer/Toolchains/XcodeDefault.xctoolchain/usr/bin/swiftc -module-name ProjectProfitUITests -Onone -enforce-exclusivity\=checked @/Users/yutaro/project-profit-ios/artifacts/release-quality/performance-gate/DerivedData/Build/Intermediates.noindex/ProjectProfit.build/Debug-iphonesimulator/ProjectProfitUITests.build/Objects-normal/arm64/ProjectProfitUITests.SwiftFileList -DDEBUG -module-alias Testing\=_Testing_Unavailable -plugin-path /Applications/Xcode-26.3.app/Contents/Developer/Toolchains/XcodeDefault.xctoolchain/usr/lib/swift/host/plugins/testing -enable-bare-slash-regex -enable-experimental-feature DebugDescriptionMacro -sdk /Applications/Xcode-26.3.app/Contents/Developer/Platforms/iPhoneSimulator.platform/Developer/SDKs/iPhoneSimulator26.2.sdk -target arm64-apple-ios17.0-simulator -g -module-cache-path /Users/yutaro/project-profit-ios/artifacts/release-quality/performance-gate/DerivedData/ModuleCache.noindex -Xfrontend -serialize-debugging-options -profile-coverage-mapping -profile-generate -enable-testing -index-store-path /Users/yutaro/project-profit-ios/artifacts/release-quality/performance-gate/DerivedData/Index.noindex/DataStore -Xcc -D_LIBCPP_HARDENING_MODE\=_LIBCPP_HARDENING_MODE_DEBUG -swift-version 5 -I /Users/yutaro/project-profit-ios/artifacts/release-quality/performance-gate/DerivedData/Build/Products/Debug-iphonesimulator -Isystem /Applications/Xcode-26.3.app/Contents/Developer/Platforms/iPhoneSimulator.platform/Developer/usr/lib -F /Users/yutaro/project-profit-ios/artifacts/release-quality/performance-gate/DerivedData/Build/Products/Debug-iphonesimulator -F /Applications/Xcode-26.3.app/Contents/Developer/Platforms/iPhoneSimulator.platform/Developer/Library/Frameworks -F /Applications/Xcode-26.3.app/Contents/Developer/Platforms/iPhoneSimulator.platform/Developer/SDKs/iPhoneSimulator26.2.sdk/Developer/Library/Frameworks -parse-as-library -c -j8 -enable-batch-mode -incremental -Xcc -ivfsstatcache -Xcc /Users/yutaro/project-profit-ios/artifacts/release-quality/performance-gate/DerivedData/SDKStatCaches.noindex/iphonesimulator26.2-23C57-91db6bf2b9df79783d042ed3cc29a58e.sdkstatcache -output-file-map /Users/yutaro/project-profit-ios/artifacts/release-quality/performance-gate/DerivedData/Build/Intermediates.noindex/ProjectProfit.build/Debug-iphonesimulator/ProjectProfitUITests.build/Objects-normal/arm64/ProjectProfitUITests-OutputFileMap.json -use-frontend-parseable-output -save-temps -no-color-diagnostics -explicit-module-build -module-cache-path /Users/yutaro/project-profit-ios/artifacts/release-quality/performance-gate/DerivedData/Build/Intermediates.noindex/SwiftExplicitPrecompiledModules -clang-scanner-module-cache-path /Users/yutaro/project-profit-ios/artifacts/release-quality/performance-gate/DerivedData/ModuleCache.noindex -sdk-module-cache-path /Users/yutaro/project-profit-ios/artifacts/release-quality/performance-gate/DerivedData/ModuleCache.noindex -serialize-diagnostics -emit-dependencies -emit-module -emit-module-path /Users/yutaro/project-profit-ios/artifacts/release-quality/performance-gate/DerivedData/Build/Intermediates.noindex/ProjectProfit.build/Debug-iphonesimulator/ProjectProfitUITests.build/Objects-normal/arm64/ProjectProfitUITests.swiftmodule -validate-clang-modules-once -clang-build-session-file /Users/yutaro/project-profit-ios/artifacts/release-quality/performance-gate/DerivedData/ModuleCache.noindex/Session.modulevalidation -Xcc -I/Users/yutaro/project-profit-ios/artifacts/release-quality/performance-gate/DerivedData/Build/Intermediates.noindex/ProjectProfit.build/Debug-iphonesimulator/ProjectProfitUITests.build/swift-overrides.hmap -emit-const-values -Xfrontend -const-gather-protocols-file -Xfrontend /Users/yutaro/project-profit-ios/artifacts/release-quality/performance-gate/DerivedData/Build/Intermediates.noindex/ProjectProfit.build/Debug-iphonesimulator/ProjectProfitUITests.build/Objects-normal/arm64/ProjectProfitUITests_const_extract_protocols.json -Xcc -iquote -Xcc /Users/yutaro/project-profit-ios/artifacts/release-quality/performance-gate/DerivedData/Build/Intermediates.noindex/ProjectProfit.build/Debug-iphonesimulator/ProjectProfitUITests.build/ProjectProfitUITests-generated-files.hmap -Xcc -I/Users/yutaro/project-profit-ios/artifacts/release-quality/performance-gate/DerivedData/Build/Intermediates.noindex/ProjectProfit.build/Debug-iphonesimulator/ProjectProfitUITests.build/ProjectProfitUITests-own-target-headers.hmap -Xcc -I/Users/yutaro/project-profit-ios/artifacts/release-quality/performance-gate/DerivedData/Build/Intermediates.noindex/ProjectProfit.build/Debug-iphonesimulator/ProjectProfitUITests.build/ProjectProfitUITests-all-non-framework-target-headers.hmap -Xcc -ivfsoverlay -Xcc /Users/yutaro/project-profit-ios/artifacts/release-quality/performance-gate/DerivedData/Build/Intermediates.noindex/ProjectProfit.build/Debug-iphonesimulator/ProjectProfit-bc30635a8cb06e5d3ecf94d8d93f544c-VFS-iphonesimulator/all-product-headers.yaml -Xcc -iquote -Xcc /Users/yutaro/project-profit-ios/artifacts/release-quality/performance-gate/DerivedData/Build/Intermediates.noindex/ProjectProfit.build/Debug-iphonesimulator/ProjectProfitUITests.build/ProjectProfitUITests-project-headers.hmap -Xcc -I/Users/yutaro/project-profit-ios/artifacts/release-quality/performance-gate/DerivedData/Build/Products/Debug-iphonesimulator/include -Xcc -I/Users/yutaro/project-profit-ios/artifacts/release-quality/performance-gate/DerivedData/Build/Intermediates.noindex/ProjectProfit.build/Debug-iphonesimulator/ProjectProfitUITests.build/DerivedSources-normal/arm64 -Xcc -I/Users/yutaro/project-profit-ios/artifacts/release-quality/performance-gate/DerivedData/Build/Intermediates.noindex/ProjectProfit.build/Debug-iphonesimulator/ProjectProfitUITests.build/DerivedSources/arm64 -Xcc -I/Users/yutaro/project-profit-ios/artifacts/release-quality/performance-gate/DerivedData/Build/Intermediates.noindex/ProjectProfit.build/Debug-iphonesimulator/ProjectProfitUITests.build/DerivedSources -Xcc -DDEBUG\=1 -emit-objc-header -emit-objc-header-path /Users/yutaro/project-profit-ios/artifacts/release-quality/performance-gate/DerivedData/Build/Intermediates.noindex/ProjectProfit.build/Debug-iphonesimulator/ProjectProfitUITests.build/Objects-normal/arm64/ProjectProfitUITests-Swift.h -working-directory /Users/yutaro/project-profit-ios -experimental-emit-module-separately -disable-cmo

SwiftCompile normal arm64 Compiling\ APBookTests.swift,\ ARBookTests.swift,\ AccountingBootstrapTests.swift,\ AccountingConstantsTests.swift,\ AccountingEngineTests.swift,\ AccountingIntegrationTests.swift,\ AccountingPerformanceTests.swift,\ AccountingReadQueryUseCaseTests.swift,\ AccountingReportServiceTests.swift,\ AllocationCalculatorTests.swift,\ AnnualBlueReturnScenarioTests.swift,\ AppBootstrapWorkflowUseCaseTests.swift,\ AppShellWorkflowUseCaseTests.swift,\ ApprovalQueueQueryUseCaseTests.swift,\ ApprovalQueueWorkflowUseCaseTests.swift,\ BackupRestoreServiceTests.swift,\ BooksWorkspaceViewTests.swift,\ BusinessProfileTests.swift,\ CSVExportServiceTests.swift /Users/yutaro/project-profit-ios/ProjectProfitTests/APBookTests.swift /Users/yutaro/project-profit-ios/ProjectProfitTests/ARBookTests.swift /Users/yutaro/project-profit-ios/ProjectProfitTests/AccountingBootstrapTests.swift /Users/yutaro/project-profit-ios/ProjectProfitTests/AccountingConstantsTests.swift /Users/yutaro/project-profit-ios/ProjectProfitTests/AccountingEngineTests.swift /Users/yutaro/project-profit-ios/ProjectProfitTests/AccountingIntegrationTests.swift /Users/yutaro/project-profit-ios/ProjectProfitTests/AccountingPerformanceTests.swift /Users/yutaro/project-profit-ios/ProjectProfitTests/AccountingReadQueryUseCaseTests.swift /Users/yutaro/project-profit-ios/ProjectProfitTests/AccountingReportServiceTests.swift /Users/yutaro/project-profit-ios/ProjectProfitTests/Core/AllocationCalculatorTests.swift /Users/yutaro/project-profit-ios/ProjectProfitTests/AnnualBlueReturnScenarioTests.swift /Users/yutaro/project-profit-ios/ProjectProfitTests/AppBootstrapWorkflowUseCaseTests.swift /Users/yutaro/project-profit-ios/ProjectProfitTests/AppShellWorkflowUseCaseTests.swift /Users/yutaro/project-profit-ios/ProjectProfitTests/ApprovalQueueQueryUseCaseTests.swift /Users/yutaro/project-profit-ios/ProjectProfitTests/ApprovalQueueWorkflowUseCaseTests.swift /Users/yutaro/project-profit-ios/ProjectProfitTests/BackupRestoreServiceTests.swift /Users/yutaro/project-profit-ios/ProjectProfitTests/BooksWorkspaceViewTests.swift /Users/yutaro/project-profit-ios/ProjectProfitTests/Core/BusinessProfileTests.swift /Users/yutaro/project-profit-ios/ProjectProfitTests/CSVExportServiceTests.swift (in target 'ProjectProfitTests' from project 'ProjectProfit')

SwiftCompile normal arm64 /Users/yutaro/project-profit-ios/ProjectProfitTests/APBookTests.swift (in target 'ProjectProfitTests' from project 'ProjectProfit')
    cd /Users/yutaro/project-profit-ios
    

SwiftCompile normal arm64 /Users/yutaro/project-profit-ios/ProjectProfitTests/ARBookTests.swift (in target 'ProjectProfitTests' from project 'ProjectProfit')
    cd /Users/yutaro/project-profit-ios
    

SwiftCompile normal arm64 /Users/yutaro/project-profit-ios/ProjectProfitTests/AccountingBootstrapTests.swift (in target 'ProjectProfitTests' from project 'ProjectProfit')
    cd /Users/yutaro/project-profit-ios
    

SwiftCompile normal arm64 /Users/yutaro/project-profit-ios/ProjectProfitTests/AccountingConstantsTests.swift (in target 'ProjectProfitTests' from project 'ProjectProfit')
    cd /Users/yutaro/project-profit-ios
    

SwiftCompile normal arm64 /Users/yutaro/project-profit-ios/ProjectProfitTests/AccountingEngineTests.swift (in target 'ProjectProfitTests' from project 'ProjectProfit')
    cd /Users/yutaro/project-profit-ios
    

SwiftCompile normal arm64 /Users/yutaro/project-profit-ios/ProjectProfitTests/AccountingIntegrationTests.swift (in target 'ProjectProfitTests' from project 'ProjectProfit')
    cd /Users/yutaro/project-profit-ios
    

SwiftCompile normal arm64 /Users/yutaro/project-profit-ios/ProjectProfitTests/AccountingPerformanceTests.swift (in target 'ProjectProfitTests' from project 'ProjectProfit')
    cd /Users/yutaro/project-profit-ios
    

SwiftCompile normal arm64 /Users/yutaro/project-profit-ios/ProjectProfitTests/AccountingReadQueryUseCaseTests.swift (in target 'ProjectProfitTests' from project 'ProjectProfit')
    cd /Users/yutaro/project-profit-ios
    

SwiftCompile normal arm64 /Users/yutaro/project-profit-ios/ProjectProfitTests/AccountingReportServiceTests.swift (in target 'ProjectProfitTests' from project 'ProjectProfit')
    cd /Users/yutaro/project-profit-ios
    

SwiftCompile normal arm64 /Users/yutaro/project-profit-ios/ProjectProfitTests/Core/AllocationCalculatorTests.swift (in target 'ProjectProfitTests' from project 'ProjectProfit')
    cd /Users/yutaro/project-profit-ios
    

SwiftCompile normal arm64 /Users/yutaro/project-profit-ios/ProjectProfitTests/AnnualBlueReturnScenarioTests.swift (in target 'ProjectProfitTests' from project 'ProjectProfit')
    cd /Users/yutaro/project-profit-ios
    

SwiftCompile normal arm64 /Users/yutaro/project-profit-ios/ProjectProfitTests/AppBootstrapWorkflowUseCaseTests.swift (in target 'ProjectProfitTests' from project 'ProjectProfit')
    cd /Users/yutaro/project-profit-ios
    

SwiftCompile normal arm64 /Users/yutaro/project-profit-ios/ProjectProfitTests/AppShellWorkflowUseCaseTests.swift (in target 'ProjectProfitTests' from project 'ProjectProfit')
    cd /Users/yutaro/project-profit-ios
    

SwiftCompile normal arm64 /Users/yutaro/project-profit-ios/ProjectProfitTests/ApprovalQueueQueryUseCaseTests.swift (in target 'ProjectProfitTests' from project 'ProjectProfit')
    cd /Users/yutaro/project-profit-ios
    

SwiftCompile normal arm64 /Users/yutaro/project-profit-ios/ProjectProfitTests/ApprovalQueueWorkflowUseCaseTests.swift (in target 'ProjectProfitTests' from project 'ProjectProfit')
    cd /Users/yutaro/project-profit-ios
    

SwiftCompile normal arm64 /Users/yutaro/project-profit-ios/ProjectProfitTests/BackupRestoreServiceTests.swift (in target 'ProjectProfitTests' from project 'ProjectProfit')
    cd /Users/yutaro/project-profit-ios
    
/Users/yutaro/project-profit-ios/ProjectProfitTests/BackupRestoreServiceTests.swift:161:42: warning: conformance of 'PPAccountingProfile' to 'PersistentModel' is deprecated: Use BusinessProfile / TaxYearProfile instead. Migration-only legacy model.
        let legacyProfiles = try context.fetch(FetchDescriptor<PPAccountingProfile>())
                                         ^
/Users/yutaro/project-profit-ios/ProjectProfitTests/BackupRestoreServiceTests.swift:161:64: warning: 'PPAccountingProfile' is deprecated: Use BusinessProfile / TaxYearProfile instead. Migration-only legacy model.
        let legacyProfiles = try context.fetch(FetchDescriptor<PPAccountingProfile>())
                                                               ^
/Users/yutaro/project-profit-ios/ProjectProfitTests/BackupRestoreServiceTests.swift:161:48: warning: conformance of 'PPAccountingProfile' to 'PersistentModel' is deprecated: Use BusinessProfile / TaxYearProfile instead. Migration-only legacy model.
        let legacyProfiles = try context.fetch(FetchDescriptor<PPAccountingProfile>())
                                               ^
/Users/yutaro/project-profit-ios/ProjectProfitTests/BackupRestoreServiceTests.swift:161:83: warning: conformance of 'PPAccountingProfile' to 'PersistentModel' is deprecated: Use BusinessProfile / TaxYearProfile instead. Migration-only legacy model.
        let legacyProfiles = try context.fetch(FetchDescriptor<PPAccountingProfile>())
                                                                                  ^
/Users/yutaro/project-profit-ios/ProjectProfitTests/BackupRestoreServiceTests.swift:239:42: warning: conformance of 'PPAccountingProfile' to 'PersistentModel' is deprecated: Use BusinessProfile / TaxYearProfile instead. Migration-only legacy model.
        let legacyProfiles = try context.fetch(FetchDescriptor<PPAccountingProfile>())
                                         ^
/Users/yutaro/project-profit-ios/ProjectProfitTests/BackupRestoreServiceTests.swift:239:64: warning: 'PPAccountingProfile' is deprecated: Use BusinessProfile / TaxYearProfile instead. Migration-only legacy model.
        let legacyProfiles = try context.fetch(FetchDescriptor<PPAccountingProfile>())
                                                               ^
/Users/yutaro/project-profit-ios/ProjectProfitTests/BackupRestoreServiceTests.swift:239:48: warning: conformance of 'PPAccountingProfile' to 'PersistentModel' is deprecated: Use BusinessProfile / TaxYearProfile instead. Migration-only legacy model.
        let legacyProfiles = try context.fetch(FetchDescriptor<PPAccountingProfile>())
                                               ^
/Users/yutaro/project-profit-ios/ProjectProfitTests/BackupRestoreServiceTests.swift:239:83: warning: conformance of 'PPAccountingProfile' to 'PersistentModel' is deprecated: Use BusinessProfile / TaxYearProfile instead. Migration-only legacy model.
        let legacyProfiles = try context.fetch(FetchDescriptor<PPAccountingProfile>())
                                                                                  ^
/Users/yutaro/project-profit-ios/ProjectProfitTests/BackupRestoreServiceTests.swift:485:29: warning: 'PPAccountingProfile' is deprecated: Use BusinessProfile / TaxYearProfile instead. Migration-only legacy model.
        let legacyProfile = PPAccountingProfile(
                            ^
/Users/yutaro/project-profit-ios/ProjectProfitTests/BackupRestoreServiceTests.swift:506:30: warning: 'LegacyAccountingProfileSnapshot' is deprecated: Legacy profile snapshots are restore-compat only. New backups must use canonical profiles.
        let legacySnapshot = LegacyAccountingProfileSnapshot(legacyProfile)
                             ^
/Users/yutaro/project-profit-ios/ProjectProfitTests/BackupRestoreServiceTests.swift:587:29: warning: 'PPAccountingProfile' is deprecated: Use BusinessProfile / TaxYearProfile instead. Migration-only legacy model.
        let legacyProfile = PPAccountingProfile(
                            ^
/Users/yutaro/project-profit-ios/ProjectProfitTests/BackupRestoreServiceTests.swift:611:30: warning: 'LegacyAccountingProfileSnapshot' is deprecated: Legacy profile snapshots are restore-compat only. New backups must use canonical profiles.
        let legacySnapshot = LegacyAccountingProfileSnapshot(legacyProfile)
                             ^

SwiftCompile normal arm64 /Users/yutaro/project-profit-ios/ProjectProfitTests/BooksWorkspaceViewTests.swift (in target 'ProjectProfitTests' from project 'ProjectProfit')
    cd /Users/yutaro/project-profit-ios
    

SwiftCompile normal arm64 /Users/yutaro/project-profit-ios/ProjectProfitTests/Core/BusinessProfileTests.swift (in target 'ProjectProfitTests' from project 'ProjectProfit')
    cd /Users/yutaro/project-profit-ios
    

SwiftCompile normal arm64 /Users/yutaro/project-profit-ios/ProjectProfitTests/CSVExportServiceTests.swift (in target 'ProjectProfitTests' from project 'ProjectProfit')
    cd /Users/yutaro/project-profit-ios
    

SwiftCompile normal arm64 Compiling\ RegexReceiptParserLineItemTests.swift,\ ReleasePerformanceGateTests.swift,\ ReportViewModelTests.swift,\ ReportingQueryUseCaseTests.swift,\ SearchIndexTests.swift,\ SettingsMaintenanceUseCaseTests.swift,\ SettingsMaintenanceWorkflowUseCaseTests.swift,\ SettingsOverviewUseCaseTests.swift,\ ShareImportInboxServiceTests.swift,\ ShushiNaiyakushoBuilderTests.swift,\ StatementImportUseCaseTests.swift,\ StatementMatchServiceTests.swift,\ StatementPDFParserTests.swift,\ StatementPrefillTests.swift,\ SubLedgerEnrichmentTests.swift,\ SubLedgerExportTests.swift,\ TaxCategoryTests.swift,\ TaxCodeTests.swift /Users/yutaro/project-profit-ios/ProjectProfitTests/RegexReceiptParserLineItemTests.swift /Users/yutaro/project-profit-ios/ProjectProfitTests/ReleasePerformanceGateTests.swift /Users/yutaro/project-profit-ios/ProjectProfitTests/ReportViewModelTests.swift /Users/yutaro/project-profit-ios/ProjectProfitTests/ReportingQueryUseCaseTests.swift /Users/yutaro/project-profit-ios/ProjectProfitTests/SearchIndexTests.swift /Users/yutaro/project-profit-ios/ProjectProfitTests/SettingsMaintenanceUseCaseTests.swift /Users/yutaro/project-profit-ios/ProjectProfitTests/SettingsMaintenanceWorkflowUseCaseTests.swift /Users/yutaro/project-profit-ios/ProjectProfitTests/SettingsOverviewUseCaseTests.swift /Users/yutaro/project-profit-ios/ProjectProfitTests/ShareImportInboxServiceTests.swift /Users/yutaro/project-profit-ios/ProjectProfitTests/ShushiNaiyakushoBuilderTests.swift /Users/yutaro/project-profit-ios/ProjectProfitTests/StatementImportUseCaseTests.swift /Users/yutaro/project-profit-ios/ProjectProfitTests/StatementMatchServiceTests.swift /Users/yutaro/project-profit-ios/ProjectProfitTests/StatementPDFParserTests.swift /Users/yutaro/project-profit-ios/ProjectProfitTests/StatementPrefillTests.swift /Users/yutaro/project-profit-ios/ProjectProfitTests/SubLedgerEnrichmentTests.swift /Users/yutaro/project-profit-ios/ProjectProfitTests/SubLedgerExportTests.swift /Users/yutaro/project-profit-ios/ProjectProfitTests/TaxCategoryTests.swift /Users/yutaro/project-profit-ios/ProjectProfitTests/TaxCodeTests.swift (in target 'ProjectProfitTests' from project 'ProjectProfit')

SwiftCompile normal arm64 /Users/yutaro/project-profit-ios/ProjectProfitTests/RegexReceiptParserLineItemTests.swift (in target 'ProjectProfitTests' from project 'ProjectProfit')
    cd /Users/yutaro/project-profit-ios
    

SwiftCompile normal arm64 /Users/yutaro/project-profit-ios/ProjectProfitTests/ReleasePerformanceGateTests.swift (in target 'ProjectProfitTests' from project 'ProjectProfit')
    cd /Users/yutaro/project-profit-ios
    

SwiftCompile normal arm64 /Users/yutaro/project-profit-ios/ProjectProfitTests/ReportViewModelTests.swift (in target 'ProjectProfitTests' from project 'ProjectProfit')
    cd /Users/yutaro/project-profit-ios
    

SwiftCompile normal arm64 /Users/yutaro/project-profit-ios/ProjectProfitTests/ReportingQueryUseCaseTests.swift (in target 'ProjectProfitTests' from project 'ProjectProfit')
    cd /Users/yutaro/project-profit-ios
    

SwiftCompile normal arm64 /Users/yutaro/project-profit-ios/ProjectProfitTests/SearchIndexTests.swift (in target 'ProjectProfitTests' from project 'ProjectProfit')
    cd /Users/yutaro/project-profit-ios
    
/Users/yutaro/project-profit-ios/ProjectProfitTests/SearchIndexTests.swift:252:19: warning: value 'entry' was defined but never used; consider replacing with boolean test
        guard let entry = try context.fetch(descriptor).first else {
              ~~~~^~~~~~~~
              (                                              ) != nil

SwiftCompile normal arm64 /Users/yutaro/project-profit-ios/ProjectProfitTests/SettingsMaintenanceUseCaseTests.swift (in target 'ProjectProfitTests' from project 'ProjectProfit')
    cd /Users/yutaro/project-profit-ios
    

SwiftCompile normal arm64 /Users/yutaro/project-profit-ios/ProjectProfitTests/SettingsMaintenanceWorkflowUseCaseTests.swift (in target 'ProjectProfitTests' from project 'ProjectProfit')
    cd /Users/yutaro/project-profit-ios
    

SwiftCompile normal arm64 /Users/yutaro/project-profit-ios/ProjectProfitTests/SettingsOverviewUseCaseTests.swift (in target 'ProjectProfitTests' from project 'ProjectProfit')
    cd /Users/yutaro/project-profit-ios
    

SwiftCompile normal arm64 /Users/yutaro/project-profit-ios/ProjectProfitTests/ShareImportInboxServiceTests.swift (in target 'ProjectProfitTests' from project 'ProjectProfit')
    cd /Users/yutaro/project-profit-ios
    

SwiftCompile normal arm64 /Users/yutaro/project-profit-ios/ProjectProfitTests/ShushiNaiyakushoBuilderTests.swift (in target 'ProjectProfitTests' from project 'ProjectProfit')
    cd /Users/yutaro/project-profit-ios
    

SwiftCompile normal arm64 /Users/yutaro/project-profit-ios/ProjectProfitTests/StatementImportUseCaseTests.swift (in target 'ProjectProfitTests' from project 'ProjectProfit')
    cd /Users/yutaro/project-profit-ios
    

SwiftCompile normal arm64 /Users/yutaro/project-profit-ios/ProjectProfitTests/StatementMatchServiceTests.swift (in target 'ProjectProfitTests' from project 'ProjectProfit')
    cd /Users/yutaro/project-profit-ios
    

SwiftCompile normal arm64 /Users/yutaro/project-profit-ios/ProjectProfitTests/StatementPDFParserTests.swift (in target 'ProjectProfitTests' from project 'ProjectProfit')
    cd /Users/yutaro/project-profit-ios
    

SwiftCompile normal arm64 /Users/yutaro/project-profit-ios/ProjectProfitTests/StatementPrefillTests.swift (in target 'ProjectProfitTests' from project 'ProjectProfit')
    cd /Users/yutaro/project-profit-ios
    

SwiftCompile normal arm64 /Users/yutaro/project-profit-ios/ProjectProfitTests/SubLedgerEnrichmentTests.swift (in target 'ProjectProfitTests' from project 'ProjectProfit')
    cd /Users/yutaro/project-profit-ios
    

SwiftCompile normal arm64 /Users/yutaro/project-profit-ios/ProjectProfitTests/SubLedgerExportTests.swift (in target 'ProjectProfitTests' from project 'ProjectProfit')
    cd /Users/yutaro/project-profit-ios
    

SwiftCompile normal arm64 /Users/yutaro/project-profit-ios/ProjectProfitTests/TaxCategoryTests.swift (in target 'ProjectProfitTests' from project 'ProjectProfit')
    cd /Users/yutaro/project-profit-ios
    

SwiftCompile normal arm64 /Users/yutaro/project-profit-ios/ProjectProfitTests/TaxCodeTests.swift (in target 'ProjectProfitTests' from project 'ProjectProfit')
    cd /Users/yutaro/project-profit-ios
    

SwiftDriverJobDiscovery normal arm64 Compiling EvidenceInboxRepository.swift, EvidenceInboxView.swift, EvidenceLegalType.swift, EvidenceLineItem.swift, EvidenceRecordEntity.swift, EvidenceRecordEntityMapper.swift, EvidenceRepository.swift, EvidenceSearchCriteria.swift, EvidenceSearchIndexEntity.swift, EvidenceSourceType.swift, EvidenceStatus.swift, EvidenceStructuredFields.swift, EvidenceVersion.swift, ExportCoordinator.swift, ExportMenuButton.swift, FeatureFlags.swift, FilingDashboardQueryUseCase.swift, FilingDashboardView.swift, FilingPreflightUseCase.swift, FilingStyle.swift, FilterView.swift, FiscalYearSettings.swift, FiscalYearUtilities.swift, FixedAssetDetailView.swift, FixedAssetFormView.swift (in target 'ProjectProfit' from project 'ProjectProfit')

SwiftCompile normal arm64 Compiling\ DashboardViewModelTests.swift,\ DataRevisionQueryUseCaseTests.swift,\ DataStoreAccountingTests.swift,\ DataStoreCRUDTests.swift,\ DataStoreFixedAssetTests.swift,\ DataStoreInventoryTests.swift,\ DataStoreSummaryTests.swift,\ DataStoreYearLockGradedTests.swift,\ DepreciationEngineTests.swift,\ DepreciationScheduleBuilderTests.swift,\ DistributionApprovalIntegrationTests.swift,\ DistributionTemplateApplicationUseCaseTests.swift,\ DistributionTemplateManagementQueryUseCaseTests.swift,\ DocumentAndSubLedgerTests.swift,\ DocumentWorkflowUseCaseTests.swift,\ EtaxCharacterValidatorTests.swift,\ EtaxExportViewModelTests.swift,\ EtaxFieldPopulatorTests.swift /Users/yutaro/project-profit-ios/ProjectProfitTests/DashboardViewModelTests.swift /Users/yutaro/project-profit-ios/ProjectProfitTests/DataRevisionQueryUseCaseTests.swift /Users/yutaro/project-profit-ios/ProjectProfitTests/DataStoreAccountingTests.swift /Users/yutaro/project-profit-ios/ProjectProfitTests/DataStoreCRUDTests.swift /Users/yutaro/project-profit-ios/ProjectProfitTests/DataStoreFixedAssetTests.swift /Users/yutaro/project-profit-ios/ProjectProfitTests/DataStoreInventoryTests.swift /Users/yutaro/project-profit-ios/ProjectProfitTests/DataStoreSummaryTests.swift /Users/yutaro/project-profit-ios/ProjectProfitTests/DataStoreYearLockGradedTests.swift /Users/yutaro/project-profit-ios/ProjectProfitTests/DepreciationEngineTests.swift /Users/yutaro/project-profit-ios/ProjectProfitTests/DepreciationScheduleBuilderTests.swift /Users/yutaro/project-profit-ios/ProjectProfitTests/DistributionApprovalIntegrationTests.swift /Users/yutaro/project-profit-ios/ProjectProfitTests/DistributionTemplateApplicationUseCaseTests.swift /Users/yutaro/project-profit-ios/ProjectProfitTests/DistributionTemplateManagementQueryUseCaseTests.swift /Users/yutaro/project-profit-ios/ProjectProfitTests/DocumentAndSubLedgerTests.swift /Users/yutaro/project-profit-ios/ProjectProfitTests/DocumentWorkflowUseCaseTests.swift /Users/yutaro/project-profit-ios/ProjectProfitTests/EtaxCharacterValidatorTests.swift /Users/yutaro/project-profit-ios/ProjectProfitTests/EtaxExportViewModelTests.swift /Users/yutaro/project-profit-ios/ProjectProfitTests/EtaxFieldPopulatorTests.swift (in target 'ProjectProfitTests' from project 'ProjectProfit')

SwiftCompile normal arm64 /Users/yutaro/project-profit-ios/ProjectProfitTests/DashboardViewModelTests.swift (in target 'ProjectProfitTests' from project 'ProjectProfit')
    cd /Users/yutaro/project-profit-ios
    

SwiftCompile normal arm64 /Users/yutaro/project-profit-ios/ProjectProfitTests/DataRevisionQueryUseCaseTests.swift (in target 'ProjectProfitTests' from project 'ProjectProfit')
    cd /Users/yutaro/project-profit-ios
    

SwiftCompile normal arm64 /Users/yutaro/project-profit-ios/ProjectProfitTests/DataStoreAccountingTests.swift (in target 'ProjectProfitTests' from project 'ProjectProfit')
    cd /Users/yutaro/project-profit-ios
    
/Users/yutaro/project-profit-ios/ProjectProfitTests/DataStoreAccountingTests.swift:1114:13: warning: initialization of immutable value 'businessId' was never used; consider replacing with assignment to '_' or removing it
        let businessId = try XCTUnwrap(dataStore.businessProfile?.id)
        ~~~~^~~~~~~~~~
        _

SwiftCompile normal arm64 /Users/yutaro/project-profit-ios/ProjectProfitTests/DataStoreCRUDTests.swift (in target 'ProjectProfitTests' from project 'ProjectProfit')
    cd /Users/yutaro/project-profit-ios
    

SwiftCompile normal arm64 /Users/yutaro/project-profit-ios/ProjectProfitTests/DataStoreFixedAssetTests.swift (in target 'ProjectProfitTests' from project 'ProjectProfit')
    cd /Users/yutaro/project-profit-ios
    
/Users/yutaro/project-profit-ios/ProjectProfitTests/DataStoreFixedAssetTests.swift:241:27: warning: 'PPAccountingProfile' is deprecated: Use BusinessProfile / TaxYearProfile instead. Migration-only legacy model.
            let profile = PPAccountingProfile(
                          ^
/Users/yutaro/project-profit-ios/ProjectProfitTests/DataStoreFixedAssetTests.swift:245:36: warning: conformance of 'PPAccountingProfile' to 'PersistentModel' is deprecated: Use BusinessProfile / TaxYearProfile instead. Migration-only legacy model.
            dataStore.modelContext.insert(profile)
                                   ^

SwiftCompile normal arm64 /Users/yutaro/project-profit-ios/ProjectProfitTests/DataStoreInventoryTests.swift (in target 'ProjectProfitTests' from project 'ProjectProfit')
    cd /Users/yutaro/project-profit-ios
    
/Users/yutaro/project-profit-ios/ProjectProfitTests/DataStoreInventoryTests.swift:159:27: warning: 'PPAccountingProfile' is deprecated: Use BusinessProfile / TaxYearProfile instead. Migration-only legacy model.
            let profile = PPAccountingProfile(
                          ^
/Users/yutaro/project-profit-ios/ProjectProfitTests/DataStoreInventoryTests.swift:163:36: warning: conformance of 'PPAccountingProfile' to 'PersistentModel' is deprecated: Use BusinessProfile / TaxYearProfile instead. Migration-only legacy model.
            dataStore.modelContext.insert(profile)
                                   ^

SwiftCompile normal arm64 /Users/yutaro/project-profit-ios/ProjectProfitTests/DataStoreSummaryTests.swift (in target 'ProjectProfitTests' from project 'ProjectProfit')
    cd /Users/yutaro/project-profit-ios
    

SwiftCompile normal arm64 /Users/yutaro/project-profit-ios/ProjectProfitTests/DataStoreYearLockGradedTests.swift (in target 'ProjectProfitTests' from project 'ProjectProfit')
    cd /Users/yutaro/project-profit-ios
    

SwiftCompile normal arm64 /Users/yutaro/project-profit-ios/ProjectProfitTests/DepreciationEngineTests.swift (in target 'ProjectProfitTests' from project 'ProjectProfit')
    cd /Users/yutaro/project-profit-ios
    

SwiftCompile normal arm64 /Users/yutaro/project-profit-ios/ProjectProfitTests/DepreciationScheduleBuilderTests.swift (in target 'ProjectProfitTests' from project 'ProjectProfit')
    cd /Users/yutaro/project-profit-ios
    

SwiftCompile normal arm64 /Users/yutaro/project-profit-ios/ProjectProfitTests/DistributionApprovalIntegrationTests.swift (in target 'ProjectProfitTests' from project 'ProjectProfit')
    cd /Users/yutaro/project-profit-ios
    

SwiftCompile normal arm64 /Users/yutaro/project-profit-ios/ProjectProfitTests/DistributionTemplateApplicationUseCaseTests.swift (in target 'ProjectProfitTests' from project 'ProjectProfit')
    cd /Users/yutaro/project-profit-ios
    

SwiftCompile normal arm64 /Users/yutaro/project-profit-ios/ProjectProfitTests/DistributionTemplateManagementQueryUseCaseTests.swift (in target 'ProjectProfitTests' from project 'ProjectProfit')
    cd /Users/yutaro/project-profit-ios
    

SwiftCompile normal arm64 /Users/yutaro/project-profit-ios/ProjectProfitTests/DocumentAndSubLedgerTests.swift (in target 'ProjectProfitTests' from project 'ProjectProfit')
    cd /Users/yutaro/project-profit-ios
    

SwiftCompile normal arm64 /Users/yutaro/project-profit-ios/ProjectProfitTests/DocumentWorkflowUseCaseTests.swift (in target 'ProjectProfitTests' from project 'ProjectProfit')
    cd /Users/yutaro/project-profit-ios
    
/Users/yutaro/project-profit-ios/ProjectProfitTests/DocumentWorkflowUseCaseTests.swift:148:13: warning: variable 'form' was never mutated; consider changing to 'let' constant
        var form = EvidenceSearchFormState()
        ~~~ ^
        let

SwiftCompile normal arm64 /Users/yutaro/project-profit-ios/ProjectProfitTests/EtaxCharacterValidatorTests.swift (in target 'ProjectProfitTests' from project 'ProjectProfit')
    cd /Users/yutaro/project-profit-ios
    

SwiftCompile normal arm64 /Users/yutaro/project-profit-ios/ProjectProfitTests/EtaxExportViewModelTests.swift (in target 'ProjectProfitTests' from project 'ProjectProfit')
    cd /Users/yutaro/project-profit-ios
    

SwiftCompile normal arm64 /Users/yutaro/project-profit-ios/ProjectProfitTests/EtaxFieldPopulatorTests.swift (in target 'ProjectProfitTests' from project 'ProjectProfit')
    cd /Users/yutaro/project-profit-ios
    

SwiftCompile normal arm64 Compiling\ CanonicalAccountingReportTests.swift,\ CanonicalBookServiceTests.swift,\ CanonicalCSVImportIntegrationTests.swift,\ CanonicalFlowE2ETests.swift,\ CanonicalJournalEntryTests.swift,\ CanonicalPostingSupportTests.swift,\ CanonicalRepositoriesTests.swift,\ CanonicalUseCasesTests.swift,\ CashBookTests.swift,\ CategoryQueryUseCaseTests.swift,\ CategoryWorkflowUseCaseTests.swift,\ ClassificationDictionaryLoaderTests.swift,\ ClassificationEngineTests.swift,\ ClassificationLearningServiceTests.swift,\ ClassificationReviewQueryTests.swift,\ ClosingEntryTests.swift,\ ClosingWorkflowUseCaseTests.swift,\ ConsumptionTaxReportServiceTests.swift,\ CounterpartyMatchingTests.swift /Users/yutaro/project-profit-ios/ProjectProfitTests/CanonicalAccountingReportTests.swift /Users/yutaro/project-profit-ios/ProjectProfitTests/CanonicalBookServiceTests.swift /Users/yutaro/project-profit-ios/ProjectProfitTests/CanonicalCSVImportIntegrationTests.swift /Users/yutaro/project-profit-ios/ProjectProfitTests/CanonicalFlowE2ETests.swift /Users/yutaro/project-profit-ios/ProjectProfitTests/Core/CanonicalJournalEntryTests.swift /Users/yutaro/project-profit-ios/ProjectProfitTests/CanonicalPostingSupportTests.swift /Users/yutaro/project-profit-ios/ProjectProfitTests/CanonicalRepositoriesTests.swift /Users/yutaro/project-profit-ios/ProjectProfitTests/CanonicalUseCasesTests.swift /Users/yutaro/project-profit-ios/ProjectProfitTests/CashBookTests.swift /Users/yutaro/project-profit-ios/ProjectProfitTests/CategoryQueryUseCaseTests.swift /Users/yutaro/project-profit-ios/ProjectProfitTests/CategoryWorkflowUseCaseTests.swift /Users/yutaro/project-profit-ios/ProjectProfitTests/ClassificationDictionaryLoaderTests.swift /Users/yutaro/project-profit-ios/ProjectProfitTests/ClassificationEngineTests.swift /Users/yutaro/project-profit-ios/ProjectProfitTests/ClassificationLearningServiceTests.swift /Users/yutaro/project-profit-ios/ProjectProfitTests/ClassificationReviewQueryTests.swift /Users/yutaro/project-profit-ios/ProjectProfitTests/ClosingEntryTests.swift /Users/yutaro/project-profit-ios/ProjectProfitTests/ClosingWorkflowUseCaseTests.swift /Users/yutaro/project-profit-ios/ProjectProfitTests/ConsumptionTaxReportServiceTests.swift /Users/yutaro/project-profit-ios/ProjectProfitTests/CounterpartyMatchingTests.swift (in target 'ProjectProfitTests' from project 'ProjectProfit')

SwiftCompile normal arm64 /Users/yutaro/project-profit-ios/ProjectProfitTests/CanonicalAccountingReportTests.swift (in target 'ProjectProfitTests' from project 'ProjectProfit')
    cd /Users/yutaro/project-profit-ios
    

SwiftCompile normal arm64 /Users/yutaro/project-profit-ios/ProjectProfitTests/CanonicalBookServiceTests.swift (in target 'ProjectProfitTests' from project 'ProjectProfit')
    cd /Users/yutaro/project-profit-ios
    

SwiftCompile normal arm64 /Users/yutaro/project-profit-ios/ProjectProfitTests/CanonicalCSVImportIntegrationTests.swift (in target 'ProjectProfitTests' from project 'ProjectProfit')
    cd /Users/yutaro/project-profit-ios
    

SwiftCompile normal arm64 /Users/yutaro/project-profit-ios/ProjectProfitTests/CanonicalFlowE2ETests.swift (in target 'ProjectProfitTests' from project 'ProjectProfit')
    cd /Users/yutaro/project-profit-ios
    

SwiftCompile normal arm64 /Users/yutaro/project-profit-ios/ProjectProfitTests/Core/CanonicalJournalEntryTests.swift (in target 'ProjectProfitTests' from project 'ProjectProfit')
    cd /Users/yutaro/project-profit-ios
    
/Users/yutaro/project-profit-ios/ProjectProfitTests/Core/CanonicalJournalEntryTests.swift:70:13: warning: initialization of immutable value 'journalId' was never used; consider replacing with assignment to '_' or removing it
        let journalId = UUID()
        ~~~~^~~~~~~~~
        _

SwiftCompile normal arm64 /Users/yutaro/project-profit-ios/ProjectProfitTests/CanonicalPostingSupportTests.swift (in target 'ProjectProfitTests' from project 'ProjectProfit')
    cd /Users/yutaro/project-profit-ios
    

SwiftCompile normal arm64 /Users/yutaro/project-profit-ios/ProjectProfitTests/CanonicalRepositoriesTests.swift (in target 'ProjectProfitTests' from project 'ProjectProfit')
    cd /Users/yutaro/project-profit-ios
    

SwiftCompile normal arm64 /Users/yutaro/project-profit-ios/ProjectProfitTests/CanonicalUseCasesTests.swift (in target 'ProjectProfitTests' from project 'ProjectProfit')
    cd /Users/yutaro/project-profit-ios
    

SwiftCompile normal arm64 /Users/yutaro/project-profit-ios/ProjectProfitTests/CashBookTests.swift (in target 'ProjectProfitTests' from project 'ProjectProfit')
    cd /Users/yutaro/project-profit-ios
    

SwiftCompile normal arm64 /Users/yutaro/project-profit-ios/ProjectProfitTests/CategoryQueryUseCaseTests.swift (in target 'ProjectProfitTests' from project 'ProjectProfit')
    cd /Users/yutaro/project-profit-ios
    

SwiftCompile normal arm64 /Users/yutaro/project-profit-ios/ProjectProfitTests/CategoryWorkflowUseCaseTests.swift (in target 'ProjectProfitTests' from project 'ProjectProfit')
    cd /Users/yutaro/project-profit-ios
    

SwiftCompile normal arm64 /Users/yutaro/project-profit-ios/ProjectProfitTests/ClassificationDictionaryLoaderTests.swift (in target 'ProjectProfitTests' from project 'ProjectProfit')
    cd /Users/yutaro/project-profit-ios
    

SwiftCompile normal arm64 /Users/yutaro/project-profit-ios/ProjectProfitTests/ClassificationEngineTests.swift (in target 'ProjectProfitTests' from project 'ProjectProfit')
    cd /Users/yutaro/project-profit-ios
    

SwiftCompile normal arm64 /Users/yutaro/project-profit-ios/ProjectProfitTests/ClassificationLearningServiceTests.swift (in target 'ProjectProfitTests' from project 'ProjectProfit')
    cd /Users/yutaro/project-profit-ios
    

SwiftCompile normal arm64 /Users/yutaro/project-profit-ios/ProjectProfitTests/ClassificationReviewQueryTests.swift (in target 'ProjectProfitTests' from project 'ProjectProfit')
    cd /Users/yutaro/project-profit-ios
    

SwiftCompile normal arm64 /Users/yutaro/project-profit-ios/ProjectProfitTests/ClosingEntryTests.swift (in target 'ProjectProfitTests' from project 'ProjectProfit')
    cd /Users/yutaro/project-profit-ios
    

SwiftCompile normal arm64 /Users/yutaro/project-profit-ios/ProjectProfitTests/ClosingWorkflowUseCaseTests.swift (in target 'ProjectProfitTests' from project 'ProjectProfit')
    cd /Users/yutaro/project-profit-ios
    

SwiftCompile normal arm64 /Users/yutaro/project-profit-ios/ProjectProfitTests/ConsumptionTaxReportServiceTests.swift (in target 'ProjectProfitTests' from project 'ProjectProfit')
    cd /Users/yutaro/project-profit-ios
    

SwiftCompile normal arm64 /Users/yutaro/project-profit-ios/ProjectProfitTests/CounterpartyMatchingTests.swift (in target 'ProjectProfitTests' from project 'ProjectProfit')
    cd /Users/yutaro/project-profit-ios
    
/Users/yutaro/project-profit-ios/ProjectProfitTests/CounterpartyMatchingTests.swift:7:9: warning: stored property 'counterparties' of 'Sendable'-conforming class 'MockCounterpartyRepository' is mutable; this is an error in the Swift 6 language mode
    var counterparties: [Counterparty] = []
        ^

SwiftDriverJobDiscovery normal arm64 Compiling AccountFormView.swift, AccountPickerView.swift, AccountingBookReadModelQueries.swift, AccountingBootstrapService.swift, AccountingConstants.swift, AccountingEngine.swift, AccountingEnums.swift, AccountingPlaceholders.swift, AccountingReadSupport.swift, AccountingReportModels.swift, AccountingReportService.swift, AccountingReportViewModel.swift, AllocationCalculator.swift, AppBootstrapWorkflowUseCase.swift, AppColors.swift, AppError.swift, AppShellWorkflowUseCase.swift, AppSnapshotModels.swift, ApprovalQueueQueryUseCase.swift, ApprovalQueueRepository.swift, ApprovalQueueView.swift, ApprovalQueueWorkflowUseCase.swift, ApprovalRequest.swift, ApprovalRequestEntity.swift, ApprovalRequestEntityMapper.swift (in target 'ProjectProfit' from project 'ProjectProfit')

SwiftCompile normal arm64 Compiling\ LedgerCSVImportServiceTests.swift,\ LedgerDataStoreReadOnlyTests.swift,\ LedgerDataStoreTests.swift,\ LedgerImportCoordinatorTests.swift,\ LegacyProfileMigrationRunnerTests.swift,\ LegacyTransactionCompatibilityUseCase.swift,\ LegalReportLineTests.swift,\ LineItemTests.swift,\ MigrationReportRunnerTests.swift,\ ModelsTests.swift,\ MonthlyAmortizationTests.swift,\ MonthlySummaryTests.swift,\ PDFExportServiceTests.swift,\ PPAccountTests.swift,\ PPAccountingProfileTests.swift,\ PPInventoryRecordTests.swift,\ PPJournalEntryTests.swift,\ PlannedEndDateTests.swift /Users/yutaro/project-profit-ios/ProjectProfitTests/LedgerCSVImportServiceTests.swift /Users/yutaro/project-profit-ios/ProjectProfitTests/LedgerDataStoreReadOnlyTests.swift /Users/yutaro/project-profit-ios/ProjectProfitTests/LedgerDataStoreTests.swift /Users/yutaro/project-profit-ios/ProjectProfitTests/LedgerImportCoordinatorTests.swift /Users/yutaro/project-profit-ios/ProjectProfitTests/LegacyProfileMigrationRunnerTests.swift /Users/yutaro/project-profit-ios/ProjectProfit/Application/UseCases/Legacy/LegacyTransactionCompatibilityUseCase.swift /Users/yutaro/project-profit-ios/ProjectProfitTests/LegalReportLineTests.swift /Users/yutaro/project-profit-ios/ProjectProfitTests/LineItemTests.swift /Users/yutaro/project-profit-ios/ProjectProfitTests/MigrationReportRunnerTests.swift /Users/yutaro/project-profit-ios/ProjectProfitTests/ModelsTests.swift /Users/yutaro/project-profit-ios/ProjectProfitTests/MonthlyAmortizationTests.swift /Users/yutaro/project-profit-ios/ProjectProfitTests/MonthlySummaryTests.swift /Users/yutaro/project-profit-ios/ProjectProfitTests/PDFExportServiceTests.swift /Users/yutaro/project-profit-ios/ProjectProfitTests/PPAccountTests.swift /Users/yutaro/project-profit-ios/ProjectProfitTests/PPAccountingProfileTests.swift /Users/yutaro/project-profit-ios/ProjectProfitTests/PPInventoryRecordTests.swift /Users/yutaro/project-profit-ios/ProjectProfitTests/PPJournalEntryTests.swift /Users/yutaro/project-profit-ios/ProjectProfitTests/PlannedEndDateTests.swift (in target 'ProjectProfitTests' from project 'ProjectProfit')

SwiftCompile normal arm64 /Users/yutaro/project-profit-ios/ProjectProfitTests/LedgerCSVImportServiceTests.swift (in target 'ProjectProfitTests' from project 'ProjectProfit')
    cd /Users/yutaro/project-profit-ios
    

SwiftCompile normal arm64 /Users/yutaro/project-profit-ios/ProjectProfitTests/LedgerDataStoreReadOnlyTests.swift (in target 'ProjectProfitTests' from project 'ProjectProfit')
    cd /Users/yutaro/project-profit-ios
    

SwiftCompile normal arm64 /Users/yutaro/project-profit-ios/ProjectProfitTests/LedgerDataStoreTests.swift (in target 'ProjectProfitTests' from project 'ProjectProfit')
    cd /Users/yutaro/project-profit-ios
    

SwiftCompile normal arm64 /Users/yutaro/project-profit-ios/ProjectProfitTests/LedgerImportCoordinatorTests.swift (in target 'ProjectProfitTests' from project 'ProjectProfit')
    cd /Users/yutaro/project-profit-ios
    

SwiftCompile normal arm64 /Users/yutaro/project-profit-ios/ProjectProfitTests/LegacyProfileMigrationRunnerTests.swift (in target 'ProjectProfitTests' from project 'ProjectProfit')
    cd /Users/yutaro/project-profit-ios
    
/Users/yutaro/project-profit-ios/ProjectProfitTests/LegacyProfileMigrationRunnerTests.swift:10:18: warning: conformance of 'PPAccountingProfile' to 'PersistentModel' is deprecated: Use BusinessProfile / TaxYearProfile instead. Migration-only legacy model.
            for: PPAccountingProfile.self,
                 ^
/Users/yutaro/project-profit-ios/ProjectProfitTests/LegacyProfileMigrationRunnerTests.swift:10:18: warning: 'PPAccountingProfile' is deprecated: Use BusinessProfile / TaxYearProfile instead. Migration-only legacy model.
            for: PPAccountingProfile.self,
                 ^
/Users/yutaro/project-profit-ios/ProjectProfitTests/LegacyProfileMigrationRunnerTests.swift:20:18: warning: conformance of 'PPAccountingProfile' to 'PersistentModel' is deprecated: Use BusinessProfile / TaxYearProfile instead. Migration-only legacy model.
            for: PPAccountingProfile.self,
                 ^
/Users/yutaro/project-profit-ios/ProjectProfitTests/LegacyProfileMigrationRunnerTests.swift:20:18: warning: 'PPAccountingProfile' is deprecated: Use BusinessProfile / TaxYearProfile instead. Migration-only legacy model.
            for: PPAccountingProfile.self,
                 ^
/Users/yutaro/project-profit-ios/ProjectProfitTests/LegacyProfileMigrationRunnerTests.swift:38:17: warning: conformance of 'PPAccountingProfile' to 'PersistentModel' is deprecated: Use BusinessProfile / TaxYearProfile instead. Migration-only legacy model.
        context.insert(PPAccountingProfile(fiscalYear: 2025, businessName: "テスト商店", ownerName: "田中太郎"))
/Users/yutaro/project-profit-ios/ProjectProfitTests/LegacyProfileMigrationRunnerTests.swift:38:24: warning: 'PPAccountingProfile' is deprecated: Use BusinessProfile / TaxYearProfile instead. Migration-only legacy model.
        context.insert(PPAccountingProfile(fiscalYear: 2025, businessName: "テスト商店", ownerName: "田中太郎"))
/Users/yutaro/project-profit-ios/ProjectProfitTests/LegacyProfileMigrationRunnerTests.swift:57:22: warning: 'PPAccountingProfile' is deprecated: Use BusinessProfile / TaxYearProfile instead. Migration-only legacy model.
        let legacy = PPAccountingProfile(
                     ^
/Users/yutaro/project-profit-ios/ProjectProfitTests/LegacyProfileMigrationRunnerTests.swift:72:17: warning: conformance of 'PPAccountingProfile' to 'PersistentModel' is deprecated: Use BusinessProfile / TaxYearProfile instead. Migration-only legacy model.
        context.insert(legacy)
                ^
/Users/yutaro/project-profit-ios/ProjectProfitTests/LegacyProfileMigrationRunnerTests.swift:84:42: warning: conformance of 'PPAccountingProfile' to 'PersistentModel' is deprecated: Use BusinessProfile / TaxYearProfile instead. Migration-only legacy model.
        let legacyProfiles = try context.fetch(FetchDescriptor<PPAccountingProfile>())
                                         ^
/Users/yutaro/project-profit-ios/ProjectProfitTests/LegacyProfileMigrationRunnerTests.swift:84:64: warning: 'PPAccountingProfile' is deprecated: Use BusinessProfile / TaxYearProfile instead. Migration-only legacy model.
        let legacyProfiles = try context.fetch(FetchDescriptor<PPAccountingProfile>())
                                                               ^
/Users/yutaro/project-profit-ios/ProjectProfitTests/LegacyProfileMigrationRunnerTests.swift:84:48: warning: conformance of 'PPAccountingProfile' to 'PersistentModel' is deprecated: Use BusinessProfile / TaxYearProfile instead. Migration-only legacy model.
        let legacyProfiles = try context.fetch(FetchDescriptor<PPAccountingProfile>())
                                               ^
/Users/yutaro/project-profit-ios/ProjectProfitTests/LegacyProfileMigrationRunnerTests.swift:84:83: warning: conformance of 'PPAccountingProfile' to 'PersistentModel' is deprecated: Use BusinessProfile / TaxYearProfile instead. Migration-only legacy model.
        let legacyProfiles = try context.fetch(FetchDescriptor<PPAccountingProfile>())
                                                                                  ^
/Users/yutaro/project-profit-ios/ProjectProfitTests/LegacyProfileMigrationRunnerTests.swift:112:22: warning: 'PPAccountingProfile' is deprecated: Use BusinessProfile / TaxYearProfile instead. Migration-only legacy model.
        let legacy = PPAccountingProfile(
                     ^
/Users/yutaro/project-profit-ios/ProjectProfitTests/LegacyProfileMigrationRunnerTests.swift:119:17: warning: conformance of 'PPAccountingProfile' to 'PersistentModel' is deprecated: Use BusinessProfile / TaxYearProfile instead. Migration-only legacy model.
        context.insert(legacy)
                ^
/Users/yutaro/project-profit-ios/ProjectProfitTests/LegacyProfileMigrationRunnerTests.swift:153:42: warning: conformance of 'PPAccountingProfile' to 'PersistentModel' is deprecated: Use BusinessProfile / TaxYearProfile instead. Migration-only legacy model.
        let legacyProfiles = try context.fetch(FetchDescriptor<PPAccountingProfile>())
                                         ^
/Users/yutaro/project-profit-ios/ProjectProfitTests/LegacyProfileMigrationRunnerTests.swift:153:64: warning: 'PPAccountingProfile' is deprecated: Use BusinessProfile / TaxYearProfile instead. Migration-only legacy model.
        let legacyProfiles = try context.fetch(FetchDescriptor<PPAccountingProfile>())
                                                               ^
/Users/yutaro/project-profit-ios/ProjectProfitTests/LegacyProfileMigrationRunnerTests.swift:153:48: warning: conformance of 'PPAccountingProfile' to 'PersistentModel' is deprecated: Use BusinessProfile / TaxYearProfile instead. Migration-only legacy model.
        let legacyProfiles = try context.fetch(FetchDescriptor<PPAccountingProfile>())
                                               ^
/Users/yutaro/project-profit-ios/ProjectProfitTests/LegacyProfileMigrationRunnerTests.swift:153:83: warning: conformance of 'PPAccountingProfile' to 'PersistentModel' is deprecated: Use BusinessProfile / TaxYearProfile instead. Migration-only legacy model.
        let legacyProfiles = try context.fetch(FetchDescriptor<PPAccountingProfile>())
                                                                                  ^
/Users/yutaro/project-profit-ios/ProjectProfitTests/LegacyProfileMigrationRunnerTests.swift:225:22: warning: 'PPAccountingProfile' is deprecated: Use BusinessProfile / TaxYearProfile instead. Migration-only legacy model.
        let legacy = PPAccountingProfile(
                     ^
/Users/yutaro/project-profit-ios/ProjectProfitTests/LegacyProfileMigrationRunnerTests.swift:234:17: warning: conformance of 'PPAccountingProfile' to 'PersistentModel' is deprecated: Use BusinessProfile / TaxYearProfile instead. Migration-only legacy model.
        context.insert(legacy)
                ^
/Users/yutaro/project-profit-ios/ProjectProfitTests/LegacyProfileMigrationRunnerTests.swift:247:42: warning: conformance of 'PPAccountingProfile' to 'PersistentModel' is deprecated: Use BusinessProfile / TaxYearProfile instead. Migration-only legacy model.
        let legacyProfiles = try context.fetch(FetchDescriptor<PPAccountingProfile>())
                                         ^
/Users/yutaro/project-profit-ios/ProjectProfitTests/LegacyProfileMigrationRunnerTests.swift:247:64: warning: 'PPAccountingProfile' is deprecated: Use BusinessProfile / TaxYearProfile instead. Migration-only legacy model.
        let legacyProfiles = try context.fetch(FetchDescriptor<PPAccountingProfile>())
                                                               ^
/Users/yutaro/project-profit-ios/ProjectProfitTests/LegacyProfileMigrationRunnerTests.swift:247:48: warning: conformance of 'PPAccountingProfile' to 'PersistentModel' is deprecated: Use BusinessProfile / TaxYearProfile instead. Migration-only legacy model.
        let legacyProfiles = try context.fetch(FetchDescriptor<PPAccountingProfile>())
                                               ^
/Users/yutaro/project-profit-ios/ProjectProfitTests/LegacyProfileMigrationRunnerTests.swift:247:83: warning: conformance of 'PPAccountingProfile' to 'PersistentModel' is deprecated: Use BusinessProfile / TaxYearProfile instead. Migration-only legacy model.
        let legacyProfiles = try context.fetch(FetchDescriptor<PPAccountingProfile>())
                                                                                  ^
/Users/yutaro/project-profit-ios/ProjectProfitTests/LegacyProfileMigrationRunnerTests.swift:255:17: warning: conformance of 'PPAccountingProfile' to 'PersistentModel' is deprecated: Use BusinessProfile / TaxYearProfile instead. Migration-only legacy model.
        context.insert(PPAccountingProfile(fiscalYear: 2025, businessName: "Legacy", ownerName: "User"))
                ^
/Users/yutaro/project-profit-ios/ProjectProfitTests/LegacyProfileMigrationRunnerTests.swift:255:24: warning: 'PPAccountingProfile' is deprecated: Use BusinessProfile / TaxYearProfile instead. Migration-only legacy model.
        context.insert(PPAccountingProfile(fiscalYear: 2025, businessName: "Legacy", ownerName: "User"))
                       ^
/Users/yutaro/project-profit-ios/ProjectProfitTests/LegacyProfileMigrationRunnerTests.swift:281:22: warning: 'PPAccountingProfile' is deprecated: Use BusinessProfile / TaxYearProfile instead. Migration-only legacy model.
        let legacy = PPAccountingProfile(
                     ^
/Users/yutaro/project-profit-ios/ProjectProfitTests/LegacyProfileMigrationRunnerTests.swift:290:17: warning: conformance of 'PPAccountingProfile' to 'PersistentModel' is deprecated: Use BusinessProfile / TaxYearProfile instead. Migration-only legacy model.
        context.insert(legacy)
                ^
/Users/yutaro/project-profit-ios/ProjectProfitTests/LegacyProfileMigrationRunnerTests.swift:301:35: warning: conformance of 'PPAccountingProfile' to 'PersistentModel' is deprecated: Use BusinessProfile / TaxYearProfile instead. Migration-only legacy model.
        XCTAssertTrue(try context.fetch(FetchDescriptor<PPAccountingProfile>()).isEmpty)
                                  ^
/Users/yutaro/project-profit-ios/ProjectProfitTests/LegacyProfileMigrationRunnerTests.swift:301:57: warning: 'PPAccountingProfile' is deprecated: Use BusinessProfile / TaxYearProfile instead. Migration-only legacy model.
        XCTAssertTrue(try context.fetch(FetchDescriptor<PPAccountingProfile>()).isEmpty)
                                                        ^
/Users/yutaro/project-profit-ios/ProjectProfitTests/LegacyProfileMigrationRunnerTests.swift:301:41: warning: conformance of 'PPAccountingProfile' to 'PersistentModel' is deprecated: Use BusinessProfile / TaxYearProfile instead. Migration-only legacy model.
        XCTAssertTrue(try context.fetch(FetchDescriptor<PPAccountingProfile>()).isEmpty)
                                        ^
/Users/yutaro/project-profit-ios/ProjectProfitTests/LegacyProfileMigrationRunnerTests.swift:301:76: warning: conformance of 'PPAccountingProfile' to 'PersistentModel' is deprecated: Use BusinessProfile / TaxYearProfile instead. Migration-only legacy model.
        XCTAssertTrue(try context.fetch(FetchDescriptor<PPAccountingProfile>()).isEmpty)
                                                                           ^

SwiftCompile normal arm64 /Users/yutaro/project-profit-ios/ProjectProfit/Application/UseCases/Legacy/LegacyTransactionCompatibilityUseCase.swift (in target 'ProjectProfitTests' from project 'ProjectProfit')
    cd /Users/yutaro/project-profit-ios
    

SwiftCompile normal arm64 /Users/yutaro/project-profit-ios/ProjectProfitTests/LegalReportLineTests.swift (in target 'ProjectProfitTests' from project 'ProjectProfit')
    cd /Users/yutaro/project-profit-ios
    

SwiftCompile normal arm64 /Users/yutaro/project-profit-ios/ProjectProfitTests/LineItemTests.swift (in target 'ProjectProfitTests' from project 'ProjectProfit')
    cd /Users/yutaro/project-profit-ios
    

SwiftCompile normal arm64 /Users/yutaro/project-profit-ios/ProjectProfitTests/MigrationReportRunnerTests.swift (in target 'ProjectProfitTests' from project 'ProjectProfit')
    cd /Users/yutaro/project-profit-ios
    
/Users/yutaro/project-profit-ios/ProjectProfitTests/MigrationReportRunnerTests.swift:33:17: warning: conformance of 'PPAccountingProfile' to 'PersistentModel' is deprecated: Use BusinessProfile / TaxYearProfile instead. Migration-only legacy model.
        context.insert(PPAccountingProfile(
                ^
/Users/yutaro/project-profit-ios/ProjectProfitTests/MigrationReportRunnerTests.swift:33:24: warning: 'PPAccountingProfile' is deprecated: Use BusinessProfile / TaxYearProfile instead. Migration-only legacy model.
        context.insert(PPAccountingProfile(
                       ^
/Users/yutaro/project-profit-ios/ProjectProfitTests/MigrationReportRunnerTests.swift:51:17: warning: conformance of 'PPAccountingProfile' to 'PersistentModel' is deprecated: Use BusinessProfile / TaxYearProfile instead. Migration-only legacy model.
        context.insert(PPAccountingProfile(
                ^
/Users/yutaro/project-profit-ios/ProjectProfitTests/MigrationReportRunnerTests.swift:51:24: warning: 'PPAccountingProfile' is deprecated: Use BusinessProfile / TaxYearProfile instead. Migration-only legacy model.
        context.insert(PPAccountingProfile(
                       ^

SwiftCompile normal arm64 /Users/yutaro/project-profit-ios/ProjectProfitTests/ModelsTests.swift (in target 'ProjectProfitTests' from project 'ProjectProfit')
    cd /Users/yutaro/project-profit-ios
    

SwiftCompile normal arm64 /Users/yutaro/project-profit-ios/ProjectProfitTests/MonthlyAmortizationTests.swift (in target 'ProjectProfitTests' from project 'ProjectProfit')
    cd /Users/yutaro/project-profit-ios
    
/Users/yutaro/project-profit-ios/ProjectProfitTests/MonthlyAmortizationTests.swift:135:13: warning: initialization of immutable value 'recurring' was never used; consider replacing with assignment to '_' or removing it
        let recurring = mutations(dataStore).addRecurring(
        ~~~~^~~~~~~~~
        _
/Users/yutaro/project-profit-ios/ProjectProfitTests/MonthlyAmortizationTests.swift:212:13: warning: initialization of immutable value 'recurring' was never used; consider replacing with assignment to '_' or removing it
        let recurring = mutations(dataStore).addRecurring(
        ~~~~^~~~~~~~~
        _
/Users/yutaro/project-profit-ios/ProjectProfitTests/MonthlyAmortizationTests.swift:385:42: warning: immutable value 'month' was never used; consider replacing with '_' or removing it
        guard let year = today.year, let month = today.month else { return }
                                     ~~~~^~~~~
                                     _
/Users/yutaro/project-profit-ios/ProjectProfitTests/MonthlyAmortizationTests.swift:573:13: warning: initialization of immutable value 'currentYear' was never used; consider replacing with assignment to '_' or removing it
        let currentYear = comps.year!
        ~~~~^~~~~~~~~~~
        _

SwiftCompile normal arm64 /Users/yutaro/project-profit-ios/ProjectProfitTests/MonthlySummaryTests.swift (in target 'ProjectProfitTests' from project 'ProjectProfit')
    cd /Users/yutaro/project-profit-ios
    

SwiftCompile normal arm64 /Users/yutaro/project-profit-ios/ProjectProfitTests/PDFExportServiceTests.swift (in target 'ProjectProfitTests' from project 'ProjectProfit')
    cd /Users/yutaro/project-profit-ios
    

SwiftCompile normal arm64 /Users/yutaro/project-profit-ios/ProjectProfitTests/PPAccountTests.swift (in target 'ProjectProfitTests' from project 'ProjectProfit')
    cd /Users/yutaro/project-profit-ios
    

SwiftCompile normal arm64 /Users/yutaro/project-profit-ios/ProjectProfitTests/PPAccountingProfileTests.swift (in target 'ProjectProfitTests' from project 'ProjectProfit')
    cd /Users/yutaro/project-profit-ios
    
/Users/yutaro/project-profit-ios/ProjectProfitTests/PPAccountingProfileTests.swift:10:23: warning: 'PPAccountingProfile' is deprecated: Use BusinessProfile / TaxYearProfile instead. Migration-only legacy model.
        let profile = PPAccountingProfile(fiscalYear: 2026)
                      ^
/Users/yutaro/project-profit-ios/ProjectProfitTests/PPAccountingProfileTests.swift:28:23: warning: 'PPAccountingProfile' is deprecated: Use BusinessProfile / TaxYearProfile instead. Migration-only legacy model.
        let profile = PPAccountingProfile(
                      ^
/Users/yutaro/project-profit-ios/ProjectProfitTests/PPAccountingProfileTests.swift:57:23: warning: 'PPAccountingProfile' is deprecated: Use BusinessProfile / TaxYearProfile instead. Migration-only legacy model.
        let profile = PPAccountingProfile(fiscalYear: 2026)
                      ^
/Users/yutaro/project-profit-ios/ProjectProfitTests/PPAccountingProfileTests.swift:62:23: warning: 'PPAccountingProfile' is deprecated: Use BusinessProfile / TaxYearProfile instead. Migration-only legacy model.
        let profile = PPAccountingProfile(fiscalYear: 2026, lockedAt: Date())
                      ^
/Users/yutaro/project-profit-ios/ProjectProfitTests/PPAccountingProfileTests.swift:69:23: warning: 'PPAccountingProfile' is deprecated: Use BusinessProfile / TaxYearProfile instead. Migration-only legacy model.
        let profile = PPAccountingProfile(fiscalYear: 2026, bookkeepingMode: .doubleEntry)
                      ^
/Users/yutaro/project-profit-ios/ProjectProfitTests/PPAccountingProfileTests.swift:74:23: warning: 'PPAccountingProfile' is deprecated: Use BusinessProfile / TaxYearProfile instead. Migration-only legacy model.
        let profile = PPAccountingProfile(fiscalYear: 2026, bookkeepingMode: .singleEntry)
                      ^
/Users/yutaro/project-profit-ios/ProjectProfitTests/PPAccountingProfileTests.swift:81:23: warning: 'PPAccountingProfile' is deprecated: Use BusinessProfile / TaxYearProfile instead. Migration-only legacy model.
        let profile = PPAccountingProfile(
                      ^
/Users/yutaro/project-profit-ios/ProjectProfitTests/PPAccountingProfileTests.swift:93:24: warning: 'LegacyAccountingProfileSnapshot' is deprecated: Legacy profile snapshots are restore-compat only. New backups must use canonical profiles.
        let snapshot = LegacyAccountingProfileSnapshot(profile)
                       ^
/Users/yutaro/project-profit-ios/ProjectProfitTests/PPAccountingProfileTests.swift:108:23: warning: 'PPAccountingProfile' is deprecated: Use BusinessProfile / TaxYearProfile instead. Migration-only legacy model.
        let profile = PPAccountingProfile(
                      ^
/Users/yutaro/project-profit-ios/ProjectProfitTests/PPAccountingProfileTests.swift:116:24: warning: 'LegacyAccountingProfileSnapshot' is deprecated: Legacy profile snapshots are restore-compat only. New backups must use canonical profiles.
        let snapshot = LegacyAccountingProfileSnapshot(profile)
                       ^

SwiftCompile normal arm64 /Users/yutaro/project-profit-ios/ProjectProfitTests/PPInventoryRecordTests.swift (in target 'ProjectProfitTests' from project 'ProjectProfit')
    cd /Users/yutaro/project-profit-ios
    

SwiftCompile normal arm64 /Users/yutaro/project-profit-ios/ProjectProfitTests/PPJournalEntryTests.swift (in target 'ProjectProfitTests' from project 'ProjectProfit')
    cd /Users/yutaro/project-profit-ios
    

SwiftCompile normal arm64 /Users/yutaro/project-profit-ios/ProjectProfitTests/PlannedEndDateTests.swift (in target 'ProjectProfitTests' from project 'ProjectProfit')
    cd /Users/yutaro/project-profit-ios
    

SwiftDriverJobDiscovery normal arm64 Compiling TaxStatusMachineTests.swift, TaxYearDefinitionLoaderTests.swift, TaxYearProfileTests.swift, TaxYearStateUseCaseTests.swift, TestHelpers.swift, TestMutationDriver.swift, TransactionFormQueryUseCaseTests.swift, TransactionHistoryTests.swift, TransactionHistoryUseCaseTests.swift, TransactionLogTests.swift, TransactionsViewModelTests.swift, UITestBootstrapTests.swift, UtilitiesTests.swift, WithholdingFlowE2ETests.swift, WithholdingStatementQueryUseCaseTests.swift, WithholdingTaxCalculatorTests.swift, WorkflowNavigationTests.swift, YearLockTests.swift (in target 'ProjectProfitTests' from project 'ProjectProfit')

SwiftCompile normal arm64 Compiling\ PostingIntakeUseCaseTests.swift,\ ProRataDataStoreTests.swift,\ ProRataTests.swift,\ ProfileSettingsUseCaseTests.swift,\ ProfileSettingsViewTests.swift,\ ProfileSettingsWorkflowUseCaseTests.swift,\ ProjectQueryUseCaseTests.swift,\ ProjectWorkflowUseCaseTests.swift,\ ReceiptAmountExtractionTests.swift,\ ReceiptDateExtractionTests.swift,\ ReceiptEvidenceIntakeUseCaseTests.swift,\ ReceiptImageStoreTests.swift,\ ReceiptReviewViewTests.swift,\ ReceiptStoreNameExtractionTests.swift,\ RecurringPreviewTests.swift,\ RecurringProcessingTests.swift,\ RecurringQueryUseCaseTests.swift,\ RecurringWorkflowUseCaseTests.swift /Users/yutaro/project-profit-ios/ProjectProfitTests/PostingIntakeUseCaseTests.swift /Users/yutaro/project-profit-ios/ProjectProfitTests/ProRataDataStoreTests.swift /Users/yutaro/project-profit-ios/ProjectProfitTests/ProRataTests.swift /Users/yutaro/project-profit-ios/ProjectProfitTests/ProfileSettingsUseCaseTests.swift /Users/yutaro/project-profit-ios/ProjectProfitTests/ProfileSettingsViewTests.swift /Users/yutaro/project-profit-ios/ProjectProfitTests/ProfileSettingsWorkflowUseCaseTests.swift /Users/yutaro/project-profit-ios/ProjectProfitTests/ProjectQueryUseCaseTests.swift /Users/yutaro/project-profit-ios/ProjectProfitTests/ProjectWorkflowUseCaseTests.swift /Users/yutaro/project-profit-ios/ProjectProfitTests/ReceiptAmountExtractionTests.swift /Users/yutaro/project-profit-ios/ProjectProfitTests/ReceiptDateExtractionTests.swift /Users/yutaro/project-profit-ios/ProjectProfitTests/ReceiptEvidenceIntakeUseCaseTests.swift /Users/yutaro/project-profit-ios/ProjectProfitTests/ReceiptImageStoreTests.swift /Users/yutaro/project-profit-ios/ProjectProfitTests/ReceiptReviewViewTests.swift /Users/yutaro/project-profit-ios/ProjectProfitTests/ReceiptStoreNameExtractionTests.swift /Users/yutaro/project-profit-ios/ProjectProfitTests/RecurringPreviewTests.swift /Users/yutaro/project-profit-ios/ProjectProfitTests/RecurringProcessingTests.swift /Users/yutaro/project-profit-ios/ProjectProfitTests/RecurringQueryUseCaseTests.swift /Users/yutaro/project-profit-ios/ProjectProfitTests/RecurringWorkflowUseCaseTests.swift (in target 'ProjectProfitTests' from project 'ProjectProfit')

SwiftCompile normal arm64 /Users/yutaro/project-profit-ios/ProjectProfitTests/PostingIntakeUseCaseTests.swift (in target 'ProjectProfitTests' from project 'ProjectProfit')
    cd /Users/yutaro/project-profit-ios
    

SwiftCompile normal arm64 /Users/yutaro/project-profit-ios/ProjectProfitTests/ProRataDataStoreTests.swift (in target 'ProjectProfitTests' from project 'ProjectProfit')
    cd /Users/yutaro/project-profit-ios
    
/Users/yutaro/project-profit-ios/ProjectProfitTests/ProRataDataStoreTests.swift:258:67: warning: immutable value 'day' was never used; consider replacing with '_' or removing it
        guard let year = today.year, let month = today.month, let day = today.day else {
                                                              ~~~~^~~
                                                              _
/Users/yutaro/project-profit-ios/ProjectProfitTests/ProRataDataStoreTests.swift:836:19: warning: value 'tx' was defined but never used; consider replacing with boolean test
        guard let tx = yearlyTx.first else { return }
              ~~~~^~~~~
                                      != nil

SwiftCompile normal arm64 /Users/yutaro/project-profit-ios/ProjectProfitTests/ProRataTests.swift (in target 'ProjectProfitTests' from project 'ProjectProfit')
    cd /Users/yutaro/project-profit-ios
    

SwiftCompile normal arm64 /Users/yutaro/project-profit-ios/ProjectProfitTests/ProfileSettingsUseCaseTests.swift (in target 'ProjectProfitTests' from project 'ProjectProfit')
    cd /Users/yutaro/project-profit-ios
    
/Users/yutaro/project-profit-ios/ProjectProfitTests/ProfileSettingsUseCaseTests.swift:10:22: warning: 'PPAccountingProfile' is deprecated: Use BusinessProfile / TaxYearProfile instead. Migration-only legacy model.
        let legacy = PPAccountingProfile(
                     ^
/Users/yutaro/project-profit-ios/ProjectProfitTests/ProfileSettingsUseCaseTests.swift:19:17: warning: conformance of 'PPAccountingProfile' to 'PersistentModel' is deprecated: Use BusinessProfile / TaxYearProfile instead. Migration-only legacy model.
        context.insert(legacy)
                ^
/Users/yutaro/project-profit-ios/ProjectProfitTests/ProfileSettingsUseCaseTests.swift:46:42: warning: conformance of 'PPAccountingProfile' to 'PersistentModel' is deprecated: Use BusinessProfile / TaxYearProfile instead. Migration-only legacy model.
        let legacyProfiles = try context.fetch(FetchDescriptor<PPAccountingProfile>())
                                         ^
/Users/yutaro/project-profit-ios/ProjectProfitTests/ProfileSettingsUseCaseTests.swift:46:64: warning: 'PPAccountingProfile' is deprecated: Use BusinessProfile / TaxYearProfile instead. Migration-only legacy model.
        let legacyProfiles = try context.fetch(FetchDescriptor<PPAccountingProfile>())
                                                               ^
/Users/yutaro/project-profit-ios/ProjectProfitTests/ProfileSettingsUseCaseTests.swift:46:48: warning: conformance of 'PPAccountingProfile' to 'PersistentModel' is deprecated: Use BusinessProfile / TaxYearProfile instead. Migration-only legacy model.
        let legacyProfiles = try context.fetch(FetchDescriptor<PPAccountingProfile>())
                                               ^
/Users/yutaro/project-profit-ios/ProjectProfitTests/ProfileSettingsUseCaseTests.swift:46:83: warning: conformance of 'PPAccountingProfile' to 'PersistentModel' is deprecated: Use BusinessProfile / TaxYearProfile instead. Migration-only legacy model.
        let legacyProfiles = try context.fetch(FetchDescriptor<PPAccountingProfile>())
                                                                                  ^
/Users/yutaro/project-profit-ios/ProjectProfitTests/ProfileSettingsUseCaseTests.swift:189:22: warning: 'PPAccountingProfile' is deprecated: Use BusinessProfile / TaxYearProfile instead. Migration-only legacy model.
        let legacy = PPAccountingProfile(
                     ^
/Users/yutaro/project-profit-ios/ProjectProfitTests/ProfileSettingsUseCaseTests.swift:200:17: warning: conformance of 'PPAccountingProfile' to 'PersistentModel' is deprecated: Use BusinessProfile / TaxYearProfile instead. Migration-only legacy model.
        context.insert(legacy)
                ^
/Users/yutaro/project-profit-ios/ProjectProfitTests/ProfileSettingsUseCaseTests.swift:237:42: warning: conformance of 'PPAccountingProfile' to 'PersistentModel' is deprecated: Use BusinessProfile / TaxYearProfile instead. Migration-only legacy model.
        let legacyProfiles = try context.fetch(FetchDescriptor<PPAccountingProfile>())
                                         ^
/Users/yutaro/project-profit-ios/ProjectProfitTests/ProfileSettingsUseCaseTests.swift:237:64: warning: 'PPAccountingProfile' is deprecated: Use BusinessProfile / TaxYearProfile instead. Migration-only legacy model.
        let legacyProfiles = try context.fetch(FetchDescriptor<PPAccountingProfile>())
                                                               ^
/Users/yutaro/project-profit-ios/ProjectProfitTests/ProfileSettingsUseCaseTests.swift:237:48: warning: conformance of 'PPAccountingProfile' to 'PersistentModel' is deprecated: Use BusinessProfile / TaxYearProfile instead. Migration-only legacy model.
        let legacyProfiles = try context.fetch(FetchDescriptor<PPAccountingProfile>())
                                               ^
/Users/yutaro/project-profit-ios/ProjectProfitTests/ProfileSettingsUseCaseTests.swift:237:83: warning: conformance of 'PPAccountingProfile' to 'PersistentModel' is deprecated: Use BusinessProfile / TaxYearProfile instead. Migration-only legacy model.
        let legacyProfiles = try context.fetch(FetchDescriptor<PPAccountingProfile>())
                                                                                  ^
/Users/yutaro/project-profit-ios/ProjectProfitTests/ProfileSettingsUseCaseTests.swift:251:35: warning: conformance of 'PPAccountingProfile' to 'PersistentModel' is deprecated: Use BusinessProfile / TaxYearProfile instead. Migration-only legacy model.
        XCTAssertTrue(try context.fetch(FetchDescriptor<PPAccountingProfile>()).isEmpty)
                                  ^
/Users/yutaro/project-profit-ios/ProjectProfitTests/ProfileSettingsUseCaseTests.swift:251:57: warning: 'PPAccountingProfile' is deprecated: Use BusinessProfile / TaxYearProfile instead. Migration-only legacy model.
        XCTAssertTrue(try context.fetch(FetchDescriptor<PPAccountingProfile>()).isEmpty)
                                                        ^
/Users/yutaro/project-profit-ios/ProjectProfitTests/ProfileSettingsUseCaseTests.swift:251:41: warning: conformance of 'PPAccountingProfile' to 'PersistentModel' is deprecated: Use BusinessProfile / TaxYearProfile instead. Migration-only legacy model.
        XCTAssertTrue(try context.fetch(FetchDescriptor<PPAccountingProfile>()).isEmpty)
                                        ^
/Users/yutaro/project-profit-ios/ProjectProfitTests/ProfileSettingsUseCaseTests.swift:251:76: warning: conformance of 'PPAccountingProfile' to 'PersistentModel' is deprecated: Use BusinessProfile / TaxYearProfile instead. Migration-only legacy model.
        XCTAssertTrue(try context.fetch(FetchDescriptor<PPAccountingProfile>()).isEmpty)
                                                                           ^

SwiftCompile normal arm64 /Users/yutaro/project-profit-ios/ProjectProfitTests/ProfileSettingsViewTests.swift (in target 'ProjectProfitTests' from project 'ProjectProfit')
    cd /Users/yutaro/project-profit-ios
    

SwiftCompile normal arm64 /Users/yutaro/project-profit-ios/ProjectProfitTests/ProfileSettingsWorkflowUseCaseTests.swift (in target 'ProjectProfitTests' from project 'ProjectProfit')
    cd /Users/yutaro/project-profit-ios
    
/Users/yutaro/project-profit-ios/ProjectProfitTests/ProfileSettingsWorkflowUseCaseTests.swift:30:22: warning: 'PPAccountingProfile' is deprecated: Use BusinessProfile / TaxYearProfile instead. Migration-only legacy model.
        let legacy = PPAccountingProfile(
                     ^
/Users/yutaro/project-profit-ios/ProjectProfitTests/ProfileSettingsWorkflowUseCaseTests.swift:39:17: warning: conformance of 'PPAccountingProfile' to 'PersistentModel' is deprecated: Use BusinessProfile / TaxYearProfile instead. Migration-only legacy model.
        context.insert(legacy)
                ^
/Users/yutaro/project-profit-ios/ProjectProfitTests/ProfileSettingsWorkflowUseCaseTests.swift:150:35: warning: conformance of 'PPAccountingProfile' to 'PersistentModel' is deprecated: Use BusinessProfile / TaxYearProfile instead. Migration-only legacy model.
        XCTAssertTrue(try context.fetch(FetchDescriptor<PPAccountingProfile>()).isEmpty)
                                  ^
/Users/yutaro/project-profit-ios/ProjectProfitTests/ProfileSettingsWorkflowUseCaseTests.swift:150:57: warning: 'PPAccountingProfile' is deprecated: Use BusinessProfile / TaxYearProfile instead. Migration-only legacy model.
        XCTAssertTrue(try context.fetch(FetchDescriptor<PPAccountingProfile>()).isEmpty)
                                                        ^
/Users/yutaro/project-profit-ios/ProjectProfitTests/ProfileSettingsWorkflowUseCaseTests.swift:150:41: warning: conformance of 'PPAccountingProfile' to 'PersistentModel' is deprecated: Use BusinessProfile / TaxYearProfile instead. Migration-only legacy model.
        XCTAssertTrue(try context.fetch(FetchDescriptor<PPAccountingProfile>()).isEmpty)
                                        ^
/Users/yutaro/project-profit-ios/ProjectProfitTests/ProfileSettingsWorkflowUseCaseTests.swift:150:76: warning: conformance of 'PPAccountingProfile' to 'PersistentModel' is deprecated: Use BusinessProfile / TaxYearProfile instead. Migration-only legacy model.
        XCTAssertTrue(try context.fetch(FetchDescriptor<PPAccountingProfile>()).isEmpty)
                                                                           ^

SwiftCompile normal arm64 /Users/yutaro/project-profit-ios/ProjectProfitTests/ProjectQueryUseCaseTests.swift (in target 'ProjectProfitTests' from project 'ProjectProfit')
    cd /Users/yutaro/project-profit-ios
    

SwiftCompile normal arm64 /Users/yutaro/project-profit-ios/ProjectProfitTests/ProjectWorkflowUseCaseTests.swift (in target 'ProjectProfitTests' from project 'ProjectProfit')
    cd /Users/yutaro/project-profit-ios
    

SwiftCompile normal arm64 /Users/yutaro/project-profit-ios/ProjectProfitTests/ReceiptAmountExtractionTests.swift (in target 'ProjectProfitTests' from project 'ProjectProfit')
    cd /Users/yutaro/project-profit-ios
    

SwiftCompile normal arm64 /Users/yutaro/project-profit-ios/ProjectProfitTests/ReceiptDateExtractionTests.swift (in target 'ProjectProfitTests' from project 'ProjectProfit')
    cd /Users/yutaro/project-profit-ios
    

SwiftCompile normal arm64 /Users/yutaro/project-profit-ios/ProjectProfitTests/ReceiptEvidenceIntakeUseCaseTests.swift (in target 'ProjectProfitTests' from project 'ProjectProfit')
    cd /Users/yutaro/project-profit-ios
    

SwiftCompile normal arm64 /Users/yutaro/project-profit-ios/ProjectProfitTests/ReceiptImageStoreTests.swift (in target 'ProjectProfitTests' from project 'ProjectProfit')
    cd /Users/yutaro/project-profit-ios
    

SwiftCompile normal arm64 /Users/yutaro/project-profit-ios/ProjectProfitTests/ReceiptReviewViewTests.swift (in target 'ProjectProfitTests' from project 'ProjectProfit')
    cd /Users/yutaro/project-profit-ios
    

SwiftCompile normal arm64 /Users/yutaro/project-profit-ios/ProjectProfitTests/ReceiptStoreNameExtractionTests.swift (in target 'ProjectProfitTests' from project 'ProjectProfit')
    cd /Users/yutaro/project-profit-ios
    

SwiftCompile normal arm64 /Users/yutaro/project-profit-ios/ProjectProfitTests/RecurringPreviewTests.swift (in target 'ProjectProfitTests' from project 'ProjectProfit')
    cd /Users/yutaro/project-profit-ios
    
/Users/yutaro/project-profit-ios/ProjectProfitTests/RecurringPreviewTests.swift:201:9: warning: result of call to 'insertRecurringDirectly(name:type:amount:categoryId:projectId:dayOfMonth:isActive:endDate:skipDates:lastGeneratedDate:)' is unused
        insertRecurringDirectly(
        ^                      ~
/Users/yutaro/project-profit-ios/ProjectProfitTests/RecurringPreviewTests.swift:222:27: warning: 'PPAccountingProfile' is deprecated: Use BusinessProfile / TaxYearProfile instead. Migration-only legacy model.
            let profile = PPAccountingProfile(fiscalYear: year)
                          ^
/Users/yutaro/project-profit-ios/ProjectProfitTests/RecurringPreviewTests.swift:223:21: warning: conformance of 'PPAccountingProfile' to 'PersistentModel' is deprecated: Use BusinessProfile / TaxYearProfile instead. Migration-only legacy model.
            context.insert(profile)
                    ^
/Users/yutaro/project-profit-ios/ProjectProfitTests/RecurringPreviewTests.swift:238:9: warning: result of call to 'insertRecurringDirectly(name:type:amount:categoryId:projectId:dayOfMonth:isActive:endDate:skipDates:lastGeneratedDate:)' is unused
        insertRecurringDirectly(
        ^                      ~

SwiftCompile normal arm64 /Users/yutaro/project-profit-ios/ProjectProfitTests/RecurringProcessingTests.swift (in target 'ProjectProfitTests' from project 'ProjectProfit')
    cd /Users/yutaro/project-profit-ios
    
/Users/yutaro/project-profit-ios/ProjectProfitTests/RecurringProcessingTests.swift:831:13: warning: initialization of immutable value 'projectA' was never used; consider replacing with assignment to '_' or removing it
        let projectA = makeProject(name: "Project A")
        ~~~~^~~~~~~~
        _
/Users/yutaro/project-profit-ios/ProjectProfitTests/RecurringProcessingTests.swift:854:13: warning: initialization of immutable value 'projectB' was never used; consider replacing with assignment to '_' or removing it
        let projectB = mutations(dataStore).addProject(name: "Project B", description: "new")
        ~~~~^~~~~~~~
        _
/Users/yutaro/project-profit-ios/ProjectProfitTests/RecurringProcessingTests.swift:1224:13: warning: initialization of immutable value 'recurring' was never used; consider replacing with assignment to '_' or removing it
        let recurring = mutations(dataStore).addRecurring(
        ~~~~^~~~~~~~~
        _

SwiftCompile normal arm64 /Users/yutaro/project-profit-ios/ProjectProfitTests/RecurringQueryUseCaseTests.swift (in target 'ProjectProfitTests' from project 'ProjectProfit')
    cd /Users/yutaro/project-profit-ios
    

SwiftCompile normal arm64 /Users/yutaro/project-profit-ios/ProjectProfitTests/RecurringWorkflowUseCaseTests.swift (in target 'ProjectProfitTests' from project 'ProjectProfit')
    cd /Users/yutaro/project-profit-ios
    

SwiftDriverJobDiscovery normal arm64 Compiling CanonicalCategory.swift, CanonicalJSONCoder.swift, CanonicalJournalEntryEntityMapper.swift, CanonicalPostingEngine.swift, CanonicalPostingSupport.swift, CanonicalRepositoryError.swift, CashBasisReturnBuilder.swift, CategoryAccountMappingView.swift, CategoryListView.swift, CategoryManageView.swift, CategoryQueryRepository.swift, CategoryQueryUseCase.swift, CategoryRepository.swift, CategoryWorkflowUseCase.swift, ChartOfAccountsRepository.swift, ChartOfAccountsUseCase.swift, ChartOfAccountsView.swift, ClassificationDictionaryLoader.swift, ClassificationEngine.swift, ClassificationLearningService.swift, ClassificationViewModel.swift, ClosingEntryView.swift, ClosingWorkflowUseCase.swift, ConsumptionTaxModels.swift, ConsumptionTaxReportService.swift (in target 'ProjectProfit' from project 'ProjectProfit')

SwiftDriverJobDiscovery normal arm64 Compiling EtaxXtxExporterTests.swift, EvidenceInboxQueryUseCaseTests.swift, ExpenseBookTests.swift, ExportCoordinatorTests.swift, FilingDashboardQueryUseCaseTests.swift, FilingPreflightUseCaseTests.swift, FiscalYearDataStoreTests.swift, FiscalYearUtilitiesTests.swift, FixedAssetNTATests.swift, FixedAssetWorkflowUseCaseTests.swift, FormEngineTests.swift, GeneralLedgerEnrichmentTests.swift, GoldenBaselineTests.swift, GoldenFixtureSupport.swift, InventoryServiceTests.swift, InventoryViewModelTests.swift, InventoryWorkflowUseCaseTests.swift, JournalValidationTests.swift (in target 'ProjectProfitTests' from project 'ProjectProfit')

SwiftDriverJobDiscovery normal arm64 Compiling RegexReceiptParserLineItemTests.swift, ReleasePerformanceGateTests.swift, ReportViewModelTests.swift, ReportingQueryUseCaseTests.swift, SearchIndexTests.swift, SettingsMaintenanceUseCaseTests.swift, SettingsMaintenanceWorkflowUseCaseTests.swift, SettingsOverviewUseCaseTests.swift, ShareImportInboxServiceTests.swift, ShushiNaiyakushoBuilderTests.swift, StatementImportUseCaseTests.swift, StatementMatchServiceTests.swift, StatementPDFParserTests.swift, StatementPrefillTests.swift, SubLedgerEnrichmentTests.swift, SubLedgerExportTests.swift, TaxCategoryTests.swift, TaxCodeTests.swift (in target 'ProjectProfitTests' from project 'ProjectProfit')

SwiftDriverJobDiscovery normal arm64 Compiling APBookTests.swift, ARBookTests.swift, AccountingBootstrapTests.swift, AccountingConstantsTests.swift, AccountingEngineTests.swift, AccountingIntegrationTests.swift, AccountingPerformanceTests.swift, AccountingReadQueryUseCaseTests.swift, AccountingReportServiceTests.swift, AllocationCalculatorTests.swift, AnnualBlueReturnScenarioTests.swift, AppBootstrapWorkflowUseCaseTests.swift, AppShellWorkflowUseCaseTests.swift, ApprovalQueueQueryUseCaseTests.swift, ApprovalQueueWorkflowUseCaseTests.swift, BackupRestoreServiceTests.swift, BooksWorkspaceViewTests.swift, BusinessProfileTests.swift, CSVExportServiceTests.swift (in target 'ProjectProfitTests' from project 'ProjectProfit')

SwiftDriverJobDiscovery normal arm64 Compiling CanonicalAccountingReportTests.swift, CanonicalBookServiceTests.swift, CanonicalCSVImportIntegrationTests.swift, CanonicalFlowE2ETests.swift, CanonicalJournalEntryTests.swift, CanonicalPostingSupportTests.swift, CanonicalRepositoriesTests.swift, CanonicalUseCasesTests.swift, CashBookTests.swift, CategoryQueryUseCaseTests.swift, CategoryWorkflowUseCaseTests.swift, ClassificationDictionaryLoaderTests.swift, ClassificationEngineTests.swift, ClassificationLearningServiceTests.swift, ClassificationReviewQueryTests.swift, ClosingEntryTests.swift, ClosingWorkflowUseCaseTests.swift, ConsumptionTaxReportServiceTests.swift, CounterpartyMatchingTests.swift (in target 'ProjectProfitTests' from project 'ProjectProfit')

SwiftDriverJobDiscovery normal arm64 Compiling LedgerCSVImportServiceTests.swift, LedgerDataStoreReadOnlyTests.swift, LedgerDataStoreTests.swift, LedgerImportCoordinatorTests.swift, LegacyProfileMigrationRunnerTests.swift, LegacyTransactionCompatibilityUseCase.swift, LegalReportLineTests.swift, LineItemTests.swift, MigrationReportRunnerTests.swift, ModelsTests.swift, MonthlyAmortizationTests.swift, MonthlySummaryTests.swift, PDFExportServiceTests.swift, PPAccountTests.swift, PPAccountingProfileTests.swift, PPInventoryRecordTests.swift, PPJournalEntryTests.swift, PlannedEndDateTests.swift (in target 'ProjectProfitTests' from project 'ProjectProfit')

SwiftDriverJobDiscovery normal arm64 Compiling DashboardViewModelTests.swift, DataRevisionQueryUseCaseTests.swift, DataStoreAccountingTests.swift, DataStoreCRUDTests.swift, DataStoreFixedAssetTests.swift, DataStoreInventoryTests.swift, DataStoreSummaryTests.swift, DataStoreYearLockGradedTests.swift, DepreciationEngineTests.swift, DepreciationScheduleBuilderTests.swift, DistributionApprovalIntegrationTests.swift, DistributionTemplateApplicationUseCaseTests.swift, DistributionTemplateManagementQueryUseCaseTests.swift, DocumentAndSubLedgerTests.swift, DocumentWorkflowUseCaseTests.swift, EtaxCharacterValidatorTests.swift, EtaxExportViewModelTests.swift, EtaxFieldPopulatorTests.swift (in target 'ProjectProfitTests' from project 'ProjectProfit')

SwiftDriverJobDiscovery normal arm64 Compiling PostingIntakeUseCaseTests.swift, ProRataDataStoreTests.swift, ProRataTests.swift, ProfileSettingsUseCaseTests.swift, ProfileSettingsViewTests.swift, ProfileSettingsWorkflowUseCaseTests.swift, ProjectQueryUseCaseTests.swift, ProjectWorkflowUseCaseTests.swift, ReceiptAmountExtractionTests.swift, ReceiptDateExtractionTests.swift, ReceiptEvidenceIntakeUseCaseTests.swift, ReceiptImageStoreTests.swift, ReceiptReviewViewTests.swift, ReceiptStoreNameExtractionTests.swift, RecurringPreviewTests.swift, RecurringProcessingTests.swift, RecurringQueryUseCaseTests.swift, RecurringWorkflowUseCaseTests.swift (in target 'ProjectProfitTests' from project 'ProjectProfit')

SwiftDriver\ Compilation ProjectProfitTests normal arm64 com.apple.xcode.tools.swift.compiler (in target 'ProjectProfitTests' from project 'ProjectProfit')
    cd /Users/yutaro/project-profit-ios
    builtin-Swift-Compilation -- /Applications/Xcode-26.3.app/Contents/Developer/Toolchains/XcodeDefault.xctoolchain/usr/bin/swiftc -module-name ProjectProfitTests -Onone -enforce-exclusivity\=checked @/Users/yutaro/project-profit-ios/artifacts/release-quality/performance-gate/DerivedData/Build/Intermediates.noindex/ProjectProfit.build/Debug-iphonesimulator/ProjectProfitTests.build/Objects-normal/arm64/ProjectProfitTests.SwiftFileList -DDEBUG -Xcc -fmodule-map-file\=/Users/yutaro/project-profit-ios/artifacts/release-quality/performance-gate/DerivedData/Build/Intermediates.noindex/GeneratedModuleMaps-iphonesimulator/libxlsxwriter.modulemap -plugin-path /Applications/Xcode-26.3.app/Contents/Developer/Toolchains/XcodeDefault.xctoolchain/usr/lib/swift/host/plugins/testing -enable-bare-slash-regex -enable-experimental-feature DebugDescriptionMacro -sdk /Applications/Xcode-26.3.app/Contents/Developer/Platforms/iPhoneSimulator.platform/Developer/SDKs/iPhoneSimulator26.2.sdk -target arm64-apple-ios17.0-simulator -g -module-cache-path /Users/yutaro/project-profit-ios/artifacts/release-quality/performance-gate/DerivedData/ModuleCache.noindex -Xfrontend -serialize-debugging-options -profile-coverage-mapping -profile-generate -enable-testing -index-store-path /Users/yutaro/project-profit-ios/artifacts/release-quality/performance-gate/DerivedData/Index.noindex/DataStore -Xcc -D_LIBCPP_HARDENING_MODE\=_LIBCPP_HARDENING_MODE_DEBUG -swift-version 5 -I /Users/yutaro/project-profit-ios/artifacts/release-quality/performance-gate/DerivedData/Build/Products/Debug-iphonesimulator -I /Users/yutaro/project-profit-ios/ProjectProfit/Ledger/Bridge/xlsxwriter -Isystem /Applications/Xcode-26.3.app/Contents/Developer/Platforms/iPhoneSimulator.platform/Developer/usr/lib -F /Users/yutaro/project-profit-ios/artifacts/release-quality/performance-gate/DerivedData/Build/Products/Debug-iphonesimulator/PackageFrameworks -F /Users/yutaro/project-profit-ios/artifacts/release-quality/performance-gate/DerivedData/Build/Products/Debug-iphonesimulator -F /Applications/Xcode-26.3.app/Contents/Developer/Platforms/iPhoneSimulator.platform/Developer/Library/Frameworks -F /Applications/Xcode-26.3.app/Contents/Developer/Platforms/iPhoneSimulator.platform/Developer/SDKs/iPhoneSimulator26.2.sdk/Developer/Library/Frameworks -c -j8 -enable-batch-mode -incremental -Xcc -ivfsstatcache -Xcc /Users/yutaro/project-profit-ios/artifacts/release-quality/performance-gate/DerivedData/SDKStatCaches.noindex/iphonesimulator26.2-23C57-91db6bf2b9df79783d042ed3cc29a58e.sdkstatcache -output-file-map /Users/yutaro/project-profit-ios/artifacts/release-quality/performance-gate/DerivedData/Build/Intermediates.noindex/ProjectProfit.build/Debug-iphonesimulator/ProjectProfitTests.build/Objects-normal/arm64/ProjectProfitTests-OutputFileMap.json -use-frontend-parseable-output -save-temps -no-color-diagnostics -explicit-module-build -module-cache-path /Users/yutaro/project-profit-ios/artifacts/release-quality/performance-gate/DerivedData/Build/Intermediates.noindex/SwiftExplicitPrecompiledModules -clang-scanner-module-cache-path /Users/yutaro/project-profit-ios/artifacts/release-quality/performance-gate/DerivedData/ModuleCache.noindex -sdk-module-cache-path /Users/yutaro/project-profit-ios/artifacts/release-quality/performance-gate/DerivedData/ModuleCache.noindex -serialize-diagnostics -emit-dependencies -emit-module -emit-module-path /Users/yutaro/project-profit-ios/artifacts/release-quality/performance-gate/DerivedData/Build/Intermediates.noindex/ProjectProfit.build/Debug-iphonesimulator/ProjectProfitTests.build/Objects-normal/arm64/ProjectProfitTests.swiftmodule -validate-clang-modules-once -clang-build-session-file /Users/yutaro/project-profit-ios/artifacts/release-quality/performance-gate/DerivedData/ModuleCache.noindex/Session.modulevalidation -Xcc -I/Users/yutaro/project-profit-ios/artifacts/release-quality/performance-gate/DerivedData/Build/Intermediates.noindex/ProjectProfit.build/Debug-iphonesimulator/ProjectProfitTests.build/swift-overrides.hmap -emit-const-values -Xfrontend -const-gather-protocols-file -Xfrontend /Users/yutaro/project-profit-ios/artifacts/release-quality/performance-gate/DerivedData/Build/Intermediates.noindex/ProjectProfit.build/Debug-iphonesimulator/ProjectProfitTests.build/Objects-normal/arm64/ProjectProfitTests_const_extract_protocols.json -Xcc -iquote -Xcc /Users/yutaro/project-profit-ios/artifacts/release-quality/performance-gate/DerivedData/Build/Intermediates.noindex/ProjectProfit.build/Debug-iphonesimulator/ProjectProfitTests.build/ProjectProfitTests-generated-files.hmap -Xcc -I/Users/yutaro/project-profit-ios/artifacts/release-quality/performance-gate/DerivedData/Build/Intermediates.noindex/ProjectProfit.build/Debug-iphonesimulator/ProjectProfitTests.build/ProjectProfitTests-own-target-headers.hmap -Xcc -I/Users/yutaro/project-profit-ios/artifacts/release-quality/performance-gate/DerivedData/Build/Intermediates.noindex/ProjectProfit.build/Debug-iphonesimulator/ProjectProfitTests.build/ProjectProfitTests-all-non-framework-target-headers.hmap -Xcc -ivfsoverlay -Xcc /Users/yutaro/project-profit-ios/artifacts/release-quality/performance-gate/DerivedData/Build/Intermediates.noindex/ProjectProfit.build/Debug-iphonesimulator/ProjectProfit-bc30635a8cb06e5d3ecf94d8d93f544c-VFS-iphonesimulator/all-product-headers.yaml -Xcc -iquote -Xcc /Users/yutaro/project-profit-ios/artifacts/release-quality/performance-gate/DerivedData/Build/Intermediates.noindex/ProjectProfit.build/Debug-iphonesimulator/ProjectProfitTests.build/ProjectProfitTests-project-headers.hmap -Xcc -I/Users/yutaro/project-profit-ios/artifacts/release-quality/performance-gate/DerivedData/SourcePackages/checkouts/libxlsxwriter/include -Xcc -I/Users/yutaro/project-profit-ios/artifacts/release-quality/performance-gate/DerivedData/Build/Products/Debug-iphonesimulator/include -Xcc -I/Users/yutaro/project-profit-ios/artifacts/release-quality/performance-gate/DerivedData/SourcePackages/checkouts/libxlsxwriter/include -Xcc -I/Users/yutaro/project-profit-ios/artifacts/release-quality/performance-gate/DerivedData/Build/Intermediates.noindex/ProjectProfit.build/Debug-iphonesimulator/ProjectProfitTests.build/DerivedSources-normal/arm64 -Xcc -I/Users/yutaro/project-profit-ios/artifacts/release-quality/performance-gate/DerivedData/Build/Intermediates.noindex/ProjectProfit.build/Debug-iphonesimulator/ProjectProfitTests.build/DerivedSources/arm64 -Xcc -I/Users/yutaro/project-profit-ios/artifacts/release-quality/performance-gate/DerivedData/Build/Intermediates.noindex/ProjectProfit.build/Debug-iphonesimulator/ProjectProfitTests.build/DerivedSources -Xcc -DDEBUG\=1 -emit-objc-header -emit-objc-header-path /Users/yutaro/project-profit-ios/artifacts/release-quality/performance-gate/DerivedData/Build/Intermediates.noindex/ProjectProfit.build/Debug-iphonesimulator/ProjectProfitTests.build/Objects-normal/arm64/ProjectProfitTests-Swift.h -working-directory /Users/yutaro/project-profit-ios -experimental-emit-module-separately -disable-cmo

SwiftDriverJobDiscovery normal arm64 Compiling ProjectsView.swift, ProjectsViewModel.swift, ReceiptData.swift, ReceiptEvidenceIntakeUseCase.swift, ReceiptImagePreviewView.swift, ReceiptImageStore.swift, ReceiptReviewView.swift, ReceiptScannerService.swift, ReceiptScannerView.swift, RecurringFormSections.swift, RecurringFormView.swift, RecurringHistoryView.swift, RecurringPostingCoordinator.swift, RecurringPreviewItem.swift, RecurringPreviewView.swift, RecurringQueryUseCase.swift, RecurringRepository.swift, RecurringView.swift, RecurringViewModel.swift, RecurringWorkflowStore.swift, RecurringWorkflowUseCase.swift, ReportView.swift, ReportViewModel.swift, ReportingQueryUseCase.swift (in target 'ProjectProfit' from project 'ProjectProfit')

SwiftDriver\ Compilation ProjectProfit normal arm64 com.apple.xcode.tools.swift.compiler (in target 'ProjectProfit' from project 'ProjectProfit')
    cd /Users/yutaro/project-profit-ios
    builtin-Swift-Compilation -- /Applications/Xcode-26.3.app/Contents/Developer/Toolchains/XcodeDefault.xctoolchain/usr/bin/swiftc -module-name ProjectProfit -Onone -enforce-exclusivity\=checked @/Users/yutaro/project-profit-ios/artifacts/release-quality/performance-gate/DerivedData/Build/Intermediates.noindex/ProjectProfit.build/Debug-iphonesimulator/ProjectProfit.build/Objects-normal/arm64/ProjectProfit.SwiftFileList -DDEBUG -Xcc -fmodule-map-file\=/Users/yutaro/project-profit-ios/artifacts/release-quality/performance-gate/DerivedData/Build/Intermediates.noindex/GeneratedModuleMaps-iphonesimulator/libxlsxwriter.modulemap -Xfrontend -solver-expression-time-threshold\=60 -enable-bare-slash-regex -enable-experimental-feature DebugDescriptionMacro -sdk /Applications/Xcode-26.3.app/Contents/Developer/Platforms/iPhoneSimulator.platform/Developer/SDKs/iPhoneSimulator26.2.sdk -target arm64-apple-ios17.0-simulator -g -module-cache-path /Users/yutaro/project-profit-ios/artifacts/release-quality/performance-gate/DerivedData/ModuleCache.noindex -Xfrontend -serialize-debugging-options -profile-coverage-mapping -profile-generate -enable-testing -index-store-path /Users/yutaro/project-profit-ios/artifacts/release-quality/performance-gate/DerivedData/Index.noindex/DataStore -Xcc -D_LIBCPP_HARDENING_MODE\=_LIBCPP_HARDENING_MODE_DEBUG -swift-version 5 -I /Users/yutaro/project-profit-ios/artifacts/release-quality/performance-gate/DerivedData/Build/Products/Debug-iphonesimulator -I /Users/yutaro/project-profit-ios/ProjectProfit/Ledger/Bridge/xlsxwriter -F /Users/yutaro/project-profit-ios/artifacts/release-quality/performance-gate/DerivedData/Build/Products/Debug-iphonesimulator/PackageFrameworks -F /Users/yutaro/project-profit-ios/artifacts/release-quality/performance-gate/DerivedData/Build/Products/Debug-iphonesimulator -c -j8 -enable-batch-mode -incremental -Xcc -ivfsstatcache -Xcc /Users/yutaro/project-profit-ios/artifacts/release-quality/performance-gate/DerivedData/SDKStatCaches.noindex/iphonesimulator26.2-23C57-91db6bf2b9df79783d042ed3cc29a58e.sdkstatcache -output-file-map /Users/yutaro/project-profit-ios/artifacts/release-quality/performance-gate/DerivedData/Build/Intermediates.noindex/ProjectProfit.build/Debug-iphonesimulator/ProjectProfit.build/Objects-normal/arm64/ProjectProfit-OutputFileMap.json -use-frontend-parseable-output -save-temps -no-color-diagnostics -explicit-module-build -module-cache-path /Users/yutaro/project-profit-ios/artifacts/release-quality/performance-gate/DerivedData/Build/Intermediates.noindex/SwiftExplicitPrecompiledModules -clang-scanner-module-cache-path /Users/yutaro/project-profit-ios/artifacts/release-quality/performance-gate/DerivedData/ModuleCache.noindex -sdk-module-cache-path /Users/yutaro/project-profit-ios/artifacts/release-quality/performance-gate/DerivedData/ModuleCache.noindex -serialize-diagnostics -emit-dependencies -emit-module -emit-module-path /Users/yutaro/project-profit-ios/artifacts/release-quality/performance-gate/DerivedData/Build/Intermediates.noindex/ProjectProfit.build/Debug-iphonesimulator/ProjectProfit.build/Objects-normal/arm64/ProjectProfit.swiftmodule -validate-clang-modules-once -clang-build-session-file /Users/yutaro/project-profit-ios/artifacts/release-quality/performance-gate/DerivedData/ModuleCache.noindex/Session.modulevalidation -Xcc -I/Users/yutaro/project-profit-ios/artifacts/release-quality/performance-gate/DerivedData/Build/Intermediates.noindex/ProjectProfit.build/Debug-iphonesimulator/ProjectProfit.build/swift-overrides.hmap -emit-const-values -Xfrontend -const-gather-protocols-file -Xfrontend /Users/yutaro/project-profit-ios/artifacts/release-quality/performance-gate/DerivedData/Build/Intermediates.noindex/ProjectProfit.build/Debug-iphonesimulator/ProjectProfit.build/Objects-normal/arm64/ProjectProfit_const_extract_protocols.json -Xcc -iquote -Xcc /Users/yutaro/project-profit-ios/artifacts/release-quality/performance-gate/DerivedData/Build/Intermediates.noindex/ProjectProfit.build/Debug-iphonesimulator/ProjectProfit.build/ProjectProfit-generated-files.hmap -Xcc -I/Users/yutaro/project-profit-ios/artifacts/release-quality/performance-gate/DerivedData/Build/Intermediates.noindex/ProjectProfit.build/Debug-iphonesimulator/ProjectProfit.build/ProjectProfit-own-target-headers.hmap -Xcc -I/Users/yutaro/project-profit-ios/artifacts/release-quality/performance-gate/DerivedData/Build/Intermediates.noindex/ProjectProfit.build/Debug-iphonesimulator/ProjectProfit.build/ProjectProfit-all-non-framework-target-headers.hmap -Xcc -ivfsoverlay -Xcc /Users/yutaro/project-profit-ios/artifacts/release-quality/performance-gate/DerivedData/Build/Intermediates.noindex/ProjectProfit.build/Debug-iphonesimulator/ProjectProfit-bc30635a8cb06e5d3ecf94d8d93f544c-VFS-iphonesimulator/all-product-headers.yaml -Xcc -iquote -Xcc /Users/yutaro/project-profit-ios/artifacts/release-quality/performance-gate/DerivedData/Build/Intermediates.noindex/ProjectProfit.build/Debug-iphonesimulator/ProjectProfit.build/ProjectProfit-project-headers.hmap -Xcc -I/Users/yutaro/project-profit-ios/artifacts/release-quality/performance-gate/DerivedData/SourcePackages/checkouts/libxlsxwriter/include -Xcc -I/Users/yutaro/project-profit-ios/artifacts/release-quality/performance-gate/DerivedData/Build/Products/Debug-iphonesimulator/include -Xcc -I/Users/yutaro/project-profit-ios/artifacts/release-quality/performance-gate/DerivedData/SourcePackages/checkouts/libxlsxwriter/include -Xcc -I/Users/yutaro/project-profit-ios/artifacts/release-quality/performance-gate/DerivedData/Build/Intermediates.noindex/ProjectProfit.build/Debug-iphonesimulator/ProjectProfit.build/DerivedSources-normal/arm64 -Xcc -I/Users/yutaro/project-profit-ios/artifacts/release-quality/performance-gate/DerivedData/Build/Intermediates.noindex/ProjectProfit.build/Debug-iphonesimulator/ProjectProfit.build/DerivedSources/arm64 -Xcc -I/Users/yutaro/project-profit-ios/artifacts/release-quality/performance-gate/DerivedData/Build/Intermediates.noindex/ProjectProfit.build/Debug-iphonesimulator/ProjectProfit.build/DerivedSources -Xcc -DDEBUG\=1 -emit-objc-header -emit-objc-header-path /Users/yutaro/project-profit-ios/artifacts/release-quality/performance-gate/DerivedData/Build/Intermediates.noindex/ProjectProfit.build/Debug-iphonesimulator/ProjectProfit.build/Objects-normal/arm64/ProjectProfit-Swift.h -working-directory /Users/yutaro/project-profit-ios -experimental-emit-module-separately -disable-cmo

Ld /Users/yutaro/project-profit-ios/artifacts/release-quality/performance-gate/DerivedData/Build/Products/Debug-iphonesimulator/ProjectProfit.app/ProjectProfit.debug.dylib normal (in target 'ProjectProfit' from project 'ProjectProfit')
    cd /Users/yutaro/project-profit-ios
    /Applications/Xcode-26.3.app/Contents/Developer/Toolchains/XcodeDefault.xctoolchain/usr/bin/clang -Xlinker -reproducible -target arm64-apple-ios17.0-simulator -dynamiclib -isysroot /Applications/Xcode-26.3.app/Contents/Developer/Platforms/iPhoneSimulator.platform/Developer/SDKs/iPhoneSimulator26.2.sdk -O0 -L/Users/yutaro/project-profit-ios/artifacts/release-quality/performance-gate/DerivedData/Build/Intermediates.noindex/EagerLinkingTBDs/Debug-iphonesimulator -L/Users/yutaro/project-profit-ios/artifacts/release-quality/performance-gate/DerivedData/Build/Products/Debug-iphonesimulator -F/Users/yutaro/project-profit-ios/artifacts/release-quality/performance-gate/DerivedData/Build/Intermediates.noindex/EagerLinkingTBDs/Debug-iphonesimulator -F/Users/yutaro/project-profit-ios/artifacts/release-quality/performance-gate/DerivedData/Build/Products/Debug-iphonesimulator/PackageFrameworks -F/Users/yutaro/project-profit-ios/artifacts/release-quality/performance-gate/DerivedData/Build/Products/Debug-iphonesimulator -filelist /Users/yutaro/project-profit-ios/artifacts/release-quality/performance-gate/DerivedData/Build/Intermediates.noindex/ProjectProfit.build/Debug-iphonesimulator/ProjectProfit.build/Objects-normal/arm64/ProjectProfit.LinkFileList -install_name @rpath/ProjectProfit.debug.dylib -Xlinker -rpath -Xlinker /usr/lib/swift -Xlinker -rpath -Xlinker /Users/yutaro/project-profit-ios/artifacts/release-quality/performance-gate/DerivedData/Build/Products/Debug-iphonesimulator/PackageFrameworks -Xlinker -rpath -Xlinker @executable_path/Frameworks -dead_strip -Xlinker -object_path_lto -Xlinker /Users/yutaro/project-profit-ios/artifacts/release-quality/performance-gate/DerivedData/Build/Intermediates.noindex/ProjectProfit.build/Debug-iphonesimulator/ProjectProfit.build/Objects-normal/arm64/ProjectProfit_lto.o -rdynamic -Xlinker -no_deduplicate -Xlinker -objc_abi_version -Xlinker 2 -Xlinker -debug_variant -Xlinker -dependency_info -Xlinker /Users/yutaro/project-profit-ios/artifacts/release-quality/performance-gate/DerivedData/Build/Intermediates.noindex/ProjectProfit.build/Debug-iphonesimulator/ProjectProfit.build/Objects-normal/arm64/ProjectProfit_dependency_info.dat -fobjc-link-runtime -fprofile-instr-generate -L/Applications/Xcode-26.3.app/Contents/Developer/Toolchains/XcodeDefault.xctoolchain/usr/lib/swift/iphonesimulator -L/usr/lib/swift -Xlinker -add_ast_path -Xlinker /Users/yutaro/project-profit-ios/artifacts/release-quality/performance-gate/DerivedData/Build/Intermediates.noindex/ProjectProfit.build/Debug-iphonesimulator/ProjectProfit.build/Objects-normal/arm64/ProjectProfit.swiftmodule @/Users/yutaro/project-profit-ios/artifacts/release-quality/performance-gate/DerivedData/Build/Intermediates.noindex/ProjectProfit.build/Debug-iphonesimulator/ProjectProfit.build/Objects-normal/arm64/ProjectProfit-linker-args.resp -Wl,-no_warn_duplicate_libraries -lz -Xlinker -alias -Xlinker _main -Xlinker ___debug_main_executable_dylib_entry_point -Xlinker -no_adhoc_codesign -o /Users/yutaro/project-profit-ios/artifacts/release-quality/performance-gate/DerivedData/Build/Products/Debug-iphonesimulator/ProjectProfit.app/ProjectProfit.debug.dylib

ConstructStubExecutorLinkFileList /Users/yutaro/project-profit-ios/artifacts/release-quality/performance-gate/DerivedData/Build/Intermediates.noindex/ProjectProfit.build/Debug-iphonesimulator/ProjectProfit.build/ProjectProfit-ExecutorLinkFileList-normal-arm64.txt (in target 'ProjectProfit' from project 'ProjectProfit')
    cd /Users/yutaro/project-profit-ios
    construct-stub-executor-link-file-list /Users/yutaro/project-profit-ios/artifacts/release-quality/performance-gate/DerivedData/Build/Products/Debug-iphonesimulator/ProjectProfit.app/ProjectProfit.debug.dylib /Applications/Xcode-26.3.app/Contents/Developer/Platforms/iPhoneSimulator.platform/Developer/usr/lib/libPreviewsJITStubExecutor_no_swift_entry_point.a /Applications/Xcode-26.3.app/Contents/Developer/Platforms/iPhoneSimulator.platform/Developer/usr/lib/libPreviewsJITStubExecutor.a --output /Users/yutaro/project-profit-ios/artifacts/release-quality/performance-gate/DerivedData/Build/Intermediates.noindex/ProjectProfit.build/Debug-iphonesimulator/ProjectProfit.build/ProjectProfit-ExecutorLinkFileList-normal-arm64.txt
note: Using stub executor library with Swift entry point. (in target 'ProjectProfit' from project 'ProjectProfit')

Ld /Users/yutaro/project-profit-ios/artifacts/release-quality/performance-gate/DerivedData/Build/Products/Debug-iphonesimulator/ProjectProfit.app/ProjectProfit normal (in target 'ProjectProfit' from project 'ProjectProfit')
    cd /Users/yutaro/project-profit-ios
    /Applications/Xcode-26.3.app/Contents/Developer/Toolchains/XcodeDefault.xctoolchain/usr/bin/clang -Xlinker -reproducible -target arm64-apple-ios17.0-simulator -isysroot /Applications/Xcode-26.3.app/Contents/Developer/Platforms/iPhoneSimulator.platform/Developer/SDKs/iPhoneSimulator26.2.sdk -O0 -L/Users/yutaro/project-profit-ios/artifacts/release-quality/performance-gate/DerivedData/Build/Products/Debug-iphonesimulator -F/Users/yutaro/project-profit-ios/artifacts/release-quality/performance-gate/DerivedData/Build/Products/Debug-iphonesimulator/PackageFrameworks -F/Users/yutaro/project-profit-ios/artifacts/release-quality/performance-gate/DerivedData/Build/Products/Debug-iphonesimulator -Xlinker -rpath -Xlinker @executable_path -Xlinker -rpath -Xlinker /Users/yutaro/project-profit-ios/artifacts/release-quality/performance-gate/DerivedData/Build/Products/Debug-iphonesimulator/PackageFrameworks -Xlinker -rpath -Xlinker @executable_path/Frameworks -rdynamic -Xlinker -no_deduplicate -Xlinker -objc_abi_version -Xlinker 2 -Xlinker -debug_variant -e ___debug_blank_executor_main -Xlinker -sectcreate -Xlinker __TEXT -Xlinker __debug_dylib -Xlinker /Users/yutaro/project-profit-ios/artifacts/release-quality/performance-gate/DerivedData/Build/Intermediates.noindex/ProjectProfit.build/Debug-iphonesimulator/ProjectProfit.build/ProjectProfit-DebugDylibPath-normal-arm64.txt -Xlinker -sectcreate -Xlinker __TEXT -Xlinker __debug_instlnm -Xlinker /Users/yutaro/project-profit-ios/artifacts/release-quality/performance-gate/DerivedData/Build/Intermediates.noindex/ProjectProfit.build/Debug-iphonesimulator/ProjectProfit.build/ProjectProfit-DebugDylibInstallName-normal-arm64.txt -Xlinker -filelist -Xlinker /Users/yutaro/project-profit-ios/artifacts/release-quality/performance-gate/DerivedData/Build/Intermediates.noindex/ProjectProfit.build/Debug-iphonesimulator/ProjectProfit.build/ProjectProfit-ExecutorLinkFileList-normal-arm64.txt -Xlinker -sectcreate -Xlinker __TEXT -Xlinker __entitlements -Xlinker /Users/yutaro/project-profit-ios/artifacts/release-quality/performance-gate/DerivedData/Build/Intermediates.noindex/ProjectProfit.build/Debug-iphonesimulator/ProjectProfit.build/ProjectProfit.app-Simulated.xcent -Xlinker -sectcreate -Xlinker __TEXT -Xlinker __ents_der -Xlinker /Users/yutaro/project-profit-ios/artifacts/release-quality/performance-gate/DerivedData/Build/Intermediates.noindex/ProjectProfit.build/Debug-iphonesimulator/ProjectProfit.build/ProjectProfit.app-Simulated.xcent.der /Users/yutaro/project-profit-ios/artifacts/release-quality/performance-gate/DerivedData/Build/Products/Debug-iphonesimulator/ProjectProfit.app/ProjectProfit.debug.dylib -Xlinker -no_adhoc_codesign -o /Users/yutaro/project-profit-ios/artifacts/release-quality/performance-gate/DerivedData/Build/Products/Debug-iphonesimulator/ProjectProfit.app/ProjectProfit

Copy /Users/yutaro/project-profit-ios/artifacts/release-quality/performance-gate/DerivedData/Build/Products/Debug-iphonesimulator/ProjectProfit.app/PlugIns/ProjectProfitShareExtension.appex /Users/yutaro/project-profit-ios/artifacts/release-quality/performance-gate/DerivedData/Build/Products/Debug-iphonesimulator/ProjectProfitShareExtension.appex (in target 'ProjectProfit' from project 'ProjectProfit')
    cd /Users/yutaro/project-profit-ios
    builtin-copy -exclude .DS_Store -exclude CVS -exclude .svn -exclude .git -exclude .hg -exclude Headers -exclude PrivateHeaders -exclude Modules -exclude \*.tbd -resolve-src-symlinks -remove-static-executable /Users/yutaro/project-profit-ios/artifacts/release-quality/performance-gate/DerivedData/Build/Products/Debug-iphonesimulator/ProjectProfitShareExtension.appex /Users/yutaro/project-profit-ios/artifacts/release-quality/performance-gate/DerivedData/Build/Products/Debug-iphonesimulator/ProjectProfit.app/PlugIns

ProcessInfoPlistFile /Users/yutaro/project-profit-ios/artifacts/release-quality/performance-gate/DerivedData/Build/Products/Debug-iphonesimulator/ProjectProfit.app/Info.plist /Users/yutaro/project-profit-ios/artifacts/release-quality/performance-gate/DerivedData/Build/Intermediates.noindex/ProjectProfit.build/Debug-iphonesimulator/ProjectProfit.build/empty-ProjectProfit.plist (in target 'ProjectProfit' from project 'ProjectProfit')
    cd /Users/yutaro/project-profit-ios
    builtin-infoPlistUtility /Users/yutaro/project-profit-ios/artifacts/release-quality/performance-gate/DerivedData/Build/Intermediates.noindex/ProjectProfit.build/Debug-iphonesimulator/ProjectProfit.build/empty-ProjectProfit.plist -producttype com.apple.product-type.application -genpkginfo /Users/yutaro/project-profit-ios/artifacts/release-quality/performance-gate/DerivedData/Build/Products/Debug-iphonesimulator/ProjectProfit.app/PkgInfo -expandbuildsettings -format binary -platform iphonesimulator -additionalcontentfile /Users/yutaro/project-profit-ios/artifacts/release-quality/performance-gate/DerivedData/Build/Intermediates.noindex/ProjectProfit.build/Debug-iphonesimulator/ProjectProfit.build/assetcatalog_generated_info.plist -scanforprivacyfile /Users/yutaro/project-profit-ios/artifacts/release-quality/performance-gate/DerivedData/Build/Products/Debug-iphonesimulator/ProjectProfit.app/PlugIns/ProjectProfitShareExtension.appex -o /Users/yutaro/project-profit-ios/artifacts/release-quality/performance-gate/DerivedData/Build/Products/Debug-iphonesimulator/ProjectProfit.app/Info.plist

CopySwiftLibs /Users/yutaro/project-profit-ios/artifacts/release-quality/performance-gate/DerivedData/Build/Products/Debug-iphonesimulator/ProjectProfit.app (in target 'ProjectProfit' from project 'ProjectProfit')
    cd /Users/yutaro/project-profit-ios
    builtin-swiftStdLibTool --copy --verbose --sign - --scan-executable /Users/yutaro/project-profit-ios/artifacts/release-quality/performance-gate/DerivedData/Build/Products/Debug-iphonesimulator/ProjectProfit.app/ProjectProfit.debug.dylib --scan-folder /Users/yutaro/project-profit-ios/artifacts/release-quality/performance-gate/DerivedData/Build/Products/Debug-iphonesimulator/ProjectProfit.app/Frameworks --scan-folder /Users/yutaro/project-profit-ios/artifacts/release-quality/performance-gate/DerivedData/Build/Products/Debug-iphonesimulator/ProjectProfit.app/PlugIns --scan-folder /Users/yutaro/project-profit-ios/artifacts/release-quality/performance-gate/DerivedData/Build/Products/Debug-iphonesimulator/ProjectProfit.app/SystemExtensions --scan-folder /Users/yutaro/project-profit-ios/artifacts/release-quality/performance-gate/DerivedData/Build/Products/Debug-iphonesimulator/ProjectProfit.app/Extensions --platform iphonesimulator --toolchain /Applications/Xcode-26.3.app/Contents/Developer/Toolchains/XcodeDefault.xctoolchain --destination /Users/yutaro/project-profit-ios/artifacts/release-quality/performance-gate/DerivedData/Build/Products/Debug-iphonesimulator/ProjectProfit.app/Frameworks --strip-bitcode --strip-bitcode-tool /Applications/Xcode-26.3.app/Contents/Developer/Toolchains/XcodeDefault.xctoolchain/usr/bin/bitcode_strip --emit-dependency-info /Users/yutaro/project-profit-ios/artifacts/release-quality/performance-gate/DerivedData/Build/Intermediates.noindex/ProjectProfit.build/Debug-iphonesimulator/ProjectProfit.build/SwiftStdLibToolInputDependencies.dep --filter-for-swift-os

ExtractAppIntentsMetadata (in target 'ProjectProfit' from project 'ProjectProfit')
    cd /Users/yutaro/project-profit-ios
    /Applications/Xcode-26.3.app/Contents/Developer/Toolchains/XcodeDefault.xctoolchain/usr/bin/appintentsmetadataprocessor --toolchain-dir /Applications/Xcode-26.3.app/Contents/Developer/Toolchains/XcodeDefault.xctoolchain --module-name ProjectProfit --sdk-root /Applications/Xcode-26.3.app/Contents/Developer/Platforms/iPhoneSimulator.platform/Developer/SDKs/iPhoneSimulator26.2.sdk --xcode-version 17C519 --platform-family iOS --deployment-target 17.0 --bundle-identifier com.projectprofit.ProjectProfit --output /Users/yutaro/project-profit-ios/artifacts/release-quality/performance-gate/DerivedData/Build/Products/Debug-iphonesimulator/ProjectProfit.app --target-triple arm64-apple-ios17.0-simulator --binary-file /Users/yutaro/project-profit-ios/artifacts/release-quality/performance-gate/DerivedData/Build/Products/Debug-iphonesimulator/ProjectProfit.app/ProjectProfit --dependency-file /Users/yutaro/project-profit-ios/artifacts/release-quality/performance-gate/DerivedData/Build/Intermediates.noindex/ProjectProfit.build/Debug-iphonesimulator/ProjectProfit.build/Objects-normal/arm64/ProjectProfit_dependency_info.dat --stringsdata-file /Users/yutaro/project-profit-ios/artifacts/release-quality/performance-gate/DerivedData/Build/Intermediates.noindex/ProjectProfit.build/Debug-iphonesimulator/ProjectProfit.build/Objects-normal/arm64/ExtractedAppShortcutsMetadata.stringsdata --source-file-list /Users/yutaro/project-profit-ios/artifacts/release-quality/performance-gate/DerivedData/Build/Intermediates.noindex/ProjectProfit.build/Debug-iphonesimulator/ProjectProfit.build/Objects-normal/arm64/ProjectProfit.SwiftFileList --metadata-file-list /Users/yutaro/project-profit-ios/artifacts/release-quality/performance-gate/DerivedData/Build/Intermediates.noindex/ProjectProfit.build/Debug-iphonesimulator/ProjectProfit.build/ProjectProfit.DependencyMetadataFileList --static-metadata-file-list /Users/yutaro/project-profit-ios/artifacts/release-quality/performance-gate/DerivedData/Build/Intermediates.noindex/ProjectProfit.build/Debug-iphonesimulator/ProjectProfit.build/ProjectProfit.DependencyStaticMetadataFileList --swift-const-vals-list /Users/yutaro/project-profit-ios/artifacts/release-quality/performance-gate/DerivedData/Build/Intermediates.noindex/ProjectProfit.build/Debug-iphonesimulator/ProjectProfit.build/Objects-normal/arm64/ProjectProfit.SwiftConstValuesFileList --compile-time-extraction --deployment-aware-processing --validate-assistant-intents --no-app-shortcuts-localization
2026-03-24 20:35:45.408 appintentsmetadataprocessor[93262:5039013] Starting appintentsmetadataprocessor export
2026-03-24 20:35:45.410 appintentsmetadataprocessor[93262:5039013] warning: Metadata extraction skipped. No AppIntents.framework dependency found.

AppIntentsSSUTraining (in target 'ProjectProfit' from project 'ProjectProfit')
    cd /Users/yutaro/project-profit-ios
    /Applications/Xcode-26.3.app/Contents/Developer/Toolchains/XcodeDefault.xctoolchain/usr/bin/appintentsnltrainingprocessor --infoplist-path /Users/yutaro/project-profit-ios/artifacts/release-quality/performance-gate/DerivedData/Build/Products/Debug-iphonesimulator/ProjectProfit.app/Info.plist --temp-dir-path /Users/yutaro/project-profit-ios/artifacts/release-quality/performance-gate/DerivedData/Build/Intermediates.noindex/ProjectProfit.build/Debug-iphonesimulator/ProjectProfit.build/ssu --bundle-id com.projectprofit.ProjectProfit --product-path /Users/yutaro/project-profit-ios/artifacts/release-quality/performance-gate/DerivedData/Build/Products/Debug-iphonesimulator/ProjectProfit.app --extracted-metadata-path /Users/yutaro/project-profit-ios/artifacts/release-quality/performance-gate/DerivedData/Build/Products/Debug-iphonesimulator/ProjectProfit.app/Metadata.appintents --metadata-file-list /Users/yutaro/project-profit-ios/artifacts/release-quality/performance-gate/DerivedData/Build/Intermediates.noindex/ProjectProfit.build/Debug-iphonesimulator/ProjectProfit.build/ProjectProfit.DependencyMetadataFileList --archive-ssu-assets
2026-03-24 20:35:45.441 appintentsnltrainingprocessor[93263:5039027] Parsing options for appintentsnltrainingprocessor
2026-03-24 20:35:45.441 appintentsnltrainingprocessor[93263:5039027] No AppShortcuts found - Skipping.

ProcessInfoPlistFile /Users/yutaro/project-profit-ios/artifacts/release-quality/performance-gate/DerivedData/Build/Products/Debug-iphonesimulator/ProjectProfit.app/PlugIns/ProjectProfitTests.xctest/Info.plist /Users/yutaro/project-profit-ios/artifacts/release-quality/performance-gate/DerivedData/Build/Intermediates.noindex/ProjectProfit.build/Debug-iphonesimulator/ProjectProfitTests.build/empty-ProjectProfitTests.plist (in target 'ProjectProfitTests' from project 'ProjectProfit')
    cd /Users/yutaro/project-profit-ios
    builtin-infoPlistUtility /Users/yutaro/project-profit-ios/artifacts/release-quality/performance-gate/DerivedData/Build/Intermediates.noindex/ProjectProfit.build/Debug-iphonesimulator/ProjectProfitTests.build/empty-ProjectProfitTests.plist -producttype com.apple.product-type.bundle.unit-test -expandbuildsettings -format binary -platform iphonesimulator -o /Users/yutaro/project-profit-ios/artifacts/release-quality/performance-gate/DerivedData/Build/Products/Debug-iphonesimulator/ProjectProfit.app/PlugIns/ProjectProfitTests.xctest/Info.plist

CpResource /Users/yutaro/project-profit-ios/artifacts/release-quality/performance-gate/DerivedData/Build/Products/Debug-iphonesimulator/ProjectProfit.app/PlugIns/ProjectProfitTests.xctest/trial_balance_2025.json /Users/yutaro/project-profit-ios/ProjectProfitTests/Golden/expected/trial_balance_2025.json (in target 'ProjectProfitTests' from project 'ProjectProfit')
    cd /Users/yutaro/project-profit-ios
    builtin-copy -exclude .DS_Store -exclude CVS -exclude .svn -exclude .git -exclude .hg -resolve-src-symlinks /Users/yutaro/project-profit-ios/ProjectProfitTests/Golden/expected/trial_balance_2025.json /Users/yutaro/project-profit-ios/artifacts/release-quality/performance-gate/DerivedData/Build/Products/Debug-iphonesimulator/ProjectProfit.app/PlugIns/ProjectProfitTests.xctest

CpResource /Users/yutaro/project-profit-ios/artifacts/release-quality/performance-gate/DerivedData/Build/Products/Debug-iphonesimulator/ProjectProfit.app/PlugIns/ProjectProfitTests.xctest/consumption_tax_worksheet_2025.json /Users/yutaro/project-profit-ios/ProjectProfitTests/Golden/expected/consumption_tax_worksheet_2025.json (in target 'ProjectProfitTests' from project 'ProjectProfit')
    cd /Users/yutaro/project-profit-ios
    builtin-copy -exclude .DS_Store -exclude CVS -exclude .svn -exclude .git -exclude .hg -resolve-src-symlinks /Users/yutaro/project-profit-ios/ProjectProfitTests/Golden/expected/consumption_tax_worksheet_2025.json /Users/yutaro/project-profit-ios/artifacts/release-quality/performance-gate/DerivedData/Build/Products/Debug-iphonesimulator/ProjectProfit.app/PlugIns/ProjectProfitTests.xctest

CpResource /Users/yutaro/project-profit-ios/artifacts/release-quality/performance-gate/DerivedData/Build/Products/Debug-iphonesimulator/ProjectProfit.app/PlugIns/ProjectProfitTests.xctest/migration_dry_run_2025.json /Users/yutaro/project-profit-ios/ProjectProfitTests/Golden/expected/migration_dry_run_2025.json (in target 'ProjectProfitTests' from project 'ProjectProfit')
    cd /Users/yutaro/project-profit-ios
    builtin-copy -exclude .DS_Store -exclude CVS -exclude .svn -exclude .git -exclude .hg -resolve-src-symlinks /Users/yutaro/project-profit-ios/ProjectProfitTests/Golden/expected/migration_dry_run_2025.json /Users/yutaro/project-profit-ios/artifacts/release-quality/performance-gate/DerivedData/Build/Products/Debug-iphonesimulator/ProjectProfit.app/PlugIns/ProjectProfitTests.xctest

CpResource /Users/yutaro/project-profit-ios/artifacts/release-quality/performance-gate/DerivedData/Build/Products/Debug-iphonesimulator/ProjectProfit.app/PlugIns/ProjectProfitTests.xctest/journal_book_2025.json /Users/yutaro/project-profit-ios/ProjectProfitTests/Golden/expected/journal_book_2025.json (in target 'ProjectProfitTests' from project 'ProjectProfit')
    cd /Users/yutaro/project-profit-ios
    builtin-copy -exclude .DS_Store -exclude CVS -exclude .svn -exclude .git -exclude .hg -resolve-src-symlinks /Users/yutaro/project-profit-ios/ProjectProfitTests/Golden/expected/journal_book_2025.json /Users/yutaro/project-profit-ios/artifacts/release-quality/performance-gate/DerivedData/Build/Products/Debug-iphonesimulator/ProjectProfit.app/PlugIns/ProjectProfitTests.xctest

CpResource /Users/yutaro/project-profit-ios/artifacts/release-quality/performance-gate/DerivedData/Build/Products/Debug-iphonesimulator/ProjectProfit.app/PlugIns/ProjectProfitTests.xctest/blue_return_2025.json /Users/yutaro/project-profit-ios/ProjectProfitTests/Golden/expected/blue_return_2025.json (in target 'ProjectProfitTests' from project 'ProjectProfit')
    cd /Users/yutaro/project-profit-ios
    builtin-copy -exclude .DS_Store -exclude CVS -exclude .svn -exclude .git -exclude .hg -resolve-src-symlinks /Users/yutaro/project-profit-ios/ProjectProfitTests/Golden/expected/blue_return_2025.json /Users/yutaro/project-profit-ios/artifacts/release-quality/performance-gate/DerivedData/Build/Products/Debug-iphonesimulator/ProjectProfit.app/PlugIns/ProjectProfitTests.xctest

CpResource /Users/yutaro/project-profit-ios/artifacts/release-quality/performance-gate/DerivedData/Build/Products/Debug-iphonesimulator/ProjectProfit.app/PlugIns/ProjectProfitTests.xctest/baseline_fiscal_year_2025.json /Users/yutaro/project-profit-ios/ProjectProfitTests/Golden/fixtures/baseline_fiscal_year_2025.json (in target 'ProjectProfitTests' from project 'ProjectProfit')
    cd /Users/yutaro/project-profit-ios
    builtin-copy -exclude .DS_Store -exclude CVS -exclude .svn -exclude .git -exclude .hg -resolve-src-symlinks /Users/yutaro/project-profit-ios/ProjectProfitTests/Golden/fixtures/baseline_fiscal_year_2025.json /Users/yutaro/project-profit-ios/artifacts/release-quality/performance-gate/DerivedData/Build/Products/Debug-iphonesimulator/ProjectProfit.app/PlugIns/ProjectProfitTests.xctest

Ld /Users/yutaro/project-profit-ios/artifacts/release-quality/performance-gate/DerivedData/Build/Products/Debug-iphonesimulator/ProjectProfit.app/PlugIns/ProjectProfitTests.xctest/ProjectProfitTests normal (in target 'ProjectProfitTests' from project 'ProjectProfit')
    cd /Users/yutaro/project-profit-ios
    /Applications/Xcode-26.3.app/Contents/Developer/Toolchains/XcodeDefault.xctoolchain/usr/bin/clang -Xlinker -reproducible -target arm64-apple-ios17.0-simulator -bundle -isysroot /Applications/Xcode-26.3.app/Contents/Developer/Platforms/iPhoneSimulator.platform/Developer/SDKs/iPhoneSimulator26.2.sdk -O0 -L/Users/yutaro/project-profit-ios/artifacts/release-quality/performance-gate/DerivedData/Build/Intermediates.noindex/EagerLinkingTBDs/Debug-iphonesimulator -L/Users/yutaro/project-profit-ios/artifacts/release-quality/performance-gate/DerivedData/Build/Products/Debug-iphonesimulator -L/Applications/Xcode-26.3.app/Contents/Developer/Platforms/iPhoneSimulator.platform/Developer/usr/lib -F/Users/yutaro/project-profit-ios/artifacts/release-quality/performance-gate/DerivedData/Build/Intermediates.noindex/EagerLinkingTBDs/Debug-iphonesimulator -F/Users/yutaro/project-profit-ios/artifacts/release-quality/performance-gate/DerivedData/Build/Products/Debug-iphonesimulator/PackageFrameworks -F/Users/yutaro/project-profit-ios/artifacts/release-quality/performance-gate/DerivedData/Build/Products/Debug-iphonesimulator -iframework /Applications/Xcode-26.3.app/Contents/Developer/Platforms/iPhoneSimulator.platform/Developer/Library/Frameworks -iframework /Applications/Xcode-26.3.app/Contents/Developer/Platforms/iPhoneSimulator.platform/Developer/SDKs/iPhoneSimulator26.2.sdk/Developer/Library/Frameworks -filelist /Users/yutaro/project-profit-ios/artifacts/release-quality/performance-gate/DerivedData/Build/Intermediates.noindex/ProjectProfit.build/Debug-iphonesimulator/ProjectProfitTests.build/Objects-normal/arm64/ProjectProfitTests.LinkFileList -Xlinker -rpath -Xlinker /usr/lib/swift -Xlinker -rpath -Xlinker /Users/yutaro/project-profit-ios/artifacts/release-quality/performance-gate/DerivedData/Build/Products/Debug-iphonesimulator/PackageFrameworks -Xlinker -rpath -Xlinker @loader_path/Frameworks -Xlinker -rpath -Xlinker @executable_path/Frameworks -dead_strip -bundle_loader /Users/yutaro/project-profit-ios/artifacts/release-quality/performance-gate/DerivedData/Build/Products/Debug-iphonesimulator/ProjectProfit.app/ProjectProfit -Xlinker -object_path_lto -Xlinker /Users/yutaro/project-profit-ios/artifacts/release-quality/performance-gate/DerivedData/Build/Intermediates.noindex/ProjectProfit.build/Debug-iphonesimulator/ProjectProfitTests.build/Objects-normal/arm64/ProjectProfitTests_lto.o -rdynamic -Xlinker -no_deduplicate -Xlinker -objc_abi_version -Xlinker 2 -Xlinker -debug_variant -Xlinker -dependency_info -Xlinker /Users/yutaro/project-profit-ios/artifacts/release-quality/performance-gate/DerivedData/Build/Intermediates.noindex/ProjectProfit.build/Debug-iphonesimulator/ProjectProfitTests.build/Objects-normal/arm64/ProjectProfitTests_dependency_info.dat -fobjc-link-runtime -fprofile-instr-generate -L/Applications/Xcode-26.3.app/Contents/Developer/Toolchains/XcodeDefault.xctoolchain/usr/lib/swift/iphonesimulator -L/usr/lib/swift -Xlinker -add_ast_path -Xlinker /Users/yutaro/project-profit-ios/artifacts/release-quality/performance-gate/DerivedData/Build/Intermediates.noindex/ProjectProfit.build/Debug-iphonesimulator/ProjectProfitTests.build/Objects-normal/arm64/ProjectProfitTests.swiftmodule @/Users/yutaro/project-profit-ios/artifacts/release-quality/performance-gate/DerivedData/Build/Intermediates.noindex/ProjectProfit.build/Debug-iphonesimulator/ProjectProfitTests.build/Objects-normal/arm64/ProjectProfitTests-linker-args.resp -Wl,-no_warn_duplicate_libraries -lz -Xlinker -needed_framework -Xlinker XCTest -framework XCTest -Xlinker -needed-lXCTestSwiftSupport -lXCTestSwiftSupport /Users/yutaro/project-profit-ios/artifacts/release-quality/performance-gate/DerivedData/Build/Products/Debug-iphonesimulator/ProjectProfit.app/ProjectProfit.debug.dylib -Xlinker -no_adhoc_codesign -o /Users/yutaro/project-profit-ios/artifacts/release-quality/performance-gate/DerivedData/Build/Products/Debug-iphonesimulator/ProjectProfit.app/PlugIns/ProjectProfitTests.xctest/ProjectProfitTests

CopySwiftLibs /Users/yutaro/project-profit-ios/artifacts/release-quality/performance-gate/DerivedData/Build/Products/Debug-iphonesimulator/ProjectProfit.app/PlugIns/ProjectProfitTests.xctest (in target 'ProjectProfitTests' from project 'ProjectProfit')
    cd /Users/yutaro/project-profit-ios
    builtin-swiftStdLibTool --copy --verbose --sign - --scan-executable /Users/yutaro/project-profit-ios/artifacts/release-quality/performance-gate/DerivedData/Build/Products/Debug-iphonesimulator/ProjectProfit.app/PlugIns/ProjectProfitTests.xctest/ProjectProfitTests --scan-folder /Users/yutaro/project-profit-ios/artifacts/release-quality/performance-gate/DerivedData/Build/Products/Debug-iphonesimulator/ProjectProfit.app/PlugIns/ProjectProfitTests.xctest/Frameworks --scan-folder /Users/yutaro/project-profit-ios/artifacts/release-quality/performance-gate/DerivedData/Build/Products/Debug-iphonesimulator/ProjectProfit.app/PlugIns/ProjectProfitTests.xctest/PlugIns --scan-folder /Users/yutaro/project-profit-ios/artifacts/release-quality/performance-gate/DerivedData/Build/Products/Debug-iphonesimulator/ProjectProfit.app/PlugIns/ProjectProfitTests.xctest/SystemExtensions --scan-folder /Users/yutaro/project-profit-ios/artifacts/release-quality/performance-gate/DerivedData/Build/Products/Debug-iphonesimulator/ProjectProfit.app/PlugIns/ProjectProfitTests.xctest/Extensions --platform iphonesimulator --toolchain /Applications/Xcode-26.3.app/Contents/Developer/Toolchains/XcodeDefault.xctoolchain --destination /Users/yutaro/project-profit-ios/artifacts/release-quality/performance-gate/DerivedData/Build/Products/Debug-iphonesimulator/ProjectProfit.app/PlugIns/ProjectProfitTests.xctest/Frameworks --strip-bitcode --scan-executable /Applications/Xcode-26.3.app/Contents/Developer/Platforms/iPhoneSimulator.platform/Developer/usr/lib/libXCTestSwiftSupport.dylib --strip-bitcode-tool /Applications/Xcode-26.3.app/Contents/Developer/Toolchains/XcodeDefault.xctoolchain/usr/bin/bitcode_strip --emit-dependency-info /Users/yutaro/project-profit-ios/artifacts/release-quality/performance-gate/DerivedData/Build/Intermediates.noindex/ProjectProfit.build/Debug-iphonesimulator/ProjectProfitTests.build/SwiftStdLibToolInputDependencies.dep --filter-for-swift-os

ExtractAppIntentsMetadata (in target 'ProjectProfitTests' from project 'ProjectProfit')
    cd /Users/yutaro/project-profit-ios
    /Applications/Xcode-26.3.app/Contents/Developer/Toolchains/XcodeDefault.xctoolchain/usr/bin/appintentsmetadataprocessor --toolchain-dir /Applications/Xcode-26.3.app/Contents/Developer/Toolchains/XcodeDefault.xctoolchain --module-name ProjectProfitTests --sdk-root /Applications/Xcode-26.3.app/Contents/Developer/Platforms/iPhoneSimulator.platform/Developer/SDKs/iPhoneSimulator26.2.sdk --xcode-version 17C519 --platform-family iOS --deployment-target 17.0 --bundle-identifier com.projectprofit.ProjectProfitTests --output /Users/yutaro/project-profit-ios/artifacts/release-quality/performance-gate/DerivedData/Build/Products/Debug-iphonesimulator/ProjectProfit.app/PlugIns/ProjectProfitTests.xctest --target-triple arm64-apple-ios17.0-simulator --binary-file /Users/yutaro/project-profit-ios/artifacts/release-quality/performance-gate/DerivedData/Build/Products/Debug-iphonesimulator/ProjectProfit.app/PlugIns/ProjectProfitTests.xctest/ProjectProfitTests --dependency-file /Users/yutaro/project-profit-ios/artifacts/release-quality/performance-gate/DerivedData/Build/Intermediates.noindex/ProjectProfit.build/Debug-iphonesimulator/ProjectProfitTests.build/Objects-normal/arm64/ProjectProfitTests_dependency_info.dat --stringsdata-file /Users/yutaro/project-profit-ios/artifacts/release-quality/performance-gate/DerivedData/Build/Intermediates.noindex/ProjectProfit.build/Debug-iphonesimulator/ProjectProfitTests.build/Objects-normal/arm64/ExtractedAppShortcutsMetadata.stringsdata --source-file-list /Users/yutaro/project-profit-ios/artifacts/release-quality/performance-gate/DerivedData/Build/Intermediates.noindex/ProjectProfit.build/Debug-iphonesimulator/ProjectProfitTests.build/Objects-normal/arm64/ProjectProfitTests.SwiftFileList --metadata-file-list /Users/yutaro/project-profit-ios/artifacts/release-quality/performance-gate/DerivedData/Build/Intermediates.noindex/ProjectProfit.build/Debug-iphonesimulator/ProjectProfitTests.build/ProjectProfitTests.DependencyMetadataFileList --static-metadata-file-list /Users/yutaro/project-profit-ios/artifacts/release-quality/performance-gate/DerivedData/Build/Intermediates.noindex/ProjectProfit.build/Debug-iphonesimulator/ProjectProfitTests.build/ProjectProfitTests.DependencyStaticMetadataFileList --swift-const-vals-list /Users/yutaro/project-profit-ios/artifacts/release-quality/performance-gate/DerivedData/Build/Intermediates.noindex/ProjectProfit.build/Debug-iphonesimulator/ProjectProfitTests.build/Objects-normal/arm64/ProjectProfitTests.SwiftConstValuesFileList --compile-time-extraction --deployment-aware-processing --validate-assistant-intents --no-app-shortcuts-localization
2026-03-24 20:35:46.110 appintentsmetadataprocessor[93270:5039069] Starting appintentsmetadataprocessor export
2026-03-24 20:35:46.112 appintentsmetadataprocessor[93270:5039069] warning: Metadata extraction skipped. No AppIntents.framework dependency found.

AppIntentsSSUTraining (in target 'ProjectProfitTests' from project 'ProjectProfit')
    cd /Users/yutaro/project-profit-ios
    /Applications/Xcode-26.3.app/Contents/Developer/Toolchains/XcodeDefault.xctoolchain/usr/bin/appintentsnltrainingprocessor --infoplist-path /Users/yutaro/project-profit-ios/artifacts/release-quality/performance-gate/DerivedData/Build/Products/Debug-iphonesimulator/ProjectProfit.app/PlugIns/ProjectProfitTests.xctest/Info.plist --temp-dir-path /Users/yutaro/project-profit-ios/artifacts/release-quality/performance-gate/DerivedData/Build/Intermediates.noindex/ProjectProfit.build/Debug-iphonesimulator/ProjectProfitTests.build/ssu --bundle-id com.projectprofit.ProjectProfitTests --product-path /Users/yutaro/project-profit-ios/artifacts/release-quality/performance-gate/DerivedData/Build/Products/Debug-iphonesimulator/ProjectProfit.app/PlugIns/ProjectProfitTests.xctest --extracted-metadata-path /Users/yutaro/project-profit-ios/artifacts/release-quality/performance-gate/DerivedData/Build/Products/Debug-iphonesimulator/ProjectProfit.app/PlugIns/ProjectProfitTests.xctest/Metadata.appintents --metadata-file-list /Users/yutaro/project-profit-ios/artifacts/release-quality/performance-gate/DerivedData/Build/Intermediates.noindex/ProjectProfit.build/Debug-iphonesimulator/ProjectProfitTests.build/ProjectProfitTests.DependencyMetadataFileList --archive-ssu-assets
2026-03-24 20:35:46.137 appintentsnltrainingprocessor[93271:5039078] Parsing options for appintentsnltrainingprocessor
2026-03-24 20:35:46.138 appintentsnltrainingprocessor[93271:5039078] No AppShortcuts found - Skipping.

CodeSign /Users/yutaro/project-profit-ios/artifacts/release-quality/performance-gate/DerivedData/Build/Products/Debug-iphonesimulator/ProjectProfit.app/PlugIns/ProjectProfitTests.xctest (in target 'ProjectProfitTests' from project 'ProjectProfit')
    cd /Users/yutaro/project-profit-ios
    
    Signing Identity:     "Sign to Run Locally"
    
    /usr/bin/codesign --force --sign - --timestamp\=none --generate-entitlement-der /Users/yutaro/project-profit-ios/artifacts/release-quality/performance-gate/DerivedData/Build/Products/Debug-iphonesimulator/ProjectProfit.app/PlugIns/ProjectProfitTests.xctest

RegisterExecutionPolicyException /Users/yutaro/project-profit-ios/artifacts/release-quality/performance-gate/DerivedData/Build/Products/Debug-iphonesimulator/ProjectProfit.app/PlugIns/ProjectProfitTests.xctest (in target 'ProjectProfitTests' from project 'ProjectProfit')
    cd /Users/yutaro/project-profit-ios
    builtin-RegisterExecutionPolicyException /Users/yutaro/project-profit-ios/artifacts/release-quality/performance-gate/DerivedData/Build/Products/Debug-iphonesimulator/ProjectProfit.app/PlugIns/ProjectProfitTests.xctest

Touch /Users/yutaro/project-profit-ios/artifacts/release-quality/performance-gate/DerivedData/Build/Products/Debug-iphonesimulator/ProjectProfit.app/PlugIns/ProjectProfitTests.xctest (in target 'ProjectProfitTests' from project 'ProjectProfit')
    cd /Users/yutaro/project-profit-ios
    /usr/bin/touch -c /Users/yutaro/project-profit-ios/artifacts/release-quality/performance-gate/DerivedData/Build/Products/Debug-iphonesimulator/ProjectProfit.app/PlugIns/ProjectProfitTests.xctest

CodeSign /Users/yutaro/project-profit-ios/artifacts/release-quality/performance-gate/DerivedData/Build/Products/Debug-iphonesimulator/ProjectProfit.app/ProjectProfit.debug.dylib (in target 'ProjectProfit' from project 'ProjectProfit')
    cd /Users/yutaro/project-profit-ios
    
    Signing Identity:     "Sign to Run Locally"
    
    /usr/bin/codesign --force --sign - --timestamp\=none --generate-entitlement-der /Users/yutaro/project-profit-ios/artifacts/release-quality/performance-gate/DerivedData/Build/Products/Debug-iphonesimulator/ProjectProfit.app/ProjectProfit.debug.dylib

CodeSign /Users/yutaro/project-profit-ios/artifacts/release-quality/performance-gate/DerivedData/Build/Products/Debug-iphonesimulator/ProjectProfit.app/__preview.dylib (in target 'ProjectProfit' from project 'ProjectProfit')
    cd /Users/yutaro/project-profit-ios
    
    Signing Identity:     "Sign to Run Locally"
    
    /usr/bin/codesign --force --sign - --timestamp\=none --generate-entitlement-der /Users/yutaro/project-profit-ios/artifacts/release-quality/performance-gate/DerivedData/Build/Products/Debug-iphonesimulator/ProjectProfit.app/__preview.dylib

CodeSign /Users/yutaro/project-profit-ios/artifacts/release-quality/performance-gate/DerivedData/Build/Products/Debug-iphonesimulator/ProjectProfit.app (in target 'ProjectProfit' from project 'ProjectProfit')
    cd /Users/yutaro/project-profit-ios
    
    Signing Identity:     "Sign to Run Locally"
    
    /usr/bin/codesign --force --sign - --entitlements /Users/yutaro/project-profit-ios/artifacts/release-quality/performance-gate/DerivedData/Build/Intermediates.noindex/ProjectProfit.build/Debug-iphonesimulator/ProjectProfit.build/ProjectProfit.app.xcent --timestamp\=none --generate-entitlement-der /Users/yutaro/project-profit-ios/artifacts/release-quality/performance-gate/DerivedData/Build/Products/Debug-iphonesimulator/ProjectProfit.app

ValidateEmbeddedBinary /Users/yutaro/project-profit-ios/artifacts/release-quality/performance-gate/DerivedData/Build/Products/Debug-iphonesimulator/ProjectProfit.app/PlugIns/ProjectProfitShareExtension.appex (in target 'ProjectProfit' from project 'ProjectProfit')
    cd /Users/yutaro/project-profit-ios
    /Applications/Xcode-26.3.app/Contents/Developer/usr/bin/embeddedBinaryValidationUtility /Users/yutaro/project-profit-ios/artifacts/release-quality/performance-gate/DerivedData/Build/Products/Debug-iphonesimulator/ProjectProfit.app/PlugIns/ProjectProfitShareExtension.appex -signing-cert - -info-plist-path /Users/yutaro/project-profit-ios/artifacts/release-quality/performance-gate/DerivedData/Build/Products/Debug-iphonesimulator/ProjectProfit.app/Info.plist

RegisterExecutionPolicyException /Users/yutaro/project-profit-ios/artifacts/release-quality/performance-gate/DerivedData/Build/Products/Debug-iphonesimulator/ProjectProfit.app (in target 'ProjectProfit' from project 'ProjectProfit')
    cd /Users/yutaro/project-profit-ios
    builtin-RegisterExecutionPolicyException /Users/yutaro/project-profit-ios/artifacts/release-quality/performance-gate/DerivedData/Build/Products/Debug-iphonesimulator/ProjectProfit.app

Validate /Users/yutaro/project-profit-ios/artifacts/release-quality/performance-gate/DerivedData/Build/Products/Debug-iphonesimulator/ProjectProfit.app (in target 'ProjectProfit' from project 'ProjectProfit')
    cd /Users/yutaro/project-profit-ios
    builtin-validationUtility /Users/yutaro/project-profit-ios/artifacts/release-quality/performance-gate/DerivedData/Build/Products/Debug-iphonesimulator/ProjectProfit.app -shallow-bundle -infoplist-subpath Info.plist

Touch /Users/yutaro/project-profit-ios/artifacts/release-quality/performance-gate/DerivedData/Build/Products/Debug-iphonesimulator/ProjectProfit.app (in target 'ProjectProfit' from project 'ProjectProfit')
    cd /Users/yutaro/project-profit-ios
    /usr/bin/touch -c /Users/yutaro/project-profit-ios/artifacts/release-quality/performance-gate/DerivedData/Build/Products/Debug-iphonesimulator/ProjectProfit.app

ProcessInfoPlistFile /Users/yutaro/project-profit-ios/artifacts/release-quality/performance-gate/DerivedData/Build/Products/Debug-iphonesimulator/ProjectProfitUITests-Runner.app/PlugIns/ProjectProfitUITests.xctest/Info.plist /Users/yutaro/project-profit-ios/artifacts/release-quality/performance-gate/DerivedData/Build/Intermediates.noindex/ProjectProfit.build/Debug-iphonesimulator/ProjectProfitUITests.build/empty-ProjectProfitUITests.plist (in target 'ProjectProfitUITests' from project 'ProjectProfit')
    cd /Users/yutaro/project-profit-ios
    builtin-infoPlistUtility /Users/yutaro/project-profit-ios/artifacts/release-quality/performance-gate/DerivedData/Build/Intermediates.noindex/ProjectProfit.build/Debug-iphonesimulator/ProjectProfitUITests.build/empty-ProjectProfitUITests.plist -producttype com.apple.product-type.bundle.ui-testing -expandbuildsettings -format binary -platform iphonesimulator -additionalcontentfile /Users/yutaro/project-profit-ios/artifacts/release-quality/performance-gate/DerivedData/Build/Intermediates.noindex/ProjectProfit.build/Debug-iphonesimulator/ProjectProfitUITests.build/ProductTypeInfoPlistAdditions.plist -o /Users/yutaro/project-profit-ios/artifacts/release-quality/performance-gate/DerivedData/Build/Products/Debug-iphonesimulator/ProjectProfitUITests-Runner.app/PlugIns/ProjectProfitUITests.xctest/Info.plist

Ld /Users/yutaro/project-profit-ios/artifacts/release-quality/performance-gate/DerivedData/Build/Products/Debug-iphonesimulator/ProjectProfitUITests-Runner.app/PlugIns/ProjectProfitUITests.xctest/ProjectProfitUITests normal (in target 'ProjectProfitUITests' from project 'ProjectProfit')
    cd /Users/yutaro/project-profit-ios
    /Applications/Xcode-26.3.app/Contents/Developer/Toolchains/XcodeDefault.xctoolchain/usr/bin/clang -Xlinker -reproducible -target arm64-apple-ios17.0-simulator -bundle -isysroot /Applications/Xcode-26.3.app/Contents/Developer/Platforms/iPhoneSimulator.platform/Developer/SDKs/iPhoneSimulator26.2.sdk -O0 -L/Users/yutaro/project-profit-ios/artifacts/release-quality/performance-gate/DerivedData/Build/Intermediates.noindex/EagerLinkingTBDs/Debug-iphonesimulator -L/Users/yutaro/project-profit-ios/artifacts/release-quality/performance-gate/DerivedData/Build/Products/Debug-iphonesimulator -L/Applications/Xcode-26.3.app/Contents/Developer/Platforms/iPhoneSimulator.platform/Developer/usr/lib -F/Users/yutaro/project-profit-ios/artifacts/release-quality/performance-gate/DerivedData/Build/Intermediates.noindex/EagerLinkingTBDs/Debug-iphonesimulator -F/Users/yutaro/project-profit-ios/artifacts/release-quality/performance-gate/DerivedData/Build/Products/Debug-iphonesimulator -iframework /Applications/Xcode-26.3.app/Contents/Developer/Platforms/iPhoneSimulator.platform/Developer/Library/Frameworks -iframework /Applications/Xcode-26.3.app/Contents/Developer/Platforms/iPhoneSimulator.platform/Developer/SDKs/iPhoneSimulator26.2.sdk/Developer/Library/Frameworks -filelist /Users/yutaro/project-profit-ios/artifacts/release-quality/performance-gate/DerivedData/Build/Intermediates.noindex/ProjectProfit.build/Debug-iphonesimulator/ProjectProfitUITests.build/Objects-normal/arm64/ProjectProfitUITests.LinkFileList -Xlinker -rpath -Xlinker /usr/lib/swift -Xlinker -rpath -Xlinker @loader_path/Frameworks -Xlinker -rpath -Xlinker @executable_path/Frameworks -dead_strip -Xlinker -object_path_lto -Xlinker /Users/yutaro/project-profit-ios/artifacts/release-quality/performance-gate/DerivedData/Build/Intermediates.noindex/ProjectProfit.build/Debug-iphonesimulator/ProjectProfitUITests.build/Objects-normal/arm64/ProjectProfitUITests_lto.o -rdynamic -Xlinker -no_deduplicate -Xlinker -objc_abi_version -Xlinker 2 -Xlinker -debug_variant -Xlinker -dependency_info -Xlinker /Users/yutaro/project-profit-ios/artifacts/release-quality/performance-gate/DerivedData/Build/Intermediates.noindex/ProjectProfit.build/Debug-iphonesimulator/ProjectProfitUITests.build/Objects-normal/arm64/ProjectProfitUITests_dependency_info.dat -fobjc-link-runtime -fprofile-instr-generate -L/Applications/Xcode-26.3.app/Contents/Developer/Toolchains/XcodeDefault.xctoolchain/usr/lib/swift/iphonesimulator -L/usr/lib/swift -Xlinker -add_ast_path -Xlinker /Users/yutaro/project-profit-ios/artifacts/release-quality/performance-gate/DerivedData/Build/Intermediates.noindex/ProjectProfit.build/Debug-iphonesimulator/ProjectProfitUITests.build/Objects-normal/arm64/ProjectProfitUITests.swiftmodule @/Users/yutaro/project-profit-ios/artifacts/release-quality/performance-gate/DerivedData/Build/Intermediates.noindex/ProjectProfit.build/Debug-iphonesimulator/ProjectProfitUITests.build/Objects-normal/arm64/ProjectProfitUITests-linker-args.resp -Xlinker -needed_framework -Xlinker XCTest -framework XCTest -Xlinker -needed-lXCTestSwiftSupport -lXCTestSwiftSupport -Xlinker -sectcreate -Xlinker __TEXT -Xlinker __entitlements -Xlinker /Users/yutaro/project-profit-ios/artifacts/release-quality/performance-gate/DerivedData/Build/Intermediates.noindex/ProjectProfit.build/Debug-iphonesimulator/ProjectProfitUITests.build/ProjectProfitUITests.xctest-Simulated.xcent -Xlinker -sectcreate -Xlinker __TEXT -Xlinker __ents_der -Xlinker /Users/yutaro/project-profit-ios/artifacts/release-quality/performance-gate/DerivedData/Build/Intermediates.noindex/ProjectProfit.build/Debug-iphonesimulator/ProjectProfitUITests.build/ProjectProfitUITests.xctest-Simulated.xcent.der -Xlinker -no_adhoc_codesign -o /Users/yutaro/project-profit-ios/artifacts/release-quality/performance-gate/DerivedData/Build/Products/Debug-iphonesimulator/ProjectProfitUITests-Runner.app/PlugIns/ProjectProfitUITests.xctest/ProjectProfitUITests

CopySwiftLibs /Users/yutaro/project-profit-ios/artifacts/release-quality/performance-gate/DerivedData/Build/Products/Debug-iphonesimulator/ProjectProfitUITests-Runner.app/PlugIns/ProjectProfitUITests.xctest (in target 'ProjectProfitUITests' from project 'ProjectProfit')
    cd /Users/yutaro/project-profit-ios
    builtin-swiftStdLibTool --copy --verbose --sign - --scan-executable /Users/yutaro/project-profit-ios/artifacts/release-quality/performance-gate/DerivedData/Build/Products/Debug-iphonesimulator/ProjectProfitUITests-Runner.app/PlugIns/ProjectProfitUITests.xctest/ProjectProfitUITests --scan-folder /Users/yutaro/project-profit-ios/artifacts/release-quality/performance-gate/DerivedData/Build/Products/Debug-iphonesimulator/ProjectProfitUITests-Runner.app/PlugIns/ProjectProfitUITests.xctest/Frameworks --scan-folder /Users/yutaro/project-profit-ios/artifacts/release-quality/performance-gate/DerivedData/Build/Products/Debug-iphonesimulator/ProjectProfitUITests-Runner.app/PlugIns/ProjectProfitUITests.xctest/PlugIns --scan-folder /Users/yutaro/project-profit-ios/artifacts/release-quality/performance-gate/DerivedData/Build/Products/Debug-iphonesimulator/ProjectProfitUITests-Runner.app/PlugIns/ProjectProfitUITests.xctest/SystemExtensions --scan-folder /Users/yutaro/project-profit-ios/artifacts/release-quality/performance-gate/DerivedData/Build/Products/Debug-iphonesimulator/ProjectProfitUITests-Runner.app/PlugIns/ProjectProfitUITests.xctest/Extensions --platform iphonesimulator --toolchain /Applications/Xcode-26.3.app/Contents/Developer/Toolchains/XcodeDefault.xctoolchain --destination /Users/yutaro/project-profit-ios/artifacts/release-quality/performance-gate/DerivedData/Build/Products/Debug-iphonesimulator/ProjectProfitUITests-Runner.app/PlugIns/ProjectProfitUITests.xctest/Frameworks --strip-bitcode --scan-executable /Applications/Xcode-26.3.app/Contents/Developer/Platforms/iPhoneSimulator.platform/Developer/usr/lib/libXCTestSwiftSupport.dylib --strip-bitcode-tool /Applications/Xcode-26.3.app/Contents/Developer/Toolchains/XcodeDefault.xctoolchain/usr/bin/bitcode_strip --emit-dependency-info /Users/yutaro/project-profit-ios/artifacts/release-quality/performance-gate/DerivedData/Build/Intermediates.noindex/ProjectProfit.build/Debug-iphonesimulator/ProjectProfitUITests.build/SwiftStdLibToolInputDependencies.dep --filter-for-swift-os

ExtractAppIntentsMetadata (in target 'ProjectProfitUITests' from project 'ProjectProfit')
    cd /Users/yutaro/project-profit-ios
    /Applications/Xcode-26.3.app/Contents/Developer/Toolchains/XcodeDefault.xctoolchain/usr/bin/appintentsmetadataprocessor --toolchain-dir /Applications/Xcode-26.3.app/Contents/Developer/Toolchains/XcodeDefault.xctoolchain --module-name ProjectProfitUITests --sdk-root /Applications/Xcode-26.3.app/Contents/Developer/Platforms/iPhoneSimulator.platform/Developer/SDKs/iPhoneSimulator26.2.sdk --xcode-version 17C519 --platform-family iOS --deployment-target 17.0 --bundle-identifier com.projectprofit.ProjectProfitUITests --output /Users/yutaro/project-profit-ios/artifacts/release-quality/performance-gate/DerivedData/Build/Products/Debug-iphonesimulator/ProjectProfitUITests-Runner.app/PlugIns/ProjectProfitUITests.xctest --target-triple arm64-apple-ios17.0-simulator --binary-file /Users/yutaro/project-profit-ios/artifacts/release-quality/performance-gate/DerivedData/Build/Products/Debug-iphonesimulator/ProjectProfitUITests-Runner.app/PlugIns/ProjectProfitUITests.xctest/ProjectProfitUITests --dependency-file /Users/yutaro/project-profit-ios/artifacts/release-quality/performance-gate/DerivedData/Build/Intermediates.noindex/ProjectProfit.build/Debug-iphonesimulator/ProjectProfitUITests.build/Objects-normal/arm64/ProjectProfitUITests_dependency_info.dat --stringsdata-file /Users/yutaro/project-profit-ios/artifacts/release-quality/performance-gate/DerivedData/Build/Intermediates.noindex/ProjectProfit.build/Debug-iphonesimulator/ProjectProfitUITests.build/Objects-normal/arm64/ExtractedAppShortcutsMetadata.stringsdata --source-file-list /Users/yutaro/project-profit-ios/artifacts/release-quality/performance-gate/DerivedData/Build/Intermediates.noindex/ProjectProfit.build/Debug-iphonesimulator/ProjectProfitUITests.build/Objects-normal/arm64/ProjectProfitUITests.SwiftFileList --metadata-file-list /Users/yutaro/project-profit-ios/artifacts/release-quality/performance-gate/DerivedData/Build/Intermediates.noindex/ProjectProfit.build/Debug-iphonesimulator/ProjectProfitUITests.build/ProjectProfitUITests.DependencyMetadataFileList --static-metadata-file-list /Users/yutaro/project-profit-ios/artifacts/release-quality/performance-gate/DerivedData/Build/Intermediates.noindex/ProjectProfit.build/Debug-iphonesimulator/ProjectProfitUITests.build/ProjectProfitUITests.DependencyStaticMetadataFileList --swift-const-vals-list /Users/yutaro/project-profit-ios/artifacts/release-quality/performance-gate/DerivedData/Build/Intermediates.noindex/ProjectProfit.build/Debug-iphonesimulator/ProjectProfitUITests.build/Objects-normal/arm64/ProjectProfitUITests.SwiftConstValuesFileList --compile-time-extraction --deployment-aware-processing --validate-assistant-intents --no-app-shortcuts-localization
2026-03-24 20:35:47.707 appintentsmetadataprocessor[93330:5039255] Starting appintentsmetadataprocessor export
2026-03-24 20:35:47.709 appintentsmetadataprocessor[93330:5039255] warning: Metadata extraction skipped. No AppIntents.framework dependency found.

AppIntentsSSUTraining (in target 'ProjectProfitUITests' from project 'ProjectProfit')
    cd /Users/yutaro/project-profit-ios
    /Applications/Xcode-26.3.app/Contents/Developer/Toolchains/XcodeDefault.xctoolchain/usr/bin/appintentsnltrainingprocessor --infoplist-path /Users/yutaro/project-profit-ios/artifacts/release-quality/performance-gate/DerivedData/Build/Products/Debug-iphonesimulator/ProjectProfitUITests-Runner.app/PlugIns/ProjectProfitUITests.xctest/Info.plist --temp-dir-path /Users/yutaro/project-profit-ios/artifacts/release-quality/performance-gate/DerivedData/Build/Intermediates.noindex/ProjectProfit.build/Debug-iphonesimulator/ProjectProfitUITests.build/ssu --bundle-id com.projectprofit.ProjectProfitUITests --product-path /Users/yutaro/project-profit-ios/artifacts/release-quality/performance-gate/DerivedData/Build/Products/Debug-iphonesimulator/ProjectProfitUITests-Runner.app/PlugIns/ProjectProfitUITests.xctest --extracted-metadata-path /Users/yutaro/project-profit-ios/artifacts/release-quality/performance-gate/DerivedData/Build/Products/Debug-iphonesimulator/ProjectProfitUITests-Runner.app/PlugIns/ProjectProfitUITests.xctest/Metadata.appintents --metadata-file-list /Users/yutaro/project-profit-ios/artifacts/release-quality/performance-gate/DerivedData/Build/Intermediates.noindex/ProjectProfit.build/Debug-iphonesimulator/ProjectProfitUITests.build/ProjectProfitUITests.DependencyMetadataFileList --archive-ssu-assets
2026-03-24 20:35:47.735 appintentsnltrainingprocessor[93341:5039274] Parsing options for appintentsnltrainingprocessor
2026-03-24 20:35:47.735 appintentsnltrainingprocessor[93341:5039274] No AppShortcuts found - Skipping.

CopyAndPreserveArchs /Users/yutaro/project-profit-ios/artifacts/release-quality/performance-gate/DerivedData/Build/Products/Debug-iphonesimulator/ProjectProfitUITests-Runner.app/ProjectProfitUITests-Runner (in target 'ProjectProfitUITests' from project 'ProjectProfit')
    cd /Users/yutaro/project-profit-ios
    /Applications/Xcode-26.3.app/Contents/Developer/Toolchains/XcodeDefault.xctoolchain/usr/bin/lipo /Applications/Xcode-26.3.app/Contents/Developer/Platforms/iPhoneSimulator.platform/Developer/Library/Xcode/Agents/XCTRunner.app/XCTRunner -output /Users/yutaro/project-profit-ios/artifacts/release-quality/performance-gate/DerivedData/Build/Products/Debug-iphonesimulator/ProjectProfitUITests-Runner.app/ProjectProfitUITests-Runner -extract arm64

Copy /Users/yutaro/project-profit-ios/artifacts/release-quality/performance-gate/DerivedData/Build/Products/Debug-iphonesimulator/ProjectProfitUITests-Runner.app/PkgInfo /Applications/Xcode-26.3.app/Contents/Developer/Platforms/iPhoneSimulator.platform/Developer/Library/Xcode/Agents/XCTRunner.app/PkgInfo (in target 'ProjectProfitUITests' from project 'ProjectProfit')
    cd /Users/yutaro/project-profit-ios
    builtin-copy -exclude .DS_Store -exclude CVS -exclude .svn -exclude .git -exclude .hg -resolve-src-symlinks /Applications/Xcode-26.3.app/Contents/Developer/Platforms/iPhoneSimulator.platform/Developer/Library/Xcode/Agents/XCTRunner.app/PkgInfo /Users/yutaro/project-profit-ios/artifacts/release-quality/performance-gate/DerivedData/Build/Products/Debug-iphonesimulator/ProjectProfitUITests-Runner.app

CopyPlistFile /Users/yutaro/project-profit-ios/artifacts/release-quality/performance-gate/DerivedData/Build/Products/Debug-iphonesimulator/ProjectProfitUITests-Runner.app/Info.plist /Applications/Xcode-26.3.app/Contents/Developer/Platforms/iPhoneSimulator.platform/Developer/Library/Xcode/Agents/XCTRunner.app/Info.plist (in target 'ProjectProfitUITests' from project 'ProjectProfit')
    cd /Users/yutaro/project-profit-ios
    builtin-copyPlist --validate --convert xml1 --macro-expansion WRAPPEDPRODUCTNAME ProjectProfitUITests-Runner --macro-expansion WRAPPEDPRODUCTBUNDLEIDENTIFIER com.projectprofit.ProjectProfitUITests.xctrunner --macro-expansion TESTPRODUCTNAME ProjectProfitUITests --macro-expansion TESTPRODUCTBUNDLEIDENTIFIER com.projectprofit.ProjectProfitUITests --copy-value UIDeviceFamily /Users/yutaro/project-profit-ios/artifacts/release-quality/performance-gate/DerivedData/Build/Products/Debug-iphonesimulator/ProjectProfitUITests-Runner.app/PlugIns/ProjectProfitUITests.xctest/Info.plist --outdir /Users/yutaro/project-profit-ios/artifacts/release-quality/performance-gate/DerivedData/Build/Products/Debug-iphonesimulator/ProjectProfitUITests-Runner.app -- /Applications/Xcode-26.3.app/Contents/Developer/Platforms/iPhoneSimulator.platform/Developer/Library/Xcode/Agents/XCTRunner.app/Info.plist

Copy /Users/yutaro/project-profit-ios/artifacts/release-quality/performance-gate/DerivedData/Build/Products/Debug-iphonesimulator/ProjectProfitUITests-Runner.app/Frameworks/XCUIAutomation.framework /Applications/Xcode-26.3.app/Contents/Developer/Platforms/iPhoneSimulator.platform/Developer/Library/Frameworks/XCUIAutomation.framework (in target 'ProjectProfitUITests' from project 'ProjectProfit')
    cd /Users/yutaro/project-profit-ios
    builtin-copy -exclude .DS_Store -exclude CVS -exclude .svn -exclude .git -exclude .hg -exclude Headers -exclude PrivateHeaders -exclude Modules -exclude \*.tbd -resolve-src-symlinks /Applications/Xcode-26.3.app/Contents/Developer/Platforms/iPhoneSimulator.platform/Developer/Library/Frameworks/XCUIAutomation.framework /Users/yutaro/project-profit-ios/artifacts/release-quality/performance-gate/DerivedData/Build/Products/Debug-iphonesimulator/ProjectProfitUITests-Runner.app/Frameworks

Copy /Users/yutaro/project-profit-ios/artifacts/release-quality/performance-gate/DerivedData/Build/Products/Debug-iphonesimulator/ProjectProfitUITests-Runner.app/Frameworks/libXCTestSwiftSupport.dylib /Applications/Xcode-26.3.app/Contents/Developer/Platforms/iPhoneSimulator.platform/Developer/usr/lib/libXCTestSwiftSupport.dylib (in target 'ProjectProfitUITests' from project 'ProjectProfit')
    cd /Users/yutaro/project-profit-ios
    builtin-copy -exclude .DS_Store -exclude CVS -exclude .svn -exclude .git -exclude .hg -exclude Headers -exclude PrivateHeaders -exclude Modules -exclude \*.tbd -resolve-src-symlinks /Applications/Xcode-26.3.app/Contents/Developer/Platforms/iPhoneSimulator.platform/Developer/usr/lib/libXCTestSwiftSupport.dylib /Users/yutaro/project-profit-ios/artifacts/release-quality/performance-gate/DerivedData/Build/Products/Debug-iphonesimulator/ProjectProfitUITests-Runner.app/Frameworks

Copy /Users/yutaro/project-profit-ios/artifacts/release-quality/performance-gate/DerivedData/Build/Products/Debug-iphonesimulator/ProjectProfitUITests-Runner.app/Frameworks/XCTestCore.framework /Applications/Xcode-26.3.app/Contents/Developer/Platforms/iPhoneSimulator.platform/Developer/Library/PrivateFrameworks/XCTestCore.framework (in target 'ProjectProfitUITests' from project 'ProjectProfit')
    cd /Users/yutaro/project-profit-ios
    builtin-copy -exclude .DS_Store -exclude CVS -exclude .svn -exclude .git -exclude .hg -exclude Headers -exclude PrivateHeaders -exclude Modules -exclude \*.tbd -resolve-src-symlinks /Applications/Xcode-26.3.app/Contents/Developer/Platforms/iPhoneSimulator.platform/Developer/Library/PrivateFrameworks/XCTestCore.framework /Users/yutaro/project-profit-ios/artifacts/release-quality/performance-gate/DerivedData/Build/Products/Debug-iphonesimulator/ProjectProfitUITests-Runner.app/Frameworks

Copy /Users/yutaro/project-profit-ios/artifacts/release-quality/performance-gate/DerivedData/Build/Products/Debug-iphonesimulator/ProjectProfitUITests-Runner.app/Frameworks/XCTestSupport.framework /Applications/Xcode-26.3.app/Contents/Developer/Platforms/iPhoneSimulator.platform/Developer/Library/PrivateFrameworks/XCTestSupport.framework (in target 'ProjectProfitUITests' from project 'ProjectProfit')
    cd /Users/yutaro/project-profit-ios
    builtin-copy -exclude .DS_Store -exclude CVS -exclude .svn -exclude .git -exclude .hg -exclude Headers -exclude PrivateHeaders -exclude Modules -exclude \*.tbd -resolve-src-symlinks /Applications/Xcode-26.3.app/Contents/Developer/Platforms/iPhoneSimulator.platform/Developer/Library/PrivateFrameworks/XCTestSupport.framework /Users/yutaro/project-profit-ios/artifacts/release-quality/performance-gate/DerivedData/Build/Products/Debug-iphonesimulator/ProjectProfitUITests-Runner.app/Frameworks

Copy /Users/yutaro/project-profit-ios/artifacts/release-quality/performance-gate/DerivedData/Build/Products/Debug-iphonesimulator/ProjectProfitUITests-Runner.app/Frameworks/XCUnit.framework /Applications/Xcode-26.3.app/Contents/Developer/Platforms/iPhoneSimulator.platform/Developer/Library/PrivateFrameworks/XCUnit.framework (in target 'ProjectProfitUITests' from project 'ProjectProfit')
    cd /Users/yutaro/project-profit-ios
    builtin-copy -exclude .DS_Store -exclude CVS -exclude .svn -exclude .git -exclude .hg -exclude Headers -exclude PrivateHeaders -exclude Modules -exclude \*.tbd -resolve-src-symlinks /Applications/Xcode-26.3.app/Contents/Developer/Platforms/iPhoneSimulator.platform/Developer/Library/PrivateFrameworks/XCUnit.framework /Users/yutaro/project-profit-ios/artifacts/release-quality/performance-gate/DerivedData/Build/Products/Debug-iphonesimulator/ProjectProfitUITests-Runner.app/Frameworks

MkDir /Users/yutaro/project-profit-ios/artifacts/release-quality/performance-gate/DerivedData/Build/Products/Debug-iphonesimulator/ProjectProfitUITests-Runner.app (in target 'ProjectProfitUITests' from project 'ProjectProfit')
    cd /Users/yutaro/project-profit-ios
    /bin/mkdir -p /Users/yutaro/project-profit-ios/artifacts/release-quality/performance-gate/DerivedData/Build/Products/Debug-iphonesimulator/ProjectProfitUITests-Runner.app

Copy /Users/yutaro/project-profit-ios/artifacts/release-quality/performance-gate/DerivedData/Build/Products/Debug-iphonesimulator/ProjectProfitUITests-Runner.app/Frameworks/XCTest.framework /Applications/Xcode-26.3.app/Contents/Developer/Platforms/iPhoneSimulator.platform/Developer/Library/Frameworks/XCTest.framework (in target 'ProjectProfitUITests' from project 'ProjectProfit')
    cd /Users/yutaro/project-profit-ios
    builtin-copy -exclude .DS_Store -exclude CVS -exclude .svn -exclude .git -exclude .hg -exclude Headers -exclude PrivateHeaders -exclude Modules -exclude \*.tbd -resolve-src-symlinks /Applications/Xcode-26.3.app/Contents/Developer/Platforms/iPhoneSimulator.platform/Developer/Library/Frameworks/XCTest.framework /Users/yutaro/project-profit-ios/artifacts/release-quality/performance-gate/DerivedData/Build/Products/Debug-iphonesimulator/ProjectProfitUITests-Runner.app/Frameworks

Copy /Users/yutaro/project-profit-ios/artifacts/release-quality/performance-gate/DerivedData/Build/Products/Debug-iphonesimulator/ProjectProfitUITests-Runner.app/Frameworks/XCTAutomationSupport.framework /Applications/Xcode-26.3.app/Contents/Developer/Platforms/iPhoneSimulator.platform/Developer/Library/PrivateFrameworks/XCTAutomationSupport.framework (in target 'ProjectProfitUITests' from project 'ProjectProfit')
    cd /Users/yutaro/project-profit-ios
    builtin-copy -exclude .DS_Store -exclude CVS -exclude .svn -exclude .git -exclude .hg -exclude Headers -exclude PrivateHeaders -exclude Modules -exclude \*.tbd -resolve-src-symlinks /Applications/Xcode-26.3.app/Contents/Developer/Platforms/iPhoneSimulator.platform/Developer/Library/PrivateFrameworks/XCTAutomationSupport.framework /Users/yutaro/project-profit-ios/artifacts/release-quality/performance-gate/DerivedData/Build/Products/Debug-iphonesimulator/ProjectProfitUITests-Runner.app/Frameworks

Copy /Users/yutaro/project-profit-ios/artifacts/release-quality/performance-gate/DerivedData/Build/Products/Debug-iphonesimulator/ProjectProfitUITests-Runner.app/Frameworks/Testing.framework /Applications/Xcode-26.3.app/Contents/Developer/Platforms/iPhoneSimulator.platform/Developer/Library/Frameworks/Testing.framework (in target 'ProjectProfitUITests' from project 'ProjectProfit')
    cd /Users/yutaro/project-profit-ios
    builtin-copy -exclude .DS_Store -exclude CVS -exclude .svn -exclude .git -exclude .hg -exclude Headers -exclude PrivateHeaders -exclude Modules -exclude \*.tbd -resolve-src-symlinks /Applications/Xcode-26.3.app/Contents/Developer/Platforms/iPhoneSimulator.platform/Developer/Library/Frameworks/Testing.framework /Users/yutaro/project-profit-ios/artifacts/release-quality/performance-gate/DerivedData/Build/Products/Debug-iphonesimulator/ProjectProfitUITests-Runner.app/Frameworks

CodeSign /Users/yutaro/project-profit-ios/artifacts/release-quality/performance-gate/DerivedData/Build/Products/Debug-iphonesimulator/ProjectProfitUITests-Runner.app/PlugIns/ProjectProfitUITests.xctest (in target 'ProjectProfitUITests' from project 'ProjectProfit')
    cd /Users/yutaro/project-profit-ios
    
    Signing Identity:     "Sign to Run Locally"
    
    /usr/bin/codesign --force --sign - --timestamp\=none --generate-entitlement-der /Users/yutaro/project-profit-ios/artifacts/release-quality/performance-gate/DerivedData/Build/Products/Debug-iphonesimulator/ProjectProfitUITests-Runner.app/PlugIns/ProjectProfitUITests.xctest

CodeSign /Users/yutaro/project-profit-ios/artifacts/release-quality/performance-gate/DerivedData/Build/Products/Debug-iphonesimulator/ProjectProfitUITests-Runner.app (in target 'ProjectProfitUITests' from project 'ProjectProfit')
    cd /Users/yutaro/project-profit-ios
    
    Signing Identity:     "Sign to Run Locally"
    
    /usr/bin/codesign --force --sign - --timestamp\=none --generate-entitlement-der /Users/yutaro/project-profit-ios/artifacts/release-quality/performance-gate/DerivedData/Build/Products/Debug-iphonesimulator/ProjectProfitUITests-Runner.app
/Users/yutaro/project-profit-ios/artifacts/release-quality/performance-gate/DerivedData/Build/Products/Debug-iphonesimulator/ProjectProfitUITests-Runner.app: replacing existing signature

RegisterExecutionPolicyException /Users/yutaro/project-profit-ios/artifacts/release-quality/performance-gate/DerivedData/Build/Products/Debug-iphonesimulator/ProjectProfitUITests-Runner.app/PlugIns/ProjectProfitUITests.xctest (in target 'ProjectProfitUITests' from project 'ProjectProfit')
    cd /Users/yutaro/project-profit-ios
    builtin-RegisterExecutionPolicyException /Users/yutaro/project-profit-ios/artifacts/release-quality/performance-gate/DerivedData/Build/Products/Debug-iphonesimulator/ProjectProfitUITests-Runner.app/PlugIns/ProjectProfitUITests.xctest

Touch /Users/yutaro/project-profit-ios/artifacts/release-quality/performance-gate/DerivedData/Build/Products/Debug-iphonesimulator/ProjectProfitUITests-Runner.app/PlugIns/ProjectProfitUITests.xctest (in target 'ProjectProfitUITests' from project 'ProjectProfit')
    cd /Users/yutaro/project-profit-ios
    /usr/bin/touch -c /Users/yutaro/project-profit-ios/artifacts/release-quality/performance-gate/DerivedData/Build/Products/Debug-iphonesimulator/ProjectProfitUITests-Runner.app/PlugIns/ProjectProfitUITests.xctest

2026-03-24 20:36:37.500126+0900 ProjectProfit[93668:5042501] [General] Canonical cutover active: FeatureFlags:
  useCanonicalPosting: true
  useLegacyLedger: false
  useCanonicalEvidence: true
  useCanonicalTaxEngine: true
  useCanonicalProfileOnly: true
Test Suite 'Selected tests' started at 2026-03-24 20:36:41.018.
Test Suite 'ProjectProfitTests.xctest' started at 2026-03-24 20:36:41.019.
Test Suite 'ReleasePerformanceGateTests' started at 2026-03-24 20:36:41.019.
Test Case '-[ProjectProfitTests.ReleasePerformanceGateTests testExportGenerationStaysUnderGate]' started.
2026-03-24 20:36:41.123946+0900 ProjectProfit[93668:5042501] [AccountingBootstrap] 会計ブートストラップ開始
2026-03-24 20:36:41.126032+0900 ProjectProfit[93668:5042501] [AccountingBootstrap] Step 1: canonical プロファイルのみ作成完了（PPAccountingProfile スキップ）
2026-03-24 20:36:41.128487+0900 ProjectProfit[93668:5042501] [AccountingBootstrap] Step 2: デフォルト勘定科目 35 件作成
2026-03-24 20:36:41.128818+0900 ProjectProfit[93668:5042501] [AccountingBootstrap] Step 3: カテゴリ 14 件にアカウントをリンク
2026-03-24 20:36:41.128951+0900 ProjectProfit[93668:5042501] [AccountingBootstrap] Step 4: トランザクション 0 件のフィールドを補完
2026-03-24 20:36:41.140432+0900 ProjectProfit[93668:5042501] [AccountingBootstrap] Step 7: canonical 仕訳 0 件生成
2026-03-24 20:36:41.141730+0900 ProjectProfit[93668:5042501] [AccountingBootstrap] Step 6: 整合性チェック完了 (問題 0 件)
2026-03-24 20:36:41.142420+0900 ProjectProfit[93668:5042501] [AccountingBootstrap] 会計ブートストラップ完了: accounts=35, categories=14, journals=0
2026-03-24 20:36:41.219393+0900 ProjectProfit[93668:5042501] [DataStore] Bootstrap完了: accounts=35, journals=0
performance.export.seconds=0.6760909557342529
Test Case '-[ProjectProfitTests.ReleasePerformanceGateTests testExportGenerationStaysUnderGate]' passed (2.691 seconds).
Test Case '-[ProjectProfitTests.ReleasePerformanceGateTests testMigrationDryRunStaysUnderGate]' started.
2026-03-24 20:36:43.757895+0900 ProjectProfit[93668:5042501] [AccountingBootstrap] 会計ブートストラップ開始
2026-03-24 20:36:43.758645+0900 ProjectProfit[93668:5042501] [AccountingBootstrap] Step 1: canonical プロファイルのみ作成完了（PPAccountingProfile スキップ）
2026-03-24 20:36:43.760294+0900 ProjectProfit[93668:5042501] [AccountingBootstrap] Step 2: デフォルト勘定科目 35 件作成
2026-03-24 20:36:43.760605+0900 ProjectProfit[93668:5042501] [AccountingBootstrap] Step 3: カテゴリ 14 件にアカウントをリンク
2026-03-24 20:36:43.760737+0900 ProjectProfit[93668:5042501] [AccountingBootstrap] Step 4: トランザクション 0 件のフィールドを補完
2026-03-24 20:36:43.766178+0900 ProjectProfit[93668:5042501] [AccountingBootstrap] Step 7: canonical 仕訳 0 件生成
2026-03-24 20:36:43.766883+0900 ProjectProfit[93668:5042501] [AccountingBootstrap] Step 6: 整合性チェック完了 (問題 0 件)
2026-03-24 20:36:43.767322+0900 ProjectProfit[93668:5042501] [AccountingBootstrap] 会計ブートストラップ完了: accounts=35, categories=14, journals=0
2026-03-24 20:36:43.792364+0900 ProjectProfit[93668:5042501] [DataStore] Bootstrap完了: accounts=35, journals=0
performance.migration.seconds=0.386821985244751
Test Case '-[ProjectProfitTests.ReleasePerformanceGateTests testMigrationDryRunStaysUnderGate]' passed (1.498 seconds).
Test Case '-[ProjectProfitTests.ReleasePerformanceGateTests testProjectionGenerationStaysUnderGate]' started.
2026-03-24 20:36:45.259500+0900 ProjectProfit[93668:5042501] [AccountingBootstrap] 会計ブートストラップ開始
2026-03-24 20:36:45.260402+0900 ProjectProfit[93668:5042501] [AccountingBootstrap] Step 1: canonical プロファイルのみ作成完了（PPAccountingProfile スキップ）
2026-03-24 20:36:45.262453+0900 ProjectProfit[93668:5042501] [AccountingBootstrap] Step 2: デフォルト勘定科目 35 件作成
2026-03-24 20:36:45.262748+0900 ProjectProfit[93668:5042501] [AccountingBootstrap] Step 3: カテゴリ 14 件にアカウントをリンク
2026-03-24 20:36:45.262903+0900 ProjectProfit[93668:5042501] [AccountingBootstrap] Step 4: トランザクション 0 件のフィールドを補完
2026-03-24 20:36:45.267813+0900 ProjectProfit[93668:5042501] [AccountingBootstrap] Step 7: canonical 仕訳 0 件生成
2026-03-24 20:36:45.268574+0900 ProjectProfit[93668:5042501] [AccountingBootstrap] Step 6: 整合性チェック完了 (問題 0 件)
2026-03-24 20:36:45.269231+0900 ProjectProfit[93668:5042501] [AccountingBootstrap] 会計ブートストラップ完了: accounts=35, categories=14, journals=0
2026-03-24 20:36:45.295511+0900 ProjectProfit[93668:5042501] [DataStore] Bootstrap完了: accounts=35, journals=0
performance.projection.seconds=0.4266420602798462
Test Case '-[ProjectProfitTests.ReleasePerformanceGateTests testProjectionGenerationStaysUnderGate]' passed (2.275 seconds).
Test Case '-[ProjectProfitTests.ReleasePerformanceGateTests testSearchQueriesStayUnderGate]' started.
2026-03-24 20:36:47.509440+0900 ProjectProfit[93668:5042501] [AccountingBootstrap] 会計ブートストラップ開始
2026-03-24 20:36:47.509875+0900 ProjectProfit[93668:5042501] [AccountingBootstrap] Step 1: canonical プロファイルのみ作成完了（PPAccountingProfile スキップ）
2026-03-24 20:36:47.510619+0900 ProjectProfit[93668:5042501] [AccountingBootstrap] Step 2: デフォルト勘定科目 35 件作成
2026-03-24 20:36:47.510756+0900 ProjectProfit[93668:5042501] [AccountingBootstrap] Step 3: カテゴリ 14 件にアカウントをリンク
2026-03-24 20:36:47.510810+0900 ProjectProfit[93668:5042501] [AccountingBootstrap] Step 4: トランザクション 0 件のフィールドを補完
2026-03-24 20:36:47.513284+0900 ProjectProfit[93668:5042501] [AccountingBootstrap] Step 7: canonical 仕訳 0 件生成
2026-03-24 20:36:47.513706+0900 ProjectProfit[93668:5042501] [AccountingBootstrap] Step 6: 整合性チェック完了 (問題 0 件)
2026-03-24 20:36:47.513987+0900 ProjectProfit[93668:5042501] [AccountingBootstrap] 会計ブートストラップ完了: accounts=35, categories=14, journals=0
2026-03-24 20:36:47.526379+0900 ProjectProfit[93668:5042501] [DataStore] Bootstrap完了: accounts=35, journals=0
performance.search.seconds=0.624290943145752
Test Case '-[ProjectProfitTests.ReleasePerformanceGateTests testSearchQueriesStayUnderGate]' passed (7.633 seconds).
Test Suite 'ReleasePerformanceGateTests' passed at 2026-03-24 20:36:55.120.
	 Executed 4 tests, with 0 failures (0 unexpected) in 14.097 (14.101) seconds
Test Suite 'ProjectProfitTests.xctest' passed at 2026-03-24 20:36:55.120.
	 Executed 4 tests, with 0 failures (0 unexpected) in 14.097 (14.102) seconds
Test Suite 'Selected tests' passed at 2026-03-24 20:36:55.121.
	 Executed 4 tests, with 0 failures (0 unexpected) in 14.097 (14.103) seconds
2026-03-24 20:36:55.471 xcodebuild[92521:5032436] [MT] IDETestOperationsObserverDebug: 67.554 elapsed -- Testing started completed.
2026-03-24 20:36:55.471 xcodebuild[92521:5032436] [MT] IDETestOperationsObserverDebug: 0.000 sec, +0.000 sec -- start
2026-03-24 20:36:55.471 xcodebuild[92521:5032436] [MT] IDETestOperationsObserverDebug: 67.554 sec, +67.554 sec -- end

Test session results, code coverage, and logs:
	/Users/yutaro/project-profit-ios/artifacts/release-quality/performance-gate/performance-gate.xcresult

** TEST SUCCEEDED **

Testing started
