Command line invocation:
    /Applications/Xcode-26.3.app/Contents/Developer/usr/bin/xcodebuild test -project ProjectProfit.xcodeproj -scheme ProjectProfit -configuration Debug -destination "platform=iOS Simulator,id=75FD4EB2-79BE-4F1F-9225-99D392A087FC" -derivedDataPath artifacts/release-quality/books/DerivedData -resultBundlePath artifacts/release-quality/books/books.xcresult -parallel-testing-enabled NO "-only-testing:ProjectProfitTests/AccountingReportServiceTests" "-only-testing:ProjectProfitTests/AccountingEngineTests" "-only-testing:ProjectProfitTests/AccountingBootstrapTests" "-only-testing:ProjectProfitTests/AccountingIntegrationTests" "-only-testing:ProjectProfitTests/ClosingEntryTests" "-only-testing:ProjectProfitTests/DocumentAndSubLedgerTests"

Resolve Package Graph


Resolved source packages:
  libxlsxwriter: https://github.com/jmcnamara/libxlsxwriter @ 1.2.4

Writing result bundle at path:
	/Users/yutaro/project-profit-ios/artifacts/release-quality/books/books.xcresult

ComputePackagePrebuildTargetDependencyGraph

Prepare packages

CreateBuildRequest

SendProjectDescription

CreateBuildOperation

ComputeTargetDependencyGraph
note: Building targets in dependency order
note: Target dependency graph (6 targets)
    Target 'ProjectProfitUITests' in project 'ProjectProfit'
        ➜ Explicit dependency on target 'ProjectProfit' in project 'ProjectProfit'
    Target 'ProjectProfitTests' in project 'ProjectProfit'
        ➜ Explicit dependency on target 'ProjectProfit' in project 'ProjectProfit'
    Target 'ProjectProfit' in project 'ProjectProfit'
        ➜ Explicit dependency on target 'ProjectProfitShareExtension' in project 'ProjectProfit'
        ➜ Explicit dependency on target 'libxlsxwriter' in project 'libxlsxwriter'
    Target 'libxlsxwriter' in project 'libxlsxwriter'
        ➜ Explicit dependency on target 'libxlsxwriter' in project 'libxlsxwriter'
    Target 'libxlsxwriter' in project 'libxlsxwriter' (no dependencies)
    Target 'ProjectProfitShareExtension' in project 'ProjectProfit' (no dependencies)

GatherProvisioningInputs

CreateBuildDescription

ExecuteExternalTool /Applications/Xcode-26.3.app/Contents/Developer/Toolchains/XcodeDefault.xctoolchain/usr/bin/swiftc --version

ExecuteExternalTool /Applications/Xcode-26.3.app/Contents/Developer/Toolchains/XcodeDefault.xctoolchain/usr/bin/clang -v -E -dM -isysroot /Applications/Xcode-26.3.app/Contents/Developer/Platforms/iPhoneSimulator.platform/Developer/SDKs/iPhoneSimulator26.2.sdk -x c -c /dev/null

ExecuteExternalTool /Applications/Xcode-26.3.app/Contents/Developer/Toolchains/XcodeDefault.xctoolchain/usr/bin/clang -v -E -dM -arch arm64 -isysroot /Applications/Xcode-26.3.app/Contents/Developer/Platforms/iPhoneSimulator.platform/Developer/SDKs/iPhoneSimulator26.2.sdk -x c -c /dev/null

ExecuteExternalTool /Applications/Xcode-26.3.app/Contents/Developer/usr/bin/actool --print-asset-tag-combinations --output-format xml1 /Users/yutaro/project-profit-ios/ProjectProfit/Assets.xcassets /Users/yutaro/project-profit-ios/ProjectProfit/Preview Content/Preview Assets.xcassets

ExecuteExternalTool /Applications/Xcode-26.3.app/Contents/Developer/Toolchains/XcodeDefault.xctoolchain/usr/bin/ld -version_details

ExecuteExternalTool /Applications/Xcode-26.3.app/Contents/Developer/usr/bin/actool --version --output-format xml1

Build description signature: f49cd7153ac1b21320afdd6d526608ed
Build description path: /Users/yutaro/project-profit-ios/artifacts/release-quality/books/DerivedData/Build/Intermediates.noindex/XCBuildData/f49cd7153ac1b21320afdd6d526608ed.xcbuilddata
ClangStatCache /Applications/Xcode-26.3.app/Contents/Developer/Toolchains/XcodeDefault.xctoolchain/usr/bin/clang-stat-cache /Applications/Xcode-26.3.app/Contents/Developer/Platforms/iPhoneSimulator.platform/Developer/SDKs/iPhoneSimulator26.2.sdk /Users/yutaro/project-profit-ios/artifacts/release-quality/books/DerivedData/SDKStatCaches.noindex/iphonesimulator26.2-23C57-91db6bf2b9df79783d042ed3cc29a58e.sdkstatcache
    cd /Users/yutaro/project-profit-ios/ProjectProfit.xcodeproj
    /Applications/Xcode-26.3.app/Contents/Developer/Toolchains/XcodeDefault.xctoolchain/usr/bin/clang-stat-cache /Applications/Xcode-26.3.app/Contents/Developer/Platforms/iPhoneSimulator.platform/Developer/SDKs/iPhoneSimulator26.2.sdk -o /Users/yutaro/project-profit-ios/artifacts/release-quality/books/DerivedData/SDKStatCaches.noindex/iphonesimulator26.2-23C57-91db6bf2b9df79783d042ed3cc29a58e.sdkstatcache
Base directory status changed. Regenerating...

ProcessProductPackaging /Users/yutaro/project-profit-ios/ProjectProfitShareExtension/ProjectProfitShareExtension.entitlements /Users/yutaro/project-profit-ios/artifacts/release-quality/books/DerivedData/Build/Intermediates.noindex/ProjectProfit.build/Debug-iphonesimulator/ProjectProfitShareExtension.build/ProjectProfitShareExtension.appex-Simulated.xcent (in target 'ProjectProfitShareExtension' from project 'ProjectProfit')
    cd /Users/yutaro/project-profit-ios
    
    Entitlements:
    
    {
    "application-identifier" = "52PPJXD67Z.com.projectprofit.ProjectProfit.ShareExtension";
    "com.apple.security.application-groups" =     (
        "group.com.projectprofit.ProjectProfit"
    );
}
    
    builtin-productPackagingUtility /Users/yutaro/project-profit-ios/ProjectProfitShareExtension/ProjectProfitShareExtension.entitlements -entitlements -format xml -o /Users/yutaro/project-profit-ios/artifacts/release-quality/books/DerivedData/Build/Intermediates.noindex/ProjectProfit.build/Debug-iphonesimulator/ProjectProfitShareExtension.build/ProjectProfitShareExtension.appex-Simulated.xcent

WriteAuxiliaryFile /Users/yutaro/project-profit-ios/artifacts/release-quality/books/DerivedData/Build/Intermediates.noindex/ProjectProfit.build/Debug-iphonesimulator/ProjectProfit.build/Objects-normal/arm64/ProjectProfit.SwiftFileList (in target 'ProjectProfit' from project 'ProjectProfit')
    cd /Users/yutaro/project-profit-ios
    write-file /Users/yutaro/project-profit-ios/artifacts/release-quality/books/DerivedData/Build/Intermediates.noindex/ProjectProfit.build/Debug-iphonesimulator/ProjectProfit.build/Objects-normal/arm64/ProjectProfit.SwiftFileList

WriteAuxiliaryFile /Users/yutaro/project-profit-ios/artifacts/release-quality/books/DerivedData/Build/Intermediates.noindex/ProjectProfit.build/Debug-iphonesimulator/ProjectProfit.build/Objects-normal/arm64/ProjectProfit.SwiftConstValuesFileList (in target 'ProjectProfit' from project 'ProjectProfit')
    cd /Users/yutaro/project-profit-ios
    write-file /Users/yutaro/project-profit-ios/artifacts/release-quality/books/DerivedData/Build/Intermediates.noindex/ProjectProfit.build/Debug-iphonesimulator/ProjectProfit.build/Objects-normal/arm64/ProjectProfit.SwiftConstValuesFileList

WriteAuxiliaryFile /Users/yutaro/project-profit-ios/artifacts/release-quality/books/DerivedData/Build/Intermediates.noindex/ProjectProfit.build/Debug-iphonesimulator/ProjectProfit.build/Objects-normal/arm64/ProjectProfit.LinkFileList (in target 'ProjectProfit' from project 'ProjectProfit')
    cd /Users/yutaro/project-profit-ios
    write-file /Users/yutaro/project-profit-ios/artifacts/release-quality/books/DerivedData/Build/Intermediates.noindex/ProjectProfit.build/Debug-iphonesimulator/ProjectProfit.build/Objects-normal/arm64/ProjectProfit.LinkFileList

WriteAuxiliaryFile /Users/yutaro/project-profit-ios/artifacts/release-quality/books/DerivedData/Build/Intermediates.noindex/ProjectProfit.build/Debug-iphonesimulator/ProjectProfit.build/Objects-normal/arm64/ProjectProfit-OutputFileMap.json (in target 'ProjectProfit' from project 'ProjectProfit')
    cd /Users/yutaro/project-profit-ios
    write-file /Users/yutaro/project-profit-ios/artifacts/release-quality/books/DerivedData/Build/Intermediates.noindex/ProjectProfit.build/Debug-iphonesimulator/ProjectProfit.build/Objects-normal/arm64/ProjectProfit-OutputFileMap.json

ProcessProductPackagingDER /Users/yutaro/project-profit-ios/artifacts/release-quality/books/DerivedData/Build/Intermediates.noindex/ProjectProfit.build/Debug-iphonesimulator/ProjectProfitShareExtension.build/ProjectProfitShareExtension.appex-Simulated.xcent /Users/yutaro/project-profit-ios/artifacts/release-quality/books/DerivedData/Build/Intermediates.noindex/ProjectProfit.build/Debug-iphonesimulator/ProjectProfitShareExtension.build/ProjectProfitShareExtension.appex-Simulated.xcent.der (in target 'ProjectProfitShareExtension' from project 'ProjectProfit')
    cd /Users/yutaro/project-profit-ios
    /usr/bin/derq query -f xml -i /Users/yutaro/project-profit-ios/artifacts/release-quality/books/DerivedData/Build/Intermediates.noindex/ProjectProfit.build/Debug-iphonesimulator/ProjectProfitShareExtension.build/ProjectProfitShareExtension.appex-Simulated.xcent -o /Users/yutaro/project-profit-ios/artifacts/release-quality/books/DerivedData/Build/Intermediates.noindex/ProjectProfit.build/Debug-iphonesimulator/ProjectProfitShareExtension.build/ProjectProfitShareExtension.appex-Simulated.xcent.der --raw

ProcessProductPackaging /Users/yutaro/project-profit-ios/ProjectProfitShareExtension/ProjectProfitShareExtension.entitlements /Users/yutaro/project-profit-ios/artifacts/release-quality/books/DerivedData/Build/Intermediates.noindex/ProjectProfit.build/Debug-iphonesimulator/ProjectProfitShareExtension.build/ProjectProfitShareExtension.appex.xcent (in target 'ProjectProfitShareExtension' from project 'ProjectProfit')
    cd /Users/yutaro/project-profit-ios
    
    Entitlements:
    
    {
}
    
    builtin-productPackagingUtility /Users/yutaro/project-profit-ios/ProjectProfitShareExtension/ProjectProfitShareExtension.entitlements -entitlements -format xml -o /Users/yutaro/project-profit-ios/artifacts/release-quality/books/DerivedData/Build/Intermediates.noindex/ProjectProfit.build/Debug-iphonesimulator/ProjectProfitShareExtension.build/ProjectProfitShareExtension.appex.xcent

ProcessProductPackagingDER /Users/yutaro/project-profit-ios/artifacts/release-quality/books/DerivedData/Build/Intermediates.noindex/ProjectProfit.build/Debug-iphonesimulator/ProjectProfitShareExtension.build/ProjectProfitShareExtension.appex.xcent /Users/yutaro/project-profit-ios/artifacts/release-quality/books/DerivedData/Build/Intermediates.noindex/ProjectProfit.build/Debug-iphonesimulator/ProjectProfitShareExtension.build/ProjectProfitShareExtension.appex.xcent.der (in target 'ProjectProfitShareExtension' from project 'ProjectProfit')
    cd /Users/yutaro/project-profit-ios
    /usr/bin/derq query -f xml -i /Users/yutaro/project-profit-ios/artifacts/release-quality/books/DerivedData/Build/Intermediates.noindex/ProjectProfit.build/Debug-iphonesimulator/ProjectProfitShareExtension.build/ProjectProfitShareExtension.appex.xcent -o /Users/yutaro/project-profit-ios/artifacts/release-quality/books/DerivedData/Build/Intermediates.noindex/ProjectProfit.build/Debug-iphonesimulator/ProjectProfitShareExtension.build/ProjectProfitShareExtension.appex.xcent.der --raw

ProcessInfoPlistFile /Users/yutaro/project-profit-ios/artifacts/release-quality/books/DerivedData/Build/Products/Debug-iphonesimulator/ProjectProfitShareExtension.appex/Info.plist /Users/yutaro/project-profit-ios/ProjectProfitShareExtension/Info.plist (in target 'ProjectProfitShareExtension' from project 'ProjectProfit')
    cd /Users/yutaro/project-profit-ios
    builtin-infoPlistUtility /Users/yutaro/project-profit-ios/ProjectProfitShareExtension/Info.plist -producttype com.apple.product-type.app-extension -expandbuildsettings -format binary -platform iphonesimulator -o /Users/yutaro/project-profit-ios/artifacts/release-quality/books/DerivedData/Build/Products/Debug-iphonesimulator/ProjectProfitShareExtension.appex/Info.plist

SwiftDriver ProjectProfitShareExtension normal arm64 com.apple.xcode.tools.swift.compiler (in target 'ProjectProfitShareExtension' from project 'ProjectProfit')
    cd /Users/yutaro/project-profit-ios
    builtin-SwiftDriver -- /Applications/Xcode-26.3.app/Contents/Developer/Toolchains/XcodeDefault.xctoolchain/usr/bin/swiftc -module-name ProjectProfitShareExtension -Onone -enforce-exclusivity\=checked @/Users/yutaro/project-profit-ios/artifacts/release-quality/books/DerivedData/Build/Intermediates.noindex/ProjectProfit.build/Debug-iphonesimulator/ProjectProfitShareExtension.build/Objects-normal/arm64/ProjectProfitShareExtension.SwiftFileList -DDEBUG -enable-bare-slash-regex -enable-experimental-feature DebugDescriptionMacro -sdk /Applications/Xcode-26.3.app/Contents/Developer/Platforms/iPhoneSimulator.platform/Developer/SDKs/iPhoneSimulator26.2.sdk -target arm64-apple-ios17.0-simulator -g -module-cache-path /Users/yutaro/project-profit-ios/artifacts/release-quality/books/DerivedData/ModuleCache.noindex -Xfrontend -serialize-debugging-options -application-extension -profile-coverage-mapping -profile-generate -enable-testing -index-store-path /Users/yutaro/project-profit-ios/artifacts/release-quality/books/DerivedData/Index.noindex/DataStore -Xcc -D_LIBCPP_HARDENING_MODE\=_LIBCPP_HARDENING_MODE_DEBUG -swift-version 5 -I /Users/yutaro/project-profit-ios/artifacts/release-quality/books/DerivedData/Build/Products/Debug-iphonesimulator -F /Users/yutaro/project-profit-ios/artifacts/release-quality/books/DerivedData/Build/Products/Debug-iphonesimulator -c -j8 -enable-batch-mode -incremental -Xcc -ivfsstatcache -Xcc /Users/yutaro/project-profit-ios/artifacts/release-quality/books/DerivedData/SDKStatCaches.noindex/iphonesimulator26.2-23C57-91db6bf2b9df79783d042ed3cc29a58e.sdkstatcache -output-file-map /Users/yutaro/project-profit-ios/artifacts/release-quality/books/DerivedData/Build/Intermediates.noindex/ProjectProfit.build/Debug-iphonesimulator/ProjectProfitShareExtension.build/Objects-normal/arm64/ProjectProfitShareExtension-OutputFileMap.json -use-frontend-parseable-output -save-temps -no-color-diagnostics -explicit-module-build -module-cache-path /Users/yutaro/project-profit-ios/artifacts/release-quality/books/DerivedData/Build/Intermediates.noindex/SwiftExplicitPrecompiledModules -clang-scanner-module-cache-path /Users/yutaro/project-profit-ios/artifacts/release-quality/books/DerivedData/ModuleCache.noindex -sdk-module-cache-path /Users/yutaro/project-profit-ios/artifacts/release-quality/books/DerivedData/ModuleCache.noindex -serialize-diagnostics -emit-dependencies -emit-module -emit-module-path /Users/yutaro/project-profit-ios/artifacts/release-quality/books/DerivedData/Build/Intermediates.noindex/ProjectProfit.build/Debug-iphonesimulator/ProjectProfitShareExtension.build/Objects-normal/arm64/ProjectProfitShareExtension.swiftmodule -validate-clang-modules-once -clang-build-session-file /Users/yutaro/project-profit-ios/artifacts/release-quality/books/DerivedData/ModuleCache.noindex/Session.modulevalidation -Xcc -I/Users/yutaro/project-profit-ios/artifacts/release-quality/books/DerivedData/Build/Intermediates.noindex/ProjectProfit.build/Debug-iphonesimulator/ProjectProfitShareExtension.build/swift-overrides.hmap -emit-const-values -Xfrontend -const-gather-protocols-file -Xfrontend /Users/yutaro/project-profit-ios/artifacts/release-quality/books/DerivedData/Build/Intermediates.noindex/ProjectProfit.build/Debug-iphonesimulator/ProjectProfitShareExtension.build/Objects-normal/arm64/ProjectProfitShareExtension_const_extract_protocols.json -Xcc -iquote -Xcc /Users/yutaro/project-profit-ios/artifacts/release-quality/books/DerivedData/Build/Intermediates.noindex/ProjectProfit.build/Debug-iphonesimulator/ProjectProfitShareExtension.build/ProjectProfitShareExtension-generated-files.hmap -Xcc -I/Users/yutaro/project-profit-ios/artifacts/release-quality/books/DerivedData/Build/Intermediates.noindex/ProjectProfit.build/Debug-iphonesimulator/ProjectProfitShareExtension.build/ProjectProfitShareExtension-own-target-headers.hmap -Xcc -I/Users/yutaro/project-profit-ios/artifacts/release-quality/books/DerivedData/Build/Intermediates.noindex/ProjectProfit.build/Debug-iphonesimulator/ProjectProfitShareExtension.build/ProjectProfitShareExtension-all-non-framework-target-headers.hmap -Xcc -ivfsoverlay -Xcc /Users/yutaro/project-profit-ios/artifacts/release-quality/books/DerivedData/Build/Intermediates.noindex/ProjectProfit.build/Debug-iphonesimulator/ProjectProfit-bc30635a8cb06e5d3ecf94d8d93f544c-VFS-iphonesimulator/all-product-headers.yaml -Xcc -iquote -Xcc /Users/yutaro/project-profit-ios/artifacts/release-quality/books/DerivedData/Build/Intermediates.noindex/ProjectProfit.build/Debug-iphonesimulator/ProjectProfitShareExtension.build/ProjectProfitShareExtension-project-headers.hmap -Xcc -I/Users/yutaro/project-profit-ios/artifacts/release-quality/books/DerivedData/Build/Products/Debug-iphonesimulator/include -Xcc -I/Users/yutaro/project-profit-ios/artifacts/release-quality/books/DerivedData/Build/Intermediates.noindex/ProjectProfit.build/Debug-iphonesimulator/ProjectProfitShareExtension.build/DerivedSources-normal/arm64 -Xcc -I/Users/yutaro/project-profit-ios/artifacts/release-quality/books/DerivedData/Build/Intermediates.noindex/ProjectProfit.build/Debug-iphonesimulator/ProjectProfitShareExtension.build/DerivedSources/arm64 -Xcc -I/Users/yutaro/project-profit-ios/artifacts/release-quality/books/DerivedData/Build/Intermediates.noindex/ProjectProfit.build/Debug-iphonesimulator/ProjectProfitShareExtension.build/DerivedSources -Xcc -DDEBUG\=1 -emit-objc-header -emit-objc-header-path /Users/yutaro/project-profit-ios/artifacts/release-quality/books/DerivedData/Build/Intermediates.noindex/ProjectProfit.build/Debug-iphonesimulator/ProjectProfitShareExtension.build/Objects-normal/arm64/ProjectProfitShareExtension-Swift.h -working-directory /Users/yutaro/project-profit-ios -experimental-emit-module-separately -disable-cmo

Ld /Users/yutaro/project-profit-ios/artifacts/release-quality/books/DerivedData/Build/Products/Debug-iphonesimulator/libxlsxwriter.o normal (in target 'libxlsxwriter' from project 'libxlsxwriter')
    cd /Users/yutaro/project-profit-ios/artifacts/release-quality/books/DerivedData/SourcePackages/checkouts/libxlsxwriter
    /Applications/Xcode-26.3.app/Contents/Developer/Toolchains/XcodeDefault.xctoolchain/usr/bin/clang -Xlinker -reproducible -target arm64-apple-ios12.0-simulator -r -isysroot /Applications/Xcode-26.3.app/Contents/Developer/Platforms/iPhoneSimulator.platform/Developer/SDKs/iPhoneSimulator26.2.sdk -O0 -w -L/Users/yutaro/project-profit-ios/artifacts/release-quality/books/DerivedData/Build/Intermediates.noindex/EagerLinkingTBDs/Debug-iphonesimulator -L/Users/yutaro/project-profit-ios/artifacts/release-quality/books/DerivedData/Build/Products/Debug-iphonesimulator -L/Applications/Xcode-26.3.app/Contents/Developer/Platforms/iPhoneSimulator.platform/Developer/usr/lib -F/Users/yutaro/project-profit-ios/artifacts/release-quality/books/DerivedData/Build/Intermediates.noindex/EagerLinkingTBDs/Debug-iphonesimulator -F/Users/yutaro/project-profit-ios/artifacts/release-quality/books/DerivedData/Build/Products/Debug-iphonesimulator -iframework /Applications/Xcode-26.3.app/Contents/Developer/Platforms/iPhoneSimulator.platform/Developer/Library/Frameworks -iframework /Applications/Xcode-26.3.app/Contents/Developer/Platforms/iPhoneSimulator.platform/Developer/SDKs/iPhoneSimulator26.2.sdk/Developer/Library/Frameworks -filelist /Users/yutaro/project-profit-ios/artifacts/release-quality/books/DerivedData/Build/Intermediates.noindex/libxlsxwriter.build/Debug-iphonesimulator/libxlsxwriter.build/Objects-normal/arm64/libxlsxwriter.LinkFileList -nostdlib -Xlinker -object_path_lto -Xlinker /Users/yutaro/project-profit-ios/artifacts/release-quality/books/DerivedData/Build/Intermediates.noindex/libxlsxwriter.build/Debug-iphonesimulator/libxlsxwriter.build/Objects-normal/arm64/libxlsxwriter_lto.o -rdynamic -Xlinker -no_deduplicate -Xlinker -objc_abi_version -Xlinker 2 -Xlinker -debug_variant -Xlinker -dependency_info -Xlinker /Users/yutaro/project-profit-ios/artifacts/release-quality/books/DerivedData/Build/Intermediates.noindex/libxlsxwriter.build/Debug-iphonesimulator/libxlsxwriter.build/Objects-normal/arm64/libxlsxwriter_dependency_info.dat -o /Users/yutaro/project-profit-ios/artifacts/release-quality/books/DerivedData/Build/Products/Debug-iphonesimulator/libxlsxwriter.o

SwiftCompile normal arm64 Compiling\ ShareAttachmentImporter.swift /Users/yutaro/project-profit-ios/ProjectProfitShareExtension/ShareAttachmentImporter.swift (in target 'ProjectProfitShareExtension' from project 'ProjectProfit')

SwiftCompile normal arm64 /Users/yutaro/project-profit-ios/ProjectProfitShareExtension/ShareAttachmentImporter.swift (in target 'ProjectProfitShareExtension' from project 'ProjectProfit')
    cd /Users/yutaro/project-profit-ios
    

SwiftEmitModule normal arm64 Emitting\ module\ for\ ProjectProfitShareExtension (in target 'ProjectProfitShareExtension' from project 'ProjectProfit')

EmitSwiftModule normal arm64 (in target 'ProjectProfitShareExtension' from project 'ProjectProfit')
    cd /Users/yutaro/project-profit-ios
    

SwiftCompile normal arm64 Compiling\ ShareViewController.swift /Users/yutaro/project-profit-ios/ProjectProfitShareExtension/ShareViewController.swift (in target 'ProjectProfitShareExtension' from project 'ProjectProfit')
SwiftCompile normal arm64 /Users/yutaro/project-profit-ios/ProjectProfitShareExtension/ShareViewController.swift (in target 'ProjectProfitShareExtension' from project 'ProjectProfit')
    cd /Users/yutaro/project-profit-ios
    
/Users/yutaro/project-profit-ios/ProjectProfitShareExtension/ShareViewController.swift:146:103: warning: passing non-Sendable parameter 'completion' to function expecting a '@Sendable' closure
                provider.loadFileRepresentation(forTypeIdentifier: typeIdentifier, completionHandler: completion)
                                                                                                      ^
/Users/yutaro/project-profit-ios/ProjectProfitShareExtension/ShareViewController.swift:145:39: note: parameter 'completion' is implicitly non-Sendable
            loadFileRepresentation: { completion in
                                      ^

SwiftDriverJobDiscovery normal arm64 Emitting module for ProjectProfitShareExtension (in target 'ProjectProfitShareExtension' from project 'ProjectProfit')

SwiftDriver\ Compilation\ Requirements ProjectProfitShareExtension normal arm64 com.apple.xcode.tools.swift.compiler (in target 'ProjectProfitShareExtension' from project 'ProjectProfit')
    cd /Users/yutaro/project-profit-ios
    builtin-Swift-Compilation-Requirements -- /Applications/Xcode-26.3.app/Contents/Developer/Toolchains/XcodeDefault.xctoolchain/usr/bin/swiftc -module-name ProjectProfitShareExtension -Onone -enforce-exclusivity\=checked @/Users/yutaro/project-profit-ios/artifacts/release-quality/books/DerivedData/Build/Intermediates.noindex/ProjectProfit.build/Debug-iphonesimulator/ProjectProfitShareExtension.build/Objects-normal/arm64/ProjectProfitShareExtension.SwiftFileList -DDEBUG -enable-bare-slash-regex -enable-experimental-feature DebugDescriptionMacro -sdk /Applications/Xcode-26.3.app/Contents/Developer/Platforms/iPhoneSimulator.platform/Developer/SDKs/iPhoneSimulator26.2.sdk -target arm64-apple-ios17.0-simulator -g -module-cache-path /Users/yutaro/project-profit-ios/artifacts/release-quality/books/DerivedData/ModuleCache.noindex -Xfrontend -serialize-debugging-options -application-extension -profile-coverage-mapping -profile-generate -enable-testing -index-store-path /Users/yutaro/project-profit-ios/artifacts/release-quality/books/DerivedData/Index.noindex/DataStore -Xcc -D_LIBCPP_HARDENING_MODE\=_LIBCPP_HARDENING_MODE_DEBUG -swift-version 5 -I /Users/yutaro/project-profit-ios/artifacts/release-quality/books/DerivedData/Build/Products/Debug-iphonesimulator -F /Users/yutaro/project-profit-ios/artifacts/release-quality/books/DerivedData/Build/Products/Debug-iphonesimulator -c -j8 -enable-batch-mode -incremental -Xcc -ivfsstatcache -Xcc /Users/yutaro/project-profit-ios/artifacts/release-quality/books/DerivedData/SDKStatCaches.noindex/iphonesimulator26.2-23C57-91db6bf2b9df79783d042ed3cc29a58e.sdkstatcache -output-file-map /Users/yutaro/project-profit-ios/artifacts/release-quality/books/DerivedData/Build/Intermediates.noindex/ProjectProfit.build/Debug-iphonesimulator/ProjectProfitShareExtension.build/Objects-normal/arm64/ProjectProfitShareExtension-OutputFileMap.json -use-frontend-parseable-output -save-temps -no-color-diagnostics -explicit-module-build -module-cache-path /Users/yutaro/project-profit-ios/artifacts/release-quality/books/DerivedData/Build/Intermediates.noindex/SwiftExplicitPrecompiledModules -clang-scanner-module-cache-path /Users/yutaro/project-profit-ios/artifacts/release-quality/books/DerivedData/ModuleCache.noindex -sdk-module-cache-path /Users/yutaro/project-profit-ios/artifacts/release-quality/books/DerivedData/ModuleCache.noindex -serialize-diagnostics -emit-dependencies -emit-module -emit-module-path /Users/yutaro/project-profit-ios/artifacts/release-quality/books/DerivedData/Build/Intermediates.noindex/ProjectProfit.build/Debug-iphonesimulator/ProjectProfitShareExtension.build/Objects-normal/arm64/ProjectProfitShareExtension.swiftmodule -validate-clang-modules-once -clang-build-session-file /Users/yutaro/project-profit-ios/artifacts/release-quality/books/DerivedData/ModuleCache.noindex/Session.modulevalidation -Xcc -I/Users/yutaro/project-profit-ios/artifacts/release-quality/books/DerivedData/Build/Intermediates.noindex/ProjectProfit.build/Debug-iphonesimulator/ProjectProfitShareExtension.build/swift-overrides.hmap -emit-const-values -Xfrontend -const-gather-protocols-file -Xfrontend /Users/yutaro/project-profit-ios/artifacts/release-quality/books/DerivedData/Build/Intermediates.noindex/ProjectProfit.build/Debug-iphonesimulator/ProjectProfitShareExtension.build/Objects-normal/arm64/ProjectProfitShareExtension_const_extract_protocols.json -Xcc -iquote -Xcc /Users/yutaro/project-profit-ios/artifacts/release-quality/books/DerivedData/Build/Intermediates.noindex/ProjectProfit.build/Debug-iphonesimulator/ProjectProfitShareExtension.build/ProjectProfitShareExtension-generated-files.hmap -Xcc -I/Users/yutaro/project-profit-ios/artifacts/release-quality/books/DerivedData/Build/Intermediates.noindex/ProjectProfit.build/Debug-iphonesimulator/ProjectProfitShareExtension.build/ProjectProfitShareExtension-own-target-headers.hmap -Xcc -I/Users/yutaro/project-profit-ios/artifacts/release-quality/books/DerivedData/Build/Intermediates.noindex/ProjectProfit.build/Debug-iphonesimulator/ProjectProfitShareExtension.build/ProjectProfitShareExtension-all-non-framework-target-headers.hmap -Xcc -ivfsoverlay -Xcc /Users/yutaro/project-profit-ios/artifacts/release-quality/books/DerivedData/Build/Intermediates.noindex/ProjectProfit.build/Debug-iphonesimulator/ProjectProfit-bc30635a8cb06e5d3ecf94d8d93f544c-VFS-iphonesimulator/all-product-headers.yaml -Xcc -iquote -Xcc /Users/yutaro/project-profit-ios/artifacts/release-quality/books/DerivedData/Build/Intermediates.noindex/ProjectProfit.build/Debug-iphonesimulator/ProjectProfitShareExtension.build/ProjectProfitShareExtension-project-headers.hmap -Xcc -I/Users/yutaro/project-profit-ios/artifacts/release-quality/books/DerivedData/Build/Products/Debug-iphonesimulator/include -Xcc -I/Users/yutaro/project-profit-ios/artifacts/release-quality/books/DerivedData/Build/Intermediates.noindex/ProjectProfit.build/Debug-iphonesimulator/ProjectProfitShareExtension.build/DerivedSources-normal/arm64 -Xcc -I/Users/yutaro/project-profit-ios/artifacts/release-quality/books/DerivedData/Build/Intermediates.noindex/ProjectProfit.build/Debug-iphonesimulator/ProjectProfitShareExtension.build/DerivedSources/arm64 -Xcc -I/Users/yutaro/project-profit-ios/artifacts/release-quality/books/DerivedData/Build/Intermediates.noindex/ProjectProfit.build/Debug-iphonesimulator/ProjectProfitShareExtension.build/DerivedSources -Xcc -DDEBUG\=1 -emit-objc-header -emit-objc-header-path /Users/yutaro/project-profit-ios/artifacts/release-quality/books/DerivedData/Build/Intermediates.noindex/ProjectProfit.build/Debug-iphonesimulator/ProjectProfitShareExtension.build/Objects-normal/arm64/ProjectProfitShareExtension-Swift.h -working-directory /Users/yutaro/project-profit-ios -experimental-emit-module-separately -disable-cmo

SwiftDriverJobDiscovery normal arm64 Compiling ShareAttachmentImporter.swift (in target 'ProjectProfitShareExtension' from project 'ProjectProfit')

Copy /Users/yutaro/project-profit-ios/artifacts/release-quality/books/DerivedData/Build/Products/Debug-iphonesimulator/ProjectProfitShareExtension.swiftmodule/Project/arm64-apple-ios-simulator.swiftsourceinfo /Users/yutaro/project-profit-ios/artifacts/release-quality/books/DerivedData/Build/Intermediates.noindex/ProjectProfit.build/Debug-iphonesimulator/ProjectProfitShareExtension.build/Objects-normal/arm64/ProjectProfitShareExtension.swiftsourceinfo (in target 'ProjectProfitShareExtension' from project 'ProjectProfit')
    cd /Users/yutaro/project-profit-ios
    builtin-copy -exclude .DS_Store -exclude CVS -exclude .svn -exclude .git -exclude .hg -resolve-src-symlinks -rename /Users/yutaro/project-profit-ios/artifacts/release-quality/books/DerivedData/Build/Intermediates.noindex/ProjectProfit.build/Debug-iphonesimulator/ProjectProfitShareExtension.build/Objects-normal/arm64/ProjectProfitShareExtension.swiftsourceinfo /Users/yutaro/project-profit-ios/artifacts/release-quality/books/DerivedData/Build/Products/Debug-iphonesimulator/ProjectProfitShareExtension.swiftmodule/Project/arm64-apple-ios-simulator.swiftsourceinfo

Copy /Users/yutaro/project-profit-ios/artifacts/release-quality/books/DerivedData/Build/Products/Debug-iphonesimulator/ProjectProfitShareExtension.swiftmodule/arm64-apple-ios-simulator.abi.json /Users/yutaro/project-profit-ios/artifacts/release-quality/books/DerivedData/Build/Intermediates.noindex/ProjectProfit.build/Debug-iphonesimulator/ProjectProfitShareExtension.build/Objects-normal/arm64/ProjectProfitShareExtension.abi.json (in target 'ProjectProfitShareExtension' from project 'ProjectProfit')
    cd /Users/yutaro/project-profit-ios
    builtin-copy -exclude .DS_Store -exclude CVS -exclude .svn -exclude .git -exclude .hg -resolve-src-symlinks -rename /Users/yutaro/project-profit-ios/artifacts/release-quality/books/DerivedData/Build/Intermediates.noindex/ProjectProfit.build/Debug-iphonesimulator/ProjectProfitShareExtension.build/Objects-normal/arm64/ProjectProfitShareExtension.abi.json /Users/yutaro/project-profit-ios/artifacts/release-quality/books/DerivedData/Build/Products/Debug-iphonesimulator/ProjectProfitShareExtension.swiftmodule/arm64-apple-ios-simulator.abi.json

ProcessProductPackaging /Users/yutaro/project-profit-ios/ProjectProfit/ProjectProfit.entitlements /Users/yutaro/project-profit-ios/artifacts/release-quality/books/DerivedData/Build/Intermediates.noindex/ProjectProfit.build/Debug-iphonesimulator/ProjectProfit.build/ProjectProfit.app-Simulated.xcent (in target 'ProjectProfit' from project 'ProjectProfit')
    cd /Users/yutaro/project-profit-ios
    
    Entitlements:
    
    {
    "application-identifier" = "52PPJXD67Z.com.projectprofit.ProjectProfit";
    "com.apple.security.application-groups" =     (
        "group.com.projectprofit.ProjectProfit"
    );
}
    
    builtin-productPackagingUtility /Users/yutaro/project-profit-ios/ProjectProfit/ProjectProfit.entitlements -entitlements -format xml -o /Users/yutaro/project-profit-ios/artifacts/release-quality/books/DerivedData/Build/Intermediates.noindex/ProjectProfit.build/Debug-iphonesimulator/ProjectProfit.build/ProjectProfit.app-Simulated.xcent

ProcessProductPackagingDER /Users/yutaro/project-profit-ios/artifacts/release-quality/books/DerivedData/Build/Intermediates.noindex/ProjectProfit.build/Debug-iphonesimulator/ProjectProfit.build/ProjectProfit.app-Simulated.xcent /Users/yutaro/project-profit-ios/artifacts/release-quality/books/DerivedData/Build/Intermediates.noindex/ProjectProfit.build/Debug-iphonesimulator/ProjectProfit.build/ProjectProfit.app-Simulated.xcent.der (in target 'ProjectProfit' from project 'ProjectProfit')
    cd /Users/yutaro/project-profit-ios
    /usr/bin/derq query -f xml -i /Users/yutaro/project-profit-ios/artifacts/release-quality/books/DerivedData/Build/Intermediates.noindex/ProjectProfit.build/Debug-iphonesimulator/ProjectProfit.build/ProjectProfit.app-Simulated.xcent -o /Users/yutaro/project-profit-ios/artifacts/release-quality/books/DerivedData/Build/Intermediates.noindex/ProjectProfit.build/Debug-iphonesimulator/ProjectProfit.build/ProjectProfit.app-Simulated.xcent.der --raw

ProcessProductPackaging /Users/yutaro/project-profit-ios/ProjectProfit/ProjectProfit.entitlements /Users/yutaro/project-profit-ios/artifacts/release-quality/books/DerivedData/Build/Intermediates.noindex/ProjectProfit.build/Debug-iphonesimulator/ProjectProfit.build/ProjectProfit.app.xcent (in target 'ProjectProfit' from project 'ProjectProfit')
    cd /Users/yutaro/project-profit-ios
    
    Entitlements:
    
    {
}
    
    builtin-productPackagingUtility /Users/yutaro/project-profit-ios/ProjectProfit/ProjectProfit.entitlements -entitlements -format xml -o /Users/yutaro/project-profit-ios/artifacts/release-quality/books/DerivedData/Build/Intermediates.noindex/ProjectProfit.build/Debug-iphonesimulator/ProjectProfit.build/ProjectProfit.app.xcent

ProcessProductPackagingDER /Users/yutaro/project-profit-ios/artifacts/release-quality/books/DerivedData/Build/Intermediates.noindex/ProjectProfit.build/Debug-iphonesimulator/ProjectProfit.build/ProjectProfit.app.xcent /Users/yutaro/project-profit-ios/artifacts/release-quality/books/DerivedData/Build/Intermediates.noindex/ProjectProfit.build/Debug-iphonesimulator/ProjectProfit.build/ProjectProfit.app.xcent.der (in target 'ProjectProfit' from project 'ProjectProfit')
    cd /Users/yutaro/project-profit-ios
    /usr/bin/derq query -f xml -i /Users/yutaro/project-profit-ios/artifacts/release-quality/books/DerivedData/Build/Intermediates.noindex/ProjectProfit.build/Debug-iphonesimulator/ProjectProfit.build/ProjectProfit.app.xcent -o /Users/yutaro/project-profit-ios/artifacts/release-quality/books/DerivedData/Build/Intermediates.noindex/ProjectProfit.build/Debug-iphonesimulator/ProjectProfit.build/ProjectProfit.app.xcent.der --raw

SwiftDriver ProjectProfit normal arm64 com.apple.xcode.tools.swift.compiler (in target 'ProjectProfit' from project 'ProjectProfit')
    cd /Users/yutaro/project-profit-ios
    builtin-SwiftDriver -- /Applications/Xcode-26.3.app/Contents/Developer/Toolchains/XcodeDefault.xctoolchain/usr/bin/swiftc -module-name ProjectProfit -Onone -enforce-exclusivity\=checked @/Users/yutaro/project-profit-ios/artifacts/release-quality/books/DerivedData/Build/Intermediates.noindex/ProjectProfit.build/Debug-iphonesimulator/ProjectProfit.build/Objects-normal/arm64/ProjectProfit.SwiftFileList -DDEBUG -Xcc -fmodule-map-file\=/Users/yutaro/project-profit-ios/artifacts/release-quality/books/DerivedData/Build/Intermediates.noindex/GeneratedModuleMaps-iphonesimulator/libxlsxwriter.modulemap -Xfrontend -solver-expression-time-threshold\=60 -enable-bare-slash-regex -enable-experimental-feature DebugDescriptionMacro -sdk /Applications/Xcode-26.3.app/Contents/Developer/Platforms/iPhoneSimulator.platform/Developer/SDKs/iPhoneSimulator26.2.sdk -target arm64-apple-ios17.0-simulator -g -module-cache-path /Users/yutaro/project-profit-ios/artifacts/release-quality/books/DerivedData/ModuleCache.noindex -Xfrontend -serialize-debugging-options -profile-coverage-mapping -profile-generate -enable-testing -index-store-path /Users/yutaro/project-profit-ios/artifacts/release-quality/books/DerivedData/Index.noindex/DataStore -Xcc -D_LIBCPP_HARDENING_MODE\=_LIBCPP_HARDENING_MODE_DEBUG -swift-version 5 -I /Users/yutaro/project-profit-ios/artifacts/release-quality/books/DerivedData/Build/Products/Debug-iphonesimulator -I /Users/yutaro/project-profit-ios/ProjectProfit/Ledger/Bridge/xlsxwriter -F /Users/yutaro/project-profit-ios/artifacts/release-quality/books/DerivedData/Build/Products/Debug-iphonesimulator/PackageFrameworks -F /Users/yutaro/project-profit-ios/artifacts/release-quality/books/DerivedData/Build/Products/Debug-iphonesimulator -c -j8 -enable-batch-mode -incremental -Xcc -ivfsstatcache -Xcc /Users/yutaro/project-profit-ios/artifacts/release-quality/books/DerivedData/SDKStatCaches.noindex/iphonesimulator26.2-23C57-91db6bf2b9df79783d042ed3cc29a58e.sdkstatcache -output-file-map /Users/yutaro/project-profit-ios/artifacts/release-quality/books/DerivedData/Build/Intermediates.noindex/ProjectProfit.build/Debug-iphonesimulator/ProjectProfit.build/Objects-normal/arm64/ProjectProfit-OutputFileMap.json -use-frontend-parseable-output -save-temps -no-color-diagnostics -explicit-module-build -module-cache-path /Users/yutaro/project-profit-ios/artifacts/release-quality/books/DerivedData/Build/Intermediates.noindex/SwiftExplicitPrecompiledModules -clang-scanner-module-cache-path /Users/yutaro/project-profit-ios/artifacts/release-quality/books/DerivedData/ModuleCache.noindex -sdk-module-cache-path /Users/yutaro/project-profit-ios/artifacts/release-quality/books/DerivedData/ModuleCache.noindex -serialize-diagnostics -emit-dependencies -emit-module -emit-module-path /Users/yutaro/project-profit-ios/artifacts/release-quality/books/DerivedData/Build/Intermediates.noindex/ProjectProfit.build/Debug-iphonesimulator/ProjectProfit.build/Objects-normal/arm64/ProjectProfit.swiftmodule -validate-clang-modules-once -clang-build-session-file /Users/yutaro/project-profit-ios/artifacts/release-quality/books/DerivedData/ModuleCache.noindex/Session.modulevalidation -Xcc -I/Users/yutaro/project-profit-ios/artifacts/release-quality/books/DerivedData/Build/Intermediates.noindex/ProjectProfit.build/Debug-iphonesimulator/ProjectProfit.build/swift-overrides.hmap -emit-const-values -Xfrontend -const-gather-protocols-file -Xfrontend /Users/yutaro/project-profit-ios/artifacts/release-quality/books/DerivedData/Build/Intermediates.noindex/ProjectProfit.build/Debug-iphonesimulator/ProjectProfit.build/Objects-normal/arm64/ProjectProfit_const_extract_protocols.json -Xcc -iquote -Xcc /Users/yutaro/project-profit-ios/artifacts/release-quality/books/DerivedData/Build/Intermediates.noindex/ProjectProfit.build/Debug-iphonesimulator/ProjectProfit.build/ProjectProfit-generated-files.hmap -Xcc -I/Users/yutaro/project-profit-ios/artifacts/release-quality/books/DerivedData/Build/Intermediates.noindex/ProjectProfit.build/Debug-iphonesimulator/ProjectProfit.build/ProjectProfit-own-target-headers.hmap -Xcc -I/Users/yutaro/project-profit-ios/artifacts/release-quality/books/DerivedData/Build/Intermediates.noindex/ProjectProfit.build/Debug-iphonesimulator/ProjectProfit.build/ProjectProfit-all-non-framework-target-headers.hmap -Xcc -ivfsoverlay -Xcc /Users/yutaro/project-profit-ios/artifacts/release-quality/books/DerivedData/Build/Intermediates.noindex/ProjectProfit.build/Debug-iphonesimulator/ProjectProfit-bc30635a8cb06e5d3ecf94d8d93f544c-VFS-iphonesimulator/all-product-headers.yaml -Xcc -iquote -Xcc /Users/yutaro/project-profit-ios/artifacts/release-quality/books/DerivedData/Build/Intermediates.noindex/ProjectProfit.build/Debug-iphonesimulator/ProjectProfit.build/ProjectProfit-project-headers.hmap -Xcc -I/Users/yutaro/project-profit-ios/artifacts/release-quality/books/DerivedData/SourcePackages/checkouts/libxlsxwriter/include -Xcc -I/Users/yutaro/project-profit-ios/artifacts/release-quality/books/DerivedData/Build/Products/Debug-iphonesimulator/include -Xcc -I/Users/yutaro/project-profit-ios/artifacts/release-quality/books/DerivedData/SourcePackages/checkouts/libxlsxwriter/include -Xcc -I/Users/yutaro/project-profit-ios/artifacts/release-quality/books/DerivedData/Build/Intermediates.noindex/ProjectProfit.build/Debug-iphonesimulator/ProjectProfit.build/DerivedSources-normal/arm64 -Xcc -I/Users/yutaro/project-profit-ios/artifacts/release-quality/books/DerivedData/Build/Intermediates.noindex/ProjectProfit.build/Debug-iphonesimulator/ProjectProfit.build/DerivedSources/arm64 -Xcc -I/Users/yutaro/project-profit-ios/artifacts/release-quality/books/DerivedData/Build/Intermediates.noindex/ProjectProfit.build/Debug-iphonesimulator/ProjectProfit.build/DerivedSources -Xcc -DDEBUG\=1 -emit-objc-header -emit-objc-header-path /Users/yutaro/project-profit-ios/artifacts/release-quality/books/DerivedData/Build/Intermediates.noindex/ProjectProfit.build/Debug-iphonesimulator/ProjectProfit.build/Objects-normal/arm64/ProjectProfit-Swift.h -working-directory /Users/yutaro/project-profit-ios -experimental-emit-module-separately -disable-cmo

SwiftDriverJobDiscovery normal arm64 Compiling ShareViewController.swift (in target 'ProjectProfitShareExtension' from project 'ProjectProfit')

SwiftDriver\ Compilation ProjectProfitShareExtension normal arm64 com.apple.xcode.tools.swift.compiler (in target 'ProjectProfitShareExtension' from project 'ProjectProfit')
    cd /Users/yutaro/project-profit-ios
    builtin-Swift-Compilation -- /Applications/Xcode-26.3.app/Contents/Developer/Toolchains/XcodeDefault.xctoolchain/usr/bin/swiftc -module-name ProjectProfitShareExtension -Onone -enforce-exclusivity\=checked @/Users/yutaro/project-profit-ios/artifacts/release-quality/books/DerivedData/Build/Intermediates.noindex/ProjectProfit.build/Debug-iphonesimulator/ProjectProfitShareExtension.build/Objects-normal/arm64/ProjectProfitShareExtension.SwiftFileList -DDEBUG -enable-bare-slash-regex -enable-experimental-feature DebugDescriptionMacro -sdk /Applications/Xcode-26.3.app/Contents/Developer/Platforms/iPhoneSimulator.platform/Developer/SDKs/iPhoneSimulator26.2.sdk -target arm64-apple-ios17.0-simulator -g -module-cache-path /Users/yutaro/project-profit-ios/artifacts/release-quality/books/DerivedData/ModuleCache.noindex -Xfrontend -serialize-debugging-options -application-extension -profile-coverage-mapping -profile-generate -enable-testing -index-store-path /Users/yutaro/project-profit-ios/artifacts/release-quality/books/DerivedData/Index.noindex/DataStore -Xcc -D_LIBCPP_HARDENING_MODE\=_LIBCPP_HARDENING_MODE_DEBUG -swift-version 5 -I /Users/yutaro/project-profit-ios/artifacts/release-quality/books/DerivedData/Build/Products/Debug-iphonesimulator -F /Users/yutaro/project-profit-ios/artifacts/release-quality/books/DerivedData/Build/Products/Debug-iphonesimulator -c -j8 -enable-batch-mode -incremental -Xcc -ivfsstatcache -Xcc /Users/yutaro/project-profit-ios/artifacts/release-quality/books/DerivedData/SDKStatCaches.noindex/iphonesimulator26.2-23C57-91db6bf2b9df79783d042ed3cc29a58e.sdkstatcache -output-file-map /Users/yutaro/project-profit-ios/artifacts/release-quality/books/DerivedData/Build/Intermediates.noindex/ProjectProfit.build/Debug-iphonesimulator/ProjectProfitShareExtension.build/Objects-normal/arm64/ProjectProfitShareExtension-OutputFileMap.json -use-frontend-parseable-output -save-temps -no-color-diagnostics -explicit-module-build -module-cache-path /Users/yutaro/project-profit-ios/artifacts/release-quality/books/DerivedData/Build/Intermediates.noindex/SwiftExplicitPrecompiledModules -clang-scanner-module-cache-path /Users/yutaro/project-profit-ios/artifacts/release-quality/books/DerivedData/ModuleCache.noindex -sdk-module-cache-path /Users/yutaro/project-profit-ios/artifacts/release-quality/books/DerivedData/ModuleCache.noindex -serialize-diagnostics -emit-dependencies -emit-module -emit-module-path /Users/yutaro/project-profit-ios/artifacts/release-quality/books/DerivedData/Build/Intermediates.noindex/ProjectProfit.build/Debug-iphonesimulator/ProjectProfitShareExtension.build/Objects-normal/arm64/ProjectProfitShareExtension.swiftmodule -validate-clang-modules-once -clang-build-session-file /Users/yutaro/project-profit-ios/artifacts/release-quality/books/DerivedData/ModuleCache.noindex/Session.modulevalidation -Xcc -I/Users/yutaro/project-profit-ios/artifacts/release-quality/books/DerivedData/Build/Intermediates.noindex/ProjectProfit.build/Debug-iphonesimulator/ProjectProfitShareExtension.build/swift-overrides.hmap -emit-const-values -Xfrontend -const-gather-protocols-file -Xfrontend /Users/yutaro/project-profit-ios/artifacts/release-quality/books/DerivedData/Build/Intermediates.noindex/ProjectProfit.build/Debug-iphonesimulator/ProjectProfitShareExtension.build/Objects-normal/arm64/ProjectProfitShareExtension_const_extract_protocols.json -Xcc -iquote -Xcc /Users/yutaro/project-profit-ios/artifacts/release-quality/books/DerivedData/Build/Intermediates.noindex/ProjectProfit.build/Debug-iphonesimulator/ProjectProfitShareExtension.build/ProjectProfitShareExtension-generated-files.hmap -Xcc -I/Users/yutaro/project-profit-ios/artifacts/release-quality/books/DerivedData/Build/Intermediates.noindex/ProjectProfit.build/Debug-iphonesimulator/ProjectProfitShareExtension.build/ProjectProfitShareExtension-own-target-headers.hmap -Xcc -I/Users/yutaro/project-profit-ios/artifacts/release-quality/books/DerivedData/Build/Intermediates.noindex/ProjectProfit.build/Debug-iphonesimulator/ProjectProfitShareExtension.build/ProjectProfitShareExtension-all-non-framework-target-headers.hmap -Xcc -ivfsoverlay -Xcc /Users/yutaro/project-profit-ios/artifacts/release-quality/books/DerivedData/Build/Intermediates.noindex/ProjectProfit.build/Debug-iphonesimulator/ProjectProfit-bc30635a8cb06e5d3ecf94d8d93f544c-VFS-iphonesimulator/all-product-headers.yaml -Xcc -iquote -Xcc /Users/yutaro/project-profit-ios/artifacts/release-quality/books/DerivedData/Build/Intermediates.noindex/ProjectProfit.build/Debug-iphonesimulator/ProjectProfitShareExtension.build/ProjectProfitShareExtension-project-headers.hmap -Xcc -I/Users/yutaro/project-profit-ios/artifacts/release-quality/books/DerivedData/Build/Products/Debug-iphonesimulator/include -Xcc -I/Users/yutaro/project-profit-ios/artifacts/release-quality/books/DerivedData/Build/Intermediates.noindex/ProjectProfit.build/Debug-iphonesimulator/ProjectProfitShareExtension.build/DerivedSources-normal/arm64 -Xcc -I/Users/yutaro/project-profit-ios/artifacts/release-quality/books/DerivedData/Build/Intermediates.noindex/ProjectProfit.build/Debug-iphonesimulator/ProjectProfitShareExtension.build/DerivedSources/arm64 -Xcc -I/Users/yutaro/project-profit-ios/artifacts/release-quality/books/DerivedData/Build/Intermediates.noindex/ProjectProfit.build/Debug-iphonesimulator/ProjectProfitShareExtension.build/DerivedSources -Xcc -DDEBUG\=1 -emit-objc-header -emit-objc-header-path /Users/yutaro/project-profit-ios/artifacts/release-quality/books/DerivedData/Build/Intermediates.noindex/ProjectProfit.build/Debug-iphonesimulator/ProjectProfitShareExtension.build/Objects-normal/arm64/ProjectProfitShareExtension-Swift.h -working-directory /Users/yutaro/project-profit-ios -experimental-emit-module-separately -disable-cmo

Ld /Users/yutaro/project-profit-ios/artifacts/release-quality/books/DerivedData/Build/Products/Debug-iphonesimulator/ProjectProfitShareExtension.appex/ProjectProfitShareExtension.debug.dylib normal (in target 'ProjectProfitShareExtension' from project 'ProjectProfit')
    cd /Users/yutaro/project-profit-ios
    /Applications/Xcode-26.3.app/Contents/Developer/Toolchains/XcodeDefault.xctoolchain/usr/bin/clang -Xlinker -reproducible -target arm64-apple-ios17.0-simulator -dynamiclib -isysroot /Applications/Xcode-26.3.app/Contents/Developer/Platforms/iPhoneSimulator.platform/Developer/SDKs/iPhoneSimulator26.2.sdk -O0 -L/Users/yutaro/project-profit-ios/artifacts/release-quality/books/DerivedData/Build/Intermediates.noindex/EagerLinkingTBDs/Debug-iphonesimulator -L/Users/yutaro/project-profit-ios/artifacts/release-quality/books/DerivedData/Build/Products/Debug-iphonesimulator -F/Users/yutaro/project-profit-ios/artifacts/release-quality/books/DerivedData/Build/Intermediates.noindex/EagerLinkingTBDs/Debug-iphonesimulator -F/Users/yutaro/project-profit-ios/artifacts/release-quality/books/DerivedData/Build/Products/Debug-iphonesimulator -filelist /Users/yutaro/project-profit-ios/artifacts/release-quality/books/DerivedData/Build/Intermediates.noindex/ProjectProfit.build/Debug-iphonesimulator/ProjectProfitShareExtension.build/Objects-normal/arm64/ProjectProfitShareExtension.LinkFileList -install_name @rpath/ProjectProfitShareExtension.debug.dylib -Xlinker -rpath -Xlinker /usr/lib/swift -Xlinker -rpath -Xlinker @executable_path/Frameworks -Xlinker -rpath -Xlinker @executable_path/../../Frameworks -dead_strip -Xlinker -object_path_lto -Xlinker /Users/yutaro/project-profit-ios/artifacts/release-quality/books/DerivedData/Build/Intermediates.noindex/ProjectProfit.build/Debug-iphonesimulator/ProjectProfitShareExtension.build/Objects-normal/arm64/ProjectProfitShareExtension_lto.o -rdynamic -Xlinker -no_deduplicate -Xlinker -objc_abi_version -Xlinker 2 -Xlinker -debug_variant -Xlinker -dependency_info -Xlinker /Users/yutaro/project-profit-ios/artifacts/release-quality/books/DerivedData/Build/Intermediates.noindex/ProjectProfit.build/Debug-iphonesimulator/ProjectProfitShareExtension.build/Objects-normal/arm64/ProjectProfitShareExtension_dependency_info.dat -fapplication-extension -fobjc-link-runtime -fprofile-instr-generate -L/Applications/Xcode-26.3.app/Contents/Developer/Toolchains/XcodeDefault.xctoolchain/usr/lib/swift/iphonesimulator -L/usr/lib/swift -Xlinker -add_ast_path -Xlinker /Users/yutaro/project-profit-ios/artifacts/release-quality/books/DerivedData/Build/Intermediates.noindex/ProjectProfit.build/Debug-iphonesimulator/ProjectProfitShareExtension.build/Objects-normal/arm64/ProjectProfitShareExtension.swiftmodule @/Users/yutaro/project-profit-ios/artifacts/release-quality/books/DerivedData/Build/Intermediates.noindex/ProjectProfit.build/Debug-iphonesimulator/ProjectProfitShareExtension.build/Objects-normal/arm64/ProjectProfitShareExtension-linker-args.resp -Xlinker -alias -Xlinker _NSExtensionMain -Xlinker ___debug_main_executable_dylib_entry_point -Xlinker -no_adhoc_codesign -o /Users/yutaro/project-profit-ios/artifacts/release-quality/books/DerivedData/Build/Products/Debug-iphonesimulator/ProjectProfitShareExtension.appex/ProjectProfitShareExtension.debug.dylib

ConstructStubExecutorLinkFileList /Users/yutaro/project-profit-ios/artifacts/release-quality/books/DerivedData/Build/Intermediates.noindex/ProjectProfit.build/Debug-iphonesimulator/ProjectProfitShareExtension.build/ProjectProfitShareExtension-ExecutorLinkFileList-normal-arm64.txt (in target 'ProjectProfitShareExtension' from project 'ProjectProfit')
    cd /Users/yutaro/project-profit-ios
    construct-stub-executor-link-file-list /Users/yutaro/project-profit-ios/artifacts/release-quality/books/DerivedData/Build/Products/Debug-iphonesimulator/ProjectProfitShareExtension.appex/ProjectProfitShareExtension.debug.dylib /Applications/Xcode-26.3.app/Contents/Developer/Platforms/iPhoneSimulator.platform/Developer/usr/lib/libPreviewsJITStubExecutor_no_swift_entry_point.a /Applications/Xcode-26.3.app/Contents/Developer/Platforms/iPhoneSimulator.platform/Developer/usr/lib/libPreviewsJITStubExecutor.a --output /Users/yutaro/project-profit-ios/artifacts/release-quality/books/DerivedData/Build/Intermediates.noindex/ProjectProfit.build/Debug-iphonesimulator/ProjectProfitShareExtension.build/ProjectProfitShareExtension-ExecutorLinkFileList-normal-arm64.txt
note: Using stub executor library without Swift entry point. (in target 'ProjectProfitShareExtension' from project 'ProjectProfit')

Ld /Users/yutaro/project-profit-ios/artifacts/release-quality/books/DerivedData/Build/Products/Debug-iphonesimulator/ProjectProfitShareExtension.appex/ProjectProfitShareExtension normal (in target 'ProjectProfitShareExtension' from project 'ProjectProfit')
    cd /Users/yutaro/project-profit-ios
    /Applications/Xcode-26.3.app/Contents/Developer/Toolchains/XcodeDefault.xctoolchain/usr/bin/clang -Xlinker -reproducible -target arm64-apple-ios17.0-simulator -isysroot /Applications/Xcode-26.3.app/Contents/Developer/Platforms/iPhoneSimulator.platform/Developer/SDKs/iPhoneSimulator26.2.sdk -O0 -L/Users/yutaro/project-profit-ios/artifacts/release-quality/books/DerivedData/Build/Products/Debug-iphonesimulator -F/Users/yutaro/project-profit-ios/artifacts/release-quality/books/DerivedData/Build/Products/Debug-iphonesimulator -Xlinker -rpath -Xlinker @executable_path -Xlinker -rpath -Xlinker @executable_path/Frameworks -Xlinker -rpath -Xlinker @executable_path/../../Frameworks -rdynamic -Xlinker -no_deduplicate -Xlinker -objc_abi_version -Xlinker 2 -Xlinker -debug_variant -e ___debug_blank_executor_main -Xlinker -sectcreate -Xlinker __TEXT -Xlinker __debug_dylib -Xlinker /Users/yutaro/project-profit-ios/artifacts/release-quality/books/DerivedData/Build/Intermediates.noindex/ProjectProfit.build/Debug-iphonesimulator/ProjectProfitShareExtension.build/ProjectProfitShareExtension-DebugDylibPath-normal-arm64.txt -Xlinker -sectcreate -Xlinker __TEXT -Xlinker __debug_entry -Xlinker /Users/yutaro/project-profit-ios/artifacts/release-quality/books/DerivedData/Build/Intermediates.noindex/ProjectProfit.build/Debug-iphonesimulator/ProjectProfitShareExtension.build/ProjectProfitShareExtension-DebugEntryPoint-normal-arm64.txt -Xlinker -sectcreate -Xlinker __TEXT -Xlinker __debug_instlnm -Xlinker /Users/yutaro/project-profit-ios/artifacts/release-quality/books/DerivedData/Build/Intermediates.noindex/ProjectProfit.build/Debug-iphonesimulator/ProjectProfitShareExtension.build/ProjectProfitShareExtension-DebugDylibInstallName-normal-arm64.txt -Xlinker -filelist -Xlinker /Users/yutaro/project-profit-ios/artifacts/release-quality/books/DerivedData/Build/Intermediates.noindex/ProjectProfit.build/Debug-iphonesimulator/ProjectProfitShareExtension.build/ProjectProfitShareExtension-ExecutorLinkFileList-normal-arm64.txt -Xlinker -sectcreate -Xlinker __TEXT -Xlinker __entitlements -Xlinker /Users/yutaro/project-profit-ios/artifacts/release-quality/books/DerivedData/Build/Intermediates.noindex/ProjectProfit.build/Debug-iphonesimulator/ProjectProfitShareExtension.build/ProjectProfitShareExtension.appex-Simulated.xcent -Xlinker -sectcreate -Xlinker __TEXT -Xlinker __ents_der -Xlinker /Users/yutaro/project-profit-ios/artifacts/release-quality/books/DerivedData/Build/Intermediates.noindex/ProjectProfit.build/Debug-iphonesimulator/ProjectProfitShareExtension.build/ProjectProfitShareExtension.appex-Simulated.xcent.der /Users/yutaro/project-profit-ios/artifacts/release-quality/books/DerivedData/Build/Products/Debug-iphonesimulator/ProjectProfitShareExtension.appex/ProjectProfitShareExtension.debug.dylib -Xlinker -no_adhoc_codesign -o /Users/yutaro/project-profit-ios/artifacts/release-quality/books/DerivedData/Build/Products/Debug-iphonesimulator/ProjectProfitShareExtension.appex/ProjectProfitShareExtension

Ld /Users/yutaro/project-profit-ios/artifacts/release-quality/books/DerivedData/Build/Products/Debug-iphonesimulator/ProjectProfitShareExtension.appex/__preview.dylib normal (in target 'ProjectProfitShareExtension' from project 'ProjectProfit')
    cd /Users/yutaro/project-profit-ios
    /Applications/Xcode-26.3.app/Contents/Developer/Toolchains/XcodeDefault.xctoolchain/usr/bin/clang -Xlinker -reproducible -target arm64-apple-ios17.0-simulator -dynamiclib -isysroot /Applications/Xcode-26.3.app/Contents/Developer/Platforms/iPhoneSimulator.platform/Developer/SDKs/iPhoneSimulator26.2.sdk -O0 -L/Users/yutaro/project-profit-ios/artifacts/release-quality/books/DerivedData/Build/Products/Debug-iphonesimulator -F/Users/yutaro/project-profit-ios/artifacts/release-quality/books/DerivedData/Build/Products/Debug-iphonesimulator -install_name @rpath/ProjectProfitShareExtension.debug.dylib -dead_strip -rdynamic -Xlinker -no_deduplicate -Xlinker -objc_abi_version -Xlinker 2 -Xlinker -debug_variant -Xlinker -dependency_info -Xlinker /Users/yutaro/project-profit-ios/artifacts/release-quality/books/DerivedData/Build/Intermediates.noindex/ProjectProfit.build/Debug-iphonesimulator/ProjectProfitShareExtension.build/Objects-normal/arm64/ProjectProfitShareExtension_dependency_info.dat -Xlinker -sectcreate -Xlinker __TEXT -Xlinker __entitlements -Xlinker /Users/yutaro/project-profit-ios/artifacts/release-quality/books/DerivedData/Build/Intermediates.noindex/ProjectProfit.build/Debug-iphonesimulator/ProjectProfitShareExtension.build/ProjectProfitShareExtension.appex-Simulated.xcent -Xlinker -sectcreate -Xlinker __TEXT -Xlinker __ents_der -Xlinker /Users/yutaro/project-profit-ios/artifacts/release-quality/books/DerivedData/Build/Intermediates.noindex/ProjectProfit.build/Debug-iphonesimulator/ProjectProfitShareExtension.build/ProjectProfitShareExtension.appex-Simulated.xcent.der -Xlinker -no_adhoc_codesign -o /Users/yutaro/project-profit-ios/artifacts/release-quality/books/DerivedData/Build/Products/Debug-iphonesimulator/ProjectProfitShareExtension.appex/__preview.dylib

ExtractAppIntentsMetadata (in target 'ProjectProfitShareExtension' from project 'ProjectProfit')
    cd /Users/yutaro/project-profit-ios
    /Applications/Xcode-26.3.app/Contents/Developer/Toolchains/XcodeDefault.xctoolchain/usr/bin/appintentsmetadataprocessor --toolchain-dir /Applications/Xcode-26.3.app/Contents/Developer/Toolchains/XcodeDefault.xctoolchain --module-name ProjectProfitShareExtension --sdk-root /Applications/Xcode-26.3.app/Contents/Developer/Platforms/iPhoneSimulator.platform/Developer/SDKs/iPhoneSimulator26.2.sdk --xcode-version 17C519 --platform-family iOS --deployment-target 17.0 --bundle-identifier com.projectprofit.ProjectProfit.ShareExtension --output /Users/yutaro/project-profit-ios/artifacts/release-quality/books/DerivedData/Build/Products/Debug-iphonesimulator/ProjectProfitShareExtension.appex --target-triple arm64-apple-ios17.0-simulator --binary-file /Users/yutaro/project-profit-ios/artifacts/release-quality/books/DerivedData/Build/Products/Debug-iphonesimulator/ProjectProfitShareExtension.appex/ProjectProfitShareExtension --dependency-file /Users/yutaro/project-profit-ios/artifacts/release-quality/books/DerivedData/Build/Intermediates.noindex/ProjectProfit.build/Debug-iphonesimulator/ProjectProfitShareExtension.build/Objects-normal/arm64/ProjectProfitShareExtension_dependency_info.dat --stringsdata-file /Users/yutaro/project-profit-ios/artifacts/release-quality/books/DerivedData/Build/Intermediates.noindex/ProjectProfit.build/Debug-iphonesimulator/ProjectProfitShareExtension.build/Objects-normal/arm64/ExtractedAppShortcutsMetadata.stringsdata --source-file-list /Users/yutaro/project-profit-ios/artifacts/release-quality/books/DerivedData/Build/Intermediates.noindex/ProjectProfit.build/Debug-iphonesimulator/ProjectProfitShareExtension.build/Objects-normal/arm64/ProjectProfitShareExtension.SwiftFileList --metadata-file-list /Users/yutaro/project-profit-ios/artifacts/release-quality/books/DerivedData/Build/Intermediates.noindex/ProjectProfit.build/Debug-iphonesimulator/ProjectProfitShareExtension.build/ProjectProfitShareExtension.DependencyMetadataFileList --static-metadata-file-list /Users/yutaro/project-profit-ios/artifacts/release-quality/books/DerivedData/Build/Intermediates.noindex/ProjectProfit.build/Debug-iphonesimulator/ProjectProfitShareExtension.build/ProjectProfitShareExtension.DependencyStaticMetadataFileList --swift-const-vals-list /Users/yutaro/project-profit-ios/artifacts/release-quality/books/DerivedData/Build/Intermediates.noindex/ProjectProfit.build/Debug-iphonesimulator/ProjectProfitShareExtension.build/Objects-normal/arm64/ProjectProfitShareExtension.SwiftConstValuesFileList --compile-time-extraction --deployment-aware-processing --validate-assistant-intents --no-app-shortcuts-localization
2026-04-07 12:35:13.786 appintentsmetadataprocessor[81129:2104278] Starting appintentsmetadataprocessor export
2026-04-07 12:35:13.789 appintentsmetadataprocessor[81129:2104278] warning: Metadata extraction skipped. No AppIntents.framework dependency found.

AppIntentsSSUTraining (in target 'ProjectProfitShareExtension' from project 'ProjectProfit')
    cd /Users/yutaro/project-profit-ios
    /Applications/Xcode-26.3.app/Contents/Developer/Toolchains/XcodeDefault.xctoolchain/usr/bin/appintentsnltrainingprocessor --infoplist-path /Users/yutaro/project-profit-ios/artifacts/release-quality/books/DerivedData/Build/Products/Debug-iphonesimulator/ProjectProfitShareExtension.appex/Info.plist --temp-dir-path /Users/yutaro/project-profit-ios/artifacts/release-quality/books/DerivedData/Build/Intermediates.noindex/ProjectProfit.build/Debug-iphonesimulator/ProjectProfitShareExtension.build/ssu --bundle-id com.projectprofit.ProjectProfit.ShareExtension --product-path /Users/yutaro/project-profit-ios/artifacts/release-quality/books/DerivedData/Build/Products/Debug-iphonesimulator/ProjectProfitShareExtension.appex --extracted-metadata-path /Users/yutaro/project-profit-ios/artifacts/release-quality/books/DerivedData/Build/Products/Debug-iphonesimulator/ProjectProfitShareExtension.appex/Metadata.appintents --metadata-file-list /Users/yutaro/project-profit-ios/artifacts/release-quality/books/DerivedData/Build/Intermediates.noindex/ProjectProfit.build/Debug-iphonesimulator/ProjectProfitShareExtension.build/ProjectProfitShareExtension.DependencyMetadataFileList --archive-ssu-assets
2026-04-07 12:35:13.848 appintentsnltrainingprocessor[81130:2104279] Parsing options for appintentsnltrainingprocessor
2026-04-07 12:35:13.849 appintentsnltrainingprocessor[81130:2104279] No AppShortcuts found - Skipping.

CodeSign /Users/yutaro/project-profit-ios/artifacts/release-quality/books/DerivedData/Build/Products/Debug-iphonesimulator/ProjectProfitShareExtension.appex/ProjectProfitShareExtension.debug.dylib (in target 'ProjectProfitShareExtension' from project 'ProjectProfit')
    cd /Users/yutaro/project-profit-ios
    
    Signing Identity:     "Sign to Run Locally"
    
    /usr/bin/codesign --force --sign - --timestamp\=none --generate-entitlement-der /Users/yutaro/project-profit-ios/artifacts/release-quality/books/DerivedData/Build/Products/Debug-iphonesimulator/ProjectProfitShareExtension.appex/ProjectProfitShareExtension.debug.dylib

CodeSign /Users/yutaro/project-profit-ios/artifacts/release-quality/books/DerivedData/Build/Products/Debug-iphonesimulator/ProjectProfitShareExtension.appex/__preview.dylib (in target 'ProjectProfitShareExtension' from project 'ProjectProfit')
    cd /Users/yutaro/project-profit-ios
    
    Signing Identity:     "Sign to Run Locally"
    
    /usr/bin/codesign --force --sign - --timestamp\=none --generate-entitlement-der /Users/yutaro/project-profit-ios/artifacts/release-quality/books/DerivedData/Build/Products/Debug-iphonesimulator/ProjectProfitShareExtension.appex/__preview.dylib

CodeSign /Users/yutaro/project-profit-ios/artifacts/release-quality/books/DerivedData/Build/Products/Debug-iphonesimulator/ProjectProfitShareExtension.appex (in target 'ProjectProfitShareExtension' from project 'ProjectProfit')
    cd /Users/yutaro/project-profit-ios
    
    Signing Identity:     "Sign to Run Locally"
    
    /usr/bin/codesign --force --sign - --entitlements /Users/yutaro/project-profit-ios/artifacts/release-quality/books/DerivedData/Build/Intermediates.noindex/ProjectProfit.build/Debug-iphonesimulator/ProjectProfitShareExtension.build/ProjectProfitShareExtension.appex.xcent --timestamp\=none --generate-entitlement-der /Users/yutaro/project-profit-ios/artifacts/release-quality/books/DerivedData/Build/Products/Debug-iphonesimulator/ProjectProfitShareExtension.appex

RegisterExecutionPolicyException /Users/yutaro/project-profit-ios/artifacts/release-quality/books/DerivedData/Build/Products/Debug-iphonesimulator/libxlsxwriter.o (in target 'libxlsxwriter' from project 'libxlsxwriter')
    cd /Users/yutaro/project-profit-ios/artifacts/release-quality/books/DerivedData/SourcePackages/checkouts/libxlsxwriter
    builtin-RegisterExecutionPolicyException /Users/yutaro/project-profit-ios/artifacts/release-quality/books/DerivedData/Build/Products/Debug-iphonesimulator/libxlsxwriter.o

CpResource /Users/yutaro/project-profit-ios/artifacts/release-quality/books/DerivedData/Build/Products/Debug-iphonesimulator/ProjectProfit.app/project-profit-ios_white_tax_bookkeeping_template.xlsx /Users/yutaro/project-profit-ios/ProjectProfit/Ledger/Resources/excel_templates/ledgers/project-profit-ios_white_tax_bookkeeping_template.xlsx (in target 'ProjectProfit' from project 'ProjectProfit')
    cd /Users/yutaro/project-profit-ios
    builtin-copy -exclude .DS_Store -exclude CVS -exclude .svn -exclude .git -exclude .hg -resolve-src-symlinks /Users/yutaro/project-profit-ios/ProjectProfit/Ledger/Resources/excel_templates/ledgers/project-profit-ios_white_tax_bookkeeping_template.xlsx /Users/yutaro/project-profit-ios/artifacts/release-quality/books/DerivedData/Build/Products/Debug-iphonesimulator/ProjectProfit.app

CpResource /Users/yutaro/project-profit-ios/artifacts/release-quality/books/DerivedData/Build/Products/Debug-iphonesimulator/ProjectProfit.app/project-profit-ios_white_tax_bookkeeping_invoice_template.xlsx /Users/yutaro/project-profit-ios/ProjectProfit/Ledger/Resources/excel_templates/ledgers/project-profit-ios_white_tax_bookkeeping_invoice_template.xlsx (in target 'ProjectProfit' from project 'ProjectProfit')
    cd /Users/yutaro/project-profit-ios
    builtin-copy -exclude .DS_Store -exclude CVS -exclude .svn -exclude .git -exclude .hg -resolve-src-symlinks /Users/yutaro/project-profit-ios/ProjectProfit/Ledger/Resources/excel_templates/ledgers/project-profit-ios_white_tax_bookkeeping_invoice_template.xlsx /Users/yutaro/project-profit-ios/artifacts/release-quality/books/DerivedData/Build/Products/Debug-iphonesimulator/ProjectProfit.app

CpResource /Users/yutaro/project-profit-ios/artifacts/release-quality/books/DerivedData/Build/Products/Debug-iphonesimulator/ProjectProfit.app/project-profit-ios_trial_balance_template.xlsx /Users/yutaro/project-profit-ios/ProjectProfit/Ledger/Resources/excel_templates/ledgers/project-profit-ios_trial_balance_template.xlsx (in target 'ProjectProfit' from project 'ProjectProfit')
    cd /Users/yutaro/project-profit-ios
    builtin-copy -exclude .DS_Store -exclude CVS -exclude .svn -exclude .git -exclude .hg -resolve-src-symlinks /Users/yutaro/project-profit-ios/ProjectProfit/Ledger/Resources/excel_templates/ledgers/project-profit-ios_trial_balance_template.xlsx /Users/yutaro/project-profit-ios/artifacts/release-quality/books/DerivedData/Build/Products/Debug-iphonesimulator/ProjectProfit.app

CpResource /Users/yutaro/project-profit-ios/artifacts/release-quality/books/DerivedData/Build/Products/Debug-iphonesimulator/ProjectProfit.app/project-profit-ios_transportation_expense_template.xlsx /Users/yutaro/project-profit-ios/ProjectProfit/Ledger/Resources/excel_templates/ledgers/project-profit-ios_transportation_expense_template.xlsx (in target 'ProjectProfit' from project 'ProjectProfit')
    cd /Users/yutaro/project-profit-ios
    builtin-copy -exclude .DS_Store -exclude CVS -exclude .svn -exclude .git -exclude .hg -resolve-src-symlinks /Users/yutaro/project-profit-ios/ProjectProfit/Ledger/Resources/excel_templates/ledgers/project-profit-ios_transportation_expense_template.xlsx /Users/yutaro/project-profit-ios/artifacts/release-quality/books/DerivedData/Build/Products/Debug-iphonesimulator/ProjectProfit.app

CpResource /Users/yutaro/project-profit-ios/artifacts/release-quality/books/DerivedData/Build/Products/Debug-iphonesimulator/ProjectProfit.app/project-profit-ios_profit_loss_template.xlsx /Users/yutaro/project-profit-ios/ProjectProfit/Ledger/Resources/excel_templates/reports/project-profit-ios_profit_loss_template.xlsx (in target 'ProjectProfit' from project 'ProjectProfit')
    cd /Users/yutaro/project-profit-ios
    builtin-copy -exclude .DS_Store -exclude CVS -exclude .svn -exclude .git -exclude .hg -resolve-src-symlinks /Users/yutaro/project-profit-ios/ProjectProfit/Ledger/Resources/excel_templates/reports/project-profit-ios_profit_loss_template.xlsx /Users/yutaro/project-profit-ios/artifacts/release-quality/books/DerivedData/Build/Products/Debug-iphonesimulator/ProjectProfit.app

CpResource /Users/yutaro/project-profit-ios/artifacts/release-quality/books/DerivedData/Build/Products/Debug-iphonesimulator/ProjectProfit.app/project-profit-ios_templates_consolidated_spreadsheet.xlsx /Users/yutaro/project-profit-ios/ProjectProfit/Ledger/Resources/excel_templates/project-profit-ios_templates_consolidated_spreadsheet.xlsx (in target 'ProjectProfit' from project 'ProjectProfit')
    cd /Users/yutaro/project-profit-ios
    builtin-copy -exclude .DS_Store -exclude CVS -exclude .svn -exclude .git -exclude .hg -resolve-src-symlinks /Users/yutaro/project-profit-ios/ProjectProfit/Ledger/Resources/excel_templates/project-profit-ios_templates_consolidated_spreadsheet.xlsx /Users/yutaro/project-profit-ios/artifacts/release-quality/books/DerivedData/Build/Products/Debug-iphonesimulator/ProjectProfit.app

Ld /Users/yutaro/project-profit-ios/artifacts/release-quality/books/DerivedData/Build/Products/Debug-iphonesimulator/ProjectProfit.app/__preview.dylib normal (in target 'ProjectProfit' from project 'ProjectProfit')
    cd /Users/yutaro/project-profit-ios
    /Applications/Xcode-26.3.app/Contents/Developer/Toolchains/XcodeDefault.xctoolchain/usr/bin/clang -Xlinker -reproducible -target arm64-apple-ios17.0-simulator -dynamiclib -isysroot /Applications/Xcode-26.3.app/Contents/Developer/Platforms/iPhoneSimulator.platform/Developer/SDKs/iPhoneSimulator26.2.sdk -O0 -L/Users/yutaro/project-profit-ios/artifacts/release-quality/books/DerivedData/Build/Products/Debug-iphonesimulator -F/Users/yutaro/project-profit-ios/artifacts/release-quality/books/DerivedData/Build/Products/Debug-iphonesimulator/PackageFrameworks -F/Users/yutaro/project-profit-ios/artifacts/release-quality/books/DerivedData/Build/Products/Debug-iphonesimulator -install_name @rpath/ProjectProfit.debug.dylib -dead_strip -rdynamic -Xlinker -no_deduplicate -Xlinker -objc_abi_version -Xlinker 2 -Xlinker -debug_variant -Xlinker -dependency_info -Xlinker /Users/yutaro/project-profit-ios/artifacts/release-quality/books/DerivedData/Build/Intermediates.noindex/ProjectProfit.build/Debug-iphonesimulator/ProjectProfit.build/Objects-normal/arm64/ProjectProfit_dependency_info.dat -Xlinker -sectcreate -Xlinker __TEXT -Xlinker __entitlements -Xlinker /Users/yutaro/project-profit-ios/artifacts/release-quality/books/DerivedData/Build/Intermediates.noindex/ProjectProfit.build/Debug-iphonesimulator/ProjectProfit.build/ProjectProfit.app-Simulated.xcent -Xlinker -sectcreate -Xlinker __TEXT -Xlinker __ents_der -Xlinker /Users/yutaro/project-profit-ios/artifacts/release-quality/books/DerivedData/Build/Intermediates.noindex/ProjectProfit.build/Debug-iphonesimulator/ProjectProfit.build/ProjectProfit.app-Simulated.xcent.der -Xlinker -no_adhoc_codesign -o /Users/yutaro/project-profit-ios/artifacts/release-quality/books/DerivedData/Build/Products/Debug-iphonesimulator/ProjectProfit.app/__preview.dylib

CpResource /Users/yutaro/project-profit-ios/artifacts/release-quality/books/DerivedData/Build/Products/Debug-iphonesimulator/ProjectProfit.app/project-profit-ios_journal_template.xlsx /Users/yutaro/project-profit-ios/ProjectProfit/Ledger/Resources/excel_templates/ledgers/project-profit-ios_journal_template.xlsx (in target 'ProjectProfit' from project 'ProjectProfit')
    cd /Users/yutaro/project-profit-ios
    builtin-copy -exclude .DS_Store -exclude CVS -exclude .svn -exclude .git -exclude .hg -resolve-src-symlinks /Users/yutaro/project-profit-ios/ProjectProfit/Ledger/Resources/excel_templates/ledgers/project-profit-ios_journal_template.xlsx /Users/yutaro/project-profit-ios/artifacts/release-quality/books/DerivedData/Build/Products/Debug-iphonesimulator/ProjectProfit.app

CpResource /Users/yutaro/project-profit-ios/artifacts/release-quality/books/DerivedData/Build/Products/Debug-iphonesimulator/ProjectProfit.app/project-profit-ios_general_ledger_template.xlsx /Users/yutaro/project-profit-ios/ProjectProfit/Ledger/Resources/excel_templates/ledgers/project-profit-ios_general_ledger_template.xlsx (in target 'ProjectProfit' from project 'ProjectProfit')
    cd /Users/yutaro/project-profit-ios
    builtin-copy -exclude .DS_Store -exclude CVS -exclude .svn -exclude .git -exclude .hg -resolve-src-symlinks /Users/yutaro/project-profit-ios/ProjectProfit/Ledger/Resources/excel_templates/ledgers/project-profit-ios_general_ledger_template.xlsx /Users/yutaro/project-profit-ios/artifacts/release-quality/books/DerivedData/Build/Products/Debug-iphonesimulator/ProjectProfit.app

CpResource /Users/yutaro/project-profit-ios/artifacts/release-quality/books/DerivedData/Build/Products/Debug-iphonesimulator/ProjectProfit.app/project-profit-ios_general_ledger_invoice_template.xlsx /Users/yutaro/project-profit-ios/ProjectProfit/Ledger/Resources/excel_templates/ledgers/project-profit-ios_general_ledger_invoice_template.xlsx (in target 'ProjectProfit' from project 'ProjectProfit')
    cd /Users/yutaro/project-profit-ios
    builtin-copy -exclude .DS_Store -exclude CVS -exclude .svn -exclude .git -exclude .hg -resolve-src-symlinks /Users/yutaro/project-profit-ios/ProjectProfit/Ledger/Resources/excel_templates/ledgers/project-profit-ios_general_ledger_invoice_template.xlsx /Users/yutaro/project-profit-ios/artifacts/release-quality/books/DerivedData/Build/Products/Debug-iphonesimulator/ProjectProfit.app

CpResource /Users/yutaro/project-profit-ios/artifacts/release-quality/books/DerivedData/Build/Products/Debug-iphonesimulator/ProjectProfit.app/project-profit-ios_fixed_asset_register_template.xlsx /Users/yutaro/project-profit-ios/ProjectProfit/Ledger/Resources/excel_templates/ledgers/project-profit-ios_fixed_asset_register_template.xlsx (in target 'ProjectProfit' from project 'ProjectProfit')
    cd /Users/yutaro/project-profit-ios
    builtin-copy -exclude .DS_Store -exclude CVS -exclude .svn -exclude .git -exclude .hg -resolve-src-symlinks /Users/yutaro/project-profit-ios/ProjectProfit/Ledger/Resources/excel_templates/ledgers/project-profit-ios_fixed_asset_register_template.xlsx /Users/yutaro/project-profit-ios/artifacts/release-quality/books/DerivedData/Build/Products/Debug-iphonesimulator/ProjectProfit.app

CpResource /Users/yutaro/project-profit-ios/artifacts/release-quality/books/DerivedData/Build/Products/Debug-iphonesimulator/ProjectProfit.app/project-profit-ios_fixed_asset_depreciation_template.xlsx /Users/yutaro/project-profit-ios/ProjectProfit/Ledger/Resources/excel_templates/ledgers/project-profit-ios_fixed_asset_depreciation_template.xlsx (in target 'ProjectProfit' from project 'ProjectProfit')
    cd /Users/yutaro/project-profit-ios
    builtin-copy -exclude .DS_Store -exclude CVS -exclude .svn -exclude .git -exclude .hg -resolve-src-symlinks /Users/yutaro/project-profit-ios/ProjectProfit/Ledger/Resources/excel_templates/ledgers/project-profit-ios_fixed_asset_depreciation_template.xlsx /Users/yutaro/project-profit-ios/artifacts/release-quality/books/DerivedData/Build/Products/Debug-iphonesimulator/ProjectProfit.app

CpResource /Users/yutaro/project-profit-ios/artifacts/release-quality/books/DerivedData/Build/Products/Debug-iphonesimulator/ProjectProfit.app/project-profit-ios_expense_book_template.xlsx /Users/yutaro/project-profit-ios/ProjectProfit/Ledger/Resources/excel_templates/ledgers/project-profit-ios_expense_book_template.xlsx (in target 'ProjectProfit' from project 'ProjectProfit')
    cd /Users/yutaro/project-profit-ios
    builtin-copy -exclude .DS_Store -exclude CVS -exclude .svn -exclude .git -exclude .hg -resolve-src-symlinks /Users/yutaro/project-profit-ios/ProjectProfit/Ledger/Resources/excel_templates/ledgers/project-profit-ios_expense_book_template.xlsx /Users/yutaro/project-profit-ios/artifacts/release-quality/books/DerivedData/Build/Products/Debug-iphonesimulator/ProjectProfit.app

CpResource /Users/yutaro/project-profit-ios/artifacts/release-quality/books/DerivedData/Build/Products/Debug-iphonesimulator/ProjectProfit.app/project-profit-ios_expense_book_invoice_template.xlsx /Users/yutaro/project-profit-ios/ProjectProfit/Ledger/Resources/excel_templates/ledgers/project-profit-ios_expense_book_invoice_template.xlsx (in target 'ProjectProfit' from project 'ProjectProfit')
    cd /Users/yutaro/project-profit-ios
    builtin-copy -exclude .DS_Store -exclude CVS -exclude .svn -exclude .git -exclude .hg -resolve-src-symlinks /Users/yutaro/project-profit-ios/ProjectProfit/Ledger/Resources/excel_templates/ledgers/project-profit-ios_expense_book_invoice_template.xlsx /Users/yutaro/project-profit-ios/artifacts/release-quality/books/DerivedData/Build/Products/Debug-iphonesimulator/ProjectProfit.app

CpResource /Users/yutaro/project-profit-ios/artifacts/release-quality/books/DerivedData/Build/Products/Debug-iphonesimulator/ProjectProfit.app/project-profit-ios_cash_book_template.xlsx /Users/yutaro/project-profit-ios/ProjectProfit/Ledger/Resources/excel_templates/ledgers/project-profit-ios_cash_book_template.xlsx (in target 'ProjectProfit' from project 'ProjectProfit')
    cd /Users/yutaro/project-profit-ios
    builtin-copy -exclude .DS_Store -exclude CVS -exclude .svn -exclude .git -exclude .hg -resolve-src-symlinks /Users/yutaro/project-profit-ios/ProjectProfit/Ledger/Resources/excel_templates/ledgers/project-profit-ios_cash_book_template.xlsx /Users/yutaro/project-profit-ios/artifacts/release-quality/books/DerivedData/Build/Products/Debug-iphonesimulator/ProjectProfit.app

CpResource /Users/yutaro/project-profit-ios/artifacts/release-quality/books/DerivedData/Build/Products/Debug-iphonesimulator/ProjectProfit.app/project-profit-ios_cash_book_invoice_template.xlsx /Users/yutaro/project-profit-ios/ProjectProfit/Ledger/Resources/excel_templates/ledgers/project-profit-ios_cash_book_invoice_template.xlsx (in target 'ProjectProfit' from project 'ProjectProfit')
    cd /Users/yutaro/project-profit-ios
    builtin-copy -exclude .DS_Store -exclude CVS -exclude .svn -exclude .git -exclude .hg -resolve-src-symlinks /Users/yutaro/project-profit-ios/ProjectProfit/Ledger/Resources/excel_templates/ledgers/project-profit-ios_cash_book_invoice_template.xlsx /Users/yutaro/project-profit-ios/artifacts/release-quality/books/DerivedData/Build/Products/Debug-iphonesimulator/ProjectProfit.app

CpResource /Users/yutaro/project-profit-ios/artifacts/release-quality/books/DerivedData/Build/Products/Debug-iphonesimulator/ProjectProfit.app/project-profit-ios_bs_pl_analysis_template.xlsx /Users/yutaro/project-profit-ios/ProjectProfit/Ledger/Resources/excel_templates/project-profit-ios_bs_pl_analysis_template.xlsx (in target 'ProjectProfit' from project 'ProjectProfit')
    cd /Users/yutaro/project-profit-ios
    builtin-copy -exclude .DS_Store -exclude CVS -exclude .svn -exclude .git -exclude .hg -resolve-src-symlinks /Users/yutaro/project-profit-ios/ProjectProfit/Ledger/Resources/excel_templates/project-profit-ios_bs_pl_analysis_template.xlsx /Users/yutaro/project-profit-ios/artifacts/release-quality/books/DerivedData/Build/Products/Debug-iphonesimulator/ProjectProfit.app

CpResource /Users/yutaro/project-profit-ios/artifacts/release-quality/books/DerivedData/Build/Products/Debug-iphonesimulator/ProjectProfit.app/project-profit-ios_bank_account_book_template.xlsx /Users/yutaro/project-profit-ios/ProjectProfit/Ledger/Resources/excel_templates/ledgers/project-profit-ios_bank_account_book_template.xlsx (in target 'ProjectProfit' from project 'ProjectProfit')
    cd /Users/yutaro/project-profit-ios
    builtin-copy -exclude .DS_Store -exclude CVS -exclude .svn -exclude .git -exclude .hg -resolve-src-symlinks /Users/yutaro/project-profit-ios/ProjectProfit/Ledger/Resources/excel_templates/ledgers/project-profit-ios_bank_account_book_template.xlsx /Users/yutaro/project-profit-ios/artifacts/release-quality/books/DerivedData/Build/Products/Debug-iphonesimulator/ProjectProfit.app

CpResource /Users/yutaro/project-profit-ios/artifacts/release-quality/books/DerivedData/Build/Products/Debug-iphonesimulator/ProjectProfit.app/project-profit-ios_bank_account_book_invoice_template.xlsx /Users/yutaro/project-profit-ios/ProjectProfit/Ledger/Resources/excel_templates/ledgers/project-profit-ios_bank_account_book_invoice_template.xlsx (in target 'ProjectProfit' from project 'ProjectProfit')
    cd /Users/yutaro/project-profit-ios
    builtin-copy -exclude .DS_Store -exclude CVS -exclude .svn -exclude .git -exclude .hg -resolve-src-symlinks /Users/yutaro/project-profit-ios/ProjectProfit/Ledger/Resources/excel_templates/ledgers/project-profit-ios_bank_account_book_invoice_template.xlsx /Users/yutaro/project-profit-ios/artifacts/release-quality/books/DerivedData/Build/Products/Debug-iphonesimulator/ProjectProfit.app

CpResource /Users/yutaro/project-profit-ios/artifacts/release-quality/books/DerivedData/Build/Products/Debug-iphonesimulator/ProjectProfit.app/project-profit-ios_balance_sheet_template.xlsx /Users/yutaro/project-profit-ios/ProjectProfit/Ledger/Resources/excel_templates/reports/project-profit-ios_balance_sheet_template.xlsx (in target 'ProjectProfit' from project 'ProjectProfit')
    cd /Users/yutaro/project-profit-ios
    builtin-copy -exclude .DS_Store -exclude CVS -exclude .svn -exclude .git -exclude .hg -resolve-src-symlinks /Users/yutaro/project-profit-ios/ProjectProfit/Ledger/Resources/excel_templates/reports/project-profit-ios_balance_sheet_template.xlsx /Users/yutaro/project-profit-ios/artifacts/release-quality/books/DerivedData/Build/Products/Debug-iphonesimulator/ProjectProfit.app

CpResource /Users/yutaro/project-profit-ios/artifacts/release-quality/books/DerivedData/Build/Products/Debug-iphonesimulator/ProjectProfit.app/project-profit-ios_accounts_receivable_template.xlsx /Users/yutaro/project-profit-ios/ProjectProfit/Ledger/Resources/excel_templates/ledgers/project-profit-ios_accounts_receivable_template.xlsx (in target 'ProjectProfit' from project 'ProjectProfit')
    cd /Users/yutaro/project-profit-ios
    builtin-copy -exclude .DS_Store -exclude CVS -exclude .svn -exclude .git -exclude .hg -resolve-src-symlinks /Users/yutaro/project-profit-ios/ProjectProfit/Ledger/Resources/excel_templates/ledgers/project-profit-ios_accounts_receivable_template.xlsx /Users/yutaro/project-profit-ios/artifacts/release-quality/books/DerivedData/Build/Products/Debug-iphonesimulator/ProjectProfit.app

CpResource /Users/yutaro/project-profit-ios/artifacts/release-quality/books/DerivedData/Build/Products/Debug-iphonesimulator/ProjectProfit.app/project-profit-ios_accounts_payable_template.xlsx /Users/yutaro/project-profit-ios/ProjectProfit/Ledger/Resources/excel_templates/ledgers/project-profit-ios_accounts_payable_template.xlsx (in target 'ProjectProfit' from project 'ProjectProfit')
    cd /Users/yutaro/project-profit-ios
    builtin-copy -exclude .DS_Store -exclude CVS -exclude .svn -exclude .git -exclude .hg -resolve-src-symlinks /Users/yutaro/project-profit-ios/ProjectProfit/Ledger/Resources/excel_templates/ledgers/project-profit-ios_accounts_payable_template.xlsx /Users/yutaro/project-profit-ios/artifacts/release-quality/books/DerivedData/Build/Products/Debug-iphonesimulator/ProjectProfit.app

CpResource /Users/yutaro/project-profit-ios/artifacts/release-quality/books/DerivedData/Build/Products/Debug-iphonesimulator/ProjectProfit.app/TaxYear2026.json /Users/yutaro/project-profit-ios/ProjectProfit/Resources/TaxYear2026.json (in target 'ProjectProfit' from project 'ProjectProfit')
    cd /Users/yutaro/project-profit-ios
    builtin-copy -exclude .DS_Store -exclude CVS -exclude .svn -exclude .git -exclude .hg -resolve-src-symlinks /Users/yutaro/project-profit-ios/ProjectProfit/Resources/TaxYear2026.json /Users/yutaro/project-profit-ios/artifacts/release-quality/books/DerivedData/Build/Products/Debug-iphonesimulator/ProjectProfit.app

CpResource /Users/yutaro/project-profit-ios/artifacts/release-quality/books/DerivedData/Build/Products/Debug-iphonesimulator/ProjectProfit.app/README.md /Users/yutaro/project-profit-ios/ProjectProfit/Ledger/Resources/excel_templates/README.md (in target 'ProjectProfit' from project 'ProjectProfit')
    cd /Users/yutaro/project-profit-ios
    builtin-copy -exclude .DS_Store -exclude CVS -exclude .svn -exclude .git -exclude .hg -resolve-src-symlinks /Users/yutaro/project-profit-ios/ProjectProfit/Ledger/Resources/excel_templates/README.md /Users/yutaro/project-profit-ios/artifacts/release-quality/books/DerivedData/Build/Products/Debug-iphonesimulator/ProjectProfit.app

CpResource /Users/yutaro/project-profit-ios/artifacts/release-quality/books/DerivedData/Build/Products/Debug-iphonesimulator/ProjectProfit.app/TaxYear2025.json /Users/yutaro/project-profit-ios/ProjectProfit/Resources/TaxYear2025.json (in target 'ProjectProfit' from project 'ProjectProfit')
    cd /Users/yutaro/project-profit-ios
    builtin-copy -exclude .DS_Store -exclude CVS -exclude .svn -exclude .git -exclude .hg -resolve-src-symlinks /Users/yutaro/project-profit-ios/ProjectProfit/Resources/TaxYear2025.json /Users/yutaro/project-profit-ios/artifacts/release-quality/books/DerivedData/Build/Products/Debug-iphonesimulator/ProjectProfit.app

CpResource /Users/yutaro/project-profit-ios/artifacts/release-quality/books/DerivedData/Build/Products/Debug-iphonesimulator/ProjectProfit.app/PrivacyInfo.xcprivacy /Users/yutaro/project-profit-ios/ProjectProfit/PrivacyInfo.xcprivacy (in target 'ProjectProfit' from project 'ProjectProfit')
    cd /Users/yutaro/project-profit-ios
    builtin-copy -exclude .DS_Store -exclude CVS -exclude .svn -exclude .git -exclude .hg -resolve-src-symlinks /Users/yutaro/project-profit-ios/ProjectProfit/PrivacyInfo.xcprivacy /Users/yutaro/project-profit-ios/artifacts/release-quality/books/DerivedData/Build/Products/Debug-iphonesimulator/ProjectProfit.app

SwiftCompile normal arm64 Compiling\ AccountFormView.swift,\ AccountingBookReadModelQueries.swift,\ AccountingBootstrapService.swift,\ AccountingConstants.swift,\ AccountingEngine.swift,\ AccountingEnums.swift,\ AccountingReadSupport.swift,\ AccountingReportService.swift,\ AccountingReportViewModel.swift,\ AppBootstrapWorkflowUseCase.swift,\ AppError.swift,\ AppShellWorkflowUseCase.swift,\ AppSnapshotModels.swift,\ ApprovalQueueQueryUseCase.swift,\ ApprovalQueueRepository.swift,\ ApprovalQueueView.swift,\ ApprovalQueueWorkflowUseCase.swift,\ ApprovalRequest.swift,\ ApprovalRequestEntity.swift,\ ApprovalRequestEntityMapper.swift,\ ApprovalRequestRepository.swift,\ BackupService.swift,\ BalanceSheetView.swift,\ BankCardReconciliationView.swift,\ BooksWorkspaceView.swift /Users/yutaro/project-profit-ios/ProjectProfit/Features/Masters/Accounts/Presentation/Screens/AccountFormView.swift /Users/yutaro/project-profit-ios/ProjectProfit/Application/UseCases/App/AccountingBookReadModelQueries.swift /Users/yutaro/project-profit-ios/ProjectProfit/Services/AccountingBootstrapService.swift /Users/yutaro/project-profit-ios/ProjectProfit/Services/AccountingConstants.swift /Users/yutaro/project-profit-ios/ProjectProfit/Services/AccountingEngine.swift /Users/yutaro/project-profit-ios/ProjectProfit/Models/AccountingEnums.swift /Users/yutaro/project-profit-ios/ProjectProfit/Application/UseCases/App/AccountingReadSupport.swift /Users/yutaro/project-profit-ios/ProjectProfit/Services/AccountingReportService.swift /Users/yutaro/project-profit-ios/ProjectProfit/ViewModels/AccountingReportViewModel.swift /Users/yutaro/project-profit-ios/ProjectProfit/Application/UseCases/App/AppBootstrapWorkflowUseCase.swift /Users/yutaro/project-profit-ios/ProjectProfit/Services/AppError.swift /Users/yutaro/project-profit-ios/ProjectProfit/Application/UseCases/App/AppShellWorkflowUseCase.swift /Users/yutaro/project-profit-ios/ProjectProfit/Infrastructure/FileStorage/AppSnapshotModels.swift /Users/yutaro/project-profit-ios/ProjectProfit/Application/UseCases/Posting/ApprovalQueueQueryUseCase.swift /Users/yutaro/project-profit-ios/ProjectProfit/Core/Domain/Posting/ApprovalQueueRepository.swift /Users/yutaro/project-profit-ios/ProjectProfit/Features/ApprovalQueue/ApprovalQueueView.swift /Users/yutaro/project-profit-ios/ProjectProfit/Application/UseCases/Posting/ApprovalQueueWorkflowUseCase.swift /Users/yutaro/project-profit-ios/ProjectProfit/Core/Domain/Posting/ApprovalRequest.swift /Users/yutaro/project-profit-ios/ProjectProfit/Infrastructure/Persistence/SwiftData/Entities/ApprovalRequestEntity.swift /Users/yutaro/project-profit-ios/ProjectProfit/Application/Mappers/ApprovalRequestEntityMapper.swift /Users/yutaro/project-profit-ios/ProjectProfit/Core/Domain/Posting/ApprovalRequestRepository.swift /Users/yutaro/project-profit-ios/ProjectProfit/Infrastructure/FileStorage/BackupService.swift /Users/yutaro/project-profit-ios/ProjectProfit/Views/Accounting/BalanceSheetView.swift /Users/yutaro/project-profit-ios/ProjectProfit/Features/Reconciliation/BankCardReconciliationView.swift /Users/yutaro/project-profit-ios/ProjectProfit/Features/Books/Presentation/Screens/BooksWorkspaceView.swift (in target 'ProjectProfit' from project 'ProjectProfit')

SwiftCompile normal arm64 /Users/yutaro/project-profit-ios/ProjectProfit/Features/Masters/Accounts/Presentation/Screens/AccountFormView.swift (in target 'ProjectProfit' from project 'ProjectProfit')
    cd /Users/yutaro/project-profit-ios
    

SwiftCompile normal arm64 /Users/yutaro/project-profit-ios/ProjectProfit/Application/UseCases/App/AccountingBookReadModelQueries.swift (in target 'ProjectProfit' from project 'ProjectProfit')
    cd /Users/yutaro/project-profit-ios
    

SwiftCompile normal arm64 /Users/yutaro/project-profit-ios/ProjectProfit/Services/AccountingBootstrapService.swift (in target 'ProjectProfit' from project 'ProjectProfit')
    cd /Users/yutaro/project-profit-ios
    

SwiftCompile normal arm64 /Users/yutaro/project-profit-ios/ProjectProfit/Services/AccountingConstants.swift (in target 'ProjectProfit' from project 'ProjectProfit')
    cd /Users/yutaro/project-profit-ios
    

SwiftCompile normal arm64 /Users/yutaro/project-profit-ios/ProjectProfit/Services/AccountingEngine.swift (in target 'ProjectProfit' from project 'ProjectProfit')
    cd /Users/yutaro/project-profit-ios
    

SwiftCompile normal arm64 /Users/yutaro/project-profit-ios/ProjectProfit/Models/AccountingEnums.swift (in target 'ProjectProfit' from project 'ProjectProfit')
    cd /Users/yutaro/project-profit-ios
    

SwiftCompile normal arm64 /Users/yutaro/project-profit-ios/ProjectProfit/Application/UseCases/App/AccountingReadSupport.swift (in target 'ProjectProfit' from project 'ProjectProfit')
    cd /Users/yutaro/project-profit-ios
    

SwiftCompile normal arm64 /Users/yutaro/project-profit-ios/ProjectProfit/Services/AccountingReportService.swift (in target 'ProjectProfit' from project 'ProjectProfit')
    cd /Users/yutaro/project-profit-ios
    

SwiftCompile normal arm64 /Users/yutaro/project-profit-ios/ProjectProfit/ViewModels/AccountingReportViewModel.swift (in target 'ProjectProfit' from project 'ProjectProfit')
    cd /Users/yutaro/project-profit-ios
    

SwiftCompile normal arm64 /Users/yutaro/project-profit-ios/ProjectProfit/Application/UseCases/App/AppBootstrapWorkflowUseCase.swift (in target 'ProjectProfit' from project 'ProjectProfit')
    cd /Users/yutaro/project-profit-ios
    

SwiftCompile normal arm64 /Users/yutaro/project-profit-ios/ProjectProfit/Services/AppError.swift (in target 'ProjectProfit' from project 'ProjectProfit')
    cd /Users/yutaro/project-profit-ios
    

SwiftCompile normal arm64 /Users/yutaro/project-profit-ios/ProjectProfit/Application/UseCases/App/AppShellWorkflowUseCase.swift (in target 'ProjectProfit' from project 'ProjectProfit')
    cd /Users/yutaro/project-profit-ios
    

SwiftCompile normal arm64 /Users/yutaro/project-profit-ios/ProjectProfit/Infrastructure/FileStorage/AppSnapshotModels.swift (in target 'ProjectProfit' from project 'ProjectProfit')
    cd /Users/yutaro/project-profit-ios
    
/Users/yutaro/project-profit-ios/ProjectProfit/Infrastructure/FileStorage/AppSnapshotModels.swift:95:30: warning: 'LegacyAccountingProfileSnapshot' is deprecated: Legacy profile snapshots are restore-compat only. New backups must use canonical profiles.
    var accountingProfiles: [LegacyAccountingProfileSnapshot]
                             ^

SwiftCompile normal arm64 /Users/yutaro/project-profit-ios/ProjectProfit/Application/UseCases/Posting/ApprovalQueueQueryUseCase.swift (in target 'ProjectProfit' from project 'ProjectProfit')
    cd /Users/yutaro/project-profit-ios
    

SwiftCompile normal arm64 /Users/yutaro/project-profit-ios/ProjectProfit/Core/Domain/Posting/ApprovalQueueRepository.swift (in target 'ProjectProfit' from project 'ProjectProfit')
    cd /Users/yutaro/project-profit-ios
    

SwiftCompile normal arm64 /Users/yutaro/project-profit-ios/ProjectProfit/Features/ApprovalQueue/ApprovalQueueView.swift (in target 'ProjectProfit' from project 'ProjectProfit')
    cd /Users/yutaro/project-profit-ios
    

SwiftCompile normal arm64 /Users/yutaro/project-profit-ios/ProjectProfit/Application/UseCases/Posting/ApprovalQueueWorkflowUseCase.swift (in target 'ProjectProfit' from project 'ProjectProfit')
    cd /Users/yutaro/project-profit-ios
    

SwiftCompile normal arm64 /Users/yutaro/project-profit-ios/ProjectProfit/Core/Domain/Posting/ApprovalRequest.swift (in target 'ProjectProfit' from project 'ProjectProfit')
    cd /Users/yutaro/project-profit-ios
    

SwiftCompile normal arm64 /Users/yutaro/project-profit-ios/ProjectProfit/Infrastructure/Persistence/SwiftData/Entities/ApprovalRequestEntity.swift (in target 'ProjectProfit' from project 'ProjectProfit')
    cd /Users/yutaro/project-profit-ios
    

SwiftCompile normal arm64 /Users/yutaro/project-profit-ios/ProjectProfit/Application/Mappers/ApprovalRequestEntityMapper.swift (in target 'ProjectProfit' from project 'ProjectProfit')
    cd /Users/yutaro/project-profit-ios
    

SwiftCompile normal arm64 /Users/yutaro/project-profit-ios/ProjectProfit/Core/Domain/Posting/ApprovalRequestRepository.swift (in target 'ProjectProfit' from project 'ProjectProfit')
    cd /Users/yutaro/project-profit-ios
    

SwiftCompile normal arm64 /Users/yutaro/project-profit-ios/ProjectProfit/Infrastructure/FileStorage/BackupService.swift (in target 'ProjectProfit' from project 'ProjectProfit')
    cd /Users/yutaro/project-profit-ios
    

SwiftCompile normal arm64 /Users/yutaro/project-profit-ios/ProjectProfit/Views/Accounting/BalanceSheetView.swift (in target 'ProjectProfit' from project 'ProjectProfit')
    cd /Users/yutaro/project-profit-ios
    

SwiftCompile normal arm64 /Users/yutaro/project-profit-ios/ProjectProfit/Features/Reconciliation/BankCardReconciliationView.swift (in target 'ProjectProfit' from project 'ProjectProfit')
    cd /Users/yutaro/project-profit-ios
    

SwiftCompile normal arm64 /Users/yutaro/project-profit-ios/ProjectProfit/Features/Books/Presentation/Screens/BooksWorkspaceView.swift (in target 'ProjectProfit' from project 'ProjectProfit')
    cd /Users/yutaro/project-profit-ios
    

SwiftCompile normal arm64 Compiling\ ClosingEntryView.swift,\ ClosingWorkflowUseCase.swift,\ ConsumptionTaxReportService.swift,\ ConsumptionTaxWorksheet.swift,\ ContentView.swift,\ Counterparty.swift,\ CounterpartyEntity.swift,\ CounterpartyEntityMapper.swift,\ CounterpartyFormView.swift,\ CounterpartyListView.swift,\ DashboardView.swift,\ DashboardViewModel.swift,\ DataRevisionQueryUseCase.swift,\ DataRevisionRepository.swift,\ DataStore+Accounting.swift,\ DataStore+Documents.swift,\ DataStore+Inventory.swift,\ DataStore+MonthlySummary.swift,\ DataStore+SubLedger.swift,\ DataStore+YearLock.swift,\ DataStore.swift,\ DistributionRule.swift,\ DistributionTemplateApplicationUseCase.swift,\ DistributionTemplateListView.swift /Users/yutaro/project-profit-ios/ProjectProfit/Views/Accounting/ClosingEntryView.swift /Users/yutaro/project-profit-ios/ProjectProfit/Application/UseCases/Closing/ClosingWorkflowUseCase.swift /Users/yutaro/project-profit-ios/ProjectProfit/Services/ConsumptionTaxReportService.swift /Users/yutaro/project-profit-ios/ProjectProfit/Core/Domain/Tax/ConsumptionTaxWorksheet.swift /Users/yutaro/project-profit-ios/ProjectProfit/Views/ContentView.swift /Users/yutaro/project-profit-ios/ProjectProfit/Core/Domain/Counterparties/Counterparty.swift /Users/yutaro/project-profit-ios/ProjectProfit/Infrastructure/Persistence/SwiftData/Entities/CounterpartyEntity.swift /Users/yutaro/project-profit-ios/ProjectProfit/Application/Mappers/CounterpartyEntityMapper.swift /Users/yutaro/project-profit-ios/ProjectProfit/Features/Masters/Counterparties/Presentation/Screens/CounterpartyFormView.swift /Users/yutaro/project-profit-ios/ProjectProfit/Features/Masters/Counterparties/Presentation/Screens/CounterpartyListView.swift /Users/yutaro/project-profit-ios/ProjectProfit/Views/Dashboard/DashboardView.swift /Users/yutaro/project-profit-ios/ProjectProfit/ViewModels/DashboardViewModel.swift /Users/yutaro/project-profit-ios/ProjectProfit/Application/UseCases/App/DataRevisionQueryUseCase.swift /Users/yutaro/project-profit-ios/ProjectProfit/Core/Domain/App/DataRevisionRepository.swift /Users/yutaro/project-profit-ios/ProjectProfit/Services/DataStore+Accounting.swift /Users/yutaro/project-profit-ios/ProjectProfit/Services/DataStore+Documents.swift /Users/yutaro/project-profit-ios/ProjectProfit/Services/DataStore+Inventory.swift /Users/yutaro/project-profit-ios/ProjectProfit/Services/DataStore+MonthlySummary.swift /Users/yutaro/project-profit-ios/ProjectProfit/Services/DataStore+SubLedger.swift /Users/yutaro/project-profit-ios/ProjectProfit/Services/DataStore+YearLock.swift /Users/yutaro/project-profit-ios/ProjectProfit/Services/DataStore.swift /Users/yutaro/project-profit-ios/ProjectProfit/Core/Domain/Distribution/DistributionRule.swift /Users/yutaro/project-profit-ios/ProjectProfit/Application/UseCases/Distribution/DistributionTemplateApplicationUseCase.swift /Users/yutaro/project-profit-ios/ProjectProfit/Features/Masters/DistributionTemplates/Presentation/Screens/DistributionTemplateListView.swift (in target 'ProjectProfit' from project 'ProjectProfit')

SwiftCompile normal arm64 /Users/yutaro/project-profit-ios/ProjectProfit/Views/Accounting/ClosingEntryView.swift (in target 'ProjectProfit' from project 'ProjectProfit')
    cd /Users/yutaro/project-profit-ios
    

SwiftCompile normal arm64 /Users/yutaro/project-profit-ios/ProjectProfit/Application/UseCases/Closing/ClosingWorkflowUseCase.swift (in target 'ProjectProfit' from project 'ProjectProfit')
    cd /Users/yutaro/project-profit-ios
    

SwiftCompile normal arm64 /Users/yutaro/project-profit-ios/ProjectProfit/Services/ConsumptionTaxReportService.swift (in target 'ProjectProfit' from project 'ProjectProfit')
    cd /Users/yutaro/project-profit-ios
    

SwiftCompile normal arm64 /Users/yutaro/project-profit-ios/ProjectProfit/Core/Domain/Tax/ConsumptionTaxWorksheet.swift (in target 'ProjectProfit' from project 'ProjectProfit')
    cd /Users/yutaro/project-profit-ios
    

SwiftCompile normal arm64 /Users/yutaro/project-profit-ios/ProjectProfit/Views/ContentView.swift (in target 'ProjectProfit' from project 'ProjectProfit')
    cd /Users/yutaro/project-profit-ios
    

SwiftCompile normal arm64 /Users/yutaro/project-profit-ios/ProjectProfit/Core/Domain/Counterparties/Counterparty.swift (in target 'ProjectProfit' from project 'ProjectProfit')
    cd /Users/yutaro/project-profit-ios
    

SwiftCompile normal arm64 /Users/yutaro/project-profit-ios/ProjectProfit/Infrastructure/Persistence/SwiftData/Entities/CounterpartyEntity.swift (in target 'ProjectProfit' from project 'ProjectProfit')
    cd /Users/yutaro/project-profit-ios
    

SwiftCompile normal arm64 /Users/yutaro/project-profit-ios/ProjectProfit/Application/Mappers/CounterpartyEntityMapper.swift (in target 'ProjectProfit' from project 'ProjectProfit')
    cd /Users/yutaro/project-profit-ios
    

SwiftCompile normal arm64 /Users/yutaro/project-profit-ios/ProjectProfit/Features/Masters/Counterparties/Presentation/Screens/CounterpartyFormView.swift (in target 'ProjectProfit' from project 'ProjectProfit')
    cd /Users/yutaro/project-profit-ios
    

SwiftCompile normal arm64 /Users/yutaro/project-profit-ios/ProjectProfit/Features/Masters/Counterparties/Presentation/Screens/CounterpartyListView.swift (in target 'ProjectProfit' from project 'ProjectProfit')
    cd /Users/yutaro/project-profit-ios
    

SwiftCompile normal arm64 /Users/yutaro/project-profit-ios/ProjectProfit/Views/Dashboard/DashboardView.swift (in target 'ProjectProfit' from project 'ProjectProfit')
    cd /Users/yutaro/project-profit-ios
    

SwiftCompile normal arm64 /Users/yutaro/project-profit-ios/ProjectProfit/ViewModels/DashboardViewModel.swift (in target 'ProjectProfit' from project 'ProjectProfit')
    cd /Users/yutaro/project-profit-ios
    

SwiftCompile normal arm64 /Users/yutaro/project-profit-ios/ProjectProfit/Application/UseCases/App/DataRevisionQueryUseCase.swift (in target 'ProjectProfit' from project 'ProjectProfit')
    cd /Users/yutaro/project-profit-ios
    

SwiftCompile normal arm64 /Users/yutaro/project-profit-ios/ProjectProfit/Core/Domain/App/DataRevisionRepository.swift (in target 'ProjectProfit' from project 'ProjectProfit')
    cd /Users/yutaro/project-profit-ios
    

SwiftCompile normal arm64 /Users/yutaro/project-profit-ios/ProjectProfit/Services/DataStore+Accounting.swift (in target 'ProjectProfit' from project 'ProjectProfit')
    cd /Users/yutaro/project-profit-ios
    

SwiftCompile normal arm64 /Users/yutaro/project-profit-ios/ProjectProfit/Services/DataStore+Documents.swift (in target 'ProjectProfit' from project 'ProjectProfit')
    cd /Users/yutaro/project-profit-ios
    

SwiftCompile normal arm64 /Users/yutaro/project-profit-ios/ProjectProfit/Services/DataStore+Inventory.swift (in target 'ProjectProfit' from project 'ProjectProfit')
    cd /Users/yutaro/project-profit-ios
    

SwiftCompile normal arm64 /Users/yutaro/project-profit-ios/ProjectProfit/Services/DataStore+MonthlySummary.swift (in target 'ProjectProfit' from project 'ProjectProfit')
    cd /Users/yutaro/project-profit-ios
    

SwiftCompile normal arm64 /Users/yutaro/project-profit-ios/ProjectProfit/Services/DataStore+SubLedger.swift (in target 'ProjectProfit' from project 'ProjectProfit')
    cd /Users/yutaro/project-profit-ios
    

SwiftCompile normal arm64 /Users/yutaro/project-profit-ios/ProjectProfit/Services/DataStore+YearLock.swift (in target 'ProjectProfit' from project 'ProjectProfit')
    cd /Users/yutaro/project-profit-ios
    

SwiftCompile normal arm64 /Users/yutaro/project-profit-ios/ProjectProfit/Services/DataStore.swift (in target 'ProjectProfit' from project 'ProjectProfit')
    cd /Users/yutaro/project-profit-ios
    

SwiftCompile normal arm64 /Users/yutaro/project-profit-ios/ProjectProfit/Core/Domain/Distribution/DistributionRule.swift (in target 'ProjectProfit' from project 'ProjectProfit')
    cd /Users/yutaro/project-profit-ios
    

SwiftCompile normal arm64 /Users/yutaro/project-profit-ios/ProjectProfit/Application/UseCases/Distribution/DistributionTemplateApplicationUseCase.swift (in target 'ProjectProfit' from project 'ProjectProfit')
    cd /Users/yutaro/project-profit-ios
    

SwiftCompile normal arm64 /Users/yutaro/project-profit-ios/ProjectProfit/Features/Masters/DistributionTemplates/Presentation/Screens/DistributionTemplateListView.swift (in target 'ProjectProfit' from project 'ProjectProfit')
    cd /Users/yutaro/project-profit-ios
    

SwiftCompile normal arm64 Compiling\ SwiftDataCategoryRepository.swift,\ SwiftDataCounterpartyRepository.swift,\ SwiftDataDataRevisionRepository.swift,\ SwiftDataDocumentRepository.swift,\ SwiftDataEvidenceInboxRepository.swift,\ SwiftDataEvidenceRepository.swift,\ SwiftDataFixedAssetRepository.swift,\ SwiftDataFormDraftRepository.swift,\ SwiftDataInventoryRepository.swift,\ SwiftDataPostingCandidateRepository.swift,\ SwiftDataProjectQueryRepository.swift,\ SwiftDataProjectRepository.swift,\ SwiftDataRecurringRepository.swift,\ SwiftDataReportingRepository.swift,\ SwiftDataSettingsOverviewRepository.swift,\ SwiftDataStatementRepository.swift,\ SwiftDataTransactionFormRepository.swift,\ SwiftDataTransactionHistoryRepository.swift,\ SwiftDataUserRuleRepository.swift,\ TaxCode.swift,\ TaxLineDefinitions.swift,\ TaxRuleEvaluator.swift,\ TaxYearDefinitionLoader.swift,\ TaxYearPack.swift /Users/yutaro/project-profit-ios/ProjectProfit/Infrastructure/Persistence/SwiftData/Repositories/SwiftDataCategoryRepository.swift /Users/yutaro/project-profit-ios/ProjectProfit/Infrastructure/Persistence/SwiftData/Repositories/SwiftDataCounterpartyRepository.swift /Users/yutaro/project-profit-ios/ProjectProfit/Infrastructure/Persistence/SwiftData/Repositories/SwiftDataDataRevisionRepository.swift /Users/yutaro/project-profit-ios/ProjectProfit/Infrastructure/Persistence/SwiftData/Repositories/SwiftDataDocumentRepository.swift /Users/yutaro/project-profit-ios/ProjectProfit/Infrastructure/Persistence/SwiftData/Repositories/SwiftDataEvidenceInboxRepository.swift /Users/yutaro/project-profit-ios/ProjectProfit/Infrastructure/Persistence/SwiftData/Repositories/SwiftDataEvidenceRepository.swift /Users/yutaro/project-profit-ios/ProjectProfit/Infrastructure/Persistence/SwiftData/Repositories/SwiftDataFixedAssetRepository.swift /Users/yutaro/project-profit-ios/ProjectProfit/Infrastructure/Persistence/SwiftData/Repositories/SwiftDataFormDraftRepository.swift /Users/yutaro/project-profit-ios/ProjectProfit/Infrastructure/Persistence/SwiftData/Repositories/SwiftDataInventoryRepository.swift /Users/yutaro/project-profit-ios/ProjectProfit/Infrastructure/Persistence/SwiftData/Repositories/SwiftDataPostingCandidateRepository.swift /Users/yutaro/project-profit-ios/ProjectProfit/Infrastructure/Persistence/SwiftData/Repositories/SwiftDataProjectQueryRepository.swift /Users/yutaro/project-profit-ios/ProjectProfit/Infrastructure/Persistence/SwiftData/Repositories/SwiftDataProjectRepository.swift /Users/yutaro/project-profit-ios/ProjectProfit/Infrastructure/Persistence/SwiftData/Repositories/SwiftDataRecurringRepository.swift /Users/yutaro/project-profit-ios/ProjectProfit/Infrastructure/Persistence/SwiftData/Repositories/SwiftDataReportingRepository.swift /Users/yutaro/project-profit-ios/ProjectProfit/Infrastructure/Persistence/SwiftData/Repositories/SwiftDataSettingsOverviewRepository.swift /Users/yutaro/project-profit-ios/ProjectProfit/Infrastructure/Persistence/SwiftData/Repositories/SwiftDataStatementRepository.swift /Users/yutaro/project-profit-ios/ProjectProfit/Infrastructure/Persistence/SwiftData/Repositories/SwiftDataTransactionFormRepository.swift /Users/yutaro/project-profit-ios/ProjectProfit/Infrastructure/Persistence/SwiftData/Repositories/SwiftDataTransactionHistoryRepository.swift /Users/yutaro/project-profit-ios/ProjectProfit/Infrastructure/Persistence/SwiftData/Repositories/SwiftDataUserRuleRepository.swift /Users/yutaro/project-profit-ios/ProjectProfit/Core/Domain/Tax/TaxCode.swift /Users/yutaro/project-profit-ios/ProjectProfit/Models/TaxLineDefinitions.swift /Users/yutaro/project-profit-ios/ProjectProfit/Core/Domain/Tax/TaxRuleEvaluator.swift /Users/yutaro/project-profit-ios/ProjectProfit/Services/TaxYearDefinitionLoader.swift /Users/yutaro/project-profit-ios/ProjectProfit/Core/Domain/TaxYear/TaxYearPack.swift (in target 'ProjectProfit' from project 'ProjectProfit')

SwiftCompile normal arm64 /Users/yutaro/project-profit-ios/ProjectProfit/Infrastructure/Persistence/SwiftData/Repositories/SwiftDataCategoryRepository.swift (in target 'ProjectProfit' from project 'ProjectProfit')
    cd /Users/yutaro/project-profit-ios
    

SwiftCompile normal arm64 /Users/yutaro/project-profit-ios/ProjectProfit/Infrastructure/Persistence/SwiftData/Repositories/SwiftDataCounterpartyRepository.swift (in target 'ProjectProfit' from project 'ProjectProfit')
    cd /Users/yutaro/project-profit-ios
    

SwiftCompile normal arm64 /Users/yutaro/project-profit-ios/ProjectProfit/Infrastructure/Persistence/SwiftData/Repositories/SwiftDataDataRevisionRepository.swift (in target 'ProjectProfit' from project 'ProjectProfit')
    cd /Users/yutaro/project-profit-ios
    

SwiftCompile normal arm64 /Users/yutaro/project-profit-ios/ProjectProfit/Infrastructure/Persistence/SwiftData/Repositories/SwiftDataDocumentRepository.swift (in target 'ProjectProfit' from project 'ProjectProfit')
    cd /Users/yutaro/project-profit-ios
    

SwiftCompile normal arm64 /Users/yutaro/project-profit-ios/ProjectProfit/Infrastructure/Persistence/SwiftData/Repositories/SwiftDataEvidenceInboxRepository.swift (in target 'ProjectProfit' from project 'ProjectProfit')
    cd /Users/yutaro/project-profit-ios
    

SwiftCompile normal arm64 /Users/yutaro/project-profit-ios/ProjectProfit/Infrastructure/Persistence/SwiftData/Repositories/SwiftDataEvidenceRepository.swift (in target 'ProjectProfit' from project 'ProjectProfit')
    cd /Users/yutaro/project-profit-ios
    

SwiftCompile normal arm64 /Users/yutaro/project-profit-ios/ProjectProfit/Infrastructure/Persistence/SwiftData/Repositories/SwiftDataFixedAssetRepository.swift (in target 'ProjectProfit' from project 'ProjectProfit')
    cd /Users/yutaro/project-profit-ios
    

SwiftCompile normal arm64 /Users/yutaro/project-profit-ios/ProjectProfit/Infrastructure/Persistence/SwiftData/Repositories/SwiftDataFormDraftRepository.swift (in target 'ProjectProfit' from project 'ProjectProfit')
    cd /Users/yutaro/project-profit-ios
    

SwiftCompile normal arm64 /Users/yutaro/project-profit-ios/ProjectProfit/Infrastructure/Persistence/SwiftData/Repositories/SwiftDataInventoryRepository.swift (in target 'ProjectProfit' from project 'ProjectProfit')
    cd /Users/yutaro/project-profit-ios
    

SwiftCompile normal arm64 /Users/yutaro/project-profit-ios/ProjectProfit/Infrastructure/Persistence/SwiftData/Repositories/SwiftDataPostingCandidateRepository.swift (in target 'ProjectProfit' from project 'ProjectProfit')
    cd /Users/yutaro/project-profit-ios
    

SwiftCompile normal arm64 /Users/yutaro/project-profit-ios/ProjectProfit/Infrastructure/Persistence/SwiftData/Repositories/SwiftDataProjectQueryRepository.swift (in target 'ProjectProfit' from project 'ProjectProfit')
    cd /Users/yutaro/project-profit-ios
    

SwiftCompile normal arm64 /Users/yutaro/project-profit-ios/ProjectProfit/Infrastructure/Persistence/SwiftData/Repositories/SwiftDataProjectRepository.swift (in target 'ProjectProfit' from project 'ProjectProfit')
    cd /Users/yutaro/project-profit-ios
    

SwiftCompile normal arm64 /Users/yutaro/project-profit-ios/ProjectProfit/Infrastructure/Persistence/SwiftData/Repositories/SwiftDataRecurringRepository.swift (in target 'ProjectProfit' from project 'ProjectProfit')
    cd /Users/yutaro/project-profit-ios
    

SwiftCompile normal arm64 /Users/yutaro/project-profit-ios/ProjectProfit/Infrastructure/Persistence/SwiftData/Repositories/SwiftDataReportingRepository.swift (in target 'ProjectProfit' from project 'ProjectProfit')
    cd /Users/yutaro/project-profit-ios
    

SwiftCompile normal arm64 /Users/yutaro/project-profit-ios/ProjectProfit/Infrastructure/Persistence/SwiftData/Repositories/SwiftDataSettingsOverviewRepository.swift (in target 'ProjectProfit' from project 'ProjectProfit')
    cd /Users/yutaro/project-profit-ios
    

SwiftCompile normal arm64 /Users/yutaro/project-profit-ios/ProjectProfit/Infrastructure/Persistence/SwiftData/Repositories/SwiftDataStatementRepository.swift (in target 'ProjectProfit' from project 'ProjectProfit')
    cd /Users/yutaro/project-profit-ios
    

SwiftCompile normal arm64 /Users/yutaro/project-profit-ios/ProjectProfit/Infrastructure/Persistence/SwiftData/Repositories/SwiftDataTransactionFormRepository.swift (in target 'ProjectProfit' from project 'ProjectProfit')
    cd /Users/yutaro/project-profit-ios
    

SwiftCompile normal arm64 /Users/yutaro/project-profit-ios/ProjectProfit/Infrastructure/Persistence/SwiftData/Repositories/SwiftDataTransactionHistoryRepository.swift (in target 'ProjectProfit' from project 'ProjectProfit')
    cd /Users/yutaro/project-profit-ios
    

SwiftCompile normal arm64 /Users/yutaro/project-profit-ios/ProjectProfit/Infrastructure/Persistence/SwiftData/Repositories/SwiftDataUserRuleRepository.swift (in target 'ProjectProfit' from project 'ProjectProfit')
    cd /Users/yutaro/project-profit-ios
    

SwiftCompile normal arm64 /Users/yutaro/project-profit-ios/ProjectProfit/Core/Domain/Tax/TaxCode.swift (in target 'ProjectProfit' from project 'ProjectProfit')
    cd /Users/yutaro/project-profit-ios
    

SwiftCompile normal arm64 /Users/yutaro/project-profit-ios/ProjectProfit/Models/TaxLineDefinitions.swift (in target 'ProjectProfit' from project 'ProjectProfit')
    cd /Users/yutaro/project-profit-ios
    

SwiftCompile normal arm64 /Users/yutaro/project-profit-ios/ProjectProfit/Core/Domain/Tax/TaxRuleEvaluator.swift (in target 'ProjectProfit' from project 'ProjectProfit')
    cd /Users/yutaro/project-profit-ios
    

SwiftCompile normal arm64 /Users/yutaro/project-profit-ios/ProjectProfit/Services/TaxYearDefinitionLoader.swift (in target 'ProjectProfit' from project 'ProjectProfit')
    cd /Users/yutaro/project-profit-ios
    

SwiftCompile normal arm64 /Users/yutaro/project-profit-ios/ProjectProfit/Core/Domain/TaxYear/TaxYearPack.swift (in target 'ProjectProfit' from project 'ProjectProfit')
    cd /Users/yutaro/project-profit-ios
    

SwiftCompile normal arm64 Compiling\ SearchIndexRepairVerificationError.swift,\ SettingsMainView.swift,\ SettingsMaintenanceUseCase.swift,\ SettingsMaintenanceWorkflowUseCase.swift,\ SettingsOverviewRepository.swift,\ SettingsOverviewUseCase.swift,\ SettingsView.swift,\ ShareImportInboxService.swift,\ ShushiNaiyakushoBuilder.swift,\ StatementImportEntity.swift,\ StatementImportEntityMapper.swift,\ StatementImportUseCase.swift,\ StatementLineEntity.swift,\ StatementLineEntityMapper.swift,\ StatementMatchService.swift,\ StatementModels.swift,\ StatementPDFParser.swift,\ StatementReconciliationQueryUseCase.swift,\ StatementRepository.swift,\ SubLedgerView.swift,\ SwiftDataApprovalQueueRepository.swift,\ SwiftDataApprovalRequestRepository.swift,\ SwiftDataCanonicalJournalEntryRepository.swift,\ SwiftDataCategoryQueryRepository.swift /Users/yutaro/project-profit-ios/ProjectProfit/Infrastructure/Search/SearchIndexRepairVerificationError.swift /Users/yutaro/project-profit-ios/ProjectProfit/Features/Settings/Presentation/Screens/SettingsMainView.swift /Users/yutaro/project-profit-ios/ProjectProfit/Application/UseCases/Settings/SettingsMaintenanceUseCase.swift /Users/yutaro/project-profit-ios/ProjectProfit/Application/UseCases/Settings/SettingsMaintenanceWorkflowUseCase.swift /Users/yutaro/project-profit-ios/ProjectProfit/Core/Domain/Settings/SettingsOverviewRepository.swift /Users/yutaro/project-profit-ios/ProjectProfit/Application/UseCases/Settings/SettingsOverviewUseCase.swift /Users/yutaro/project-profit-ios/ProjectProfit/Views/Settings/SettingsView.swift /Users/yutaro/project-profit-ios/ProjectProfit/Services/ShareImportInboxService.swift /Users/yutaro/project-profit-ios/ProjectProfit/Services/ShushiNaiyakushoBuilder.swift /Users/yutaro/project-profit-ios/ProjectProfit/Infrastructure/Persistence/SwiftData/Entities/StatementImportEntity.swift /Users/yutaro/project-profit-ios/ProjectProfit/Application/Mappers/StatementImportEntityMapper.swift /Users/yutaro/project-profit-ios/ProjectProfit/Application/UseCases/Statements/StatementImportUseCase.swift /Users/yutaro/project-profit-ios/ProjectProfit/Infrastructure/Persistence/SwiftData/Entities/StatementLineEntity.swift /Users/yutaro/project-profit-ios/ProjectProfit/Application/Mappers/StatementLineEntityMapper.swift /Users/yutaro/project-profit-ios/ProjectProfit/Application/UseCases/Statements/StatementMatchService.swift /Users/yutaro/project-profit-ios/ProjectProfit/Core/Domain/Statements/StatementModels.swift /Users/yutaro/project-profit-ios/ProjectProfit/Services/StatementPDFParser.swift /Users/yutaro/project-profit-ios/ProjectProfit/Application/UseCases/Statements/StatementReconciliationQueryUseCase.swift /Users/yutaro/project-profit-ios/ProjectProfit/Core/Domain/Statements/StatementRepository.swift /Users/yutaro/project-profit-ios/ProjectProfit/Views/Accounting/SubLedgerView.swift /Users/yutaro/project-profit-ios/ProjectProfit/Infrastructure/Persistence/SwiftData/Repositories/SwiftDataApprovalQueueRepository.swift /Users/yutaro/project-profit-ios/ProjectProfit/Infrastructure/Persistence/SwiftData/Repositories/SwiftDataApprovalRequestRepository.swift /Users/yutaro/project-profit-ios/ProjectProfit/Infrastructure/Persistence/SwiftData/Repositories/SwiftDataCanonicalJournalEntryRepository.swift /Users/yutaro/project-profit-ios/ProjectProfit/Infrastructure/Persistence/SwiftData/Repositories/SwiftDataCategoryQueryRepository.swift (in target 'ProjectProfit' from project 'ProjectProfit')

SwiftCompile normal arm64 /Users/yutaro/project-profit-ios/ProjectProfit/Infrastructure/Search/SearchIndexRepairVerificationError.swift (in target 'ProjectProfit' from project 'ProjectProfit')
    cd /Users/yutaro/project-profit-ios
    

SwiftCompile normal arm64 /Users/yutaro/project-profit-ios/ProjectProfit/Features/Settings/Presentation/Screens/SettingsMainView.swift (in target 'ProjectProfit' from project 'ProjectProfit')
    cd /Users/yutaro/project-profit-ios
    

SwiftCompile normal arm64 /Users/yutaro/project-profit-ios/ProjectProfit/Application/UseCases/Settings/SettingsMaintenanceUseCase.swift (in target 'ProjectProfit' from project 'ProjectProfit')
    cd /Users/yutaro/project-profit-ios
    
/Users/yutaro/project-profit-ios/ProjectProfit/Application/UseCases/Settings/SettingsMaintenanceUseCase.swift:103:39: warning: 'PPAccountingProfile' is deprecated: Use BusinessProfile / TaxYearProfile instead. Migration-only legacy model.
    private func legacyProfiles() -> [PPAccountingProfile] {
                                      ^
/Users/yutaro/project-profit-ios/ProjectProfit/Application/UseCases/Settings/SettingsMaintenanceUseCase.swift:48:9: warning: conformance of 'PPAccountingProfile' to 'PersistentModel' is deprecated: Use BusinessProfile / TaxYearProfile instead. Migration-only legacy model.
        deleteAll(legacyProfiles())
        ^
/Users/yutaro/project-profit-ios/ProjectProfit/Application/UseCases/Settings/SettingsMaintenanceUseCase.swift:104:9: warning: conformance of 'PPAccountingProfile' to 'PersistentModel' is deprecated: Use BusinessProfile / TaxYearProfile instead. Migration-only legacy model.
        fetch(FetchDescriptor<PPAccountingProfile>())
        ^
/Users/yutaro/project-profit-ios/ProjectProfit/Application/UseCases/Settings/SettingsMaintenanceUseCase.swift:104:31: warning: 'PPAccountingProfile' is deprecated: Use BusinessProfile / TaxYearProfile instead. Migration-only legacy model.
        fetch(FetchDescriptor<PPAccountingProfile>())
                              ^
/Users/yutaro/project-profit-ios/ProjectProfit/Application/UseCases/Settings/SettingsMaintenanceUseCase.swift:104:15: warning: conformance of 'PPAccountingProfile' to 'PersistentModel' is deprecated: Use BusinessProfile / TaxYearProfile instead. Migration-only legacy model.
        fetch(FetchDescriptor<PPAccountingProfile>())
              ^
/Users/yutaro/project-profit-ios/ProjectProfit/Application/UseCases/Settings/SettingsMaintenanceUseCase.swift:104:50: warning: conformance of 'PPAccountingProfile' to 'PersistentModel' is deprecated: Use BusinessProfile / TaxYearProfile instead. Migration-only legacy model.
        fetch(FetchDescriptor<PPAccountingProfile>())
                                                 ^

SwiftCompile normal arm64 /Users/yutaro/project-profit-ios/ProjectProfit/Application/UseCases/Settings/SettingsMaintenanceWorkflowUseCase.swift (in target 'ProjectProfit' from project 'ProjectProfit')
    cd /Users/yutaro/project-profit-ios
    

SwiftCompile normal arm64 /Users/yutaro/project-profit-ios/ProjectProfit/Core/Domain/Settings/SettingsOverviewRepository.swift (in target 'ProjectProfit' from project 'ProjectProfit')
    cd /Users/yutaro/project-profit-ios
    

SwiftCompile normal arm64 /Users/yutaro/project-profit-ios/ProjectProfit/Application/UseCases/Settings/SettingsOverviewUseCase.swift (in target 'ProjectProfit' from project 'ProjectProfit')
    cd /Users/yutaro/project-profit-ios
    

SwiftCompile normal arm64 /Users/yutaro/project-profit-ios/ProjectProfit/Views/Settings/SettingsView.swift (in target 'ProjectProfit' from project 'ProjectProfit')
    cd /Users/yutaro/project-profit-ios
    

SwiftCompile normal arm64 /Users/yutaro/project-profit-ios/ProjectProfit/Services/ShareImportInboxService.swift (in target 'ProjectProfit' from project 'ProjectProfit')
    cd /Users/yutaro/project-profit-ios
    

SwiftCompile normal arm64 /Users/yutaro/project-profit-ios/ProjectProfit/Services/ShushiNaiyakushoBuilder.swift (in target 'ProjectProfit' from project 'ProjectProfit')
    cd /Users/yutaro/project-profit-ios
    

SwiftCompile normal arm64 /Users/yutaro/project-profit-ios/ProjectProfit/Infrastructure/Persistence/SwiftData/Entities/StatementImportEntity.swift (in target 'ProjectProfit' from project 'ProjectProfit')
    cd /Users/yutaro/project-profit-ios
    

SwiftCompile normal arm64 /Users/yutaro/project-profit-ios/ProjectProfit/Application/Mappers/StatementImportEntityMapper.swift (in target 'ProjectProfit' from project 'ProjectProfit')
    cd /Users/yutaro/project-profit-ios
    

SwiftCompile normal arm64 /Users/yutaro/project-profit-ios/ProjectProfit/Application/UseCases/Statements/StatementImportUseCase.swift (in target 'ProjectProfit' from project 'ProjectProfit')
    cd /Users/yutaro/project-profit-ios
    

SwiftCompile normal arm64 /Users/yutaro/project-profit-ios/ProjectProfit/Infrastructure/Persistence/SwiftData/Entities/StatementLineEntity.swift (in target 'ProjectProfit' from project 'ProjectProfit')
    cd /Users/yutaro/project-profit-ios
    

SwiftCompile normal arm64 /Users/yutaro/project-profit-ios/ProjectProfit/Application/Mappers/StatementLineEntityMapper.swift (in target 'ProjectProfit' from project 'ProjectProfit')
    cd /Users/yutaro/project-profit-ios
    

SwiftCompile normal arm64 /Users/yutaro/project-profit-ios/ProjectProfit/Application/UseCases/Statements/StatementMatchService.swift (in target 'ProjectProfit' from project 'ProjectProfit')
    cd /Users/yutaro/project-profit-ios
    

SwiftCompile normal arm64 /Users/yutaro/project-profit-ios/ProjectProfit/Core/Domain/Statements/StatementModels.swift (in target 'ProjectProfit' from project 'ProjectProfit')
    cd /Users/yutaro/project-profit-ios
    

SwiftCompile normal arm64 /Users/yutaro/project-profit-ios/ProjectProfit/Services/StatementPDFParser.swift (in target 'ProjectProfit' from project 'ProjectProfit')
    cd /Users/yutaro/project-profit-ios
    

SwiftCompile normal arm64 /Users/yutaro/project-profit-ios/ProjectProfit/Application/UseCases/Statements/StatementReconciliationQueryUseCase.swift (in target 'ProjectProfit' from project 'ProjectProfit')
    cd /Users/yutaro/project-profit-ios
    

SwiftCompile normal arm64 /Users/yutaro/project-profit-ios/ProjectProfit/Core/Domain/Statements/StatementRepository.swift (in target 'ProjectProfit' from project 'ProjectProfit')
    cd /Users/yutaro/project-profit-ios
    

SwiftCompile normal arm64 /Users/yutaro/project-profit-ios/ProjectProfit/Views/Accounting/SubLedgerView.swift (in target 'ProjectProfit' from project 'ProjectProfit')
    cd /Users/yutaro/project-profit-ios
    

SwiftCompile normal arm64 /Users/yutaro/project-profit-ios/ProjectProfit/Infrastructure/Persistence/SwiftData/Repositories/SwiftDataApprovalQueueRepository.swift (in target 'ProjectProfit' from project 'ProjectProfit')
    cd /Users/yutaro/project-profit-ios
    

SwiftCompile normal arm64 /Users/yutaro/project-profit-ios/ProjectProfit/Infrastructure/Persistence/SwiftData/Repositories/SwiftDataApprovalRequestRepository.swift (in target 'ProjectProfit' from project 'ProjectProfit')
    cd /Users/yutaro/project-profit-ios
    

SwiftCompile normal arm64 /Users/yutaro/project-profit-ios/ProjectProfit/Infrastructure/Persistence/SwiftData/Repositories/SwiftDataCanonicalJournalEntryRepository.swift (in target 'ProjectProfit' from project 'ProjectProfit')
    cd /Users/yutaro/project-profit-ios
    

SwiftCompile normal arm64 /Users/yutaro/project-profit-ios/ProjectProfit/Infrastructure/Persistence/SwiftData/Repositories/SwiftDataCategoryQueryRepository.swift (in target 'ProjectProfit' from project 'ProjectProfit')
    cd /Users/yutaro/project-profit-ios
    

SwiftCompile normal arm64 Compiling\ DistributionTemplateManagementQueryUseCase.swift,\ DistributionTemplateSettingsView.swift,\ DocumentRepository.swift,\ DocumentWorkflowUseCase.swift,\ EtaxExportView.swift,\ EtaxExportViewModel.swift,\ EtaxFieldPopulator.swift,\ EtaxModels.swift,\ EtaxXtxExporter.swift,\ EvidenceInboxQueryUseCase.swift,\ EvidenceInboxRepository.swift,\ EvidenceInboxView.swift,\ EvidenceSourceType.swift,\ ExportCoordinator.swift,\ ExportMenuButton.swift,\ FeatureFlags.swift,\ FilingDashboardQueryUseCase.swift,\ FilingDashboardView.swift,\ FilingPreflightUseCase.swift,\ FilterView.swift,\ FiscalYearUtilities.swift,\ FixedAssetDetailView.swift,\ FixedAssetFormView.swift,\ FixedAssetListView.swift /Users/yutaro/project-profit-ios/ProjectProfit/Application/UseCases/Distribution/DistributionTemplateManagementQueryUseCase.swift /Users/yutaro/project-profit-ios/ProjectProfit/Views/Settings/DistributionTemplateSettingsView.swift /Users/yutaro/project-profit-ios/ProjectProfit/Core/Domain/Documents/DocumentRepository.swift /Users/yutaro/project-profit-ios/ProjectProfit/Application/UseCases/Documents/DocumentWorkflowUseCase.swift /Users/yutaro/project-profit-ios/ProjectProfit/Views/Accounting/EtaxExportView.swift /Users/yutaro/project-profit-ios/ProjectProfit/ViewModels/EtaxExportViewModel.swift /Users/yutaro/project-profit-ios/ProjectProfit/Services/EtaxFieldPopulator.swift /Users/yutaro/project-profit-ios/ProjectProfit/Models/EtaxModels.swift /Users/yutaro/project-profit-ios/ProjectProfit/Services/EtaxXtxExporter.swift /Users/yutaro/project-profit-ios/ProjectProfit/Application/UseCases/Evidence/EvidenceInboxQueryUseCase.swift /Users/yutaro/project-profit-ios/ProjectProfit/Core/Domain/Evidence/EvidenceInboxRepository.swift /Users/yutaro/project-profit-ios/ProjectProfit/Features/EvidenceInbox/EvidenceInboxView.swift /Users/yutaro/project-profit-ios/ProjectProfit/Core/Domain/Evidence/EvidenceSourceType.swift /Users/yutaro/project-profit-ios/ProjectProfit/Services/ExportCoordinator.swift /Users/yutaro/project-profit-ios/ProjectProfit/Views/Components/ExportMenuButton.swift /Users/yutaro/project-profit-ios/ProjectProfit/App/FeatureFlags.swift /Users/yutaro/project-profit-ios/ProjectProfit/Application/UseCases/Filing/FilingDashboardQueryUseCase.swift /Users/yutaro/project-profit-ios/ProjectProfit/Features/Filing/Presentation/Screens/FilingDashboardView.swift /Users/yutaro/project-profit-ios/ProjectProfit/Application/UseCases/Filing/FilingPreflightUseCase.swift /Users/yutaro/project-profit-ios/ProjectProfit/Views/Components/FilterView.swift /Users/yutaro/project-profit-ios/ProjectProfit/Utilities/FiscalYearUtilities.swift /Users/yutaro/project-profit-ios/ProjectProfit/Views/Accounting/FixedAssetDetailView.swift /Users/yutaro/project-profit-ios/ProjectProfit/Views/Accounting/FixedAssetFormView.swift /Users/yutaro/project-profit-ios/ProjectProfit/Views/Accounting/FixedAssetListView.swift (in target 'ProjectProfit' from project 'ProjectProfit')

SwiftCompile normal arm64 /Users/yutaro/project-profit-ios/ProjectProfit/Application/UseCases/Distribution/DistributionTemplateManagementQueryUseCase.swift (in target 'ProjectProfit' from project 'ProjectProfit')
    cd /Users/yutaro/project-profit-ios
    

SwiftCompile normal arm64 /Users/yutaro/project-profit-ios/ProjectProfit/Views/Settings/DistributionTemplateSettingsView.swift (in target 'ProjectProfit' from project 'ProjectProfit')
    cd /Users/yutaro/project-profit-ios
    

SwiftCompile normal arm64 /Users/yutaro/project-profit-ios/ProjectProfit/Core/Domain/Documents/DocumentRepository.swift (in target 'ProjectProfit' from project 'ProjectProfit')
    cd /Users/yutaro/project-profit-ios
    

SwiftCompile normal arm64 /Users/yutaro/project-profit-ios/ProjectProfit/Application/UseCases/Documents/DocumentWorkflowUseCase.swift (in target 'ProjectProfit' from project 'ProjectProfit')
    cd /Users/yutaro/project-profit-ios
    

SwiftCompile normal arm64 /Users/yutaro/project-profit-ios/ProjectProfit/Views/Accounting/EtaxExportView.swift (in target 'ProjectProfit' from project 'ProjectProfit')
    cd /Users/yutaro/project-profit-ios
    

SwiftCompile normal arm64 /Users/yutaro/project-profit-ios/ProjectProfit/ViewModels/EtaxExportViewModel.swift (in target 'ProjectProfit' from project 'ProjectProfit')
    cd /Users/yutaro/project-profit-ios
    

SwiftCompile normal arm64 /Users/yutaro/project-profit-ios/ProjectProfit/Services/EtaxFieldPopulator.swift (in target 'ProjectProfit' from project 'ProjectProfit')
    cd /Users/yutaro/project-profit-ios
    

SwiftCompile normal arm64 /Users/yutaro/project-profit-ios/ProjectProfit/Models/EtaxModels.swift (in target 'ProjectProfit' from project 'ProjectProfit')
    cd /Users/yutaro/project-profit-ios
    

SwiftCompile normal arm64 /Users/yutaro/project-profit-ios/ProjectProfit/Services/EtaxXtxExporter.swift (in target 'ProjectProfit' from project 'ProjectProfit')
    cd /Users/yutaro/project-profit-ios
    

SwiftCompile normal arm64 /Users/yutaro/project-profit-ios/ProjectProfit/Application/UseCases/Evidence/EvidenceInboxQueryUseCase.swift (in target 'ProjectProfit' from project 'ProjectProfit')
    cd /Users/yutaro/project-profit-ios
    

SwiftCompile normal arm64 /Users/yutaro/project-profit-ios/ProjectProfit/Core/Domain/Evidence/EvidenceInboxRepository.swift (in target 'ProjectProfit' from project 'ProjectProfit')
    cd /Users/yutaro/project-profit-ios
    

SwiftCompile normal arm64 /Users/yutaro/project-profit-ios/ProjectProfit/Features/EvidenceInbox/EvidenceInboxView.swift (in target 'ProjectProfit' from project 'ProjectProfit')
    cd /Users/yutaro/project-profit-ios
    

SwiftCompile normal arm64 /Users/yutaro/project-profit-ios/ProjectProfit/Core/Domain/Evidence/EvidenceSourceType.swift (in target 'ProjectProfit' from project 'ProjectProfit')
    cd /Users/yutaro/project-profit-ios
    

SwiftCompile normal arm64 /Users/yutaro/project-profit-ios/ProjectProfit/Services/ExportCoordinator.swift (in target 'ProjectProfit' from project 'ProjectProfit')
    cd /Users/yutaro/project-profit-ios
    

SwiftCompile normal arm64 /Users/yutaro/project-profit-ios/ProjectProfit/Views/Components/ExportMenuButton.swift (in target 'ProjectProfit' from project 'ProjectProfit')
    cd /Users/yutaro/project-profit-ios
    

SwiftCompile normal arm64 /Users/yutaro/project-profit-ios/ProjectProfit/App/FeatureFlags.swift (in target 'ProjectProfit' from project 'ProjectProfit')
    cd /Users/yutaro/project-profit-ios
    

SwiftCompile normal arm64 /Users/yutaro/project-profit-ios/ProjectProfit/Application/UseCases/Filing/FilingDashboardQueryUseCase.swift (in target 'ProjectProfit' from project 'ProjectProfit')
    cd /Users/yutaro/project-profit-ios
    
/Users/yutaro/project-profit-ios/ProjectProfit/Application/UseCases/Filing/FilingDashboardQueryUseCase.swift:31:21: warning: no 'async' operations occur within 'await' expression
                try await FilingPreflightUseCase(modelContext: modelContext).preflightReport(
                    ^

SwiftCompile normal arm64 /Users/yutaro/project-profit-ios/ProjectProfit/Features/Filing/Presentation/Screens/FilingDashboardView.swift (in target 'ProjectProfit' from project 'ProjectProfit')
    cd /Users/yutaro/project-profit-ios
    

SwiftCompile normal arm64 /Users/yutaro/project-profit-ios/ProjectProfit/Application/UseCases/Filing/FilingPreflightUseCase.swift (in target 'ProjectProfit' from project 'ProjectProfit')
    cd /Users/yutaro/project-profit-ios
    

SwiftCompile normal arm64 /Users/yutaro/project-profit-ios/ProjectProfit/Views/Components/FilterView.swift (in target 'ProjectProfit' from project 'ProjectProfit')
    cd /Users/yutaro/project-profit-ios
    

SwiftCompile normal arm64 /Users/yutaro/project-profit-ios/ProjectProfit/Utilities/FiscalYearUtilities.swift (in target 'ProjectProfit' from project 'ProjectProfit')
    cd /Users/yutaro/project-profit-ios
    

SwiftCompile normal arm64 /Users/yutaro/project-profit-ios/ProjectProfit/Views/Accounting/FixedAssetDetailView.swift (in target 'ProjectProfit' from project 'ProjectProfit')
    cd /Users/yutaro/project-profit-ios
    

SwiftCompile normal arm64 /Users/yutaro/project-profit-ios/ProjectProfit/Views/Accounting/FixedAssetFormView.swift (in target 'ProjectProfit' from project 'ProjectProfit')
    cd /Users/yutaro/project-profit-ios
    

SwiftCompile normal arm64 /Users/yutaro/project-profit-ios/ProjectProfit/Views/Accounting/FixedAssetListView.swift (in target 'ProjectProfit' from project 'ProjectProfit')
    cd /Users/yutaro/project-profit-ios
    

SwiftEmitModule normal arm64 Emitting\ module\ for\ ProjectProfit (in target 'ProjectProfit' from project 'ProjectProfit')

EmitSwiftModule normal arm64 (in target 'ProjectProfit' from project 'ProjectProfit')
    cd /Users/yutaro/project-profit-ios
    
/Users/yutaro/project-profit-ios/ProjectProfit/Infrastructure/FileStorage/AppSnapshotModels.swift:95:30: warning: 'LegacyAccountingProfileSnapshot' is deprecated: Legacy profile snapshots are restore-compat only. New backups must use canonical profiles.
    var accountingProfiles: [LegacyAccountingProfileSnapshot]
                             ^
/Users/yutaro/project-profit-ios/ProjectProfit/Application/Migrations/LegacyProfileMigrationRunner.swift:188:52: warning: 'PPAccountingProfile' is deprecated: Use BusinessProfile / TaxYearProfile instead. Migration-only legacy model.
    private func makeBusinessProfileEntity(legacy: PPAccountingProfile, businessId: UUID) -> BusinessProfileEntity {
                                                   ^
/Users/yutaro/project-profit-ios/ProjectProfit/Application/Migrations/LegacyProfileMigrationRunner.swift:208:51: warning: 'PPAccountingProfile' is deprecated: Use BusinessProfile / TaxYearProfile instead. Migration-only legacy model.
    private func makeTaxYearProfileEntity(legacy: PPAccountingProfile, businessId: UUID) -> TaxYearProfileEntity {
                                                  ^
/Users/yutaro/project-profit-ios/ProjectProfit/Application/Migrations/LegacyProfileMigrationRunner.swift:230:48: warning: 'PPAccountingProfile' is deprecated: Use BusinessProfile / TaxYearProfile instead. Migration-only legacy model.
    private func mapBookkeepingBasis(_ legacy: PPAccountingProfile) -> BookkeepingBasis {
                                               ^
/Users/yutaro/project-profit-ios/ProjectProfit/Application/Migrations/LegacyProfileMigrationRunner.swift:241:50: warning: 'PPAccountingProfile' is deprecated: Use BusinessProfile / TaxYearProfile instead. Migration-only legacy model.
    private func mapBlueDeductionLevel(_ legacy: PPAccountingProfile) -> BlueDeductionLevel {
                                                 ^
/Users/yutaro/project-profit-ios/ProjectProfit/Models/PPAccountingProfile.swift:78:11: warning: 'PPAccountingProfile' is deprecated: Use BusinessProfile / TaxYearProfile instead. Migration-only legacy model.
extension PPAccountingProfile {
          ^
/Users/yutaro/project-profit-ios/ProjectProfit/Infrastructure/FileStorage/RestoreService+Upserts.swift:330:23: warning: 'LegacyAccountingProfileSnapshot' is deprecated: Legacy profile snapshots are restore-compat only. New backups must use canonical profiles.
        _ snapshots: [LegacyAccountingProfileSnapshot]
                      ^
/Users/yutaro/project-profit-ios/ProjectProfit/Infrastructure/FileStorage/RestoreService+Upserts.swift:373:14: warning: 'LegacyAccountingProfileSnapshot' is deprecated: Legacy profile snapshots are restore-compat only. New backups must use canonical profiles.
        lhs: LegacyAccountingProfileSnapshot,
             ^
/Users/yutaro/project-profit-ios/ProjectProfit/Infrastructure/FileStorage/RestoreService+Upserts.swift:374:14: warning: 'LegacyAccountingProfileSnapshot' is deprecated: Legacy profile snapshots are restore-compat only. New backups must use canonical profiles.
        rhs: LegacyAccountingProfileSnapshot
             ^
/Users/yutaro/project-profit-ios/ProjectProfit/Application/UseCases/Settings/SettingsMaintenanceUseCase.swift:103:39: warning: 'PPAccountingProfile' is deprecated: Use BusinessProfile / TaxYearProfile instead. Migration-only legacy model.
    private func legacyProfiles() -> [PPAccountingProfile] {
                                      ^

SwiftCompile normal arm64 Compiling\ ProjectsViewModel.swift,\ ReceiptData.swift,\ ReceiptEvidenceIntakeUseCase.swift,\ ReceiptImageStore.swift,\ ReceiptReviewView.swift,\ ReceiptScannerService.swift,\ ReceiptScannerView.swift,\ RecurringFormSections.swift,\ RecurringFormView.swift,\ RecurringHistoryView.swift,\ RecurringPostingCoordinator.swift,\ RecurringPreviewView.swift,\ RecurringQueryUseCase.swift,\ RecurringRepository.swift,\ RecurringView.swift,\ RecurringViewModel.swift,\ RecurringWorkflowStore.swift,\ RecurringWorkflowUseCase.swift,\ ReportView.swift,\ ReportViewModel.swift,\ ReportingQueryUseCase.swift,\ ReportingRepository.swift,\ RestoreService+Upserts.swift,\ RestoreService.swift /Users/yutaro/project-profit-ios/ProjectProfit/ViewModels/ProjectsViewModel.swift /Users/yutaro/project-profit-ios/ProjectProfit/Models/ReceiptData.swift /Users/yutaro/project-profit-ios/ProjectProfit/Application/UseCases/Evidence/ReceiptEvidenceIntakeUseCase.swift /Users/yutaro/project-profit-ios/ProjectProfit/Services/ReceiptImageStore.swift /Users/yutaro/project-profit-ios/ProjectProfit/Views/Receipt/ReceiptReviewView.swift /Users/yutaro/project-profit-ios/ProjectProfit/Services/ReceiptScannerService.swift /Users/yutaro/project-profit-ios/ProjectProfit/Views/Receipt/ReceiptScannerView.swift /Users/yutaro/project-profit-ios/ProjectProfit/Views/Components/RecurringFormSections.swift /Users/yutaro/project-profit-ios/ProjectProfit/Views/Components/RecurringFormView.swift /Users/yutaro/project-profit-ios/ProjectProfit/Views/Recurring/RecurringHistoryView.swift /Users/yutaro/project-profit-ios/ProjectProfit/Application/UseCases/Recurring/RecurringPostingCoordinator.swift /Users/yutaro/project-profit-ios/ProjectProfit/Features/Recurring/RecurringPreviewView.swift /Users/yutaro/project-profit-ios/ProjectProfit/Application/UseCases/Recurring/RecurringQueryUseCase.swift /Users/yutaro/project-profit-ios/ProjectProfit/Core/Domain/Recurring/RecurringRepository.swift /Users/yutaro/project-profit-ios/ProjectProfit/Views/Recurring/RecurringView.swift /Users/yutaro/project-profit-ios/ProjectProfit/ViewModels/RecurringViewModel.swift /Users/yutaro/project-profit-ios/ProjectProfit/Application/UseCases/Recurring/RecurringWorkflowStore.swift /Users/yutaro/project-profit-ios/ProjectProfit/Application/UseCases/Recurring/RecurringWorkflowUseCase.swift /Users/yutaro/project-profit-ios/ProjectProfit/Views/Report/ReportView.swift /Users/yutaro/project-profit-ios/ProjectProfit/ViewModels/ReportViewModel.swift /Users/yutaro/project-profit-ios/ProjectProfit/Application/UseCases/Reporting/ReportingQueryUseCase.swift /Users/yutaro/project-profit-ios/ProjectProfit/Core/Domain/Reporting/ReportingRepository.swift /Users/yutaro/project-profit-ios/ProjectProfit/Infrastructure/FileStorage/RestoreService+Upserts.swift /Users/yutaro/project-profit-ios/ProjectProfit/Infrastructure/FileStorage/RestoreService.swift (in target 'ProjectProfit' from project 'ProjectProfit')
SwiftCompile normal arm64 /Users/yutaro/project-profit-ios/ProjectProfit/ViewModels/ProjectsViewModel.swift (in target 'ProjectProfit' from project 'ProjectProfit')
    cd /Users/yutaro/project-profit-ios
    

SwiftCompile normal arm64 /Users/yutaro/project-profit-ios/ProjectProfit/Models/ReceiptData.swift (in target 'ProjectProfit' from project 'ProjectProfit')
    cd /Users/yutaro/project-profit-ios
    

SwiftCompile normal arm64 /Users/yutaro/project-profit-ios/ProjectProfit/Application/UseCases/Evidence/ReceiptEvidenceIntakeUseCase.swift (in target 'ProjectProfit' from project 'ProjectProfit')
    cd /Users/yutaro/project-profit-ios
    

SwiftCompile normal arm64 /Users/yutaro/project-profit-ios/ProjectProfit/Services/ReceiptImageStore.swift (in target 'ProjectProfit' from project 'ProjectProfit')
    cd /Users/yutaro/project-profit-ios
    

SwiftCompile normal arm64 /Users/yutaro/project-profit-ios/ProjectProfit/Views/Receipt/ReceiptReviewView.swift (in target 'ProjectProfit' from project 'ProjectProfit')
    cd /Users/yutaro/project-profit-ios
    

SwiftCompile normal arm64 /Users/yutaro/project-profit-ios/ProjectProfit/Services/ReceiptScannerService.swift (in target 'ProjectProfit' from project 'ProjectProfit')
    cd /Users/yutaro/project-profit-ios
    

SwiftCompile normal arm64 /Users/yutaro/project-profit-ios/ProjectProfit/Views/Receipt/ReceiptScannerView.swift (in target 'ProjectProfit' from project 'ProjectProfit')
    cd /Users/yutaro/project-profit-ios
    

SwiftCompile normal arm64 /Users/yutaro/project-profit-ios/ProjectProfit/Views/Components/RecurringFormSections.swift (in target 'ProjectProfit' from project 'ProjectProfit')
    cd /Users/yutaro/project-profit-ios
    

SwiftCompile normal arm64 /Users/yutaro/project-profit-ios/ProjectProfit/Views/Components/RecurringFormView.swift (in target 'ProjectProfit' from project 'ProjectProfit')
    cd /Users/yutaro/project-profit-ios
    

SwiftCompile normal arm64 /Users/yutaro/project-profit-ios/ProjectProfit/Views/Recurring/RecurringHistoryView.swift (in target 'ProjectProfit' from project 'ProjectProfit')
    cd /Users/yutaro/project-profit-ios
    

SwiftCompile normal arm64 /Users/yutaro/project-profit-ios/ProjectProfit/Application/UseCases/Recurring/RecurringPostingCoordinator.swift (in target 'ProjectProfit' from project 'ProjectProfit')
    cd /Users/yutaro/project-profit-ios
    

SwiftCompile normal arm64 /Users/yutaro/project-profit-ios/ProjectProfit/Features/Recurring/RecurringPreviewView.swift (in target 'ProjectProfit' from project 'ProjectProfit')
    cd /Users/yutaro/project-profit-ios
    

SwiftCompile normal arm64 /Users/yutaro/project-profit-ios/ProjectProfit/Application/UseCases/Recurring/RecurringQueryUseCase.swift (in target 'ProjectProfit' from project 'ProjectProfit')
    cd /Users/yutaro/project-profit-ios
    

SwiftCompile normal arm64 /Users/yutaro/project-profit-ios/ProjectProfit/Core/Domain/Recurring/RecurringRepository.swift (in target 'ProjectProfit' from project 'ProjectProfit')
    cd /Users/yutaro/project-profit-ios
    

SwiftCompile normal arm64 /Users/yutaro/project-profit-ios/ProjectProfit/Views/Recurring/RecurringView.swift (in target 'ProjectProfit' from project 'ProjectProfit')
    cd /Users/yutaro/project-profit-ios
    

SwiftCompile normal arm64 /Users/yutaro/project-profit-ios/ProjectProfit/ViewModels/RecurringViewModel.swift (in target 'ProjectProfit' from project 'ProjectProfit')
    cd /Users/yutaro/project-profit-ios
    

SwiftCompile normal arm64 /Users/yutaro/project-profit-ios/ProjectProfit/Application/UseCases/Recurring/RecurringWorkflowStore.swift (in target 'ProjectProfit' from project 'ProjectProfit')
    cd /Users/yutaro/project-profit-ios
    

SwiftCompile normal arm64 /Users/yutaro/project-profit-ios/ProjectProfit/Application/UseCases/Recurring/RecurringWorkflowUseCase.swift (in target 'ProjectProfit' from project 'ProjectProfit')
    cd /Users/yutaro/project-profit-ios
    

SwiftCompile normal arm64 /Users/yutaro/project-profit-ios/ProjectProfit/Views/Report/ReportView.swift (in target 'ProjectProfit' from project 'ProjectProfit')
    cd /Users/yutaro/project-profit-ios
    

SwiftCompile normal arm64 /Users/yutaro/project-profit-ios/ProjectProfit/ViewModels/ReportViewModel.swift (in target 'ProjectProfit' from project 'ProjectProfit')
    cd /Users/yutaro/project-profit-ios
    

SwiftCompile normal arm64 /Users/yutaro/project-profit-ios/ProjectProfit/Application/UseCases/Reporting/ReportingQueryUseCase.swift (in target 'ProjectProfit' from project 'ProjectProfit')
    cd /Users/yutaro/project-profit-ios
    

SwiftCompile normal arm64 /Users/yutaro/project-profit-ios/ProjectProfit/Core/Domain/Reporting/ReportingRepository.swift (in target 'ProjectProfit' from project 'ProjectProfit')
    cd /Users/yutaro/project-profit-ios
    

SwiftCompile normal arm64 /Users/yutaro/project-profit-ios/ProjectProfit/Infrastructure/FileStorage/RestoreService+Upserts.swift (in target 'ProjectProfit' from project 'ProjectProfit')
    cd /Users/yutaro/project-profit-ios
    
/Users/yutaro/project-profit-ios/ProjectProfit/Infrastructure/FileStorage/RestoreService+Upserts.swift:330:23: warning: 'LegacyAccountingProfileSnapshot' is deprecated: Legacy profile snapshots are restore-compat only. New backups must use canonical profiles.
        _ snapshots: [LegacyAccountingProfileSnapshot]
                      ^
/Users/yutaro/project-profit-ios/ProjectProfit/Infrastructure/FileStorage/RestoreService+Upserts.swift:373:14: warning: 'LegacyAccountingProfileSnapshot' is deprecated: Legacy profile snapshots are restore-compat only. New backups must use canonical profiles.
        lhs: LegacyAccountingProfileSnapshot,
             ^
/Users/yutaro/project-profit-ios/ProjectProfit/Infrastructure/FileStorage/RestoreService+Upserts.swift:374:14: warning: 'LegacyAccountingProfileSnapshot' is deprecated: Legacy profile snapshots are restore-compat only. New backups must use canonical profiles.
        rhs: LegacyAccountingProfileSnapshot
             ^

SwiftCompile normal arm64 /Users/yutaro/project-profit-ios/ProjectProfit/Infrastructure/FileStorage/RestoreService.swift (in target 'ProjectProfit' from project 'ProjectProfit')
    cd /Users/yutaro/project-profit-ios
    
/Users/yutaro/project-profit-ios/ProjectProfit/Infrastructure/FileStorage/RestoreService.swift:368:17: warning: conformance of 'PPAccountingProfile' to 'PersistentModel' is deprecated: Use BusinessProfile / TaxYearProfile instead. Migration-only legacy model.
            try deleteAll(PPAccountingProfile.self)
                ^
/Users/yutaro/project-profit-ios/ProjectProfit/Infrastructure/FileStorage/RestoreService.swift:368:27: warning: 'PPAccountingProfile' is deprecated: Use BusinessProfile / TaxYearProfile instead. Migration-only legacy model.
            try deleteAll(PPAccountingProfile.self)
                          ^
/Users/yutaro/project-profit-ios/ProjectProfit/Infrastructure/FileStorage/RestoreService.swift:587:29: warning: conformance of 'PPAccountingProfile' to 'PersistentModel' is deprecated: Use BusinessProfile / TaxYearProfile instead. Migration-only legacy model.
        let legacyIds = try fetchAll(PPAccountingProfile.self).map(\.id)
                            ^
/Users/yutaro/project-profit-ios/ProjectProfit/Infrastructure/FileStorage/RestoreService.swift:587:38: warning: 'PPAccountingProfile' is deprecated: Use BusinessProfile / TaxYearProfile instead. Migration-only legacy model.
        let legacyIds = try fetchAll(PPAccountingProfile.self).map(\.id)
                                     ^

SwiftCompile normal arm64 Compiling\ TaxYearStateUseCase.swift,\ TransactionDetailView.swift,\ TransactionDocumentsView.swift,\ TransactionFormQueryUseCase.swift,\ TransactionFormRepository.swift,\ TransactionFormView.swift,\ TransactionHistoryRepository.swift,\ TransactionHistoryUseCase.swift,\ TransactionsView.swift,\ TransactionsViewModel.swift,\ TrialBalanceView.swift,\ UITestBootstrap.swift,\ UnclassifiedTransactionsView.swift,\ UserRuleRepository.swift,\ Utilities.swift,\ WhiteTaxBookkeepingReadSupport.swift,\ WhiteTaxBookkeepingView.swift,\ WithholdingPostingSupport.swift,\ WithholdingStatementQueryUseCase.swift,\ WithholdingStatementView.swift,\ WithholdingStatementViewModel.swift,\ WithholdingTaxCalculator.swift,\ WithholdingTaxCode.swift,\ WorkflowPersistenceSupport.swift /Users/yutaro/project-profit-ios/ProjectProfit/Application/UseCases/Filing/TaxYearStateUseCase.swift /Users/yutaro/project-profit-ios/ProjectProfit/Views/Transactions/TransactionDetailView.swift /Users/yutaro/project-profit-ios/ProjectProfit/Views/Transactions/TransactionDocumentsView.swift /Users/yutaro/project-profit-ios/ProjectProfit/Application/UseCases/Transactions/TransactionFormQueryUseCase.swift /Users/yutaro/project-profit-ios/ProjectProfit/Core/Domain/Transactions/TransactionFormRepository.swift /Users/yutaro/project-profit-ios/ProjectProfit/Views/Components/TransactionFormView.swift /Users/yutaro/project-profit-ios/ProjectProfit/Core/Domain/Transactions/TransactionHistoryRepository.swift /Users/yutaro/project-profit-ios/ProjectProfit/Application/UseCases/Transactions/TransactionHistoryUseCase.swift /Users/yutaro/project-profit-ios/ProjectProfit/Views/Transactions/TransactionsView.swift /Users/yutaro/project-profit-ios/ProjectProfit/ViewModels/TransactionsViewModel.swift /Users/yutaro/project-profit-ios/ProjectProfit/Views/Accounting/TrialBalanceView.swift /Users/yutaro/project-profit-ios/ProjectProfit/Application/Testing/UITestBootstrap.swift /Users/yutaro/project-profit-ios/ProjectProfit/Views/Accounting/UnclassifiedTransactionsView.swift /Users/yutaro/project-profit-ios/ProjectProfit/Core/Domain/Classification/UserRuleRepository.swift /Users/yutaro/project-profit-ios/ProjectProfit/Utilities/Utilities.swift /Users/yutaro/project-profit-ios/ProjectProfit/Application/UseCases/App/WhiteTaxBookkeepingReadSupport.swift /Users/yutaro/project-profit-ios/ProjectProfit/Views/Accounting/WhiteTaxBookkeepingView.swift /Users/yutaro/project-profit-ios/ProjectProfit/Application/UseCases/Posting/WithholdingPostingSupport.swift /Users/yutaro/project-profit-ios/ProjectProfit/Application/UseCases/Filing/WithholdingStatementQueryUseCase.swift /Users/yutaro/project-profit-ios/ProjectProfit/Views/Accounting/WithholdingStatementView.swift /Users/yutaro/project-profit-ios/ProjectProfit/ViewModels/WithholdingStatementViewModel.swift /Users/yutaro/project-profit-ios/ProjectProfit/Core/Domain/Tax/WithholdingTaxCalculator.swift /Users/yutaro/project-profit-ios/ProjectProfit/Core/Domain/Tax/WithholdingTaxCode.swift /Users/yutaro/project-profit-ios/ProjectProfit/Application/UseCases/WorkflowPersistenceSupport.swift (in target 'ProjectProfit' from project 'ProjectProfit')

SwiftCompile normal arm64 /Users/yutaro/project-profit-ios/ProjectProfit/Application/UseCases/Filing/TaxYearStateUseCase.swift (in target 'ProjectProfit' from project 'ProjectProfit')
    cd /Users/yutaro/project-profit-ios
    

SwiftCompile normal arm64 /Users/yutaro/project-profit-ios/ProjectProfit/Views/Transactions/TransactionDetailView.swift (in target 'ProjectProfit' from project 'ProjectProfit')
    cd /Users/yutaro/project-profit-ios
    

SwiftCompile normal arm64 /Users/yutaro/project-profit-ios/ProjectProfit/Views/Transactions/TransactionDocumentsView.swift (in target 'ProjectProfit' from project 'ProjectProfit')
    cd /Users/yutaro/project-profit-ios
    

SwiftCompile normal arm64 /Users/yutaro/project-profit-ios/ProjectProfit/Application/UseCases/Transactions/TransactionFormQueryUseCase.swift (in target 'ProjectProfit' from project 'ProjectProfit')
    cd /Users/yutaro/project-profit-ios
    

SwiftCompile normal arm64 /Users/yutaro/project-profit-ios/ProjectProfit/Core/Domain/Transactions/TransactionFormRepository.swift (in target 'ProjectProfit' from project 'ProjectProfit')
    cd /Users/yutaro/project-profit-ios
    

SwiftCompile normal arm64 /Users/yutaro/project-profit-ios/ProjectProfit/Views/Components/TransactionFormView.swift (in target 'ProjectProfit' from project 'ProjectProfit')
    cd /Users/yutaro/project-profit-ios
    

SwiftCompile normal arm64 /Users/yutaro/project-profit-ios/ProjectProfit/Core/Domain/Transactions/TransactionHistoryRepository.swift (in target 'ProjectProfit' from project 'ProjectProfit')
    cd /Users/yutaro/project-profit-ios
    

SwiftCompile normal arm64 /Users/yutaro/project-profit-ios/ProjectProfit/Application/UseCases/Transactions/TransactionHistoryUseCase.swift (in target 'ProjectProfit' from project 'ProjectProfit')
    cd /Users/yutaro/project-profit-ios
    

SwiftCompile normal arm64 /Users/yutaro/project-profit-ios/ProjectProfit/Views/Transactions/TransactionsView.swift (in target 'ProjectProfit' from project 'ProjectProfit')
    cd /Users/yutaro/project-profit-ios
    

SwiftCompile normal arm64 /Users/yutaro/project-profit-ios/ProjectProfit/ViewModels/TransactionsViewModel.swift (in target 'ProjectProfit' from project 'ProjectProfit')
    cd /Users/yutaro/project-profit-ios
    

SwiftCompile normal arm64 /Users/yutaro/project-profit-ios/ProjectProfit/Views/Accounting/TrialBalanceView.swift (in target 'ProjectProfit' from project 'ProjectProfit')
    cd /Users/yutaro/project-profit-ios
    

SwiftCompile normal arm64 /Users/yutaro/project-profit-ios/ProjectProfit/Application/Testing/UITestBootstrap.swift (in target 'ProjectProfit' from project 'ProjectProfit')
    cd /Users/yutaro/project-profit-ios
    

SwiftCompile normal arm64 /Users/yutaro/project-profit-ios/ProjectProfit/Views/Accounting/UnclassifiedTransactionsView.swift (in target 'ProjectProfit' from project 'ProjectProfit')
    cd /Users/yutaro/project-profit-ios
    

SwiftCompile normal arm64 /Users/yutaro/project-profit-ios/ProjectProfit/Core/Domain/Classification/UserRuleRepository.swift (in target 'ProjectProfit' from project 'ProjectProfit')
    cd /Users/yutaro/project-profit-ios
    

SwiftCompile normal arm64 /Users/yutaro/project-profit-ios/ProjectProfit/Utilities/Utilities.swift (in target 'ProjectProfit' from project 'ProjectProfit')
    cd /Users/yutaro/project-profit-ios
    

SwiftCompile normal arm64 /Users/yutaro/project-profit-ios/ProjectProfit/Application/UseCases/App/WhiteTaxBookkeepingReadSupport.swift (in target 'ProjectProfit' from project 'ProjectProfit')
    cd /Users/yutaro/project-profit-ios
    

SwiftCompile normal arm64 /Users/yutaro/project-profit-ios/ProjectProfit/Views/Accounting/WhiteTaxBookkeepingView.swift (in target 'ProjectProfit' from project 'ProjectProfit')
    cd /Users/yutaro/project-profit-ios
    

SwiftCompile normal arm64 /Users/yutaro/project-profit-ios/ProjectProfit/Application/UseCases/Posting/WithholdingPostingSupport.swift (in target 'ProjectProfit' from project 'ProjectProfit')
    cd /Users/yutaro/project-profit-ios
    

SwiftCompile normal arm64 /Users/yutaro/project-profit-ios/ProjectProfit/Application/UseCases/Filing/WithholdingStatementQueryUseCase.swift (in target 'ProjectProfit' from project 'ProjectProfit')
    cd /Users/yutaro/project-profit-ios
    

SwiftCompile normal arm64 /Users/yutaro/project-profit-ios/ProjectProfit/Views/Accounting/WithholdingStatementView.swift (in target 'ProjectProfit' from project 'ProjectProfit')
    cd /Users/yutaro/project-profit-ios
    

SwiftCompile normal arm64 /Users/yutaro/project-profit-ios/ProjectProfit/ViewModels/WithholdingStatementViewModel.swift (in target 'ProjectProfit' from project 'ProjectProfit')
    cd /Users/yutaro/project-profit-ios
    

SwiftCompile normal arm64 /Users/yutaro/project-profit-ios/ProjectProfit/Core/Domain/Tax/WithholdingTaxCalculator.swift (in target 'ProjectProfit' from project 'ProjectProfit')
    cd /Users/yutaro/project-profit-ios
    

SwiftCompile normal arm64 /Users/yutaro/project-profit-ios/ProjectProfit/Core/Domain/Tax/WithholdingTaxCode.swift (in target 'ProjectProfit' from project 'ProjectProfit')
    cd /Users/yutaro/project-profit-ios
    

SwiftCompile normal arm64 /Users/yutaro/project-profit-ios/ProjectProfit/Application/UseCases/WorkflowPersistenceSupport.swift (in target 'ProjectProfit' from project 'ProjectProfit')
    cd /Users/yutaro/project-profit-ios
    

SwiftCompile normal arm64 Compiling\ PayeeInfo.swift,\ PostingCandidate.swift,\ PostingCandidateEntity.swift,\ PostingCandidateEntityMapper.swift,\ PostingCandidateLine.swift,\ PostingIntakeStore.swift,\ PostingIntakeUseCase.swift,\ PostingSource.swift,\ PostingWorkflowUseCase.swift,\ ProfileSettingsUseCase.swift,\ ProfileSettingsView.swift,\ ProfileSettingsWorkflowUseCase.swift,\ ProfitLossView.swift,\ ProjectAllocationReprocessor.swift,\ ProjectDetailView.swift,\ ProjectDetailViewModel.swift,\ ProjectFormView.swift,\ ProjectProfitApp.swift,\ ProjectQueryRepository.swift,\ ProjectQueryUseCase.swift,\ ProjectRepository.swift,\ ProjectWorkflowStore.swift,\ ProjectWorkflowUseCase.swift,\ ProjectsView.swift /Users/yutaro/project-profit-ios/ProjectProfit/Core/Domain/Counterparties/PayeeInfo.swift /Users/yutaro/project-profit-ios/ProjectProfit/Core/Domain/Posting/PostingCandidate.swift /Users/yutaro/project-profit-ios/ProjectProfit/Infrastructure/Persistence/SwiftData/Entities/PostingCandidateEntity.swift /Users/yutaro/project-profit-ios/ProjectProfit/Application/Mappers/PostingCandidateEntityMapper.swift /Users/yutaro/project-profit-ios/ProjectProfit/Core/Domain/Posting/PostingCandidateLine.swift /Users/yutaro/project-profit-ios/ProjectProfit/Application/UseCases/Posting/PostingIntakeStore.swift /Users/yutaro/project-profit-ios/ProjectProfit/Application/UseCases/Posting/PostingIntakeUseCase.swift /Users/yutaro/project-profit-ios/ProjectProfit/Core/Domain/Posting/PostingSource.swift /Users/yutaro/project-profit-ios/ProjectProfit/Application/UseCases/Posting/PostingWorkflowUseCase.swift /Users/yutaro/project-profit-ios/ProjectProfit/Application/UseCases/Masters/ProfileSettingsUseCase.swift /Users/yutaro/project-profit-ios/ProjectProfit/Views/Settings/ProfileSettingsView.swift /Users/yutaro/project-profit-ios/ProjectProfit/Application/UseCases/Masters/ProfileSettingsWorkflowUseCase.swift /Users/yutaro/project-profit-ios/ProjectProfit/Views/Accounting/ProfitLossView.swift /Users/yutaro/project-profit-ios/ProjectProfit/Application/UseCases/Projects/ProjectAllocationReprocessor.swift /Users/yutaro/project-profit-ios/ProjectProfit/Views/Projects/ProjectDetailView.swift /Users/yutaro/project-profit-ios/ProjectProfit/ViewModels/ProjectDetailViewModel.swift /Users/yutaro/project-profit-ios/ProjectProfit/Views/Components/ProjectFormView.swift /Users/yutaro/project-profit-ios/ProjectProfit/ProjectProfitApp.swift /Users/yutaro/project-profit-ios/ProjectProfit/Core/Domain/Projects/ProjectQueryRepository.swift /Users/yutaro/project-profit-ios/ProjectProfit/Application/UseCases/Projects/ProjectQueryUseCase.swift /Users/yutaro/project-profit-ios/ProjectProfit/Core/Domain/Projects/ProjectRepository.swift /Users/yutaro/project-profit-ios/ProjectProfit/Application/UseCases/Projects/ProjectWorkflowStore.swift /Users/yutaro/project-profit-ios/ProjectProfit/Application/UseCases/Projects/ProjectWorkflowUseCase.swift /Users/yutaro/project-profit-ios/ProjectProfit/Views/Projects/ProjectsView.swift (in target 'ProjectProfit' from project 'ProjectProfit')

SwiftCompile normal arm64 /Users/yutaro/project-profit-ios/ProjectProfit/Core/Domain/Counterparties/PayeeInfo.swift (in target 'ProjectProfit' from project 'ProjectProfit')
    cd /Users/yutaro/project-profit-ios
    

SwiftCompile normal arm64 /Users/yutaro/project-profit-ios/ProjectProfit/Core/Domain/Posting/PostingCandidate.swift (in target 'ProjectProfit' from project 'ProjectProfit')
    cd /Users/yutaro/project-profit-ios
    

SwiftCompile normal arm64 /Users/yutaro/project-profit-ios/ProjectProfit/Infrastructure/Persistence/SwiftData/Entities/PostingCandidateEntity.swift (in target 'ProjectProfit' from project 'ProjectProfit')
    cd /Users/yutaro/project-profit-ios
    

SwiftCompile normal arm64 /Users/yutaro/project-profit-ios/ProjectProfit/Application/Mappers/PostingCandidateEntityMapper.swift (in target 'ProjectProfit' from project 'ProjectProfit')
    cd /Users/yutaro/project-profit-ios
    

SwiftCompile normal arm64 /Users/yutaro/project-profit-ios/ProjectProfit/Core/Domain/Posting/PostingCandidateLine.swift (in target 'ProjectProfit' from project 'ProjectProfit')
    cd /Users/yutaro/project-profit-ios
    

SwiftCompile normal arm64 /Users/yutaro/project-profit-ios/ProjectProfit/Application/UseCases/Posting/PostingIntakeStore.swift (in target 'ProjectProfit' from project 'ProjectProfit')
    cd /Users/yutaro/project-profit-ios
    

SwiftCompile normal arm64 /Users/yutaro/project-profit-ios/ProjectProfit/Application/UseCases/Posting/PostingIntakeUseCase.swift (in target 'ProjectProfit' from project 'ProjectProfit')
    cd /Users/yutaro/project-profit-ios
    

SwiftCompile normal arm64 /Users/yutaro/project-profit-ios/ProjectProfit/Core/Domain/Posting/PostingSource.swift (in target 'ProjectProfit' from project 'ProjectProfit')
    cd /Users/yutaro/project-profit-ios
    

SwiftCompile normal arm64 /Users/yutaro/project-profit-ios/ProjectProfit/Application/UseCases/Posting/PostingWorkflowUseCase.swift (in target 'ProjectProfit' from project 'ProjectProfit')
    cd /Users/yutaro/project-profit-ios
    

SwiftCompile normal arm64 /Users/yutaro/project-profit-ios/ProjectProfit/Application/UseCases/Masters/ProfileSettingsUseCase.swift (in target 'ProjectProfit' from project 'ProjectProfit')
    cd /Users/yutaro/project-profit-ios
    

SwiftCompile normal arm64 /Users/yutaro/project-profit-ios/ProjectProfit/Views/Settings/ProfileSettingsView.swift (in target 'ProjectProfit' from project 'ProjectProfit')
    cd /Users/yutaro/project-profit-ios
    

SwiftCompile normal arm64 /Users/yutaro/project-profit-ios/ProjectProfit/Application/UseCases/Masters/ProfileSettingsWorkflowUseCase.swift (in target 'ProjectProfit' from project 'ProjectProfit')
    cd /Users/yutaro/project-profit-ios
    

SwiftCompile normal arm64 /Users/yutaro/project-profit-ios/ProjectProfit/Views/Accounting/ProfitLossView.swift (in target 'ProjectProfit' from project 'ProjectProfit')
    cd /Users/yutaro/project-profit-ios
    

SwiftCompile normal arm64 /Users/yutaro/project-profit-ios/ProjectProfit/Application/UseCases/Projects/ProjectAllocationReprocessor.swift (in target 'ProjectProfit' from project 'ProjectProfit')
    cd /Users/yutaro/project-profit-ios
    

SwiftCompile normal arm64 /Users/yutaro/project-profit-ios/ProjectProfit/Views/Projects/ProjectDetailView.swift (in target 'ProjectProfit' from project 'ProjectProfit')
    cd /Users/yutaro/project-profit-ios
    

SwiftCompile normal arm64 /Users/yutaro/project-profit-ios/ProjectProfit/ViewModels/ProjectDetailViewModel.swift (in target 'ProjectProfit' from project 'ProjectProfit')
    cd /Users/yutaro/project-profit-ios
    

SwiftCompile normal arm64 /Users/yutaro/project-profit-ios/ProjectProfit/Views/Components/ProjectFormView.swift (in target 'ProjectProfit' from project 'ProjectProfit')
    cd /Users/yutaro/project-profit-ios
    

SwiftCompile normal arm64 /Users/yutaro/project-profit-ios/ProjectProfit/ProjectProfitApp.swift (in target 'ProjectProfit' from project 'ProjectProfit')
    cd /Users/yutaro/project-profit-ios
    

SwiftCompile normal arm64 /Users/yutaro/project-profit-ios/ProjectProfit/Core/Domain/Projects/ProjectQueryRepository.swift (in target 'ProjectProfit' from project 'ProjectProfit')
    cd /Users/yutaro/project-profit-ios
    

SwiftCompile normal arm64 /Users/yutaro/project-profit-ios/ProjectProfit/Application/UseCases/Projects/ProjectQueryUseCase.swift (in target 'ProjectProfit' from project 'ProjectProfit')
    cd /Users/yutaro/project-profit-ios
    

SwiftCompile normal arm64 /Users/yutaro/project-profit-ios/ProjectProfit/Core/Domain/Projects/ProjectRepository.swift (in target 'ProjectProfit' from project 'ProjectProfit')
    cd /Users/yutaro/project-profit-ios
    

SwiftCompile normal arm64 /Users/yutaro/project-profit-ios/ProjectProfit/Application/UseCases/Projects/ProjectWorkflowStore.swift (in target 'ProjectProfit' from project 'ProjectProfit')
    cd /Users/yutaro/project-profit-ios
    

SwiftCompile normal arm64 /Users/yutaro/project-profit-ios/ProjectProfit/Application/UseCases/Projects/ProjectWorkflowUseCase.swift (in target 'ProjectProfit' from project 'ProjectProfit')
    cd /Users/yutaro/project-profit-ios
    

SwiftCompile normal arm64 /Users/yutaro/project-profit-ios/ProjectProfit/Views/Projects/ProjectsView.swift (in target 'ProjectProfit' from project 'ProjectProfit')
    cd /Users/yutaro/project-profit-ios
    

SwiftDriverJobDiscovery normal arm64 Compiling SwiftDataCategoryRepository.swift, SwiftDataCounterpartyRepository.swift, SwiftDataDataRevisionRepository.swift, SwiftDataDocumentRepository.swift, SwiftDataEvidenceInboxRepository.swift, SwiftDataEvidenceRepository.swift, SwiftDataFixedAssetRepository.swift, SwiftDataFormDraftRepository.swift, SwiftDataInventoryRepository.swift, SwiftDataPostingCandidateRepository.swift, SwiftDataProjectQueryRepository.swift, SwiftDataProjectRepository.swift, SwiftDataRecurringRepository.swift, SwiftDataReportingRepository.swift, SwiftDataSettingsOverviewRepository.swift, SwiftDataStatementRepository.swift, SwiftDataTransactionFormRepository.swift, SwiftDataTransactionHistoryRepository.swift, SwiftDataUserRuleRepository.swift, TaxCode.swift, TaxLineDefinitions.swift, TaxRuleEvaluator.swift, TaxYearDefinitionLoader.swift, TaxYearPack.swift (in target 'ProjectProfit' from project 'ProjectProfit')

SwiftCompile normal arm64 Compiling\ EtaxCharacterValidator.swift /Users/yutaro/project-profit-ios/ProjectProfit/Services/EtaxCharacterValidator.swift (in target 'ProjectProfit' from project 'ProjectProfit')

SwiftCompile normal arm64 /Users/yutaro/project-profit-ios/ProjectProfit/Services/EtaxCharacterValidator.swift (in target 'ProjectProfit' from project 'ProjectProfit')
    cd /Users/yutaro/project-profit-ios
    

SwiftDriverJobDiscovery normal arm64 Compiling SearchIndexRepairVerificationError.swift, SettingsMainView.swift, SettingsMaintenanceUseCase.swift, SettingsMaintenanceWorkflowUseCase.swift, SettingsOverviewRepository.swift, SettingsOverviewUseCase.swift, SettingsView.swift, ShareImportInboxService.swift, ShushiNaiyakushoBuilder.swift, StatementImportEntity.swift, StatementImportEntityMapper.swift, StatementImportUseCase.swift, StatementLineEntity.swift, StatementLineEntityMapper.swift, StatementMatchService.swift, StatementModels.swift, StatementPDFParser.swift, StatementReconciliationQueryUseCase.swift, StatementRepository.swift, SubLedgerView.swift, SwiftDataApprovalQueueRepository.swift, SwiftDataApprovalRequestRepository.swift, SwiftDataCanonicalJournalEntryRepository.swift, SwiftDataCategoryQueryRepository.swift (in target 'ProjectProfit' from project 'ProjectProfit')

SwiftCompile normal arm64 Compiling\ TaxYearPackProviderPort.swift /Users/yutaro/project-profit-ios/ProjectProfit/Core/Domain/TaxYear/TaxYearPackProviderPort.swift (in target 'ProjectProfit' from project 'ProjectProfit')

SwiftCompile normal arm64 /Users/yutaro/project-profit-ios/ProjectProfit/Core/Domain/TaxYear/TaxYearPackProviderPort.swift (in target 'ProjectProfit' from project 'ProjectProfit')
    cd /Users/yutaro/project-profit-ios
    

SwiftDriverJobDiscovery normal arm64 Compiling EtaxCharacterValidator.swift (in target 'ProjectProfit' from project 'ProjectProfit')

SwiftCompile normal arm64 Compiling\ LedgerDataStore.swift,\ LedgerExcelExportService.swift,\ LedgerExportService.swift,\ LedgerImportCoordinator.swift,\ LedgerModels.swift,\ LedgerPDFExportService.swift,\ LedgerView.swift,\ LegacyAccountCanonicalMapper.swift,\ LegacyAccountingProfileCanonicalMapper.swift,\ LegacyProfileMigrationRunner.swift,\ LegacyProjectedJournalAssembler.swift,\ LegalDocumentLedgerView.swift,\ LegalReportLine.swift,\ LocalEvidenceSearchIndex.swift,\ LocalJournalSearchIndex.swift,\ ManualJournalFormView.swift,\ MigrationReportRunner.swift,\ ModelContainerFactory.swift,\ Models.swift,\ MonthlySummaryView.swift,\ PDFExportService.swift,\ PDFPageRenderer.swift,\ PPAccountingProfile.swift,\ PPDocumentRecord.swift /Users/yutaro/project-profit-ios/ProjectProfit/Ledger/Services/LedgerDataStore.swift /Users/yutaro/project-profit-ios/ProjectProfit/Ledger/Services/LedgerExcelExportService.swift /Users/yutaro/project-profit-ios/ProjectProfit/Ledger/Services/LedgerExportService.swift /Users/yutaro/project-profit-ios/ProjectProfit/Ledger/Services/LedgerImportCoordinator.swift /Users/yutaro/project-profit-ios/ProjectProfit/Ledger/Models/LedgerModels.swift /Users/yutaro/project-profit-ios/ProjectProfit/Ledger/Services/LedgerPDFExportService.swift /Users/yutaro/project-profit-ios/ProjectProfit/Views/Accounting/LedgerView.swift /Users/yutaro/project-profit-ios/ProjectProfit/Application/Mappers/LegacyAccountCanonicalMapper.swift /Users/yutaro/project-profit-ios/ProjectProfit/Application/Mappers/LegacyAccountingProfileCanonicalMapper.swift /Users/yutaro/project-profit-ios/ProjectProfit/Application/Migrations/LegacyProfileMigrationRunner.swift /Users/yutaro/project-profit-ios/ProjectProfit/Services/LegacyProjectedJournalAssembler.swift /Users/yutaro/project-profit-ios/ProjectProfit/Views/Accounting/LegalDocumentLedgerView.swift /Users/yutaro/project-profit-ios/ProjectProfit/Core/Domain/Accounts/LegalReportLine.swift /Users/yutaro/project-profit-ios/ProjectProfit/Infrastructure/Search/LocalEvidenceSearchIndex.swift /Users/yutaro/project-profit-ios/ProjectProfit/Infrastructure/Search/LocalJournalSearchIndex.swift /Users/yutaro/project-profit-ios/ProjectProfit/Views/Accounting/ManualJournalFormView.swift /Users/yutaro/project-profit-ios/ProjectProfit/Application/Migrations/MigrationReportRunner.swift /Users/yutaro/project-profit-ios/ProjectProfit/Infrastructure/Persistence/SwiftData/Store/ModelContainerFactory.swift /Users/yutaro/project-profit-ios/ProjectProfit/Models/Models.swift /Users/yutaro/project-profit-ios/ProjectProfit/Views/Accounting/MonthlySummaryView.swift /Users/yutaro/project-profit-ios/ProjectProfit/Services/PDFExportService.swift /Users/yutaro/project-profit-ios/ProjectProfit/Services/PDFPageRenderer.swift /Users/yutaro/project-profit-ios/ProjectProfit/Models/PPAccountingProfile.swift /Users/yutaro/project-profit-ios/ProjectProfit/Models/PPDocumentRecord.swift (in target 'ProjectProfit' from project 'ProjectProfit')

SwiftCompile normal arm64 /Users/yutaro/project-profit-ios/ProjectProfit/Ledger/Services/LedgerDataStore.swift (in target 'ProjectProfit' from project 'ProjectProfit')
    cd /Users/yutaro/project-profit-ios
    

SwiftCompile normal arm64 /Users/yutaro/project-profit-ios/ProjectProfit/Ledger/Services/LedgerExcelExportService.swift (in target 'ProjectProfit' from project 'ProjectProfit')
    cd /Users/yutaro/project-profit-ios
    

SwiftCompile normal arm64 /Users/yutaro/project-profit-ios/ProjectProfit/Ledger/Services/LedgerExportService.swift (in target 'ProjectProfit' from project 'ProjectProfit')
    cd /Users/yutaro/project-profit-ios
    

SwiftCompile normal arm64 /Users/yutaro/project-profit-ios/ProjectProfit/Ledger/Services/LedgerImportCoordinator.swift (in target 'ProjectProfit' from project 'ProjectProfit')
    cd /Users/yutaro/project-profit-ios
    

SwiftCompile normal arm64 /Users/yutaro/project-profit-ios/ProjectProfit/Ledger/Models/LedgerModels.swift (in target 'ProjectProfit' from project 'ProjectProfit')
    cd /Users/yutaro/project-profit-ios
    

SwiftCompile normal arm64 /Users/yutaro/project-profit-ios/ProjectProfit/Ledger/Services/LedgerPDFExportService.swift (in target 'ProjectProfit' from project 'ProjectProfit')
    cd /Users/yutaro/project-profit-ios
    

SwiftCompile normal arm64 /Users/yutaro/project-profit-ios/ProjectProfit/Views/Accounting/LedgerView.swift (in target 'ProjectProfit' from project 'ProjectProfit')
    cd /Users/yutaro/project-profit-ios
    

SwiftCompile normal arm64 /Users/yutaro/project-profit-ios/ProjectProfit/Application/Mappers/LegacyAccountCanonicalMapper.swift (in target 'ProjectProfit' from project 'ProjectProfit')
    cd /Users/yutaro/project-profit-ios
    

SwiftCompile normal arm64 /Users/yutaro/project-profit-ios/ProjectProfit/Application/Mappers/LegacyAccountingProfileCanonicalMapper.swift (in target 'ProjectProfit' from project 'ProjectProfit')
    cd /Users/yutaro/project-profit-ios
    

SwiftCompile normal arm64 /Users/yutaro/project-profit-ios/ProjectProfit/Application/Migrations/LegacyProfileMigrationRunner.swift (in target 'ProjectProfit' from project 'ProjectProfit')
    cd /Users/yutaro/project-profit-ios
    
/Users/yutaro/project-profit-ios/ProjectProfit/Application/Migrations/LegacyProfileMigrationRunner.swift:188:52: warning: 'PPAccountingProfile' is deprecated: Use BusinessProfile / TaxYearProfile instead. Migration-only legacy model.
    private func makeBusinessProfileEntity(legacy: PPAccountingProfile, businessId: UUID) -> BusinessProfileEntity {
                                                   ^
/Users/yutaro/project-profit-ios/ProjectProfit/Application/Migrations/LegacyProfileMigrationRunner.swift:208:51: warning: 'PPAccountingProfile' is deprecated: Use BusinessProfile / TaxYearProfile instead. Migration-only legacy model.
    private func makeTaxYearProfileEntity(legacy: PPAccountingProfile, businessId: UUID) -> TaxYearProfileEntity {
                                                  ^
/Users/yutaro/project-profit-ios/ProjectProfit/Application/Migrations/LegacyProfileMigrationRunner.swift:230:48: warning: 'PPAccountingProfile' is deprecated: Use BusinessProfile / TaxYearProfile instead. Migration-only legacy model.
    private func mapBookkeepingBasis(_ legacy: PPAccountingProfile) -> BookkeepingBasis {
                                               ^
/Users/yutaro/project-profit-ios/ProjectProfit/Application/Migrations/LegacyProfileMigrationRunner.swift:241:50: warning: 'PPAccountingProfile' is deprecated: Use BusinessProfile / TaxYearProfile instead. Migration-only legacy model.
    private func mapBlueDeductionLevel(_ legacy: PPAccountingProfile) -> BlueDeductionLevel {
                                                 ^
/Users/yutaro/project-profit-ios/ProjectProfit/Application/Migrations/LegacyProfileMigrationRunner.swift:82:51: warning: conformance of 'PPAccountingProfile' to 'PersistentModel' is deprecated: Use BusinessProfile / TaxYearProfile instead. Migration-only legacy model.
            let legacyProfiles = try modelContext.fetch(
                                                  ^
/Users/yutaro/project-profit-ios/ProjectProfit/Application/Migrations/LegacyProfileMigrationRunner.swift:83:33: warning: 'PPAccountingProfile' is deprecated: Use BusinessProfile / TaxYearProfile instead. Migration-only legacy model.
                FetchDescriptor<PPAccountingProfile>(sortBy: [SortDescriptor(\.createdAt)])
                                ^
/Users/yutaro/project-profit-ios/ProjectProfit/Application/Migrations/LegacyProfileMigrationRunner.swift:83:17: warning: conformance of 'PPAccountingProfile' to 'PersistentModel' is deprecated: Use BusinessProfile / TaxYearProfile instead. Migration-only legacy model.
                FetchDescriptor<PPAccountingProfile>(sortBy: [SortDescriptor(\.createdAt)])
                ^
/Users/yutaro/project-profit-ios/ProjectProfit/Application/Migrations/LegacyProfileMigrationRunner.swift:83:52: warning: conformance of 'PPAccountingProfile' to 'PersistentModel' is deprecated: Use BusinessProfile / TaxYearProfile instead. Migration-only legacy model.
                FetchDescriptor<PPAccountingProfile>(sortBy: [SortDescriptor(\.createdAt)])
                                                   ^
/Users/yutaro/project-profit-ios/ProjectProfit/Application/Migrations/LegacyProfileMigrationRunner.swift:147:53: warning: conformance of 'PPAccountingProfile' to 'PersistentModel' is deprecated: Use BusinessProfile / TaxYearProfile instead. Migration-only legacy model.
                legacyProfiles.forEach(modelContext.delete)
                                                    ^

SwiftCompile normal arm64 /Users/yutaro/project-profit-ios/ProjectProfit/Services/LegacyProjectedJournalAssembler.swift (in target 'ProjectProfit' from project 'ProjectProfit')
    cd /Users/yutaro/project-profit-ios
    

SwiftCompile normal arm64 /Users/yutaro/project-profit-ios/ProjectProfit/Views/Accounting/LegalDocumentLedgerView.swift (in target 'ProjectProfit' from project 'ProjectProfit')
    cd /Users/yutaro/project-profit-ios
    

SwiftCompile normal arm64 /Users/yutaro/project-profit-ios/ProjectProfit/Core/Domain/Accounts/LegalReportLine.swift (in target 'ProjectProfit' from project 'ProjectProfit')
    cd /Users/yutaro/project-profit-ios
    

SwiftCompile normal arm64 /Users/yutaro/project-profit-ios/ProjectProfit/Infrastructure/Search/LocalEvidenceSearchIndex.swift (in target 'ProjectProfit' from project 'ProjectProfit')
    cd /Users/yutaro/project-profit-ios
    

SwiftCompile normal arm64 /Users/yutaro/project-profit-ios/ProjectProfit/Infrastructure/Search/LocalJournalSearchIndex.swift (in target 'ProjectProfit' from project 'ProjectProfit')
    cd /Users/yutaro/project-profit-ios
    

SwiftCompile normal arm64 /Users/yutaro/project-profit-ios/ProjectProfit/Views/Accounting/ManualJournalFormView.swift (in target 'ProjectProfit' from project 'ProjectProfit')
    cd /Users/yutaro/project-profit-ios
    

SwiftCompile normal arm64 /Users/yutaro/project-profit-ios/ProjectProfit/Application/Migrations/MigrationReportRunner.swift (in target 'ProjectProfit' from project 'ProjectProfit')
    cd /Users/yutaro/project-profit-ios
    
/Users/yutaro/project-profit-ios/ProjectProfit/Application/Migrations/MigrationReportRunner.swift:44:28: warning: conformance of 'PPAccountingProfile' to 'PersistentModel' is deprecated: Use BusinessProfile / TaxYearProfile instead. Migration-only legacy model.
        let profiles = try fetchAll(PPAccountingProfile.self)
                           ^
/Users/yutaro/project-profit-ios/ProjectProfit/Application/Migrations/MigrationReportRunner.swift:44:37: warning: 'PPAccountingProfile' is deprecated: Use BusinessProfile / TaxYearProfile instead. Migration-only legacy model.
        let profiles = try fetchAll(PPAccountingProfile.self)
                                    ^

SwiftCompile normal arm64 /Users/yutaro/project-profit-ios/ProjectProfit/Infrastructure/Persistence/SwiftData/Store/ModelContainerFactory.swift (in target 'ProjectProfit' from project 'ProjectProfit')
    cd /Users/yutaro/project-profit-ios
    
/Users/yutaro/project-profit-ios/ProjectProfit/Infrastructure/Persistence/SwiftData/Store/ModelContainerFactory.swift:18:13: warning: conformance of 'PPAccountingProfile' to 'PersistentModel' is deprecated: Use BusinessProfile / TaxYearProfile instead. Migration-only legacy model.
            PPAccountingProfile.self, // migration-only legacy compat
            ^
/Users/yutaro/project-profit-ios/ProjectProfit/Infrastructure/Persistence/SwiftData/Store/ModelContainerFactory.swift:18:13: warning: 'PPAccountingProfile' is deprecated: Use BusinessProfile / TaxYearProfile instead. Migration-only legacy model.
            PPAccountingProfile.self, // migration-only legacy compat
            ^

SwiftCompile normal arm64 /Users/yutaro/project-profit-ios/ProjectProfit/Models/Models.swift (in target 'ProjectProfit' from project 'ProjectProfit')
    cd /Users/yutaro/project-profit-ios
    

SwiftCompile normal arm64 /Users/yutaro/project-profit-ios/ProjectProfit/Views/Accounting/MonthlySummaryView.swift (in target 'ProjectProfit' from project 'ProjectProfit')
    cd /Users/yutaro/project-profit-ios
    

SwiftCompile normal arm64 /Users/yutaro/project-profit-ios/ProjectProfit/Services/PDFExportService.swift (in target 'ProjectProfit' from project 'ProjectProfit')
    cd /Users/yutaro/project-profit-ios
    

SwiftCompile normal arm64 /Users/yutaro/project-profit-ios/ProjectProfit/Services/PDFPageRenderer.swift (in target 'ProjectProfit' from project 'ProjectProfit')
    cd /Users/yutaro/project-profit-ios
    

SwiftCompile normal arm64 /Users/yutaro/project-profit-ios/ProjectProfit/Models/PPAccountingProfile.swift (in target 'ProjectProfit' from project 'ProjectProfit')
    cd /Users/yutaro/project-profit-ios
    
/Users/yutaro/project-profit-ios/ProjectProfit/Models/PPAccountingProfile.swift:78:11: warning: 'PPAccountingProfile' is deprecated: Use BusinessProfile / TaxYearProfile instead. Migration-only legacy model.
extension PPAccountingProfile {
          ^

SwiftCompile normal arm64 /Users/yutaro/project-profit-ios/ProjectProfit/Models/PPDocumentRecord.swift (in target 'ProjectProfit' from project 'ProjectProfit')
    cd /Users/yutaro/project-profit-ios
    

SwiftDriverJobDiscovery normal arm64 Compiling TaxYearPackProviderPort.swift (in target 'ProjectProfit' from project 'ProjectProfit')

SwiftCompile normal arm64 Compiling\ FixedAssetRepository.swift,\ FixedAssetScheduleView.swift,\ FixedAssetWorkflowUseCase.swift,\ FormDraftEntity.swift,\ FormDraftEntityMapper.swift,\ FormEngine.swift,\ InputTaxDeductionCalculator.swift,\ InventoryInputView.swift,\ InventoryRepository.swift,\ InventoryViewModel.swift,\ InventoryWorkflowUseCase.swift,\ JournalBrowserView.swift,\ JournalDetailView.swift,\ JournalEntryRepository.swift,\ JournalLine.swift,\ JournalLineEntity.swift,\ JournalLineEntityMapper.swift,\ JournalListView.swift,\ JournalSearchUseCase.swift,\ JournalValidationService.swift,\ LedgerBookCreateView.swift,\ LedgerBookDetailView.swift,\ LedgerCSVImportService.swift,\ LedgerCSVImportView.swift /Users/yutaro/project-profit-ios/ProjectProfit/Core/Domain/FixedAssets/FixedAssetRepository.swift /Users/yutaro/project-profit-ios/ProjectProfit/Views/Accounting/FixedAssetScheduleView.swift /Users/yutaro/project-profit-ios/ProjectProfit/Application/UseCases/FixedAssets/FixedAssetWorkflowUseCase.swift /Users/yutaro/project-profit-ios/ProjectProfit/Infrastructure/Persistence/SwiftData/Entities/FormDraftEntity.swift /Users/yutaro/project-profit-ios/ProjectProfit/Application/Mappers/FormDraftEntityMapper.swift /Users/yutaro/project-profit-ios/ProjectProfit/Services/FormEngine.swift /Users/yutaro/project-profit-ios/ProjectProfit/Core/Domain/Tax/InputTaxDeductionCalculator.swift /Users/yutaro/project-profit-ios/ProjectProfit/Views/Accounting/InventoryInputView.swift /Users/yutaro/project-profit-ios/ProjectProfit/Core/Domain/Inventory/InventoryRepository.swift /Users/yutaro/project-profit-ios/ProjectProfit/ViewModels/InventoryViewModel.swift /Users/yutaro/project-profit-ios/ProjectProfit/Application/UseCases/Inventory/InventoryWorkflowUseCase.swift /Users/yutaro/project-profit-ios/ProjectProfit/Features/Journals/Presentation/Screens/JournalBrowserView.swift /Users/yutaro/project-profit-ios/ProjectProfit/Views/Accounting/JournalDetailView.swift /Users/yutaro/project-profit-ios/ProjectProfit/Core/Domain/Posting/JournalEntryRepository.swift /Users/yutaro/project-profit-ios/ProjectProfit/Core/Domain/Posting/JournalLine.swift /Users/yutaro/project-profit-ios/ProjectProfit/Infrastructure/Persistence/SwiftData/Entities/JournalLineEntity.swift /Users/yutaro/project-profit-ios/ProjectProfit/Application/Mappers/JournalLineEntityMapper.swift /Users/yutaro/project-profit-ios/ProjectProfit/Views/Accounting/JournalListView.swift /Users/yutaro/project-profit-ios/ProjectProfit/Application/UseCases/Journals/JournalSearchUseCase.swift /Users/yutaro/project-profit-ios/ProjectProfit/Services/JournalValidationService.swift /Users/yutaro/project-profit-ios/ProjectProfit/Ledger/Views/LedgerBookCreateView.swift /Users/yutaro/project-profit-ios/ProjectProfit/Ledger/Views/LedgerBookDetailView.swift /Users/yutaro/project-profit-ios/ProjectProfit/Ledger/Services/LedgerCSVImportService.swift /Users/yutaro/project-profit-ios/ProjectProfit/Ledger/Views/LedgerCSVImportView.swift (in target 'ProjectProfit' from project 'ProjectProfit')

SwiftCompile normal arm64 /Users/yutaro/project-profit-ios/ProjectProfit/Core/Domain/FixedAssets/FixedAssetRepository.swift (in target 'ProjectProfit' from project 'ProjectProfit')
    cd /Users/yutaro/project-profit-ios
    

SwiftCompile normal arm64 /Users/yutaro/project-profit-ios/ProjectProfit/Views/Accounting/FixedAssetScheduleView.swift (in target 'ProjectProfit' from project 'ProjectProfit')
    cd /Users/yutaro/project-profit-ios
    

SwiftCompile normal arm64 /Users/yutaro/project-profit-ios/ProjectProfit/Application/UseCases/FixedAssets/FixedAssetWorkflowUseCase.swift (in target 'ProjectProfit' from project 'ProjectProfit')
    cd /Users/yutaro/project-profit-ios
    

SwiftCompile normal arm64 /Users/yutaro/project-profit-ios/ProjectProfit/Infrastructure/Persistence/SwiftData/Entities/FormDraftEntity.swift (in target 'ProjectProfit' from project 'ProjectProfit')
    cd /Users/yutaro/project-profit-ios
    

SwiftCompile normal arm64 /Users/yutaro/project-profit-ios/ProjectProfit/Application/Mappers/FormDraftEntityMapper.swift (in target 'ProjectProfit' from project 'ProjectProfit')
    cd /Users/yutaro/project-profit-ios
    

SwiftCompile normal arm64 /Users/yutaro/project-profit-ios/ProjectProfit/Services/FormEngine.swift (in target 'ProjectProfit' from project 'ProjectProfit')
    cd /Users/yutaro/project-profit-ios
    

SwiftCompile normal arm64 /Users/yutaro/project-profit-ios/ProjectProfit/Core/Domain/Tax/InputTaxDeductionCalculator.swift (in target 'ProjectProfit' from project 'ProjectProfit')
    cd /Users/yutaro/project-profit-ios
    

SwiftCompile normal arm64 /Users/yutaro/project-profit-ios/ProjectProfit/Views/Accounting/InventoryInputView.swift (in target 'ProjectProfit' from project 'ProjectProfit')
    cd /Users/yutaro/project-profit-ios
    

SwiftCompile normal arm64 /Users/yutaro/project-profit-ios/ProjectProfit/Core/Domain/Inventory/InventoryRepository.swift (in target 'ProjectProfit' from project 'ProjectProfit')
    cd /Users/yutaro/project-profit-ios
    

SwiftCompile normal arm64 /Users/yutaro/project-profit-ios/ProjectProfit/ViewModels/InventoryViewModel.swift (in target 'ProjectProfit' from project 'ProjectProfit')
    cd /Users/yutaro/project-profit-ios
    

SwiftCompile normal arm64 /Users/yutaro/project-profit-ios/ProjectProfit/Application/UseCases/Inventory/InventoryWorkflowUseCase.swift (in target 'ProjectProfit' from project 'ProjectProfit')
    cd /Users/yutaro/project-profit-ios
    

SwiftCompile normal arm64 /Users/yutaro/project-profit-ios/ProjectProfit/Features/Journals/Presentation/Screens/JournalBrowserView.swift (in target 'ProjectProfit' from project 'ProjectProfit')
    cd /Users/yutaro/project-profit-ios
    

SwiftCompile normal arm64 /Users/yutaro/project-profit-ios/ProjectProfit/Views/Accounting/JournalDetailView.swift (in target 'ProjectProfit' from project 'ProjectProfit')
    cd /Users/yutaro/project-profit-ios
    

SwiftCompile normal arm64 /Users/yutaro/project-profit-ios/ProjectProfit/Core/Domain/Posting/JournalEntryRepository.swift (in target 'ProjectProfit' from project 'ProjectProfit')
    cd /Users/yutaro/project-profit-ios
    

SwiftCompile normal arm64 /Users/yutaro/project-profit-ios/ProjectProfit/Core/Domain/Posting/JournalLine.swift (in target 'ProjectProfit' from project 'ProjectProfit')
    cd /Users/yutaro/project-profit-ios
    

SwiftCompile normal arm64 /Users/yutaro/project-profit-ios/ProjectProfit/Infrastructure/Persistence/SwiftData/Entities/JournalLineEntity.swift (in target 'ProjectProfit' from project 'ProjectProfit')
    cd /Users/yutaro/project-profit-ios
    

SwiftCompile normal arm64 /Users/yutaro/project-profit-ios/ProjectProfit/Application/Mappers/JournalLineEntityMapper.swift (in target 'ProjectProfit' from project 'ProjectProfit')
    cd /Users/yutaro/project-profit-ios
    

SwiftCompile normal arm64 /Users/yutaro/project-profit-ios/ProjectProfit/Views/Accounting/JournalListView.swift (in target 'ProjectProfit' from project 'ProjectProfit')
    cd /Users/yutaro/project-profit-ios
    

SwiftCompile normal arm64 /Users/yutaro/project-profit-ios/ProjectProfit/Application/UseCases/Journals/JournalSearchUseCase.swift (in target 'ProjectProfit' from project 'ProjectProfit')
    cd /Users/yutaro/project-profit-ios
    

SwiftCompile normal arm64 /Users/yutaro/project-profit-ios/ProjectProfit/Services/JournalValidationService.swift (in target 'ProjectProfit' from project 'ProjectProfit')
    cd /Users/yutaro/project-profit-ios
    

SwiftCompile normal arm64 /Users/yutaro/project-profit-ios/ProjectProfit/Ledger/Views/LedgerBookCreateView.swift (in target 'ProjectProfit' from project 'ProjectProfit')
    cd /Users/yutaro/project-profit-ios
    

SwiftCompile normal arm64 /Users/yutaro/project-profit-ios/ProjectProfit/Ledger/Views/LedgerBookDetailView.swift (in target 'ProjectProfit' from project 'ProjectProfit')
    cd /Users/yutaro/project-profit-ios
    

SwiftCompile normal arm64 /Users/yutaro/project-profit-ios/ProjectProfit/Ledger/Services/LedgerCSVImportService.swift (in target 'ProjectProfit' from project 'ProjectProfit')
    cd /Users/yutaro/project-profit-ios
    

SwiftCompile normal arm64 /Users/yutaro/project-profit-ios/ProjectProfit/Ledger/Views/LedgerCSVImportView.swift (in target 'ProjectProfit' from project 'ProjectProfit')
    cd /Users/yutaro/project-profit-ios
    

SwiftDriverJobDiscovery normal arm64 Emitting module for ProjectProfit (in target 'ProjectProfit' from project 'ProjectProfit')

SwiftDriver\ Compilation\ Requirements ProjectProfit normal arm64 com.apple.xcode.tools.swift.compiler (in target 'ProjectProfit' from project 'ProjectProfit')
    cd /Users/yutaro/project-profit-ios
    builtin-Swift-Compilation-Requirements -- /Applications/Xcode-26.3.app/Contents/Developer/Toolchains/XcodeDefault.xctoolchain/usr/bin/swiftc -module-name ProjectProfit -Onone -enforce-exclusivity\=checked @/Users/yutaro/project-profit-ios/artifacts/release-quality/books/DerivedData/Build/Intermediates.noindex/ProjectProfit.build/Debug-iphonesimulator/ProjectProfit.build/Objects-normal/arm64/ProjectProfit.SwiftFileList -DDEBUG -Xcc -fmodule-map-file\=/Users/yutaro/project-profit-ios/artifacts/release-quality/books/DerivedData/Build/Intermediates.noindex/GeneratedModuleMaps-iphonesimulator/libxlsxwriter.modulemap -Xfrontend -solver-expression-time-threshold\=60 -enable-bare-slash-regex -enable-experimental-feature DebugDescriptionMacro -sdk /Applications/Xcode-26.3.app/Contents/Developer/Platforms/iPhoneSimulator.platform/Developer/SDKs/iPhoneSimulator26.2.sdk -target arm64-apple-ios17.0-simulator -g -module-cache-path /Users/yutaro/project-profit-ios/artifacts/release-quality/books/DerivedData/ModuleCache.noindex -Xfrontend -serialize-debugging-options -profile-coverage-mapping -profile-generate -enable-testing -index-store-path /Users/yutaro/project-profit-ios/artifacts/release-quality/books/DerivedData/Index.noindex/DataStore -Xcc -D_LIBCPP_HARDENING_MODE\=_LIBCPP_HARDENING_MODE_DEBUG -swift-version 5 -I /Users/yutaro/project-profit-ios/artifacts/release-quality/books/DerivedData/Build/Products/Debug-iphonesimulator -I /Users/yutaro/project-profit-ios/ProjectProfit/Ledger/Bridge/xlsxwriter -F /Users/yutaro/project-profit-ios/artifacts/release-quality/books/DerivedData/Build/Products/Debug-iphonesimulator/PackageFrameworks -F /Users/yutaro/project-profit-ios/artifacts/release-quality/books/DerivedData/Build/Products/Debug-iphonesimulator -c -j8 -enable-batch-mode -incremental -Xcc -ivfsstatcache -Xcc /Users/yutaro/project-profit-ios/artifacts/release-quality/books/DerivedData/SDKStatCaches.noindex/iphonesimulator26.2-23C57-91db6bf2b9df79783d042ed3cc29a58e.sdkstatcache -output-file-map /Users/yutaro/project-profit-ios/artifacts/release-quality/books/DerivedData/Build/Intermediates.noindex/ProjectProfit.build/Debug-iphonesimulator/ProjectProfit.build/Objects-normal/arm64/ProjectProfit-OutputFileMap.json -use-frontend-parseable-output -save-temps -no-color-diagnostics -explicit-module-build -module-cache-path /Users/yutaro/project-profit-ios/artifacts/release-quality/books/DerivedData/Build/Intermediates.noindex/SwiftExplicitPrecompiledModules -clang-scanner-module-cache-path /Users/yutaro/project-profit-ios/artifacts/release-quality/books/DerivedData/ModuleCache.noindex -sdk-module-cache-path /Users/yutaro/project-profit-ios/artifacts/release-quality/books/DerivedData/ModuleCache.noindex -serialize-diagnostics -emit-dependencies -emit-module -emit-module-path /Users/yutaro/project-profit-ios/artifacts/release-quality/books/DerivedData/Build/Intermediates.noindex/ProjectProfit.build/Debug-iphonesimulator/ProjectProfit.build/Objects-normal/arm64/ProjectProfit.swiftmodule -validate-clang-modules-once -clang-build-session-file /Users/yutaro/project-profit-ios/artifacts/release-quality/books/DerivedData/ModuleCache.noindex/Session.modulevalidation -Xcc -I/Users/yutaro/project-profit-ios/artifacts/release-quality/books/DerivedData/Build/Intermediates.noindex/ProjectProfit.build/Debug-iphonesimulator/ProjectProfit.build/swift-overrides.hmap -emit-const-values -Xfrontend -const-gather-protocols-file -Xfrontend /Users/yutaro/project-profit-ios/artifacts/release-quality/books/DerivedData/Build/Intermediates.noindex/ProjectProfit.build/Debug-iphonesimulator/ProjectProfit.build/Objects-normal/arm64/ProjectProfit_const_extract_protocols.json -Xcc -iquote -Xcc /Users/yutaro/project-profit-ios/artifacts/release-quality/books/DerivedData/Build/Intermediates.noindex/ProjectProfit.build/Debug-iphonesimulator/ProjectProfit.build/ProjectProfit-generated-files.hmap -Xcc -I/Users/yutaro/project-profit-ios/artifacts/release-quality/books/DerivedData/Build/Intermediates.noindex/ProjectProfit.build/Debug-iphonesimulator/ProjectProfit.build/ProjectProfit-own-target-headers.hmap -Xcc -I/Users/yutaro/project-profit-ios/artifacts/release-quality/books/DerivedData/Build/Intermediates.noindex/ProjectProfit.build/Debug-iphonesimulator/ProjectProfit.build/ProjectProfit-all-non-framework-target-headers.hmap -Xcc -ivfsoverlay -Xcc /Users/yutaro/project-profit-ios/artifacts/release-quality/books/DerivedData/Build/Intermediates.noindex/ProjectProfit.build/Debug-iphonesimulator/ProjectProfit-bc30635a8cb06e5d3ecf94d8d93f544c-VFS-iphonesimulator/all-product-headers.yaml -Xcc -iquote -Xcc /Users/yutaro/project-profit-ios/artifacts/release-quality/books/DerivedData/Build/Intermediates.noindex/ProjectProfit.build/Debug-iphonesimulator/ProjectProfit.build/ProjectProfit-project-headers.hmap -Xcc -I/Users/yutaro/project-profit-ios/artifacts/release-quality/books/DerivedData/SourcePackages/checkouts/libxlsxwriter/include -Xcc -I/Users/yutaro/project-profit-ios/artifacts/release-quality/books/DerivedData/Build/Products/Debug-iphonesimulator/include -Xcc -I/Users/yutaro/project-profit-ios/artifacts/release-quality/books/DerivedData/SourcePackages/checkouts/libxlsxwriter/include -Xcc -I/Users/yutaro/project-profit-ios/artifacts/release-quality/books/DerivedData/Build/Intermediates.noindex/ProjectProfit.build/Debug-iphonesimulator/ProjectProfit.build/DerivedSources-normal/arm64 -Xcc -I/Users/yutaro/project-profit-ios/artifacts/release-quality/books/DerivedData/Build/Intermediates.noindex/ProjectProfit.build/Debug-iphonesimulator/ProjectProfit.build/DerivedSources/arm64 -Xcc -I/Users/yutaro/project-profit-ios/artifacts/release-quality/books/DerivedData/Build/Intermediates.noindex/ProjectProfit.build/Debug-iphonesimulator/ProjectProfit.build/DerivedSources -Xcc -DDEBUG\=1 -emit-objc-header -emit-objc-header-path /Users/yutaro/project-profit-ios/artifacts/release-quality/books/DerivedData/Build/Intermediates.noindex/ProjectProfit.build/Debug-iphonesimulator/ProjectProfit.build/Objects-normal/arm64/ProjectProfit-Swift.h -working-directory /Users/yutaro/project-profit-ios -experimental-emit-module-separately -disable-cmo

SwiftDriverJobDiscovery normal arm64 Compiling DistributionTemplateManagementQueryUseCase.swift, DistributionTemplateSettingsView.swift, DocumentRepository.swift, DocumentWorkflowUseCase.swift, EtaxExportView.swift, EtaxExportViewModel.swift, EtaxFieldPopulator.swift, EtaxModels.swift, EtaxXtxExporter.swift, EvidenceInboxQueryUseCase.swift, EvidenceInboxRepository.swift, EvidenceInboxView.swift, EvidenceSourceType.swift, ExportCoordinator.swift, ExportMenuButton.swift, FeatureFlags.swift, FilingDashboardQueryUseCase.swift, FilingDashboardView.swift, FilingPreflightUseCase.swift, FilterView.swift, FiscalYearUtilities.swift, FixedAssetDetailView.swift, FixedAssetFormView.swift, FixedAssetListView.swift (in target 'ProjectProfit' from project 'ProjectProfit')

SwiftCompile normal arm64 Compiling\ BundledTaxYearPackProvider.swift,\ CSVExportService.swift,\ CSVImportService.swift,\ CanonicalBookService.swift,\ CanonicalJSONCoder.swift,\ CanonicalPostingEngine.swift,\ CanonicalPostingSupport.swift,\ CanonicalRepositoryError.swift,\ CanonicalTransactionDisplayBuilder.swift,\ CanonicalTransactionDisplayItem.swift,\ CanonicalTransactionListItem.swift,\ CanonicalTransactionReadOnlyDetailView.swift,\ CashBasisReturnBuilder.swift,\ CategoryAccountMappingView.swift,\ CategoryListView.swift,\ CategoryManageView.swift,\ CategoryQueryRepository.swift,\ CategoryQueryUseCase.swift,\ CategoryRepository.swift,\ CategoryWorkflowUseCase.swift,\ ChartOfAccountsUseCase.swift,\ ChartOfAccountsView.swift,\ ClassificationEngine.swift,\ ClassificationLearningService.swift,\ ClassificationViewModel.swift /Users/yutaro/project-profit-ios/ProjectProfit/Infrastructure/TaxYearPack/BundledTaxYearPackProvider.swift /Users/yutaro/project-profit-ios/ProjectProfit/Services/CSVExportService.swift /Users/yutaro/project-profit-ios/ProjectProfit/Ledger/Services/CSVImportService.swift /Users/yutaro/project-profit-ios/ProjectProfit/Services/CanonicalBookService.swift /Users/yutaro/project-profit-ios/ProjectProfit/Application/Mappers/CanonicalJSONCoder.swift /Users/yutaro/project-profit-ios/ProjectProfit/Application/UseCases/Posting/CanonicalPostingEngine.swift /Users/yutaro/project-profit-ios/ProjectProfit/Application/UseCases/Posting/CanonicalPostingSupport.swift /Users/yutaro/project-profit-ios/ProjectProfit/Infrastructure/Persistence/SwiftData/Repositories/CanonicalRepositoryError.swift /Users/yutaro/project-profit-ios/ProjectProfit/Infrastructure/Persistence/SwiftData/Repositories/CanonicalTransactionDisplayBuilder.swift /Users/yutaro/project-profit-ios/ProjectProfit/Core/Domain/Transactions/CanonicalTransactionDisplayItem.swift /Users/yutaro/project-profit-ios/ProjectProfit/ViewModels/CanonicalTransactionListItem.swift /Users/yutaro/project-profit-ios/ProjectProfit/Views/Transactions/CanonicalTransactionReadOnlyDetailView.swift /Users/yutaro/project-profit-ios/ProjectProfit/Services/CashBasisReturnBuilder.swift /Users/yutaro/project-profit-ios/ProjectProfit/Views/Accounting/CategoryAccountMappingView.swift /Users/yutaro/project-profit-ios/ProjectProfit/Features/Masters/Categories/Presentation/Screens/CategoryListView.swift /Users/yutaro/project-profit-ios/ProjectProfit/Views/Components/CategoryManageView.swift /Users/yutaro/project-profit-ios/ProjectProfit/Core/Domain/Categories/CategoryQueryRepository.swift /Users/yutaro/project-profit-ios/ProjectProfit/Application/UseCases/Masters/CategoryQueryUseCase.swift /Users/yutaro/project-profit-ios/ProjectProfit/Core/Domain/Categories/CategoryRepository.swift /Users/yutaro/project-profit-ios/ProjectProfit/Application/UseCases/Masters/CategoryWorkflowUseCase.swift /Users/yutaro/project-profit-ios/ProjectProfit/Application/UseCases/Masters/ChartOfAccountsUseCase.swift /Users/yutaro/project-profit-ios/ProjectProfit/Views/Accounting/ChartOfAccountsView.swift /Users/yutaro/project-profit-ios/ProjectProfit/Services/ClassificationEngine.swift /Users/yutaro/project-profit-ios/ProjectProfit/Services/ClassificationLearningService.swift /Users/yutaro/project-profit-ios/ProjectProfit/ViewModels/ClassificationViewModel.swift (in target 'ProjectProfit' from project 'ProjectProfit')

SwiftCompile normal arm64 /Users/yutaro/project-profit-ios/ProjectProfit/Infrastructure/TaxYearPack/BundledTaxYearPackProvider.swift (in target 'ProjectProfit' from project 'ProjectProfit')
    cd /Users/yutaro/project-profit-ios
    

SwiftCompile normal arm64 /Users/yutaro/project-profit-ios/ProjectProfit/Services/CSVExportService.swift (in target 'ProjectProfit' from project 'ProjectProfit')
    cd /Users/yutaro/project-profit-ios
    

SwiftCompile normal arm64 /Users/yutaro/project-profit-ios/ProjectProfit/Ledger/Services/CSVImportService.swift (in target 'ProjectProfit' from project 'ProjectProfit')
    cd /Users/yutaro/project-profit-ios
    

SwiftCompile normal arm64 /Users/yutaro/project-profit-ios/ProjectProfit/Services/CanonicalBookService.swift (in target 'ProjectProfit' from project 'ProjectProfit')
    cd /Users/yutaro/project-profit-ios
    

SwiftCompile normal arm64 /Users/yutaro/project-profit-ios/ProjectProfit/Application/Mappers/CanonicalJSONCoder.swift (in target 'ProjectProfit' from project 'ProjectProfit')
    cd /Users/yutaro/project-profit-ios
    

SwiftCompile normal arm64 /Users/yutaro/project-profit-ios/ProjectProfit/Application/UseCases/Posting/CanonicalPostingEngine.swift (in target 'ProjectProfit' from project 'ProjectProfit')
    cd /Users/yutaro/project-profit-ios
    

SwiftCompile normal arm64 /Users/yutaro/project-profit-ios/ProjectProfit/Application/UseCases/Posting/CanonicalPostingSupport.swift (in target 'ProjectProfit' from project 'ProjectProfit')
    cd /Users/yutaro/project-profit-ios
    

SwiftCompile normal arm64 /Users/yutaro/project-profit-ios/ProjectProfit/Infrastructure/Persistence/SwiftData/Repositories/CanonicalRepositoryError.swift (in target 'ProjectProfit' from project 'ProjectProfit')
    cd /Users/yutaro/project-profit-ios
    

SwiftCompile normal arm64 /Users/yutaro/project-profit-ios/ProjectProfit/Infrastructure/Persistence/SwiftData/Repositories/CanonicalTransactionDisplayBuilder.swift (in target 'ProjectProfit' from project 'ProjectProfit')
    cd /Users/yutaro/project-profit-ios
    

SwiftCompile normal arm64 /Users/yutaro/project-profit-ios/ProjectProfit/Core/Domain/Transactions/CanonicalTransactionDisplayItem.swift (in target 'ProjectProfit' from project 'ProjectProfit')
    cd /Users/yutaro/project-profit-ios
    

SwiftCompile normal arm64 /Users/yutaro/project-profit-ios/ProjectProfit/ViewModels/CanonicalTransactionListItem.swift (in target 'ProjectProfit' from project 'ProjectProfit')
    cd /Users/yutaro/project-profit-ios
    

SwiftCompile normal arm64 /Users/yutaro/project-profit-ios/ProjectProfit/Views/Transactions/CanonicalTransactionReadOnlyDetailView.swift (in target 'ProjectProfit' from project 'ProjectProfit')
    cd /Users/yutaro/project-profit-ios
    

SwiftCompile normal arm64 /Users/yutaro/project-profit-ios/ProjectProfit/Services/CashBasisReturnBuilder.swift (in target 'ProjectProfit' from project 'ProjectProfit')
    cd /Users/yutaro/project-profit-ios
    

SwiftCompile normal arm64 /Users/yutaro/project-profit-ios/ProjectProfit/Views/Accounting/CategoryAccountMappingView.swift (in target 'ProjectProfit' from project 'ProjectProfit')
    cd /Users/yutaro/project-profit-ios
    

SwiftCompile normal arm64 /Users/yutaro/project-profit-ios/ProjectProfit/Features/Masters/Categories/Presentation/Screens/CategoryListView.swift (in target 'ProjectProfit' from project 'ProjectProfit')
    cd /Users/yutaro/project-profit-ios
    

SwiftCompile normal arm64 /Users/yutaro/project-profit-ios/ProjectProfit/Views/Components/CategoryManageView.swift (in target 'ProjectProfit' from project 'ProjectProfit')
    cd /Users/yutaro/project-profit-ios
    

SwiftCompile normal arm64 /Users/yutaro/project-profit-ios/ProjectProfit/Core/Domain/Categories/CategoryQueryRepository.swift (in target 'ProjectProfit' from project 'ProjectProfit')
    cd /Users/yutaro/project-profit-ios
    

SwiftCompile normal arm64 /Users/yutaro/project-profit-ios/ProjectProfit/Application/UseCases/Masters/CategoryQueryUseCase.swift (in target 'ProjectProfit' from project 'ProjectProfit')
    cd /Users/yutaro/project-profit-ios
    

SwiftCompile normal arm64 /Users/yutaro/project-profit-ios/ProjectProfit/Core/Domain/Categories/CategoryRepository.swift (in target 'ProjectProfit' from project 'ProjectProfit')
    cd /Users/yutaro/project-profit-ios
    

SwiftCompile normal arm64 /Users/yutaro/project-profit-ios/ProjectProfit/Application/UseCases/Masters/CategoryWorkflowUseCase.swift (in target 'ProjectProfit' from project 'ProjectProfit')
    cd /Users/yutaro/project-profit-ios
    

SwiftCompile normal arm64 /Users/yutaro/project-profit-ios/ProjectProfit/Application/UseCases/Masters/ChartOfAccountsUseCase.swift (in target 'ProjectProfit' from project 'ProjectProfit')
    cd /Users/yutaro/project-profit-ios
    

SwiftCompile normal arm64 /Users/yutaro/project-profit-ios/ProjectProfit/Views/Accounting/ChartOfAccountsView.swift (in target 'ProjectProfit' from project 'ProjectProfit')
    cd /Users/yutaro/project-profit-ios
    

SwiftCompile normal arm64 /Users/yutaro/project-profit-ios/ProjectProfit/Services/ClassificationEngine.swift (in target 'ProjectProfit' from project 'ProjectProfit')
    cd /Users/yutaro/project-profit-ios
    

SwiftCompile normal arm64 /Users/yutaro/project-profit-ios/ProjectProfit/Services/ClassificationLearningService.swift (in target 'ProjectProfit' from project 'ProjectProfit')
    cd /Users/yutaro/project-profit-ios
    

SwiftCompile normal arm64 /Users/yutaro/project-profit-ios/ProjectProfit/ViewModels/ClassificationViewModel.swift (in target 'ProjectProfit' from project 'ProjectProfit')
    cd /Users/yutaro/project-profit-ios
    

Copy /Users/yutaro/project-profit-ios/artifacts/release-quality/books/DerivedData/Build/Products/Debug-iphonesimulator/ProjectProfit.swiftmodule/arm64-apple-ios-simulator.swiftmodule /Users/yutaro/project-profit-ios/artifacts/release-quality/books/DerivedData/Build/Intermediates.noindex/ProjectProfit.build/Debug-iphonesimulator/ProjectProfit.build/Objects-normal/arm64/ProjectProfit.swiftmodule (in target 'ProjectProfit' from project 'ProjectProfit')
    cd /Users/yutaro/project-profit-ios
    builtin-copy -exclude .DS_Store -exclude CVS -exclude .svn -exclude .git -exclude .hg -resolve-src-symlinks -rename /Users/yutaro/project-profit-ios/artifacts/release-quality/books/DerivedData/Build/Intermediates.noindex/ProjectProfit.build/Debug-iphonesimulator/ProjectProfit.build/Objects-normal/arm64/ProjectProfit.swiftmodule /Users/yutaro/project-profit-ios/artifacts/release-quality/books/DerivedData/Build/Products/Debug-iphonesimulator/ProjectProfit.swiftmodule/arm64-apple-ios-simulator.swiftmodule

SwiftDriverJobDiscovery normal arm64 Compiling PayeeInfo.swift, PostingCandidate.swift, PostingCandidateEntity.swift, PostingCandidateEntityMapper.swift, PostingCandidateLine.swift, PostingIntakeStore.swift, PostingIntakeUseCase.swift, PostingSource.swift, PostingWorkflowUseCase.swift, ProfileSettingsUseCase.swift, ProfileSettingsView.swift, ProfileSettingsWorkflowUseCase.swift, ProfitLossView.swift, ProjectAllocationReprocessor.swift, ProjectDetailView.swift, ProjectDetailViewModel.swift, ProjectFormView.swift, ProjectProfitApp.swift, ProjectQueryRepository.swift, ProjectQueryUseCase.swift, ProjectRepository.swift, ProjectWorkflowStore.swift, ProjectWorkflowUseCase.swift, ProjectsView.swift (in target 'ProjectProfit' from project 'ProjectProfit')

Copy /Users/yutaro/project-profit-ios/artifacts/release-quality/books/DerivedData/Build/Products/Debug-iphonesimulator/ProjectProfit.swiftmodule/arm64-apple-ios-simulator.swiftdoc /Users/yutaro/project-profit-ios/artifacts/release-quality/books/DerivedData/Build/Intermediates.noindex/ProjectProfit.build/Debug-iphonesimulator/ProjectProfit.build/Objects-normal/arm64/ProjectProfit.swiftdoc (in target 'ProjectProfit' from project 'ProjectProfit')
    cd /Users/yutaro/project-profit-ios
    builtin-copy -exclude .DS_Store -exclude CVS -exclude .svn -exclude .git -exclude .hg -resolve-src-symlinks -rename /Users/yutaro/project-profit-ios/artifacts/release-quality/books/DerivedData/Build/Intermediates.noindex/ProjectProfit.build/Debug-iphonesimulator/ProjectProfit.build/Objects-normal/arm64/ProjectProfit.swiftdoc /Users/yutaro/project-profit-ios/artifacts/release-quality/books/DerivedData/Build/Products/Debug-iphonesimulator/ProjectProfit.swiftmodule/arm64-apple-ios-simulator.swiftdoc

Copy /Users/yutaro/project-profit-ios/artifacts/release-quality/books/DerivedData/Build/Products/Debug-iphonesimulator/ProjectProfit.swiftmodule/arm64-apple-ios-simulator.abi.json /Users/yutaro/project-profit-ios/artifacts/release-quality/books/DerivedData/Build/Intermediates.noindex/ProjectProfit.build/Debug-iphonesimulator/ProjectProfit.build/Objects-normal/arm64/ProjectProfit.abi.json (in target 'ProjectProfit' from project 'ProjectProfit')
    cd /Users/yutaro/project-profit-ios
    builtin-copy -exclude .DS_Store -exclude CVS -exclude .svn -exclude .git -exclude .hg -resolve-src-symlinks -rename /Users/yutaro/project-profit-ios/artifacts/release-quality/books/DerivedData/Build/Intermediates.noindex/ProjectProfit.build/Debug-iphonesimulator/ProjectProfit.build/Objects-normal/arm64/ProjectProfit.abi.json /Users/yutaro/project-profit-ios/artifacts/release-quality/books/DerivedData/Build/Products/Debug-iphonesimulator/ProjectProfit.swiftmodule/arm64-apple-ios-simulator.abi.json

Copy /Users/yutaro/project-profit-ios/artifacts/release-quality/books/DerivedData/Build/Products/Debug-iphonesimulator/ProjectProfit.swiftmodule/Project/arm64-apple-ios-simulator.swiftsourceinfo /Users/yutaro/project-profit-ios/artifacts/release-quality/books/DerivedData/Build/Intermediates.noindex/ProjectProfit.build/Debug-iphonesimulator/ProjectProfit.build/Objects-normal/arm64/ProjectProfit.swiftsourceinfo (in target 'ProjectProfit' from project 'ProjectProfit')
    cd /Users/yutaro/project-profit-ios
    builtin-copy -exclude .DS_Store -exclude CVS -exclude .svn -exclude .git -exclude .hg -resolve-src-symlinks -rename /Users/yutaro/project-profit-ios/artifacts/release-quality/books/DerivedData/Build/Intermediates.noindex/ProjectProfit.build/Debug-iphonesimulator/ProjectProfit.build/Objects-normal/arm64/ProjectProfit.swiftsourceinfo /Users/yutaro/project-profit-ios/artifacts/release-quality/books/DerivedData/Build/Products/Debug-iphonesimulator/ProjectProfit.swiftmodule/Project/arm64-apple-ios-simulator.swiftsourceinfo

SwiftCompile normal arm64 Compiling\ DataStore+FixedAsset.swift /Users/yutaro/project-profit-ios/ProjectProfit/Services/DataStore+FixedAsset.swift (in target 'ProjectProfit' from project 'ProjectProfit')

SwiftCompile normal arm64 /Users/yutaro/project-profit-ios/ProjectProfit/Services/DataStore+FixedAsset.swift (in target 'ProjectProfit' from project 'ProjectProfit')
    cd /Users/yutaro/project-profit-ios
    

SwiftCompile normal arm64 Compiling\ NotificationSettingsView.swift /Users/yutaro/project-profit-ios/ProjectProfit/Views/Components/NotificationSettingsView.swift (in target 'ProjectProfit' from project 'ProjectProfit')

SwiftCompile normal arm64 /Users/yutaro/project-profit-ios/ProjectProfit/Views/Components/NotificationSettingsView.swift (in target 'ProjectProfit' from project 'ProjectProfit')
    cd /Users/yutaro/project-profit-ios
    

SwiftDriverJobDiscovery normal arm64 Compiling ClosingEntryView.swift, ClosingWorkflowUseCase.swift, ConsumptionTaxReportService.swift, ConsumptionTaxWorksheet.swift, ContentView.swift, Counterparty.swift, CounterpartyEntity.swift, CounterpartyEntityMapper.swift, CounterpartyFormView.swift, CounterpartyListView.swift, DashboardView.swift, DashboardViewModel.swift, DataRevisionQueryUseCase.swift, DataRevisionRepository.swift, DataStore+Accounting.swift, DataStore+Documents.swift, DataStore+Inventory.swift, DataStore+MonthlySummary.swift, DataStore+SubLedger.swift, DataStore+YearLock.swift, DataStore.swift, DistributionRule.swift, DistributionTemplateApplicationUseCase.swift, DistributionTemplateListView.swift (in target 'ProjectProfit' from project 'ProjectProfit')

SwiftCompile normal arm64 Compiling\ DataStore+ProfileMigration.swift /Users/yutaro/project-profit-ios/ProjectProfit/Services/DataStore+ProfileMigration.swift (in target 'ProjectProfit' from project 'ProjectProfit')

SwiftCompile normal arm64 /Users/yutaro/project-profit-ios/ProjectProfit/Services/DataStore+ProfileMigration.swift (in target 'ProjectProfit' from project 'ProjectProfit')
    cd /Users/yutaro/project-profit-ios
    

SwiftDriverJobDiscovery normal arm64 Compiling DataStore+FixedAsset.swift (in target 'ProjectProfit' from project 'ProjectProfit')

SwiftCompile normal arm64 Compiling\ CanonicalBookModels.swift /Users/yutaro/project-profit-ios/ProjectProfit/Core/Domain/Reporting/Books/CanonicalBookModels.swift (in target 'ProjectProfit' from project 'ProjectProfit')

SwiftCompile normal arm64 /Users/yutaro/project-profit-ios/ProjectProfit/Core/Domain/Reporting/Books/CanonicalBookModels.swift (in target 'ProjectProfit' from project 'ProjectProfit')
    cd /Users/yutaro/project-profit-ios
    

SwiftDriverJobDiscovery normal arm64 Compiling NotificationSettingsView.swift (in target 'ProjectProfit' from project 'ProjectProfit')

SwiftCompile normal arm64 Compiling\ JournalEntry.swift /Users/yutaro/project-profit-ios/ProjectProfit/Core/Domain/Posting/JournalEntry.swift (in target 'ProjectProfit' from project 'ProjectProfit')

SwiftCompile normal arm64 /Users/yutaro/project-profit-ios/ProjectProfit/Core/Domain/Posting/JournalEntry.swift (in target 'ProjectProfit' from project 'ProjectProfit')
    cd /Users/yutaro/project-profit-ios
    

SwiftDriverJobDiscovery normal arm64 Compiling FixedAssetRepository.swift, FixedAssetScheduleView.swift, FixedAssetWorkflowUseCase.swift, FormDraftEntity.swift, FormDraftEntityMapper.swift, FormEngine.swift, InputTaxDeductionCalculator.swift, InventoryInputView.swift, InventoryRepository.swift, InventoryViewModel.swift, InventoryWorkflowUseCase.swift, JournalBrowserView.swift, JournalDetailView.swift, JournalEntryRepository.swift, JournalLine.swift, JournalLineEntity.swift, JournalLineEntityMapper.swift, JournalListView.swift, JournalSearchUseCase.swift, JournalValidationService.swift, LedgerBookCreateView.swift, LedgerBookDetailView.swift, LedgerCSVImportService.swift, LedgerCSVImportView.swift (in target 'ProjectProfit' from project 'ProjectProfit')

SwiftCompile normal arm64 Compiling\ LedgerHomeView.swift /Users/yutaro/project-profit-ios/ProjectProfit/Ledger/Views/LedgerHomeView.swift (in target 'ProjectProfit' from project 'ProjectProfit')

SwiftCompile normal arm64 /Users/yutaro/project-profit-ios/ProjectProfit/Ledger/Views/LedgerHomeView.swift (in target 'ProjectProfit' from project 'ProjectProfit')
    cd /Users/yutaro/project-profit-ios
    

SwiftDriverJobDiscovery normal arm64 Compiling CanonicalBookModels.swift (in target 'ProjectProfit' from project 'ProjectProfit')

SwiftCompile normal arm64 Compiling\ CanonicalJournalEntryEntityMapper.swift /Users/yutaro/project-profit-ios/ProjectProfit/Application/Mappers/CanonicalJournalEntryEntityMapper.swift (in target 'ProjectProfit' from project 'ProjectProfit')

SwiftCompile normal arm64 /Users/yutaro/project-profit-ios/ProjectProfit/Application/Mappers/CanonicalJournalEntryEntityMapper.swift (in target 'ProjectProfit' from project 'ProjectProfit')
    cd /Users/yutaro/project-profit-ios
    

SwiftDriverJobDiscovery normal arm64 Compiling JournalEntry.swift (in target 'ProjectProfit' from project 'ProjectProfit')

SwiftCompile normal arm64 Compiling\ LegacyDataMigrationExecutor.swift /Users/yutaro/project-profit-ios/ProjectProfit/Application/Migrations/LegacyDataMigrationExecutor.swift (in target 'ProjectProfit' from project 'ProjectProfit')

SwiftCompile normal arm64 /Users/yutaro/project-profit-ios/ProjectProfit/Application/Migrations/LegacyDataMigrationExecutor.swift (in target 'ProjectProfit' from project 'ProjectProfit')
    cd /Users/yutaro/project-profit-ios
    

SwiftDriverJobDiscovery normal arm64 Compiling DataStore+ProfileMigration.swift (in target 'ProjectProfit' from project 'ProjectProfit')

SwiftDriverJobDiscovery normal arm64 Compiling LedgerHomeView.swift (in target 'ProjectProfit' from project 'ProjectProfit')

SwiftDriverJobDiscovery normal arm64 Compiling CanonicalJournalEntryEntityMapper.swift (in target 'ProjectProfit' from project 'ProjectProfit')

SwiftDriverJobDiscovery normal arm64 Compiling LegacyDataMigrationExecutor.swift (in target 'ProjectProfit' from project 'ProjectProfit')

SwiftDriverJobDiscovery normal arm64 Compiling TaxYearStateUseCase.swift, TransactionDetailView.swift, TransactionDocumentsView.swift, TransactionFormQueryUseCase.swift, TransactionFormRepository.swift, TransactionFormView.swift, TransactionHistoryRepository.swift, TransactionHistoryUseCase.swift, TransactionsView.swift, TransactionsViewModel.swift, TrialBalanceView.swift, UITestBootstrap.swift, UnclassifiedTransactionsView.swift, UserRuleRepository.swift, Utilities.swift, WhiteTaxBookkeepingReadSupport.swift, WhiteTaxBookkeepingView.swift, WithholdingPostingSupport.swift, WithholdingStatementQueryUseCase.swift, WithholdingStatementView.swift, WithholdingStatementViewModel.swift, WithholdingTaxCalculator.swift, WithholdingTaxCode.swift, WorkflowPersistenceSupport.swift (in target 'ProjectProfit' from project 'ProjectProfit')

SwiftDriverJobDiscovery normal arm64 Compiling BundledTaxYearPackProvider.swift, CSVExportService.swift, CSVImportService.swift, CanonicalBookService.swift, CanonicalJSONCoder.swift, CanonicalPostingEngine.swift, CanonicalPostingSupport.swift, CanonicalRepositoryError.swift, CanonicalTransactionDisplayBuilder.swift, CanonicalTransactionDisplayItem.swift, CanonicalTransactionListItem.swift, CanonicalTransactionReadOnlyDetailView.swift, CashBasisReturnBuilder.swift, CategoryAccountMappingView.swift, CategoryListView.swift, CategoryManageView.swift, CategoryQueryRepository.swift, CategoryQueryUseCase.swift, CategoryRepository.swift, CategoryWorkflowUseCase.swift, ChartOfAccountsUseCase.swift, ChartOfAccountsView.swift, ClassificationEngine.swift, ClassificationLearningService.swift, ClassificationViewModel.swift (in target 'ProjectProfit' from project 'ProjectProfit')

SwiftDriverJobDiscovery normal arm64 Compiling AccountFormView.swift, AccountingBookReadModelQueries.swift, AccountingBootstrapService.swift, AccountingConstants.swift, AccountingEngine.swift, AccountingEnums.swift, AccountingReadSupport.swift, AccountingReportService.swift, AccountingReportViewModel.swift, AppBootstrapWorkflowUseCase.swift, AppError.swift, AppShellWorkflowUseCase.swift, AppSnapshotModels.swift, ApprovalQueueQueryUseCase.swift, ApprovalQueueRepository.swift, ApprovalQueueView.swift, ApprovalQueueWorkflowUseCase.swift, ApprovalRequest.swift, ApprovalRequestEntity.swift, ApprovalRequestEntityMapper.swift, ApprovalRequestRepository.swift, BackupService.swift, BalanceSheetView.swift, BankCardReconciliationView.swift, BooksWorkspaceView.swift (in target 'ProjectProfit' from project 'ProjectProfit')

SwiftDriverJobDiscovery normal arm64 Compiling LedgerDataStore.swift, LedgerExcelExportService.swift, LedgerExportService.swift, LedgerImportCoordinator.swift, LedgerModels.swift, LedgerPDFExportService.swift, LedgerView.swift, LegacyAccountCanonicalMapper.swift, LegacyAccountingProfileCanonicalMapper.swift, LegacyProfileMigrationRunner.swift, LegacyProjectedJournalAssembler.swift, LegalDocumentLedgerView.swift, LegalReportLine.swift, LocalEvidenceSearchIndex.swift, LocalJournalSearchIndex.swift, ManualJournalFormView.swift, MigrationReportRunner.swift, ModelContainerFactory.swift, Models.swift, MonthlySummaryView.swift, PDFExportService.swift, PDFPageRenderer.swift, PPAccountingProfile.swift, PPDocumentRecord.swift (in target 'ProjectProfit' from project 'ProjectProfit')

SwiftCompile normal arm64 Compiling\ LedgerBridge.swift /Users/yutaro/project-profit-ios/ProjectProfit/Ledger/Bridge/LedgerBridge.swift (in target 'ProjectProfit' from project 'ProjectProfit')

SwiftCompile normal arm64 /Users/yutaro/project-profit-ios/ProjectProfit/Ledger/Bridge/LedgerBridge.swift (in target 'ProjectProfit' from project 'ProjectProfit')
    cd /Users/yutaro/project-profit-ios
    

SwiftCompile normal arm64 Compiling\ LedgerEntryFormView.swift /Users/yutaro/project-profit-ios/ProjectProfit/Ledger/Views/LedgerEntryFormView.swift (in target 'ProjectProfit' from project 'ProjectProfit')
SwiftCompile normal arm64 /Users/yutaro/project-profit-ios/ProjectProfit/Ledger/Views/LedgerEntryFormView.swift (in target 'ProjectProfit' from project 'ProjectProfit')
    cd /Users/yutaro/project-profit-ios
    

SwiftDriverJobDiscovery normal arm64 Compiling LedgerBridge.swift (in target 'ProjectProfit' from project 'ProjectProfit')

SwiftDriverJobDiscovery normal arm64 Compiling ProjectsViewModel.swift, ReceiptData.swift, ReceiptEvidenceIntakeUseCase.swift, ReceiptImageStore.swift, ReceiptReviewView.swift, ReceiptScannerService.swift, ReceiptScannerView.swift, RecurringFormSections.swift, RecurringFormView.swift, RecurringHistoryView.swift, RecurringPostingCoordinator.swift, RecurringPreviewView.swift, RecurringQueryUseCase.swift, RecurringRepository.swift, RecurringView.swift, RecurringViewModel.swift, RecurringWorkflowStore.swift, RecurringWorkflowUseCase.swift, ReportView.swift, ReportViewModel.swift, ReportingQueryUseCase.swift, ReportingRepository.swift, RestoreService+Upserts.swift, RestoreService.swift (in target 'ProjectProfit' from project 'ProjectProfit')

SwiftCompile normal arm64 Compiling\ ReceiptImagePreviewView.swift /Users/yutaro/project-profit-ios/ProjectProfit/Views/Receipt/ReceiptImagePreviewView.swift (in target 'ProjectProfit' from project 'ProjectProfit')

SwiftCompile normal arm64 /Users/yutaro/project-profit-ios/ProjectProfit/Views/Receipt/ReceiptImagePreviewView.swift (in target 'ProjectProfit' from project 'ProjectProfit')
    cd /Users/yutaro/project-profit-ios
    

SwiftDriverJobDiscovery normal arm64 Compiling ReceiptImagePreviewView.swift (in target 'ProjectProfit' from project 'ProjectProfit')

SwiftDriverJobDiscovery normal arm64 Compiling LedgerEntryFormView.swift (in target 'ProjectProfit' from project 'ProjectProfit')

SwiftDriver\ Compilation ProjectProfit normal arm64 com.apple.xcode.tools.swift.compiler (in target 'ProjectProfit' from project 'ProjectProfit')
    cd /Users/yutaro/project-profit-ios
    builtin-Swift-Compilation -- /Applications/Xcode-26.3.app/Contents/Developer/Toolchains/XcodeDefault.xctoolchain/usr/bin/swiftc -module-name ProjectProfit -Onone -enforce-exclusivity\=checked @/Users/yutaro/project-profit-ios/artifacts/release-quality/books/DerivedData/Build/Intermediates.noindex/ProjectProfit.build/Debug-iphonesimulator/ProjectProfit.build/Objects-normal/arm64/ProjectProfit.SwiftFileList -DDEBUG -Xcc -fmodule-map-file\=/Users/yutaro/project-profit-ios/artifacts/release-quality/books/DerivedData/Build/Intermediates.noindex/GeneratedModuleMaps-iphonesimulator/libxlsxwriter.modulemap -Xfrontend -solver-expression-time-threshold\=60 -enable-bare-slash-regex -enable-experimental-feature DebugDescriptionMacro -sdk /Applications/Xcode-26.3.app/Contents/Developer/Platforms/iPhoneSimulator.platform/Developer/SDKs/iPhoneSimulator26.2.sdk -target arm64-apple-ios17.0-simulator -g -module-cache-path /Users/yutaro/project-profit-ios/artifacts/release-quality/books/DerivedData/ModuleCache.noindex -Xfrontend -serialize-debugging-options -profile-coverage-mapping -profile-generate -enable-testing -index-store-path /Users/yutaro/project-profit-ios/artifacts/release-quality/books/DerivedData/Index.noindex/DataStore -Xcc -D_LIBCPP_HARDENING_MODE\=_LIBCPP_HARDENING_MODE_DEBUG -swift-version 5 -I /Users/yutaro/project-profit-ios/artifacts/release-quality/books/DerivedData/Build/Products/Debug-iphonesimulator -I /Users/yutaro/project-profit-ios/ProjectProfit/Ledger/Bridge/xlsxwriter -F /Users/yutaro/project-profit-ios/artifacts/release-quality/books/DerivedData/Build/Products/Debug-iphonesimulator/PackageFrameworks -F /Users/yutaro/project-profit-ios/artifacts/release-quality/books/DerivedData/Build/Products/Debug-iphonesimulator -c -j8 -enable-batch-mode -incremental -Xcc -ivfsstatcache -Xcc /Users/yutaro/project-profit-ios/artifacts/release-quality/books/DerivedData/SDKStatCaches.noindex/iphonesimulator26.2-23C57-91db6bf2b9df79783d042ed3cc29a58e.sdkstatcache -output-file-map /Users/yutaro/project-profit-ios/artifacts/release-quality/books/DerivedData/Build/Intermediates.noindex/ProjectProfit.build/Debug-iphonesimulator/ProjectProfit.build/Objects-normal/arm64/ProjectProfit-OutputFileMap.json -use-frontend-parseable-output -save-temps -no-color-diagnostics -explicit-module-build -module-cache-path /Users/yutaro/project-profit-ios/artifacts/release-quality/books/DerivedData/Build/Intermediates.noindex/SwiftExplicitPrecompiledModules -clang-scanner-module-cache-path /Users/yutaro/project-profit-ios/artifacts/release-quality/books/DerivedData/ModuleCache.noindex -sdk-module-cache-path /Users/yutaro/project-profit-ios/artifacts/release-quality/books/DerivedData/ModuleCache.noindex -serialize-diagnostics -emit-dependencies -emit-module -emit-module-path /Users/yutaro/project-profit-ios/artifacts/release-quality/books/DerivedData/Build/Intermediates.noindex/ProjectProfit.build/Debug-iphonesimulator/ProjectProfit.build/Objects-normal/arm64/ProjectProfit.swiftmodule -validate-clang-modules-once -clang-build-session-file /Users/yutaro/project-profit-ios/artifacts/release-quality/books/DerivedData/ModuleCache.noindex/Session.modulevalidation -Xcc -I/Users/yutaro/project-profit-ios/artifacts/release-quality/books/DerivedData/Build/Intermediates.noindex/ProjectProfit.build/Debug-iphonesimulator/ProjectProfit.build/swift-overrides.hmap -emit-const-values -Xfrontend -const-gather-protocols-file -Xfrontend /Users/yutaro/project-profit-ios/artifacts/release-quality/books/DerivedData/Build/Intermediates.noindex/ProjectProfit.build/Debug-iphonesimulator/ProjectProfit.build/Objects-normal/arm64/ProjectProfit_const_extract_protocols.json -Xcc -iquote -Xcc /Users/yutaro/project-profit-ios/artifacts/release-quality/books/DerivedData/Build/Intermediates.noindex/ProjectProfit.build/Debug-iphonesimulator/ProjectProfit.build/ProjectProfit-generated-files.hmap -Xcc -I/Users/yutaro/project-profit-ios/artifacts/release-quality/books/DerivedData/Build/Intermediates.noindex/ProjectProfit.build/Debug-iphonesimulator/ProjectProfit.build/ProjectProfit-own-target-headers.hmap -Xcc -I/Users/yutaro/project-profit-ios/artifacts/release-quality/books/DerivedData/Build/Intermediates.noindex/ProjectProfit.build/Debug-iphonesimulator/ProjectProfit.build/ProjectProfit-all-non-framework-target-headers.hmap -Xcc -ivfsoverlay -Xcc /Users/yutaro/project-profit-ios/artifacts/release-quality/books/DerivedData/Build/Intermediates.noindex/ProjectProfit.build/Debug-iphonesimulator/ProjectProfit-bc30635a8cb06e5d3ecf94d8d93f544c-VFS-iphonesimulator/all-product-headers.yaml -Xcc -iquote -Xcc /Users/yutaro/project-profit-ios/artifacts/release-quality/books/DerivedData/Build/Intermediates.noindex/ProjectProfit.build/Debug-iphonesimulator/ProjectProfit.build/ProjectProfit-project-headers.hmap -Xcc -I/Users/yutaro/project-profit-ios/artifacts/release-quality/books/DerivedData/SourcePackages/checkouts/libxlsxwriter/include -Xcc -I/Users/yutaro/project-profit-ios/artifacts/release-quality/books/DerivedData/Build/Products/Debug-iphonesimulator/include -Xcc -I/Users/yutaro/project-profit-ios/artifacts/release-quality/books/DerivedData/SourcePackages/checkouts/libxlsxwriter/include -Xcc -I/Users/yutaro/project-profit-ios/artifacts/release-quality/books/DerivedData/Build/Intermediates.noindex/ProjectProfit.build/Debug-iphonesimulator/ProjectProfit.build/DerivedSources-normal/arm64 -Xcc -I/Users/yutaro/project-profit-ios/artifacts/release-quality/books/DerivedData/Build/Intermediates.noindex/ProjectProfit.build/Debug-iphonesimulator/ProjectProfit.build/DerivedSources/arm64 -Xcc -I/Users/yutaro/project-profit-ios/artifacts/release-quality/books/DerivedData/Build/Intermediates.noindex/ProjectProfit.build/Debug-iphonesimulator/ProjectProfit.build/DerivedSources -Xcc -DDEBUG\=1 -emit-objc-header -emit-objc-header-path /Users/yutaro/project-profit-ios/artifacts/release-quality/books/DerivedData/Build/Intermediates.noindex/ProjectProfit.build/Debug-iphonesimulator/ProjectProfit.build/Objects-normal/arm64/ProjectProfit-Swift.h -working-directory /Users/yutaro/project-profit-ios -experimental-emit-module-separately -disable-cmo

Ld /Users/yutaro/project-profit-ios/artifacts/release-quality/books/DerivedData/Build/Products/Debug-iphonesimulator/ProjectProfit.app/ProjectProfit.debug.dylib normal (in target 'ProjectProfit' from project 'ProjectProfit')
    cd /Users/yutaro/project-profit-ios
    /Applications/Xcode-26.3.app/Contents/Developer/Toolchains/XcodeDefault.xctoolchain/usr/bin/clang -Xlinker -reproducible -target arm64-apple-ios17.0-simulator -dynamiclib -isysroot /Applications/Xcode-26.3.app/Contents/Developer/Platforms/iPhoneSimulator.platform/Developer/SDKs/iPhoneSimulator26.2.sdk -O0 -L/Users/yutaro/project-profit-ios/artifacts/release-quality/books/DerivedData/Build/Intermediates.noindex/EagerLinkingTBDs/Debug-iphonesimulator -L/Users/yutaro/project-profit-ios/artifacts/release-quality/books/DerivedData/Build/Products/Debug-iphonesimulator -F/Users/yutaro/project-profit-ios/artifacts/release-quality/books/DerivedData/Build/Intermediates.noindex/EagerLinkingTBDs/Debug-iphonesimulator -F/Users/yutaro/project-profit-ios/artifacts/release-quality/books/DerivedData/Build/Products/Debug-iphonesimulator/PackageFrameworks -F/Users/yutaro/project-profit-ios/artifacts/release-quality/books/DerivedData/Build/Products/Debug-iphonesimulator -filelist /Users/yutaro/project-profit-ios/artifacts/release-quality/books/DerivedData/Build/Intermediates.noindex/ProjectProfit.build/Debug-iphonesimulator/ProjectProfit.build/Objects-normal/arm64/ProjectProfit.LinkFileList -install_name @rpath/ProjectProfit.debug.dylib -Xlinker -rpath -Xlinker /usr/lib/swift -Xlinker -rpath -Xlinker /Users/yutaro/project-profit-ios/artifacts/release-quality/books/DerivedData/Build/Products/Debug-iphonesimulator/PackageFrameworks -Xlinker -rpath -Xlinker @executable_path/Frameworks -dead_strip -Xlinker -object_path_lto -Xlinker /Users/yutaro/project-profit-ios/artifacts/release-quality/books/DerivedData/Build/Intermediates.noindex/ProjectProfit.build/Debug-iphonesimulator/ProjectProfit.build/Objects-normal/arm64/ProjectProfit_lto.o -rdynamic -Xlinker -no_deduplicate -Xlinker -objc_abi_version -Xlinker 2 -Xlinker -debug_variant -Xlinker -dependency_info -Xlinker /Users/yutaro/project-profit-ios/artifacts/release-quality/books/DerivedData/Build/Intermediates.noindex/ProjectProfit.build/Debug-iphonesimulator/ProjectProfit.build/Objects-normal/arm64/ProjectProfit_dependency_info.dat -fobjc-link-runtime -fprofile-instr-generate -L/Applications/Xcode-26.3.app/Contents/Developer/Toolchains/XcodeDefault.xctoolchain/usr/lib/swift/iphonesimulator -L/usr/lib/swift -Xlinker -add_ast_path -Xlinker /Users/yutaro/project-profit-ios/artifacts/release-quality/books/DerivedData/Build/Intermediates.noindex/ProjectProfit.build/Debug-iphonesimulator/ProjectProfit.build/Objects-normal/arm64/ProjectProfit.swiftmodule @/Users/yutaro/project-profit-ios/artifacts/release-quality/books/DerivedData/Build/Intermediates.noindex/ProjectProfit.build/Debug-iphonesimulator/ProjectProfit.build/Objects-normal/arm64/ProjectProfit-linker-args.resp -Wl,-no_warn_duplicate_libraries -lz -Xlinker -alias -Xlinker _main -Xlinker ___debug_main_executable_dylib_entry_point -Xlinker -no_adhoc_codesign -o /Users/yutaro/project-profit-ios/artifacts/release-quality/books/DerivedData/Build/Products/Debug-iphonesimulator/ProjectProfit.app/ProjectProfit.debug.dylib

ConstructStubExecutorLinkFileList /Users/yutaro/project-profit-ios/artifacts/release-quality/books/DerivedData/Build/Intermediates.noindex/ProjectProfit.build/Debug-iphonesimulator/ProjectProfit.build/ProjectProfit-ExecutorLinkFileList-normal-arm64.txt (in target 'ProjectProfit' from project 'ProjectProfit')
    cd /Users/yutaro/project-profit-ios
    construct-stub-executor-link-file-list /Users/yutaro/project-profit-ios/artifacts/release-quality/books/DerivedData/Build/Products/Debug-iphonesimulator/ProjectProfit.app/ProjectProfit.debug.dylib /Applications/Xcode-26.3.app/Contents/Developer/Platforms/iPhoneSimulator.platform/Developer/usr/lib/libPreviewsJITStubExecutor_no_swift_entry_point.a /Applications/Xcode-26.3.app/Contents/Developer/Platforms/iPhoneSimulator.platform/Developer/usr/lib/libPreviewsJITStubExecutor.a --output /Users/yutaro/project-profit-ios/artifacts/release-quality/books/DerivedData/Build/Intermediates.noindex/ProjectProfit.build/Debug-iphonesimulator/ProjectProfit.build/ProjectProfit-ExecutorLinkFileList-normal-arm64.txt
note: Using stub executor library with Swift entry point. (in target 'ProjectProfit' from project 'ProjectProfit')

Ld /Users/yutaro/project-profit-ios/artifacts/release-quality/books/DerivedData/Build/Products/Debug-iphonesimulator/ProjectProfit.app/ProjectProfit normal (in target 'ProjectProfit' from project 'ProjectProfit')
    cd /Users/yutaro/project-profit-ios
    /Applications/Xcode-26.3.app/Contents/Developer/Toolchains/XcodeDefault.xctoolchain/usr/bin/clang -Xlinker -reproducible -target arm64-apple-ios17.0-simulator -isysroot /Applications/Xcode-26.3.app/Contents/Developer/Platforms/iPhoneSimulator.platform/Developer/SDKs/iPhoneSimulator26.2.sdk -O0 -L/Users/yutaro/project-profit-ios/artifacts/release-quality/books/DerivedData/Build/Products/Debug-iphonesimulator -F/Users/yutaro/project-profit-ios/artifacts/release-quality/books/DerivedData/Build/Products/Debug-iphonesimulator/PackageFrameworks -F/Users/yutaro/project-profit-ios/artifacts/release-quality/books/DerivedData/Build/Products/Debug-iphonesimulator -Xlinker -rpath -Xlinker @executable_path -Xlinker -rpath -Xlinker /Users/yutaro/project-profit-ios/artifacts/release-quality/books/DerivedData/Build/Products/Debug-iphonesimulator/PackageFrameworks -Xlinker -rpath -Xlinker @executable_path/Frameworks -rdynamic -Xlinker -no_deduplicate -Xlinker -objc_abi_version -Xlinker 2 -Xlinker -debug_variant -e ___debug_blank_executor_main -Xlinker -sectcreate -Xlinker __TEXT -Xlinker __debug_dylib -Xlinker /Users/yutaro/project-profit-ios/artifacts/release-quality/books/DerivedData/Build/Intermediates.noindex/ProjectProfit.build/Debug-iphonesimulator/ProjectProfit.build/ProjectProfit-DebugDylibPath-normal-arm64.txt -Xlinker -sectcreate -Xlinker __TEXT -Xlinker __debug_instlnm -Xlinker /Users/yutaro/project-profit-ios/artifacts/release-quality/books/DerivedData/Build/Intermediates.noindex/ProjectProfit.build/Debug-iphonesimulator/ProjectProfit.build/ProjectProfit-DebugDylibInstallName-normal-arm64.txt -Xlinker -filelist -Xlinker /Users/yutaro/project-profit-ios/artifacts/release-quality/books/DerivedData/Build/Intermediates.noindex/ProjectProfit.build/Debug-iphonesimulator/ProjectProfit.build/ProjectProfit-ExecutorLinkFileList-normal-arm64.txt -Xlinker -sectcreate -Xlinker __TEXT -Xlinker __entitlements -Xlinker /Users/yutaro/project-profit-ios/artifacts/release-quality/books/DerivedData/Build/Intermediates.noindex/ProjectProfit.build/Debug-iphonesimulator/ProjectProfit.build/ProjectProfit.app-Simulated.xcent -Xlinker -sectcreate -Xlinker __TEXT -Xlinker __ents_der -Xlinker /Users/yutaro/project-profit-ios/artifacts/release-quality/books/DerivedData/Build/Intermediates.noindex/ProjectProfit.build/Debug-iphonesimulator/ProjectProfit.build/ProjectProfit.app-Simulated.xcent.der /Users/yutaro/project-profit-ios/artifacts/release-quality/books/DerivedData/Build/Products/Debug-iphonesimulator/ProjectProfit.app/ProjectProfit.debug.dylib -Xlinker -no_adhoc_codesign -o /Users/yutaro/project-profit-ios/artifacts/release-quality/books/DerivedData/Build/Products/Debug-iphonesimulator/ProjectProfit.app/ProjectProfit

Copy /Users/yutaro/project-profit-ios/artifacts/release-quality/books/DerivedData/Build/Products/Debug-iphonesimulator/ProjectProfit.app/PlugIns/ProjectProfitShareExtension.appex /Users/yutaro/project-profit-ios/artifacts/release-quality/books/DerivedData/Build/Products/Debug-iphonesimulator/ProjectProfitShareExtension.appex (in target 'ProjectProfit' from project 'ProjectProfit')
    cd /Users/yutaro/project-profit-ios
    builtin-copy -exclude .DS_Store -exclude CVS -exclude .svn -exclude .git -exclude .hg -exclude Headers -exclude PrivateHeaders -exclude Modules -exclude \*.tbd -resolve-src-symlinks -remove-static-executable /Users/yutaro/project-profit-ios/artifacts/release-quality/books/DerivedData/Build/Products/Debug-iphonesimulator/ProjectProfitShareExtension.appex /Users/yutaro/project-profit-ios/artifacts/release-quality/books/DerivedData/Build/Products/Debug-iphonesimulator/ProjectProfit.app/PlugIns

ExtractAppIntentsMetadata (in target 'ProjectProfit' from project 'ProjectProfit')
    cd /Users/yutaro/project-profit-ios
    /Applications/Xcode-26.3.app/Contents/Developer/Toolchains/XcodeDefault.xctoolchain/usr/bin/appintentsmetadataprocessor --toolchain-dir /Applications/Xcode-26.3.app/Contents/Developer/Toolchains/XcodeDefault.xctoolchain --module-name ProjectProfit --sdk-root /Applications/Xcode-26.3.app/Contents/Developer/Platforms/iPhoneSimulator.platform/Developer/SDKs/iPhoneSimulator26.2.sdk --xcode-version 17C519 --platform-family iOS --deployment-target 17.0 --bundle-identifier com.projectprofit.ProjectProfit --output /Users/yutaro/project-profit-ios/artifacts/release-quality/books/DerivedData/Build/Products/Debug-iphonesimulator/ProjectProfit.app --target-triple arm64-apple-ios17.0-simulator --binary-file /Users/yutaro/project-profit-ios/artifacts/release-quality/books/DerivedData/Build/Products/Debug-iphonesimulator/ProjectProfit.app/ProjectProfit --dependency-file /Users/yutaro/project-profit-ios/artifacts/release-quality/books/DerivedData/Build/Intermediates.noindex/ProjectProfit.build/Debug-iphonesimulator/ProjectProfit.build/Objects-normal/arm64/ProjectProfit_dependency_info.dat --stringsdata-file /Users/yutaro/project-profit-ios/artifacts/release-quality/books/DerivedData/Build/Intermediates.noindex/ProjectProfit.build/Debug-iphonesimulator/ProjectProfit.build/Objects-normal/arm64/ExtractedAppShortcutsMetadata.stringsdata --source-file-list /Users/yutaro/project-profit-ios/artifacts/release-quality/books/DerivedData/Build/Intermediates.noindex/ProjectProfit.build/Debug-iphonesimulator/ProjectProfit.build/Objects-normal/arm64/ProjectProfit.SwiftFileList --metadata-file-list /Users/yutaro/project-profit-ios/artifacts/release-quality/books/DerivedData/Build/Intermediates.noindex/ProjectProfit.build/Debug-iphonesimulator/ProjectProfit.build/ProjectProfit.DependencyMetadataFileList --static-metadata-file-list /Users/yutaro/project-profit-ios/artifacts/release-quality/books/DerivedData/Build/Intermediates.noindex/ProjectProfit.build/Debug-iphonesimulator/ProjectProfit.build/ProjectProfit.DependencyStaticMetadataFileList --swift-const-vals-list /Users/yutaro/project-profit-ios/artifacts/release-quality/books/DerivedData/Build/Intermediates.noindex/ProjectProfit.build/Debug-iphonesimulator/ProjectProfit.build/Objects-normal/arm64/ProjectProfit.SwiftConstValuesFileList --compile-time-extraction --deployment-aware-processing --validate-assistant-intents --no-app-shortcuts-localization
2026-04-07 12:37:03.633 appintentsmetadataprocessor[81261:2105752] Starting appintentsmetadataprocessor export
2026-04-07 12:37:03.637 appintentsmetadataprocessor[81261:2105752] warning: Metadata extraction skipped. No AppIntents.framework dependency found.

note: Removed stale file '/Users/yutaro/project-profit-ios/artifacts/release-quality/books/DerivedData/Build/Intermediates.noindex/ProjectProfit.build/Debug-iphonesimulator/ProjectProfitTests.build/Objects-normal/arm64/LegacyTransactionCompatibilityUseCase.o'

note: Removed stale file '/Users/yutaro/project-profit-ios/artifacts/release-quality/books/DerivedData/Build/Intermediates.noindex/ProjectProfit.build/Debug-iphonesimulator/ProjectProfitTests.build/Objects-normal/arm64/LegacyTransactionCompatibilityUseCase.swiftconstvalues'

CopySwiftLibs /Users/yutaro/project-profit-ios/artifacts/release-quality/books/DerivedData/Build/Products/Debug-iphonesimulator/ProjectProfit.app (in target 'ProjectProfit' from project 'ProjectProfit')
    cd /Users/yutaro/project-profit-ios
    builtin-swiftStdLibTool --copy --verbose --sign - --scan-executable /Users/yutaro/project-profit-ios/artifacts/release-quality/books/DerivedData/Build/Products/Debug-iphonesimulator/ProjectProfit.app/ProjectProfit.debug.dylib --scan-folder /Users/yutaro/project-profit-ios/artifacts/release-quality/books/DerivedData/Build/Products/Debug-iphonesimulator/ProjectProfit.app/Frameworks --scan-folder /Users/yutaro/project-profit-ios/artifacts/release-quality/books/DerivedData/Build/Products/Debug-iphonesimulator/ProjectProfit.app/PlugIns --scan-folder /Users/yutaro/project-profit-ios/artifacts/release-quality/books/DerivedData/Build/Products/Debug-iphonesimulator/ProjectProfit.app/SystemExtensions --scan-folder /Users/yutaro/project-profit-ios/artifacts/release-quality/books/DerivedData/Build/Products/Debug-iphonesimulator/ProjectProfit.app/Extensions --platform iphonesimulator --toolchain /Applications/Xcode-26.3.app/Contents/Developer/Toolchains/XcodeDefault.xctoolchain --destination /Users/yutaro/project-profit-ios/artifacts/release-quality/books/DerivedData/Build/Products/Debug-iphonesimulator/ProjectProfit.app/Frameworks --strip-bitcode --strip-bitcode-tool /Applications/Xcode-26.3.app/Contents/Developer/Toolchains/XcodeDefault.xctoolchain/usr/bin/bitcode_strip --emit-dependency-info /Users/yutaro/project-profit-ios/artifacts/release-quality/books/DerivedData/Build/Intermediates.noindex/ProjectProfit.build/Debug-iphonesimulator/ProjectProfit.build/SwiftStdLibToolInputDependencies.dep --filter-for-swift-os

ProcessProductPackaging "" /Users/yutaro/project-profit-ios/artifacts/release-quality/books/DerivedData/Build/Intermediates.noindex/ProjectProfit.build/Debug-iphonesimulator/ProjectProfitUITests.build/ProjectProfitUITests.xctest-Simulated.xcent (in target 'ProjectProfitUITests' from project 'ProjectProfit')
    cd /Users/yutaro/project-profit-ios
    
    Entitlements:
    
    {
    "application-identifier" = "52PPJXD67Z.com.projectprofit.ProjectProfitUITests.xctrunner";
    "keychain-access-groups" =     (
        "52PPJXD67Z.com.projectprofit.ProjectProfitUITests.xctrunner"
    );
}
    
    builtin-productPackagingUtility -entitlements -format xml -o /Users/yutaro/project-profit-ios/artifacts/release-quality/books/DerivedData/Build/Intermediates.noindex/ProjectProfit.build/Debug-iphonesimulator/ProjectProfitUITests.build/ProjectProfitUITests.xctest-Simulated.xcent

ProcessInfoPlistFile /Users/yutaro/project-profit-ios/artifacts/release-quality/books/DerivedData/Build/Products/Debug-iphonesimulator/ProjectProfit.app/Info.plist /Users/yutaro/project-profit-ios/artifacts/release-quality/books/DerivedData/Build/Intermediates.noindex/ProjectProfit.build/Debug-iphonesimulator/ProjectProfit.build/empty-ProjectProfit.plist (in target 'ProjectProfit' from project 'ProjectProfit')
    cd /Users/yutaro/project-profit-ios
    builtin-infoPlistUtility /Users/yutaro/project-profit-ios/artifacts/release-quality/books/DerivedData/Build/Intermediates.noindex/ProjectProfit.build/Debug-iphonesimulator/ProjectProfit.build/empty-ProjectProfit.plist -producttype com.apple.product-type.application -genpkginfo /Users/yutaro/project-profit-ios/artifacts/release-quality/books/DerivedData/Build/Products/Debug-iphonesimulator/ProjectProfit.app/PkgInfo -expandbuildsettings -format binary -platform iphonesimulator -additionalcontentfile /Users/yutaro/project-profit-ios/artifacts/release-quality/books/DerivedData/Build/Intermediates.noindex/ProjectProfit.build/Debug-iphonesimulator/ProjectProfit.build/assetcatalog_generated_info.plist -scanforprivacyfile /Users/yutaro/project-profit-ios/artifacts/release-quality/books/DerivedData/Build/Products/Debug-iphonesimulator/ProjectProfit.app/PlugIns/ProjectProfitShareExtension.appex -o /Users/yutaro/project-profit-ios/artifacts/release-quality/books/DerivedData/Build/Products/Debug-iphonesimulator/ProjectProfit.app/Info.plist

ProcessProductPackagingDER /Users/yutaro/project-profit-ios/artifacts/release-quality/books/DerivedData/Build/Intermediates.noindex/ProjectProfit.build/Debug-iphonesimulator/ProjectProfitUITests.build/ProjectProfitUITests.xctest-Simulated.xcent /Users/yutaro/project-profit-ios/artifacts/release-quality/books/DerivedData/Build/Intermediates.noindex/ProjectProfit.build/Debug-iphonesimulator/ProjectProfitUITests.build/ProjectProfitUITests.xctest-Simulated.xcent.der (in target 'ProjectProfitUITests' from project 'ProjectProfit')
    cd /Users/yutaro/project-profit-ios
    /usr/bin/derq query -f xml -i /Users/yutaro/project-profit-ios/artifacts/release-quality/books/DerivedData/Build/Intermediates.noindex/ProjectProfit.build/Debug-iphonesimulator/ProjectProfitUITests.build/ProjectProfitUITests.xctest-Simulated.xcent -o /Users/yutaro/project-profit-ios/artifacts/release-quality/books/DerivedData/Build/Intermediates.noindex/ProjectProfit.build/Debug-iphonesimulator/ProjectProfitUITests.build/ProjectProfitUITests.xctest-Simulated.xcent.der --raw

WriteAuxiliaryFile /Users/yutaro/project-profit-ios/artifacts/release-quality/books/DerivedData/Build/Intermediates.noindex/ProjectProfit.build/Debug-iphonesimulator/ProjectProfitTests.build/Objects-normal/arm64/ProjectProfitTests.SwiftFileList (in target 'ProjectProfitTests' from project 'ProjectProfit')
    cd /Users/yutaro/project-profit-ios
    write-file /Users/yutaro/project-profit-ios/artifacts/release-quality/books/DerivedData/Build/Intermediates.noindex/ProjectProfit.build/Debug-iphonesimulator/ProjectProfitTests.build/Objects-normal/arm64/ProjectProfitTests.SwiftFileList

WriteAuxiliaryFile /Users/yutaro/project-profit-ios/artifacts/release-quality/books/DerivedData/Build/Intermediates.noindex/ProjectProfit.build/Debug-iphonesimulator/ProjectProfitTests.build/Objects-normal/arm64/ProjectProfitTests.SwiftConstValuesFileList (in target 'ProjectProfitTests' from project 'ProjectProfit')
    cd /Users/yutaro/project-profit-ios
    write-file /Users/yutaro/project-profit-ios/artifacts/release-quality/books/DerivedData/Build/Intermediates.noindex/ProjectProfit.build/Debug-iphonesimulator/ProjectProfitTests.build/Objects-normal/arm64/ProjectProfitTests.SwiftConstValuesFileList

WriteAuxiliaryFile /Users/yutaro/project-profit-ios/artifacts/release-quality/books/DerivedData/Build/Intermediates.noindex/ProjectProfit.build/Debug-iphonesimulator/ProjectProfitTests.build/Objects-normal/arm64/ProjectProfitTests.LinkFileList (in target 'ProjectProfitTests' from project 'ProjectProfit')
    cd /Users/yutaro/project-profit-ios
    write-file /Users/yutaro/project-profit-ios/artifacts/release-quality/books/DerivedData/Build/Intermediates.noindex/ProjectProfit.build/Debug-iphonesimulator/ProjectProfitTests.build/Objects-normal/arm64/ProjectProfitTests.LinkFileList

WriteAuxiliaryFile /Users/yutaro/project-profit-ios/artifacts/release-quality/books/DerivedData/Build/Intermediates.noindex/ProjectProfit.build/Debug-iphonesimulator/ProjectProfitTests.build/Objects-normal/arm64/ProjectProfitTests-OutputFileMap.json (in target 'ProjectProfitTests' from project 'ProjectProfit')
    cd /Users/yutaro/project-profit-ios
    write-file /Users/yutaro/project-profit-ios/artifacts/release-quality/books/DerivedData/Build/Intermediates.noindex/ProjectProfit.build/Debug-iphonesimulator/ProjectProfitTests.build/Objects-normal/arm64/ProjectProfitTests-OutputFileMap.json

SwiftDriver ProjectProfitTests normal arm64 com.apple.xcode.tools.swift.compiler (in target 'ProjectProfitTests' from project 'ProjectProfit')
    cd /Users/yutaro/project-profit-ios
    builtin-SwiftDriver -- /Applications/Xcode-26.3.app/Contents/Developer/Toolchains/XcodeDefault.xctoolchain/usr/bin/swiftc -module-name ProjectProfitTests -Onone -enforce-exclusivity\=checked @/Users/yutaro/project-profit-ios/artifacts/release-quality/books/DerivedData/Build/Intermediates.noindex/ProjectProfit.build/Debug-iphonesimulator/ProjectProfitTests.build/Objects-normal/arm64/ProjectProfitTests.SwiftFileList -DDEBUG -Xcc -fmodule-map-file\=/Users/yutaro/project-profit-ios/artifacts/release-quality/books/DerivedData/Build/Intermediates.noindex/GeneratedModuleMaps-iphonesimulator/libxlsxwriter.modulemap -plugin-path /Applications/Xcode-26.3.app/Contents/Developer/Toolchains/XcodeDefault.xctoolchain/usr/lib/swift/host/plugins/testing -enable-bare-slash-regex -enable-experimental-feature DebugDescriptionMacro -sdk /Applications/Xcode-26.3.app/Contents/Developer/Platforms/iPhoneSimulator.platform/Developer/SDKs/iPhoneSimulator26.2.sdk -target arm64-apple-ios17.0-simulator -g -module-cache-path /Users/yutaro/project-profit-ios/artifacts/release-quality/books/DerivedData/ModuleCache.noindex -Xfrontend -serialize-debugging-options -profile-coverage-mapping -profile-generate -enable-testing -index-store-path /Users/yutaro/project-profit-ios/artifacts/release-quality/books/DerivedData/Index.noindex/DataStore -Xcc -D_LIBCPP_HARDENING_MODE\=_LIBCPP_HARDENING_MODE_DEBUG -swift-version 5 -I /Users/yutaro/project-profit-ios/artifacts/release-quality/books/DerivedData/Build/Products/Debug-iphonesimulator -I /Users/yutaro/project-profit-ios/ProjectProfit/Ledger/Bridge/xlsxwriter -Isystem /Applications/Xcode-26.3.app/Contents/Developer/Platforms/iPhoneSimulator.platform/Developer/usr/lib -F /Users/yutaro/project-profit-ios/artifacts/release-quality/books/DerivedData/Build/Products/Debug-iphonesimulator/PackageFrameworks -F /Users/yutaro/project-profit-ios/artifacts/release-quality/books/DerivedData/Build/Products/Debug-iphonesimulator -F /Applications/Xcode-26.3.app/Contents/Developer/Platforms/iPhoneSimulator.platform/Developer/Library/Frameworks -F /Applications/Xcode-26.3.app/Contents/Developer/Platforms/iPhoneSimulator.platform/Developer/SDKs/iPhoneSimulator26.2.sdk/Developer/Library/Frameworks -c -j8 -enable-batch-mode -incremental -Xcc -ivfsstatcache -Xcc /Users/yutaro/project-profit-ios/artifacts/release-quality/books/DerivedData/SDKStatCaches.noindex/iphonesimulator26.2-23C57-91db6bf2b9df79783d042ed3cc29a58e.sdkstatcache -output-file-map /Users/yutaro/project-profit-ios/artifacts/release-quality/books/DerivedData/Build/Intermediates.noindex/ProjectProfit.build/Debug-iphonesimulator/ProjectProfitTests.build/Objects-normal/arm64/ProjectProfitTests-OutputFileMap.json -use-frontend-parseable-output -save-temps -no-color-diagnostics -explicit-module-build -module-cache-path /Users/yutaro/project-profit-ios/artifacts/release-quality/books/DerivedData/Build/Intermediates.noindex/SwiftExplicitPrecompiledModules -clang-scanner-module-cache-path /Users/yutaro/project-profit-ios/artifacts/release-quality/books/DerivedData/ModuleCache.noindex -sdk-module-cache-path /Users/yutaro/project-profit-ios/artifacts/release-quality/books/DerivedData/ModuleCache.noindex -serialize-diagnostics -emit-dependencies -emit-module -emit-module-path /Users/yutaro/project-profit-ios/artifacts/release-quality/books/DerivedData/Build/Intermediates.noindex/ProjectProfit.build/Debug-iphonesimulator/ProjectProfitTests.build/Objects-normal/arm64/ProjectProfitTests.swiftmodule -validate-clang-modules-once -clang-build-session-file /Users/yutaro/project-profit-ios/artifacts/release-quality/books/DerivedData/ModuleCache.noindex/Session.modulevalidation -Xcc -I/Users/yutaro/project-profit-ios/artifacts/release-quality/books/DerivedData/Build/Intermediates.noindex/ProjectProfit.build/Debug-iphonesimulator/ProjectProfitTests.build/swift-overrides.hmap -emit-const-values -Xfrontend -const-gather-protocols-file -Xfrontend /Users/yutaro/project-profit-ios/artifacts/release-quality/books/DerivedData/Build/Intermediates.noindex/ProjectProfit.build/Debug-iphonesimulator/ProjectProfitTests.build/Objects-normal/arm64/ProjectProfitTests_const_extract_protocols.json -Xcc -iquote -Xcc /Users/yutaro/project-profit-ios/artifacts/release-quality/books/DerivedData/Build/Intermediates.noindex/ProjectProfit.build/Debug-iphonesimulator/ProjectProfitTests.build/ProjectProfitTests-generated-files.hmap -Xcc -I/Users/yutaro/project-profit-ios/artifacts/release-quality/books/DerivedData/Build/Intermediates.noindex/ProjectProfit.build/Debug-iphonesimulator/ProjectProfitTests.build/ProjectProfitTests-own-target-headers.hmap -Xcc -I/Users/yutaro/project-profit-ios/artifacts/release-quality/books/DerivedData/Build/Intermediates.noindex/ProjectProfit.build/Debug-iphonesimulator/ProjectProfitTests.build/ProjectProfitTests-all-non-framework-target-headers.hmap -Xcc -ivfsoverlay -Xcc /Users/yutaro/project-profit-ios/artifacts/release-quality/books/DerivedData/Build/Intermediates.noindex/ProjectProfit.build/Debug-iphonesimulator/ProjectProfit-bc30635a8cb06e5d3ecf94d8d93f544c-VFS-iphonesimulator/all-product-headers.yaml -Xcc -iquote -Xcc /Users/yutaro/project-profit-ios/artifacts/release-quality/books/DerivedData/Build/Intermediates.noindex/ProjectProfit.build/Debug-iphonesimulator/ProjectProfitTests.build/ProjectProfitTests-project-headers.hmap -Xcc -I/Users/yutaro/project-profit-ios/artifacts/release-quality/books/DerivedData/SourcePackages/checkouts/libxlsxwriter/include -Xcc -I/Users/yutaro/project-profit-ios/artifacts/release-quality/books/DerivedData/Build/Products/Debug-iphonesimulator/include -Xcc -I/Users/yutaro/project-profit-ios/artifacts/release-quality/books/DerivedData/SourcePackages/checkouts/libxlsxwriter/include -Xcc -I/Users/yutaro/project-profit-ios/artifacts/release-quality/books/DerivedData/Build/Intermediates.noindex/ProjectProfit.build/Debug-iphonesimulator/ProjectProfitTests.build/DerivedSources-normal/arm64 -Xcc -I/Users/yutaro/project-profit-ios/artifacts/release-quality/books/DerivedData/Build/Intermediates.noindex/ProjectProfit.build/Debug-iphonesimulator/ProjectProfitTests.build/DerivedSources/arm64 -Xcc -I/Users/yutaro/project-profit-ios/artifacts/release-quality/books/DerivedData/Build/Intermediates.noindex/ProjectProfit.build/Debug-iphonesimulator/ProjectProfitTests.build/DerivedSources -Xcc -DDEBUG\=1 -emit-objc-header -emit-objc-header-path /Users/yutaro/project-profit-ios/artifacts/release-quality/books/DerivedData/Build/Intermediates.noindex/ProjectProfit.build/Debug-iphonesimulator/ProjectProfitTests.build/Objects-normal/arm64/ProjectProfitTests-Swift.h -working-directory /Users/yutaro/project-profit-ios -experimental-emit-module-separately -disable-cmo

SwiftDriver ProjectProfitUITests normal arm64 com.apple.xcode.tools.swift.compiler (in target 'ProjectProfitUITests' from project 'ProjectProfit')
    cd /Users/yutaro/project-profit-ios
    builtin-SwiftDriver -- /Applications/Xcode-26.3.app/Contents/Developer/Toolchains/XcodeDefault.xctoolchain/usr/bin/swiftc -module-name ProjectProfitUITests -Onone -enforce-exclusivity\=checked @/Users/yutaro/project-profit-ios/artifacts/release-quality/books/DerivedData/Build/Intermediates.noindex/ProjectProfit.build/Debug-iphonesimulator/ProjectProfitUITests.build/Objects-normal/arm64/ProjectProfitUITests.SwiftFileList -DDEBUG -module-alias Testing\=_Testing_Unavailable -plugin-path /Applications/Xcode-26.3.app/Contents/Developer/Toolchains/XcodeDefault.xctoolchain/usr/lib/swift/host/plugins/testing -enable-bare-slash-regex -enable-experimental-feature DebugDescriptionMacro -sdk /Applications/Xcode-26.3.app/Contents/Developer/Platforms/iPhoneSimulator.platform/Developer/SDKs/iPhoneSimulator26.2.sdk -target arm64-apple-ios17.0-simulator -g -module-cache-path /Users/yutaro/project-profit-ios/artifacts/release-quality/books/DerivedData/ModuleCache.noindex -Xfrontend -serialize-debugging-options -profile-coverage-mapping -profile-generate -enable-testing -index-store-path /Users/yutaro/project-profit-ios/artifacts/release-quality/books/DerivedData/Index.noindex/DataStore -Xcc -D_LIBCPP_HARDENING_MODE\=_LIBCPP_HARDENING_MODE_DEBUG -swift-version 5 -I /Users/yutaro/project-profit-ios/artifacts/release-quality/books/DerivedData/Build/Products/Debug-iphonesimulator -Isystem /Applications/Xcode-26.3.app/Contents/Developer/Platforms/iPhoneSimulator.platform/Developer/usr/lib -F /Users/yutaro/project-profit-ios/artifacts/release-quality/books/DerivedData/Build/Products/Debug-iphonesimulator -F /Applications/Xcode-26.3.app/Contents/Developer/Platforms/iPhoneSimulator.platform/Developer/Library/Frameworks -F /Applications/Xcode-26.3.app/Contents/Developer/Platforms/iPhoneSimulator.platform/Developer/SDKs/iPhoneSimulator26.2.sdk/Developer/Library/Frameworks -parse-as-library -c -j8 -enable-batch-mode -incremental -Xcc -ivfsstatcache -Xcc /Users/yutaro/project-profit-ios/artifacts/release-quality/books/DerivedData/SDKStatCaches.noindex/iphonesimulator26.2-23C57-91db6bf2b9df79783d042ed3cc29a58e.sdkstatcache -output-file-map /Users/yutaro/project-profit-ios/artifacts/release-quality/books/DerivedData/Build/Intermediates.noindex/ProjectProfit.build/Debug-iphonesimulator/ProjectProfitUITests.build/Objects-normal/arm64/ProjectProfitUITests-OutputFileMap.json -use-frontend-parseable-output -save-temps -no-color-diagnostics -explicit-module-build -module-cache-path /Users/yutaro/project-profit-ios/artifacts/release-quality/books/DerivedData/Build/Intermediates.noindex/SwiftExplicitPrecompiledModules -clang-scanner-module-cache-path /Users/yutaro/project-profit-ios/artifacts/release-quality/books/DerivedData/ModuleCache.noindex -sdk-module-cache-path /Users/yutaro/project-profit-ios/artifacts/release-quality/books/DerivedData/ModuleCache.noindex -serialize-diagnostics -emit-dependencies -emit-module -emit-module-path /Users/yutaro/project-profit-ios/artifacts/release-quality/books/DerivedData/Build/Intermediates.noindex/ProjectProfit.build/Debug-iphonesimulator/ProjectProfitUITests.build/Objects-normal/arm64/ProjectProfitUITests.swiftmodule -validate-clang-modules-once -clang-build-session-file /Users/yutaro/project-profit-ios/artifacts/release-quality/books/DerivedData/ModuleCache.noindex/Session.modulevalidation -Xcc -I/Users/yutaro/project-profit-ios/artifacts/release-quality/books/DerivedData/Build/Intermediates.noindex/ProjectProfit.build/Debug-iphonesimulator/ProjectProfitUITests.build/swift-overrides.hmap -emit-const-values -Xfrontend -const-gather-protocols-file -Xfrontend /Users/yutaro/project-profit-ios/artifacts/release-quality/books/DerivedData/Build/Intermediates.noindex/ProjectProfit.build/Debug-iphonesimulator/ProjectProfitUITests.build/Objects-normal/arm64/ProjectProfitUITests_const_extract_protocols.json -Xcc -iquote -Xcc /Users/yutaro/project-profit-ios/artifacts/release-quality/books/DerivedData/Build/Intermediates.noindex/ProjectProfit.build/Debug-iphonesimulator/ProjectProfitUITests.build/ProjectProfitUITests-generated-files.hmap -Xcc -I/Users/yutaro/project-profit-ios/artifacts/release-quality/books/DerivedData/Build/Intermediates.noindex/ProjectProfit.build/Debug-iphonesimulator/ProjectProfitUITests.build/ProjectProfitUITests-own-target-headers.hmap -Xcc -I/Users/yutaro/project-profit-ios/artifacts/release-quality/books/DerivedData/Build/Intermediates.noindex/ProjectProfit.build/Debug-iphonesimulator/ProjectProfitUITests.build/ProjectProfitUITests-all-non-framework-target-headers.hmap -Xcc -ivfsoverlay -Xcc /Users/yutaro/project-profit-ios/artifacts/release-quality/books/DerivedData/Build/Intermediates.noindex/ProjectProfit.build/Debug-iphonesimulator/ProjectProfit-bc30635a8cb06e5d3ecf94d8d93f544c-VFS-iphonesimulator/all-product-headers.yaml -Xcc -iquote -Xcc /Users/yutaro/project-profit-ios/artifacts/release-quality/books/DerivedData/Build/Intermediates.noindex/ProjectProfit.build/Debug-iphonesimulator/ProjectProfitUITests.build/ProjectProfitUITests-project-headers.hmap -Xcc -I/Users/yutaro/project-profit-ios/artifacts/release-quality/books/DerivedData/Build/Products/Debug-iphonesimulator/include -Xcc -I/Users/yutaro/project-profit-ios/artifacts/release-quality/books/DerivedData/Build/Intermediates.noindex/ProjectProfit.build/Debug-iphonesimulator/ProjectProfitUITests.build/DerivedSources-normal/arm64 -Xcc -I/Users/yutaro/project-profit-ios/artifacts/release-quality/books/DerivedData/Build/Intermediates.noindex/ProjectProfit.build/Debug-iphonesimulator/ProjectProfitUITests.build/DerivedSources/arm64 -Xcc -I/Users/yutaro/project-profit-ios/artifacts/release-quality/books/DerivedData/Build/Intermediates.noindex/ProjectProfit.build/Debug-iphonesimulator/ProjectProfitUITests.build/DerivedSources -Xcc -DDEBUG\=1 -emit-objc-header -emit-objc-header-path /Users/yutaro/project-profit-ios/artifacts/release-quality/books/DerivedData/Build/Intermediates.noindex/ProjectProfit.build/Debug-iphonesimulator/ProjectProfitUITests.build/Objects-normal/arm64/ProjectProfitUITests-Swift.h -working-directory /Users/yutaro/project-profit-ios -experimental-emit-module-separately -disable-cmo

AppIntentsSSUTraining (in target 'ProjectProfit' from project 'ProjectProfit')
    cd /Users/yutaro/project-profit-ios
    /Applications/Xcode-26.3.app/Contents/Developer/Toolchains/XcodeDefault.xctoolchain/usr/bin/appintentsnltrainingprocessor --infoplist-path /Users/yutaro/project-profit-ios/artifacts/release-quality/books/DerivedData/Build/Products/Debug-iphonesimulator/ProjectProfit.app/Info.plist --temp-dir-path /Users/yutaro/project-profit-ios/artifacts/release-quality/books/DerivedData/Build/Intermediates.noindex/ProjectProfit.build/Debug-iphonesimulator/ProjectProfit.build/ssu --bundle-id com.projectprofit.ProjectProfit --product-path /Users/yutaro/project-profit-ios/artifacts/release-quality/books/DerivedData/Build/Products/Debug-iphonesimulator/ProjectProfit.app --extracted-metadata-path /Users/yutaro/project-profit-ios/artifacts/release-quality/books/DerivedData/Build/Products/Debug-iphonesimulator/ProjectProfit.app/Metadata.appintents --metadata-file-list /Users/yutaro/project-profit-ios/artifacts/release-quality/books/DerivedData/Build/Intermediates.noindex/ProjectProfit.build/Debug-iphonesimulator/ProjectProfit.build/ProjectProfit.DependencyMetadataFileList --archive-ssu-assets
2026-04-07 12:37:03.784 appintentsnltrainingprocessor[81263:2105759] Parsing options for appintentsnltrainingprocessor
2026-04-07 12:37:03.785 appintentsnltrainingprocessor[81263:2105759] No AppShortcuts found - Skipping.

ProcessInfoPlistFile /Users/yutaro/project-profit-ios/artifacts/release-quality/books/DerivedData/Build/Products/Debug-iphonesimulator/ProjectProfit.app/PlugIns/ProjectProfitTests.xctest/Info.plist /Users/yutaro/project-profit-ios/artifacts/release-quality/books/DerivedData/Build/Intermediates.noindex/ProjectProfit.build/Debug-iphonesimulator/ProjectProfitTests.build/empty-ProjectProfitTests.plist (in target 'ProjectProfitTests' from project 'ProjectProfit')
    cd /Users/yutaro/project-profit-ios
    builtin-infoPlistUtility /Users/yutaro/project-profit-ios/artifacts/release-quality/books/DerivedData/Build/Intermediates.noindex/ProjectProfit.build/Debug-iphonesimulator/ProjectProfitTests.build/empty-ProjectProfitTests.plist -producttype com.apple.product-type.bundle.unit-test -expandbuildsettings -format binary -platform iphonesimulator -o /Users/yutaro/project-profit-ios/artifacts/release-quality/books/DerivedData/Build/Products/Debug-iphonesimulator/ProjectProfit.app/PlugIns/ProjectProfitTests.xctest/Info.plist

CpResource /Users/yutaro/project-profit-ios/artifacts/release-quality/books/DerivedData/Build/Products/Debug-iphonesimulator/ProjectProfit.app/PlugIns/ProjectProfitTests.xctest/migration_dry_run_2025.json /Users/yutaro/project-profit-ios/ProjectProfitTests/Golden/expected/migration_dry_run_2025.json (in target 'ProjectProfitTests' from project 'ProjectProfit')
    cd /Users/yutaro/project-profit-ios
    builtin-copy -exclude .DS_Store -exclude CVS -exclude .svn -exclude .git -exclude .hg -resolve-src-symlinks /Users/yutaro/project-profit-ios/ProjectProfitTests/Golden/expected/migration_dry_run_2025.json /Users/yutaro/project-profit-ios/artifacts/release-quality/books/DerivedData/Build/Products/Debug-iphonesimulator/ProjectProfit.app/PlugIns/ProjectProfitTests.xctest

CpResource /Users/yutaro/project-profit-ios/artifacts/release-quality/books/DerivedData/Build/Products/Debug-iphonesimulator/ProjectProfit.app/PlugIns/ProjectProfitTests.xctest/journal_book_2025.json /Users/yutaro/project-profit-ios/ProjectProfitTests/Golden/expected/journal_book_2025.json (in target 'ProjectProfitTests' from project 'ProjectProfit')
    cd /Users/yutaro/project-profit-ios
    builtin-copy -exclude .DS_Store -exclude CVS -exclude .svn -exclude .git -exclude .hg -resolve-src-symlinks /Users/yutaro/project-profit-ios/ProjectProfitTests/Golden/expected/journal_book_2025.json /Users/yutaro/project-profit-ios/artifacts/release-quality/books/DerivedData/Build/Products/Debug-iphonesimulator/ProjectProfit.app/PlugIns/ProjectProfitTests.xctest

CpResource /Users/yutaro/project-profit-ios/artifacts/release-quality/books/DerivedData/Build/Products/Debug-iphonesimulator/ProjectProfit.app/PlugIns/ProjectProfitTests.xctest/consumption_tax_worksheet_2025.json /Users/yutaro/project-profit-ios/ProjectProfitTests/Golden/expected/consumption_tax_worksheet_2025.json (in target 'ProjectProfitTests' from project 'ProjectProfit')
    cd /Users/yutaro/project-profit-ios
    builtin-copy -exclude .DS_Store -exclude CVS -exclude .svn -exclude .git -exclude .hg -resolve-src-symlinks /Users/yutaro/project-profit-ios/ProjectProfitTests/Golden/expected/consumption_tax_worksheet_2025.json /Users/yutaro/project-profit-ios/artifacts/release-quality/books/DerivedData/Build/Products/Debug-iphonesimulator/ProjectProfit.app/PlugIns/ProjectProfitTests.xctest

CpResource /Users/yutaro/project-profit-ios/artifacts/release-quality/books/DerivedData/Build/Products/Debug-iphonesimulator/ProjectProfit.app/PlugIns/ProjectProfitTests.xctest/blue_return_2025.json /Users/yutaro/project-profit-ios/ProjectProfitTests/Golden/expected/blue_return_2025.json (in target 'ProjectProfitTests' from project 'ProjectProfit')
    cd /Users/yutaro/project-profit-ios
    builtin-copy -exclude .DS_Store -exclude CVS -exclude .svn -exclude .git -exclude .hg -resolve-src-symlinks /Users/yutaro/project-profit-ios/ProjectProfitTests/Golden/expected/blue_return_2025.json /Users/yutaro/project-profit-ios/artifacts/release-quality/books/DerivedData/Build/Products/Debug-iphonesimulator/ProjectProfit.app/PlugIns/ProjectProfitTests.xctest

SwiftEmitModule normal arm64 Emitting\ module\ for\ ProjectProfitUITests (in target 'ProjectProfitUITests' from project 'ProjectProfit')

SwiftCompile normal arm64 /Users/yutaro/project-profit-ios/ProjectProfitUITests/WithholdingApprovalUITests.swift (in target 'ProjectProfitUITests' from project 'ProjectProfit')
    cd /Users/yutaro/project-profit-ios
    

SwiftCompile normal arm64 Compiling\ WithholdingApprovalUITests.swift /Users/yutaro/project-profit-ios/ProjectProfitUITests/WithholdingApprovalUITests.swift (in target 'ProjectProfitUITests' from project 'ProjectProfit')

SwiftCompile normal arm64 /Users/yutaro/project-profit-ios/ProjectProfitUITests/WithholdingApprovalUITests.swift (in target 'ProjectProfitUITests' from project 'ProjectProfit')
    cd /Users/yutaro/project-profit-ios
    

SwiftDriverJobDiscovery normal arm64 Emitting module for ProjectProfitUITests (in target 'ProjectProfitUITests' from project 'ProjectProfit')

SwiftDriver\ Compilation\ Requirements ProjectProfitUITests normal arm64 com.apple.xcode.tools.swift.compiler (in target 'ProjectProfitUITests' from project 'ProjectProfit')
    cd /Users/yutaro/project-profit-ios
    builtin-Swift-Compilation-Requirements -- /Applications/Xcode-26.3.app/Contents/Developer/Toolchains/XcodeDefault.xctoolchain/usr/bin/swiftc -module-name ProjectProfitUITests -Onone -enforce-exclusivity\=checked @/Users/yutaro/project-profit-ios/artifacts/release-quality/books/DerivedData/Build/Intermediates.noindex/ProjectProfit.build/Debug-iphonesimulator/ProjectProfitUITests.build/Objects-normal/arm64/ProjectProfitUITests.SwiftFileList -DDEBUG -module-alias Testing\=_Testing_Unavailable -plugin-path /Applications/Xcode-26.3.app/Contents/Developer/Toolchains/XcodeDefault.xctoolchain/usr/lib/swift/host/plugins/testing -enable-bare-slash-regex -enable-experimental-feature DebugDescriptionMacro -sdk /Applications/Xcode-26.3.app/Contents/Developer/Platforms/iPhoneSimulator.platform/Developer/SDKs/iPhoneSimulator26.2.sdk -target arm64-apple-ios17.0-simulator -g -module-cache-path /Users/yutaro/project-profit-ios/artifacts/release-quality/books/DerivedData/ModuleCache.noindex -Xfrontend -serialize-debugging-options -profile-coverage-mapping -profile-generate -enable-testing -index-store-path /Users/yutaro/project-profit-ios/artifacts/release-quality/books/DerivedData/Index.noindex/DataStore -Xcc -D_LIBCPP_HARDENING_MODE\=_LIBCPP_HARDENING_MODE_DEBUG -swift-version 5 -I /Users/yutaro/project-profit-ios/artifacts/release-quality/books/DerivedData/Build/Products/Debug-iphonesimulator -Isystem /Applications/Xcode-26.3.app/Contents/Developer/Platforms/iPhoneSimulator.platform/Developer/usr/lib -F /Users/yutaro/project-profit-ios/artifacts/release-quality/books/DerivedData/Build/Products/Debug-iphonesimulator -F /Applications/Xcode-26.3.app/Contents/Developer/Platforms/iPhoneSimulator.platform/Developer/Library/Frameworks -F /Applications/Xcode-26.3.app/Contents/Developer/Platforms/iPhoneSimulator.platform/Developer/SDKs/iPhoneSimulator26.2.sdk/Developer/Library/Frameworks -parse-as-library -c -j8 -enable-batch-mode -incremental -Xcc -ivfsstatcache -Xcc /Users/yutaro/project-profit-ios/artifacts/release-quality/books/DerivedData/SDKStatCaches.noindex/iphonesimulator26.2-23C57-91db6bf2b9df79783d042ed3cc29a58e.sdkstatcache -output-file-map /Users/yutaro/project-profit-ios/artifacts/release-quality/books/DerivedData/Build/Intermediates.noindex/ProjectProfit.build/Debug-iphonesimulator/ProjectProfitUITests.build/Objects-normal/arm64/ProjectProfitUITests-OutputFileMap.json -use-frontend-parseable-output -save-temps -no-color-diagnostics -explicit-module-build -module-cache-path /Users/yutaro/project-profit-ios/artifacts/release-quality/books/DerivedData/Build/Intermediates.noindex/SwiftExplicitPrecompiledModules -clang-scanner-module-cache-path /Users/yutaro/project-profit-ios/artifacts/release-quality/books/DerivedData/ModuleCache.noindex -sdk-module-cache-path /Users/yutaro/project-profit-ios/artifacts/release-quality/books/DerivedData/ModuleCache.noindex -serialize-diagnostics -emit-dependencies -emit-module -emit-module-path /Users/yutaro/project-profit-ios/artifacts/release-quality/books/DerivedData/Build/Intermediates.noindex/ProjectProfit.build/Debug-iphonesimulator/ProjectProfitUITests.build/Objects-normal/arm64/ProjectProfitUITests.swiftmodule -validate-clang-modules-once -clang-build-session-file /Users/yutaro/project-profit-ios/artifacts/release-quality/books/DerivedData/ModuleCache.noindex/Session.modulevalidation -Xcc -I/Users/yutaro/project-profit-ios/artifacts/release-quality/books/DerivedData/Build/Intermediates.noindex/ProjectProfit.build/Debug-iphonesimulator/ProjectProfitUITests.build/swift-overrides.hmap -emit-const-values -Xfrontend -const-gather-protocols-file -Xfrontend /Users/yutaro/project-profit-ios/artifacts/release-quality/books/DerivedData/Build/Intermediates.noindex/ProjectProfit.build/Debug-iphonesimulator/ProjectProfitUITests.build/Objects-normal/arm64/ProjectProfitUITests_const_extract_protocols.json -Xcc -iquote -Xcc /Users/yutaro/project-profit-ios/artifacts/release-quality/books/DerivedData/Build/Intermediates.noindex/ProjectProfit.build/Debug-iphonesimulator/ProjectProfitUITests.build/ProjectProfitUITests-generated-files.hmap -Xcc -I/Users/yutaro/project-profit-ios/artifacts/release-quality/books/DerivedData/Build/Intermediates.noindex/ProjectProfit.build/Debug-iphonesimulator/ProjectProfitUITests.build/ProjectProfitUITests-own-target-headers.hmap -Xcc -I/Users/yutaro/project-profit-ios/artifacts/release-quality/books/DerivedData/Build/Intermediates.noindex/ProjectProfit.build/Debug-iphonesimulator/ProjectProfitUITests.build/ProjectProfitUITests-all-non-framework-target-headers.hmap -Xcc -ivfsoverlay -Xcc /Users/yutaro/project-profit-ios/artifacts/release-quality/books/DerivedData/Build/Intermediates.noindex/ProjectProfit.build/Debug-iphonesimulator/ProjectProfit-bc30635a8cb06e5d3ecf94d8d93f544c-VFS-iphonesimulator/all-product-headers.yaml -Xcc -iquote -Xcc /Users/yutaro/project-profit-ios/artifacts/release-quality/books/DerivedData/Build/Intermediates.noindex/ProjectProfit.build/Debug-iphonesimulator/ProjectProfitUITests.build/ProjectProfitUITests-project-headers.hmap -Xcc -I/Users/yutaro/project-profit-ios/artifacts/release-quality/books/DerivedData/Build/Products/Debug-iphonesimulator/include -Xcc -I/Users/yutaro/project-profit-ios/artifacts/release-quality/books/DerivedData/Build/Intermediates.noindex/ProjectProfit.build/Debug-iphonesimulator/ProjectProfitUITests.build/DerivedSources-normal/arm64 -Xcc -I/Users/yutaro/project-profit-ios/artifacts/release-quality/books/DerivedData/Build/Intermediates.noindex/ProjectProfit.build/Debug-iphonesimulator/ProjectProfitUITests.build/DerivedSources/arm64 -Xcc -I/Users/yutaro/project-profit-ios/artifacts/release-quality/books/DerivedData/Build/Intermediates.noindex/ProjectProfit.build/Debug-iphonesimulator/ProjectProfitUITests.build/DerivedSources -Xcc -DDEBUG\=1 -emit-objc-header -emit-objc-header-path /Users/yutaro/project-profit-ios/artifacts/release-quality/books/DerivedData/Build/Intermediates.noindex/ProjectProfit.build/Debug-iphonesimulator/ProjectProfitUITests.build/Objects-normal/arm64/ProjectProfitUITests-Swift.h -working-directory /Users/yutaro/project-profit-ios -experimental-emit-module-separately -disable-cmo

Copy /Users/yutaro/project-profit-ios/artifacts/release-quality/books/DerivedData/Build/Products/Debug-iphonesimulator/ProjectProfitUITests.swiftmodule/Project/arm64-apple-ios-simulator.swiftsourceinfo /Users/yutaro/project-profit-ios/artifacts/release-quality/books/DerivedData/Build/Intermediates.noindex/ProjectProfit.build/Debug-iphonesimulator/ProjectProfitUITests.build/Objects-normal/arm64/ProjectProfitUITests.swiftsourceinfo (in target 'ProjectProfitUITests' from project 'ProjectProfit')
    cd /Users/yutaro/project-profit-ios
    builtin-copy -exclude .DS_Store -exclude CVS -exclude .svn -exclude .git -exclude .hg -resolve-src-symlinks -rename /Users/yutaro/project-profit-ios/artifacts/release-quality/books/DerivedData/Build/Intermediates.noindex/ProjectProfit.build/Debug-iphonesimulator/ProjectProfitUITests.build/Objects-normal/arm64/ProjectProfitUITests.swiftsourceinfo /Users/yutaro/project-profit-ios/artifacts/release-quality/books/DerivedData/Build/Products/Debug-iphonesimulator/ProjectProfitUITests.swiftmodule/Project/arm64-apple-ios-simulator.swiftsourceinfo

Copy /Users/yutaro/project-profit-ios/artifacts/release-quality/books/DerivedData/Build/Products/Debug-iphonesimulator/ProjectProfitUITests.swiftmodule/arm64-apple-ios-simulator.swiftmodule /Users/yutaro/project-profit-ios/artifacts/release-quality/books/DerivedData/Build/Intermediates.noindex/ProjectProfit.build/Debug-iphonesimulator/ProjectProfitUITests.build/Objects-normal/arm64/ProjectProfitUITests.swiftmodule (in target 'ProjectProfitUITests' from project 'ProjectProfit')
    cd /Users/yutaro/project-profit-ios
    builtin-copy -exclude .DS_Store -exclude CVS -exclude .svn -exclude .git -exclude .hg -resolve-src-symlinks -rename /Users/yutaro/project-profit-ios/artifacts/release-quality/books/DerivedData/Build/Intermediates.noindex/ProjectProfit.build/Debug-iphonesimulator/ProjectProfitUITests.build/Objects-normal/arm64/ProjectProfitUITests.swiftmodule /Users/yutaro/project-profit-ios/artifacts/release-quality/books/DerivedData/Build/Products/Debug-iphonesimulator/ProjectProfitUITests.swiftmodule/arm64-apple-ios-simulator.swiftmodule

Copy /Users/yutaro/project-profit-ios/artifacts/release-quality/books/DerivedData/Build/Products/Debug-iphonesimulator/ProjectProfitUITests.swiftmodule/arm64-apple-ios-simulator.abi.json /Users/yutaro/project-profit-ios/artifacts/release-quality/books/DerivedData/Build/Intermediates.noindex/ProjectProfit.build/Debug-iphonesimulator/ProjectProfitUITests.build/Objects-normal/arm64/ProjectProfitUITests.abi.json (in target 'ProjectProfitUITests' from project 'ProjectProfit')
    cd /Users/yutaro/project-profit-ios
    builtin-copy -exclude .DS_Store -exclude CVS -exclude .svn -exclude .git -exclude .hg -resolve-src-symlinks -rename /Users/yutaro/project-profit-ios/artifacts/release-quality/books/DerivedData/Build/Intermediates.noindex/ProjectProfit.build/Debug-iphonesimulator/ProjectProfitUITests.build/Objects-normal/arm64/ProjectProfitUITests.abi.json /Users/yutaro/project-profit-ios/artifacts/release-quality/books/DerivedData/Build/Products/Debug-iphonesimulator/ProjectProfitUITests.swiftmodule/arm64-apple-ios-simulator.abi.json

SwiftDriverJobDiscovery normal arm64 Compiling WithholdingApprovalUITests.swift (in target 'ProjectProfitUITests' from project 'ProjectProfit')

SwiftDriver\ Compilation ProjectProfitUITests normal arm64 com.apple.xcode.tools.swift.compiler (in target 'ProjectProfitUITests' from project 'ProjectProfit')
    cd /Users/yutaro/project-profit-ios
    builtin-Swift-Compilation -- /Applications/Xcode-26.3.app/Contents/Developer/Toolchains/XcodeDefault.xctoolchain/usr/bin/swiftc -module-name ProjectProfitUITests -Onone -enforce-exclusivity\=checked @/Users/yutaro/project-profit-ios/artifacts/release-quality/books/DerivedData/Build/Intermediates.noindex/ProjectProfit.build/Debug-iphonesimulator/ProjectProfitUITests.build/Objects-normal/arm64/ProjectProfitUITests.SwiftFileList -DDEBUG -module-alias Testing\=_Testing_Unavailable -plugin-path /Applications/Xcode-26.3.app/Contents/Developer/Toolchains/XcodeDefault.xctoolchain/usr/lib/swift/host/plugins/testing -enable-bare-slash-regex -enable-experimental-feature DebugDescriptionMacro -sdk /Applications/Xcode-26.3.app/Contents/Developer/Platforms/iPhoneSimulator.platform/Developer/SDKs/iPhoneSimulator26.2.sdk -target arm64-apple-ios17.0-simulator -g -module-cache-path /Users/yutaro/project-profit-ios/artifacts/release-quality/books/DerivedData/ModuleCache.noindex -Xfrontend -serialize-debugging-options -profile-coverage-mapping -profile-generate -enable-testing -index-store-path /Users/yutaro/project-profit-ios/artifacts/release-quality/books/DerivedData/Index.noindex/DataStore -Xcc -D_LIBCPP_HARDENING_MODE\=_LIBCPP_HARDENING_MODE_DEBUG -swift-version 5 -I /Users/yutaro/project-profit-ios/artifacts/release-quality/books/DerivedData/Build/Products/Debug-iphonesimulator -Isystem /Applications/Xcode-26.3.app/Contents/Developer/Platforms/iPhoneSimulator.platform/Developer/usr/lib -F /Users/yutaro/project-profit-ios/artifacts/release-quality/books/DerivedData/Build/Products/Debug-iphonesimulator -F /Applications/Xcode-26.3.app/Contents/Developer/Platforms/iPhoneSimulator.platform/Developer/Library/Frameworks -F /Applications/Xcode-26.3.app/Contents/Developer/Platforms/iPhoneSimulator.platform/Developer/SDKs/iPhoneSimulator26.2.sdk/Developer/Library/Frameworks -parse-as-library -c -j8 -enable-batch-mode -incremental -Xcc -ivfsstatcache -Xcc /Users/yutaro/project-profit-ios/artifacts/release-quality/books/DerivedData/SDKStatCaches.noindex/iphonesimulator26.2-23C57-91db6bf2b9df79783d042ed3cc29a58e.sdkstatcache -output-file-map /Users/yutaro/project-profit-ios/artifacts/release-quality/books/DerivedData/Build/Intermediates.noindex/ProjectProfit.build/Debug-iphonesimulator/ProjectProfitUITests.build/Objects-normal/arm64/ProjectProfitUITests-OutputFileMap.json -use-frontend-parseable-output -save-temps -no-color-diagnostics -explicit-module-build -module-cache-path /Users/yutaro/project-profit-ios/artifacts/release-quality/books/DerivedData/Build/Intermediates.noindex/SwiftExplicitPrecompiledModules -clang-scanner-module-cache-path /Users/yutaro/project-profit-ios/artifacts/release-quality/books/DerivedData/ModuleCache.noindex -sdk-module-cache-path /Users/yutaro/project-profit-ios/artifacts/release-quality/books/DerivedData/ModuleCache.noindex -serialize-diagnostics -emit-dependencies -emit-module -emit-module-path /Users/yutaro/project-profit-ios/artifacts/release-quality/books/DerivedData/Build/Intermediates.noindex/ProjectProfit.build/Debug-iphonesimulator/ProjectProfitUITests.build/Objects-normal/arm64/ProjectProfitUITests.swiftmodule -validate-clang-modules-once -clang-build-session-file /Users/yutaro/project-profit-ios/artifacts/release-quality/books/DerivedData/ModuleCache.noindex/Session.modulevalidation -Xcc -I/Users/yutaro/project-profit-ios/artifacts/release-quality/books/DerivedData/Build/Intermediates.noindex/ProjectProfit.build/Debug-iphonesimulator/ProjectProfitUITests.build/swift-overrides.hmap -emit-const-values -Xfrontend -const-gather-protocols-file -Xfrontend /Users/yutaro/project-profit-ios/artifacts/release-quality/books/DerivedData/Build/Intermediates.noindex/ProjectProfit.build/Debug-iphonesimulator/ProjectProfitUITests.build/Objects-normal/arm64/ProjectProfitUITests_const_extract_protocols.json -Xcc -iquote -Xcc /Users/yutaro/project-profit-ios/artifacts/release-quality/books/DerivedData/Build/Intermediates.noindex/ProjectProfit.build/Debug-iphonesimulator/ProjectProfitUITests.build/ProjectProfitUITests-generated-files.hmap -Xcc -I/Users/yutaro/project-profit-ios/artifacts/release-quality/books/DerivedData/Build/Intermediates.noindex/ProjectProfit.build/Debug-iphonesimulator/ProjectProfitUITests.build/ProjectProfitUITests-own-target-headers.hmap -Xcc -I/Users/yutaro/project-profit-ios/artifacts/release-quality/books/DerivedData/Build/Intermediates.noindex/ProjectProfit.build/Debug-iphonesimulator/ProjectProfitUITests.build/ProjectProfitUITests-all-non-framework-target-headers.hmap -Xcc -ivfsoverlay -Xcc /Users/yutaro/project-profit-ios/artifacts/release-quality/books/DerivedData/Build/Intermediates.noindex/ProjectProfit.build/Debug-iphonesimulator/ProjectProfit-bc30635a8cb06e5d3ecf94d8d93f544c-VFS-iphonesimulator/all-product-headers.yaml -Xcc -iquote -Xcc /Users/yutaro/project-profit-ios/artifacts/release-quality/books/DerivedData/Build/Intermediates.noindex/ProjectProfit.build/Debug-iphonesimulator/ProjectProfitUITests.build/ProjectProfitUITests-project-headers.hmap -Xcc -I/Users/yutaro/project-profit-ios/artifacts/release-quality/books/DerivedData/Build/Products/Debug-iphonesimulator/include -Xcc -I/Users/yutaro/project-profit-ios/artifacts/release-quality/books/DerivedData/Build/Intermediates.noindex/ProjectProfit.build/Debug-iphonesimulator/ProjectProfitUITests.build/DerivedSources-normal/arm64 -Xcc -I/Users/yutaro/project-profit-ios/artifacts/release-quality/books/DerivedData/Build/Intermediates.noindex/ProjectProfit.build/Debug-iphonesimulator/ProjectProfitUITests.build/DerivedSources/arm64 -Xcc -I/Users/yutaro/project-profit-ios/artifacts/release-quality/books/DerivedData/Build/Intermediates.noindex/ProjectProfit.build/Debug-iphonesimulator/ProjectProfitUITests.build/DerivedSources -Xcc -DDEBUG\=1 -emit-objc-header -emit-objc-header-path /Users/yutaro/project-profit-ios/artifacts/release-quality/books/DerivedData/Build/Intermediates.noindex/ProjectProfit.build/Debug-iphonesimulator/ProjectProfitUITests.build/Objects-normal/arm64/ProjectProfitUITests-Swift.h -working-directory /Users/yutaro/project-profit-ios -experimental-emit-module-separately -disable-cmo

SwiftCompile normal arm64 Compiling\ DashboardViewModelTests.swift,\ DataRevisionQueryUseCaseTests.swift,\ DataStoreAccountingTests.swift,\ DataStoreCRUDTests.swift,\ DataStoreDocumentsTests.swift,\ DataStoreFixedAssetTests.swift,\ DataStoreInventoryTests.swift,\ DataStoreSummaryTests.swift,\ DataStoreYearLockGradedTests.swift,\ DepreciationEngineTests.swift,\ DepreciationScheduleBuilderTests.swift,\ DistributionApprovalIntegrationTests.swift,\ DistributionTemplateApplicationUseCaseTests.swift,\ DistributionTemplateManagementQueryUseCaseTests.swift,\ DocumentAndSubLedgerTests.swift,\ DocumentWorkflowUseCaseTests.swift,\ EtaxCharacterValidatorTests.swift,\ EtaxExportViewModelTests.swift,\ EtaxFieldPopulatorTests.swift /Users/yutaro/project-profit-ios/ProjectProfitTests/DashboardViewModelTests.swift /Users/yutaro/project-profit-ios/ProjectProfitTests/DataRevisionQueryUseCaseTests.swift /Users/yutaro/project-profit-ios/ProjectProfitTests/DataStoreAccountingTests.swift /Users/yutaro/project-profit-ios/ProjectProfitTests/DataStoreCRUDTests.swift /Users/yutaro/project-profit-ios/ProjectProfitTests/DataStoreDocumentsTests.swift /Users/yutaro/project-profit-ios/ProjectProfitTests/DataStoreFixedAssetTests.swift /Users/yutaro/project-profit-ios/ProjectProfitTests/DataStoreInventoryTests.swift /Users/yutaro/project-profit-ios/ProjectProfitTests/DataStoreSummaryTests.swift /Users/yutaro/project-profit-ios/ProjectProfitTests/DataStoreYearLockGradedTests.swift /Users/yutaro/project-profit-ios/ProjectProfitTests/DepreciationEngineTests.swift /Users/yutaro/project-profit-ios/ProjectProfitTests/DepreciationScheduleBuilderTests.swift /Users/yutaro/project-profit-ios/ProjectProfitTests/DistributionApprovalIntegrationTests.swift /Users/yutaro/project-profit-ios/ProjectProfitTests/DistributionTemplateApplicationUseCaseTests.swift /Users/yutaro/project-profit-ios/ProjectProfitTests/DistributionTemplateManagementQueryUseCaseTests.swift /Users/yutaro/project-profit-ios/ProjectProfitTests/DocumentAndSubLedgerTests.swift /Users/yutaro/project-profit-ios/ProjectProfitTests/DocumentWorkflowUseCaseTests.swift /Users/yutaro/project-profit-ios/ProjectProfitTests/EtaxCharacterValidatorTests.swift /Users/yutaro/project-profit-ios/ProjectProfitTests/EtaxExportViewModelTests.swift /Users/yutaro/project-profit-ios/ProjectProfitTests/EtaxFieldPopulatorTests.swift (in target 'ProjectProfitTests' from project 'ProjectProfit')

SwiftCompile normal arm64 /Users/yutaro/project-profit-ios/ProjectProfitTests/DashboardViewModelTests.swift (in target 'ProjectProfitTests' from project 'ProjectProfit')
    cd /Users/yutaro/project-profit-ios
    

SwiftCompile normal arm64 /Users/yutaro/project-profit-ios/ProjectProfitTests/DataRevisionQueryUseCaseTests.swift (in target 'ProjectProfitTests' from project 'ProjectProfit')
    cd /Users/yutaro/project-profit-ios
    

SwiftCompile normal arm64 /Users/yutaro/project-profit-ios/ProjectProfitTests/DataStoreAccountingTests.swift (in target 'ProjectProfitTests' from project 'ProjectProfit')
    cd /Users/yutaro/project-profit-ios
    
/Users/yutaro/project-profit-ios/ProjectProfitTests/DataStoreAccountingTests.swift:113:13: warning: initialization of immutable value 'transaction' was never used; consider replacing with assignment to '_' or removing it
        let transaction = mutations(dataStore).addTransaction(
        ~~~~^~~~~~~~~~~
        _
/Users/yutaro/project-profit-ios/ProjectProfitTests/DataStoreAccountingTests.swift:131:13: warning: initialization of immutable value 'income' was never used; consider replacing with assignment to '_' or removing it
        let income = mutations(dataStore).addTransaction(
        ~~~~^~~~~~
        _
/Users/yutaro/project-profit-ios/ProjectProfitTests/DataStoreAccountingTests.swift:139:13: warning: initialization of immutable value 'expense' was never used; consider replacing with assignment to '_' or removing it
        let expense = mutations(dataStore).addTransaction(
        ~~~~^~~~~~~
        _
/Users/yutaro/project-profit-ios/ProjectProfitTests/DataStoreAccountingTests.swift:161:13: warning: initialization of immutable value 'income' was never used; consider replacing with assignment to '_' or removing it
        let income = mutations(dataStore).addTransaction(
        ~~~~^~~~~~
        _
/Users/yutaro/project-profit-ios/ProjectProfitTests/DataStoreAccountingTests.swift:169:13: warning: initialization of immutable value 'expense' was never used; consider replacing with assignment to '_' or removing it
        let expense = mutations(dataStore).addTransaction(
        ~~~~^~~~~~~
        _
/Users/yutaro/project-profit-ios/ProjectProfitTests/DataStoreAccountingTests.swift:402:13: warning: initialization of immutable value 'transaction' was never used; consider replacing with assignment to '_' or removing it
        let transaction = mutations(dataStore).addTransaction(
        ~~~~^~~~~~~~~~~
        _
/Users/yutaro/project-profit-ios/ProjectProfitTests/DataStoreAccountingTests.swift:985:13: warning: initialization of immutable value 'transaction' was never used; consider replacing with assignment to '_' or removing it
        let transaction = mutations(dataStore).addTransaction(
        ~~~~^~~~~~~~~~~
        _
/Users/yutaro/project-profit-ios/ProjectProfitTests/DataStoreAccountingTests.swift:1065:13: warning: initialization of immutable value 'businessId' was never used; consider replacing with assignment to '_' or removing it
        let businessId = try XCTUnwrap(dataStore.businessProfile?.id)
        ~~~~^~~~~~~~~~
        _
/Users/yutaro/project-profit-ios/ProjectProfitTests/DataStoreAccountingTests.swift:1068:13: warning: initialization of immutable value 'firstTransaction' was never used; consider replacing with assignment to '_' or removing it
        let firstTransaction = mutations(dataStore).addTransaction(
        ~~~~^~~~~~~~~~~~~~~~
        _

SwiftCompile normal arm64 /Users/yutaro/project-profit-ios/ProjectProfitTests/DataStoreCRUDTests.swift (in target 'ProjectProfitTests' from project 'ProjectProfit')
    cd /Users/yutaro/project-profit-ios
    

SwiftCompile normal arm64 /Users/yutaro/project-profit-ios/ProjectProfitTests/DataStoreDocumentsTests.swift (in target 'ProjectProfitTests' from project 'ProjectProfit')
    cd /Users/yutaro/project-profit-ios
    

SwiftCompile normal arm64 /Users/yutaro/project-profit-ios/ProjectProfitTests/DataStoreFixedAssetTests.swift (in target 'ProjectProfitTests' from project 'ProjectProfit')
    cd /Users/yutaro/project-profit-ios
    
/Users/yutaro/project-profit-ios/ProjectProfitTests/DataStoreFixedAssetTests.swift:241:27: warning: 'PPAccountingProfile' is deprecated: Use BusinessProfile / TaxYearProfile instead. Migration-only legacy model.
            let profile = PPAccountingProfile(
                          ^
/Users/yutaro/project-profit-ios/ProjectProfitTests/DataStoreFixedAssetTests.swift:245:36: warning: conformance of 'PPAccountingProfile' to 'PersistentModel' is deprecated: Use BusinessProfile / TaxYearProfile instead. Migration-only legacy model.
            dataStore.modelContext.insert(profile)
                                   ^

SwiftCompile normal arm64 /Users/yutaro/project-profit-ios/ProjectProfitTests/DataStoreInventoryTests.swift (in target 'ProjectProfitTests' from project 'ProjectProfit')
    cd /Users/yutaro/project-profit-ios
    
/Users/yutaro/project-profit-ios/ProjectProfitTests/DataStoreInventoryTests.swift:159:27: warning: 'PPAccountingProfile' is deprecated: Use BusinessProfile / TaxYearProfile instead. Migration-only legacy model.
            let profile = PPAccountingProfile(
                          ^
/Users/yutaro/project-profit-ios/ProjectProfitTests/DataStoreInventoryTests.swift:163:36: warning: conformance of 'PPAccountingProfile' to 'PersistentModel' is deprecated: Use BusinessProfile / TaxYearProfile instead. Migration-only legacy model.
            dataStore.modelContext.insert(profile)
                                   ^

SwiftCompile normal arm64 /Users/yutaro/project-profit-ios/ProjectProfitTests/DataStoreSummaryTests.swift (in target 'ProjectProfitTests' from project 'ProjectProfit')
    cd /Users/yutaro/project-profit-ios
    

SwiftCompile normal arm64 /Users/yutaro/project-profit-ios/ProjectProfitTests/DataStoreYearLockGradedTests.swift (in target 'ProjectProfitTests' from project 'ProjectProfit')
    cd /Users/yutaro/project-profit-ios
    

SwiftCompile normal arm64 /Users/yutaro/project-profit-ios/ProjectProfitTests/DepreciationEngineTests.swift (in target 'ProjectProfitTests' from project 'ProjectProfit')
    cd /Users/yutaro/project-profit-ios
    

SwiftCompile normal arm64 /Users/yutaro/project-profit-ios/ProjectProfitTests/DepreciationScheduleBuilderTests.swift (in target 'ProjectProfitTests' from project 'ProjectProfit')
    cd /Users/yutaro/project-profit-ios
    

SwiftCompile normal arm64 /Users/yutaro/project-profit-ios/ProjectProfitTests/DistributionApprovalIntegrationTests.swift (in target 'ProjectProfitTests' from project 'ProjectProfit')
    cd /Users/yutaro/project-profit-ios
    

SwiftCompile normal arm64 /Users/yutaro/project-profit-ios/ProjectProfitTests/DistributionTemplateApplicationUseCaseTests.swift (in target 'ProjectProfitTests' from project 'ProjectProfit')
    cd /Users/yutaro/project-profit-ios
    

SwiftCompile normal arm64 /Users/yutaro/project-profit-ios/ProjectProfitTests/DistributionTemplateManagementQueryUseCaseTests.swift (in target 'ProjectProfitTests' from project 'ProjectProfit')
    cd /Users/yutaro/project-profit-ios
    

SwiftCompile normal arm64 /Users/yutaro/project-profit-ios/ProjectProfitTests/DocumentAndSubLedgerTests.swift (in target 'ProjectProfitTests' from project 'ProjectProfit')
    cd /Users/yutaro/project-profit-ios
    

SwiftCompile normal arm64 /Users/yutaro/project-profit-ios/ProjectProfitTests/DocumentWorkflowUseCaseTests.swift (in target 'ProjectProfitTests' from project 'ProjectProfit')
    cd /Users/yutaro/project-profit-ios
    
/Users/yutaro/project-profit-ios/ProjectProfitTests/DocumentWorkflowUseCaseTests.swift:229:13: warning: variable 'form' was never mutated; consider changing to 'let' constant
        var form = EvidenceSearchFormState()
        ~~~ ^
        let

SwiftCompile normal arm64 /Users/yutaro/project-profit-ios/ProjectProfitTests/EtaxCharacterValidatorTests.swift (in target 'ProjectProfitTests' from project 'ProjectProfit')
    cd /Users/yutaro/project-profit-ios
    

SwiftCompile normal arm64 /Users/yutaro/project-profit-ios/ProjectProfitTests/EtaxExportViewModelTests.swift (in target 'ProjectProfitTests' from project 'ProjectProfit')
    cd /Users/yutaro/project-profit-ios
    

SwiftCompile normal arm64 /Users/yutaro/project-profit-ios/ProjectProfitTests/EtaxFieldPopulatorTests.swift (in target 'ProjectProfitTests' from project 'ProjectProfit')
    cd /Users/yutaro/project-profit-ios
    

SwiftCompile normal arm64 Compiling\ EtaxXtxExporterTests.swift,\ EvidenceInboxQueryUseCaseTests.swift,\ ExpenseBookTests.swift,\ ExportCoordinatorTests.swift,\ FilingDashboardQueryUseCaseTests.swift,\ FilingPreflightUseCaseTests.swift,\ FiscalYearDataStoreTests.swift,\ FiscalYearUtilitiesTests.swift,\ FixedAssetNTATests.swift,\ FixedAssetWorkflowUseCaseTests.swift,\ FormEngineTests.swift,\ GeneralLedgerEnrichmentTests.swift,\ GoldenBaselineTests.swift,\ GoldenFixtureSupport.swift,\ InputTaxDeductionCalculatorTests.swift,\ InventoryServiceTests.swift,\ InventoryViewModelTests.swift,\ InventoryWorkflowUseCaseTests.swift,\ JournalValidationTests.swift /Users/yutaro/project-profit-ios/ProjectProfitTests/EtaxXtxExporterTests.swift /Users/yutaro/project-profit-ios/ProjectProfitTests/EvidenceInboxQueryUseCaseTests.swift /Users/yutaro/project-profit-ios/ProjectProfitTests/ExpenseBookTests.swift /Users/yutaro/project-profit-ios/ProjectProfitTests/ExportCoordinatorTests.swift /Users/yutaro/project-profit-ios/ProjectProfitTests/FilingDashboardQueryUseCaseTests.swift /Users/yutaro/project-profit-ios/ProjectProfitTests/FilingPreflightUseCaseTests.swift /Users/yutaro/project-profit-ios/ProjectProfitTests/FiscalYearDataStoreTests.swift /Users/yutaro/project-profit-ios/ProjectProfitTests/FiscalYearUtilitiesTests.swift /Users/yutaro/project-profit-ios/ProjectProfitTests/FixedAssetNTATests.swift /Users/yutaro/project-profit-ios/ProjectProfitTests/FixedAssetWorkflowUseCaseTests.swift /Users/yutaro/project-profit-ios/ProjectProfitTests/FormEngineTests.swift /Users/yutaro/project-profit-ios/ProjectProfitTests/GeneralLedgerEnrichmentTests.swift /Users/yutaro/project-profit-ios/ProjectProfitTests/Golden/GoldenBaselineTests.swift /Users/yutaro/project-profit-ios/ProjectProfitTests/Golden/GoldenFixtureSupport.swift /Users/yutaro/project-profit-ios/ProjectProfitTests/Core/InputTaxDeductionCalculatorTests.swift /Users/yutaro/project-profit-ios/ProjectProfitTests/InventoryServiceTests.swift /Users/yutaro/project-profit-ios/ProjectProfitTests/InventoryViewModelTests.swift /Users/yutaro/project-profit-ios/ProjectProfitTests/InventoryWorkflowUseCaseTests.swift /Users/yutaro/project-profit-ios/ProjectProfitTests/JournalValidationTests.swift (in target 'ProjectProfitTests' from project 'ProjectProfit')

SwiftCompile normal arm64 /Users/yutaro/project-profit-ios/ProjectProfitTests/EtaxXtxExporterTests.swift (in target 'ProjectProfitTests' from project 'ProjectProfit')
    cd /Users/yutaro/project-profit-ios
    

SwiftCompile normal arm64 /Users/yutaro/project-profit-ios/ProjectProfitTests/EvidenceInboxQueryUseCaseTests.swift (in target 'ProjectProfitTests' from project 'ProjectProfit')
    cd /Users/yutaro/project-profit-ios
    

SwiftCompile normal arm64 /Users/yutaro/project-profit-ios/ProjectProfitTests/ExpenseBookTests.swift (in target 'ProjectProfitTests' from project 'ProjectProfit')
    cd /Users/yutaro/project-profit-ios
    

SwiftCompile normal arm64 /Users/yutaro/project-profit-ios/ProjectProfitTests/ExportCoordinatorTests.swift (in target 'ProjectProfitTests' from project 'ProjectProfit')
    cd /Users/yutaro/project-profit-ios
    

SwiftCompile normal arm64 /Users/yutaro/project-profit-ios/ProjectProfitTests/FilingDashboardQueryUseCaseTests.swift (in target 'ProjectProfitTests' from project 'ProjectProfit')
    cd /Users/yutaro/project-profit-ios
    
/Users/yutaro/project-profit-ios/ProjectProfitTests/FilingDashboardQueryUseCaseTests.swift:128:99: warning: left side of nil coalescing operator '??' has non-optional type 'String', so the right side is never used
        XCTAssertEqual(snapshot.preflightIssues, [StubError.preflightFailure.localizedDescription ?? ""])
                                                  ~~~~~~~~~~~~~~~~~~~~~~~~~~~~~~~~~~~~~~~~~~~~~~~~^~~~~
                                                                                                 

SwiftCompile normal arm64 /Users/yutaro/project-profit-ios/ProjectProfitTests/FilingPreflightUseCaseTests.swift (in target 'ProjectProfitTests' from project 'ProjectProfit')
    cd /Users/yutaro/project-profit-ios
    
/Users/yutaro/project-profit-ios/ProjectProfitTests/FilingPreflightUseCaseTests.swift:173:22: warning: 'PPAccountingProfile' is deprecated: Use BusinessProfile / TaxYearProfile instead. Migration-only legacy model.
        let legacy = PPAccountingProfile(
                     ^
/Users/yutaro/project-profit-ios/ProjectProfitTests/FilingPreflightUseCaseTests.swift:182:17: warning: conformance of 'PPAccountingProfile' to 'PersistentModel' is deprecated: Use BusinessProfile / TaxYearProfile instead. Migration-only legacy model.
        context.insert(legacy)
                ^

SwiftCompile normal arm64 /Users/yutaro/project-profit-ios/ProjectProfitTests/FiscalYearDataStoreTests.swift (in target 'ProjectProfitTests' from project 'ProjectProfit')
    cd /Users/yutaro/project-profit-ios
    

SwiftCompile normal arm64 /Users/yutaro/project-profit-ios/ProjectProfitTests/FiscalYearUtilitiesTests.swift (in target 'ProjectProfitTests' from project 'ProjectProfit')
    cd /Users/yutaro/project-profit-ios
    

SwiftCompile normal arm64 /Users/yutaro/project-profit-ios/ProjectProfitTests/FixedAssetNTATests.swift (in target 'ProjectProfitTests' from project 'ProjectProfit')
    cd /Users/yutaro/project-profit-ios
    
/Users/yutaro/project-profit-ios/ProjectProfitTests/FixedAssetNTATests.swift:68:19: warning: value 'asset' was defined but never used; consider replacing with boolean test
        guard let asset = dataStore.addFixedAsset(
              ~~~~^~~~~~~~
              

SwiftCompile normal arm64 /Users/yutaro/project-profit-ios/ProjectProfitTests/FixedAssetWorkflowUseCaseTests.swift (in target 'ProjectProfitTests' from project 'ProjectProfit')
    cd /Users/yutaro/project-profit-ios
    
/Users/yutaro/project-profit-ios/ProjectProfitTests/FixedAssetWorkflowUseCaseTests.swift:163:27: warning: 'PPAccountingProfile' is deprecated: Use BusinessProfile / TaxYearProfile instead. Migration-only legacy model.
            let profile = PPAccountingProfile(
                          ^
/Users/yutaro/project-profit-ios/ProjectProfitTests/FixedAssetWorkflowUseCaseTests.swift:167:36: warning: conformance of 'PPAccountingProfile' to 'PersistentModel' is deprecated: Use BusinessProfile / TaxYearProfile instead. Migration-only legacy model.
            dataStore.modelContext.insert(profile)
                                   ^

SwiftCompile normal arm64 /Users/yutaro/project-profit-ios/ProjectProfitTests/FormEngineTests.swift (in target 'ProjectProfitTests' from project 'ProjectProfit')
    cd /Users/yutaro/project-profit-ios
    

SwiftCompile normal arm64 /Users/yutaro/project-profit-ios/ProjectProfitTests/GeneralLedgerEnrichmentTests.swift (in target 'ProjectProfitTests' from project 'ProjectProfit')
    cd /Users/yutaro/project-profit-ios
    

SwiftCompile normal arm64 /Users/yutaro/project-profit-ios/ProjectProfitTests/Golden/GoldenBaselineTests.swift (in target 'ProjectProfitTests' from project 'ProjectProfit')
    cd /Users/yutaro/project-profit-ios
    

SwiftCompile normal arm64 /Users/yutaro/project-profit-ios/ProjectProfitTests/Golden/GoldenFixtureSupport.swift (in target 'ProjectProfitTests' from project 'ProjectProfit')
    cd /Users/yutaro/project-profit-ios
    

SwiftCompile normal arm64 /Users/yutaro/project-profit-ios/ProjectProfitTests/Core/InputTaxDeductionCalculatorTests.swift (in target 'ProjectProfitTests' from project 'ProjectProfit')
    cd /Users/yutaro/project-profit-ios
    

SwiftCompile normal arm64 /Users/yutaro/project-profit-ios/ProjectProfitTests/InventoryServiceTests.swift (in target 'ProjectProfitTests' from project 'ProjectProfit')
    cd /Users/yutaro/project-profit-ios
    

SwiftCompile normal arm64 /Users/yutaro/project-profit-ios/ProjectProfitTests/InventoryViewModelTests.swift (in target 'ProjectProfitTests' from project 'ProjectProfit')
    cd /Users/yutaro/project-profit-ios
    
/Users/yutaro/project-profit-ios/ProjectProfitTests/InventoryViewModelTests.swift:117:27: warning: 'PPAccountingProfile' is deprecated: Use BusinessProfile / TaxYearProfile instead. Migration-only legacy model.
            let profile = PPAccountingProfile(
                          ^
/Users/yutaro/project-profit-ios/ProjectProfitTests/InventoryViewModelTests.swift:121:36: warning: conformance of 'PPAccountingProfile' to 'PersistentModel' is deprecated: Use BusinessProfile / TaxYearProfile instead. Migration-only legacy model.
            dataStore.modelContext.insert(profile)
                                   ^

SwiftCompile normal arm64 /Users/yutaro/project-profit-ios/ProjectProfitTests/InventoryWorkflowUseCaseTests.swift (in target 'ProjectProfitTests' from project 'ProjectProfit')
    cd /Users/yutaro/project-profit-ios
    
/Users/yutaro/project-profit-ios/ProjectProfitTests/InventoryWorkflowUseCaseTests.swift:158:27: warning: 'PPAccountingProfile' is deprecated: Use BusinessProfile / TaxYearProfile instead. Migration-only legacy model.
            let profile = PPAccountingProfile(
                          ^
/Users/yutaro/project-profit-ios/ProjectProfitTests/InventoryWorkflowUseCaseTests.swift:162:36: warning: conformance of 'PPAccountingProfile' to 'PersistentModel' is deprecated: Use BusinessProfile / TaxYearProfile instead. Migration-only legacy model.
            dataStore.modelContext.insert(profile)
                                   ^

SwiftCompile normal arm64 /Users/yutaro/project-profit-ios/ProjectProfitTests/JournalValidationTests.swift (in target 'ProjectProfitTests' from project 'ProjectProfit')
    cd /Users/yutaro/project-profit-ios
    

SwiftCompile normal arm64 Compiling\ CanonicalAccountingReportTests.swift,\ CanonicalBookServiceTests.swift,\ CanonicalCSVImportIntegrationTests.swift,\ CanonicalFlowE2ETests.swift,\ CanonicalJournalEntryTests.swift,\ CanonicalPostingSupportTests.swift,\ CanonicalRepositoriesTests.swift,\ CanonicalUseCasesTests.swift,\ CashBookTests.swift,\ CategoryQueryUseCaseTests.swift,\ CategoryWorkflowUseCaseTests.swift,\ ClassificationDictionaryLoaderTests.swift,\ ClassificationEngineTests.swift,\ ClassificationLearningServiceTests.swift,\ ClassificationReviewQueryTests.swift,\ ClosingEntryTests.swift,\ ClosingWorkflowUseCaseTests.swift,\ ConsumptionTaxReportServiceTests.swift,\ CounterpartyMatchingTests.swift /Users/yutaro/project-profit-ios/ProjectProfitTests/CanonicalAccountingReportTests.swift /Users/yutaro/project-profit-ios/ProjectProfitTests/CanonicalBookServiceTests.swift /Users/yutaro/project-profit-ios/ProjectProfitTests/CanonicalCSVImportIntegrationTests.swift /Users/yutaro/project-profit-ios/ProjectProfitTests/CanonicalFlowE2ETests.swift /Users/yutaro/project-profit-ios/ProjectProfitTests/Core/CanonicalJournalEntryTests.swift /Users/yutaro/project-profit-ios/ProjectProfitTests/CanonicalPostingSupportTests.swift /Users/yutaro/project-profit-ios/ProjectProfitTests/CanonicalRepositoriesTests.swift /Users/yutaro/project-profit-ios/ProjectProfitTests/CanonicalUseCasesTests.swift /Users/yutaro/project-profit-ios/ProjectProfitTests/CashBookTests.swift /Users/yutaro/project-profit-ios/ProjectProfitTests/CategoryQueryUseCaseTests.swift /Users/yutaro/project-profit-ios/ProjectProfitTests/CategoryWorkflowUseCaseTests.swift /Users/yutaro/project-profit-ios/ProjectProfitTests/ClassificationDictionaryLoaderTests.swift /Users/yutaro/project-profit-ios/ProjectProfitTests/ClassificationEngineTests.swift /Users/yutaro/project-profit-ios/ProjectProfitTests/ClassificationLearningServiceTests.swift /Users/yutaro/project-profit-ios/ProjectProfitTests/ClassificationReviewQueryTests.swift /Users/yutaro/project-profit-ios/ProjectProfitTests/ClosingEntryTests.swift /Users/yutaro/project-profit-ios/ProjectProfitTests/ClosingWorkflowUseCaseTests.swift /Users/yutaro/project-profit-ios/ProjectProfitTests/ConsumptionTaxReportServiceTests.swift /Users/yutaro/project-profit-ios/ProjectProfitTests/CounterpartyMatchingTests.swift (in target 'ProjectProfitTests' from project 'ProjectProfit')

SwiftCompile normal arm64 /Users/yutaro/project-profit-ios/ProjectProfitTests/CanonicalAccountingReportTests.swift (in target 'ProjectProfitTests' from project 'ProjectProfit')
    cd /Users/yutaro/project-profit-ios
    

SwiftCompile normal arm64 /Users/yutaro/project-profit-ios/ProjectProfitTests/CanonicalBookServiceTests.swift (in target 'ProjectProfitTests' from project 'ProjectProfit')
    cd /Users/yutaro/project-profit-ios
    

SwiftCompile normal arm64 /Users/yutaro/project-profit-ios/ProjectProfitTests/CanonicalCSVImportIntegrationTests.swift (in target 'ProjectProfitTests' from project 'ProjectProfit')
    cd /Users/yutaro/project-profit-ios
    

SwiftCompile normal arm64 /Users/yutaro/project-profit-ios/ProjectProfitTests/CanonicalFlowE2ETests.swift (in target 'ProjectProfitTests' from project 'ProjectProfit')
    cd /Users/yutaro/project-profit-ios
    

SwiftCompile normal arm64 /Users/yutaro/project-profit-ios/ProjectProfitTests/Core/CanonicalJournalEntryTests.swift (in target 'ProjectProfitTests' from project 'ProjectProfit')
    cd /Users/yutaro/project-profit-ios
    
/Users/yutaro/project-profit-ios/ProjectProfitTests/Core/CanonicalJournalEntryTests.swift:70:13: warning: initialization of immutable value 'journalId' was never used; consider replacing with assignment to '_' or removing it
        let journalId = UUID()
        ~~~~^~~~~~~~~
        _

SwiftCompile normal arm64 /Users/yutaro/project-profit-ios/ProjectProfitTests/CanonicalPostingSupportTests.swift (in target 'ProjectProfitTests' from project 'ProjectProfit')
    cd /Users/yutaro/project-profit-ios
    

SwiftCompile normal arm64 /Users/yutaro/project-profit-ios/ProjectProfitTests/CanonicalRepositoriesTests.swift (in target 'ProjectProfitTests' from project 'ProjectProfit')
    cd /Users/yutaro/project-profit-ios
    

SwiftCompile normal arm64 /Users/yutaro/project-profit-ios/ProjectProfitTests/CanonicalUseCasesTests.swift (in target 'ProjectProfitTests' from project 'ProjectProfit')
    cd /Users/yutaro/project-profit-ios
    

SwiftCompile normal arm64 /Users/yutaro/project-profit-ios/ProjectProfitTests/CashBookTests.swift (in target 'ProjectProfitTests' from project 'ProjectProfit')
    cd /Users/yutaro/project-profit-ios
    

SwiftCompile normal arm64 /Users/yutaro/project-profit-ios/ProjectProfitTests/CategoryQueryUseCaseTests.swift (in target 'ProjectProfitTests' from project 'ProjectProfit')
    cd /Users/yutaro/project-profit-ios
    

SwiftCompile normal arm64 /Users/yutaro/project-profit-ios/ProjectProfitTests/CategoryWorkflowUseCaseTests.swift (in target 'ProjectProfitTests' from project 'ProjectProfit')
    cd /Users/yutaro/project-profit-ios
    

SwiftCompile normal arm64 /Users/yutaro/project-profit-ios/ProjectProfitTests/ClassificationDictionaryLoaderTests.swift (in target 'ProjectProfitTests' from project 'ProjectProfit')
    cd /Users/yutaro/project-profit-ios
    

SwiftCompile normal arm64 /Users/yutaro/project-profit-ios/ProjectProfitTests/ClassificationEngineTests.swift (in target 'ProjectProfitTests' from project 'ProjectProfit')
    cd /Users/yutaro/project-profit-ios
    

SwiftCompile normal arm64 /Users/yutaro/project-profit-ios/ProjectProfitTests/ClassificationLearningServiceTests.swift (in target 'ProjectProfitTests' from project 'ProjectProfit')
    cd /Users/yutaro/project-profit-ios
    

SwiftCompile normal arm64 /Users/yutaro/project-profit-ios/ProjectProfitTests/ClassificationReviewQueryTests.swift (in target 'ProjectProfitTests' from project 'ProjectProfit')
    cd /Users/yutaro/project-profit-ios
    

SwiftCompile normal arm64 /Users/yutaro/project-profit-ios/ProjectProfitTests/ClosingEntryTests.swift (in target 'ProjectProfitTests' from project 'ProjectProfit')
    cd /Users/yutaro/project-profit-ios
    

SwiftCompile normal arm64 /Users/yutaro/project-profit-ios/ProjectProfitTests/ClosingWorkflowUseCaseTests.swift (in target 'ProjectProfitTests' from project 'ProjectProfit')
    cd /Users/yutaro/project-profit-ios
    

SwiftCompile normal arm64 /Users/yutaro/project-profit-ios/ProjectProfitTests/ConsumptionTaxReportServiceTests.swift (in target 'ProjectProfitTests' from project 'ProjectProfit')
    cd /Users/yutaro/project-profit-ios
    

SwiftCompile normal arm64 /Users/yutaro/project-profit-ios/ProjectProfitTests/CounterpartyMatchingTests.swift (in target 'ProjectProfitTests' from project 'ProjectProfit')
    cd /Users/yutaro/project-profit-ios
    
/Users/yutaro/project-profit-ios/ProjectProfitTests/CounterpartyMatchingTests.swift:7:9: warning: stored property 'counterparties' of 'Sendable'-conforming class 'MockCounterpartyRepository' is mutable; this is an error in the Swift 6 language mode
    var counterparties: [Counterparty] = []
        ^

SwiftCompile normal arm64 Compiling\ ProRataTests.swift,\ ProfileSettingsUseCaseTests.swift,\ ProfileSettingsViewTests.swift,\ ProfileSettingsWorkflowUseCaseTests.swift,\ ProjectQueryUseCaseTests.swift,\ ProjectWorkflowUseCaseTests.swift,\ ReceiptAmountExtractionTests.swift,\ ReceiptDateExtractionTests.swift,\ ReceiptEvidenceIntakeUseCaseTests.swift,\ ReceiptImageStoreTests.swift,\ ReceiptReviewViewTests.swift,\ ReceiptStoreNameExtractionTests.swift,\ RecurringPreviewTests.swift,\ RecurringProcessingTests.swift,\ RecurringQueryUseCaseTests.swift,\ RecurringWorkflowUseCaseTests.swift,\ RegexReceiptParserLineItemTests.swift,\ ReleasePerformanceGateTests.swift /Users/yutaro/project-profit-ios/ProjectProfitTests/ProRataTests.swift /Users/yutaro/project-profit-ios/ProjectProfitTests/ProfileSettingsUseCaseTests.swift /Users/yutaro/project-profit-ios/ProjectProfitTests/ProfileSettingsViewTests.swift /Users/yutaro/project-profit-ios/ProjectProfitTests/ProfileSettingsWorkflowUseCaseTests.swift /Users/yutaro/project-profit-ios/ProjectProfitTests/ProjectQueryUseCaseTests.swift /Users/yutaro/project-profit-ios/ProjectProfitTests/ProjectWorkflowUseCaseTests.swift /Users/yutaro/project-profit-ios/ProjectProfitTests/ReceiptAmountExtractionTests.swift /Users/yutaro/project-profit-ios/ProjectProfitTests/ReceiptDateExtractionTests.swift /Users/yutaro/project-profit-ios/ProjectProfitTests/ReceiptEvidenceIntakeUseCaseTests.swift /Users/yutaro/project-profit-ios/ProjectProfitTests/ReceiptImageStoreTests.swift /Users/yutaro/project-profit-ios/ProjectProfitTests/ReceiptReviewViewTests.swift /Users/yutaro/project-profit-ios/ProjectProfitTests/ReceiptStoreNameExtractionTests.swift /Users/yutaro/project-profit-ios/ProjectProfitTests/RecurringPreviewTests.swift /Users/yutaro/project-profit-ios/ProjectProfitTests/RecurringProcessingTests.swift /Users/yutaro/project-profit-ios/ProjectProfitTests/RecurringQueryUseCaseTests.swift /Users/yutaro/project-profit-ios/ProjectProfitTests/RecurringWorkflowUseCaseTests.swift /Users/yutaro/project-profit-ios/ProjectProfitTests/RegexReceiptParserLineItemTests.swift /Users/yutaro/project-profit-ios/ProjectProfitTests/ReleasePerformanceGateTests.swift (in target 'ProjectProfitTests' from project 'ProjectProfit')

SwiftCompile normal arm64 /Users/yutaro/project-profit-ios/ProjectProfitTests/ProRataTests.swift (in target 'ProjectProfitTests' from project 'ProjectProfit')
    cd /Users/yutaro/project-profit-ios
    

SwiftCompile normal arm64 /Users/yutaro/project-profit-ios/ProjectProfitTests/ProfileSettingsUseCaseTests.swift (in target 'ProjectProfitTests' from project 'ProjectProfit')
    cd /Users/yutaro/project-profit-ios
    
/Users/yutaro/project-profit-ios/ProjectProfitTests/ProfileSettingsUseCaseTests.swift:10:22: warning: 'PPAccountingProfile' is deprecated: Use BusinessProfile / TaxYearProfile instead. Migration-only legacy model.
        let legacy = PPAccountingProfile(
                     ^
/Users/yutaro/project-profit-ios/ProjectProfitTests/ProfileSettingsUseCaseTests.swift:19:17: warning: conformance of 'PPAccountingProfile' to 'PersistentModel' is deprecated: Use BusinessProfile / TaxYearProfile instead. Migration-only legacy model.
        context.insert(legacy)
                ^
/Users/yutaro/project-profit-ios/ProjectProfitTests/ProfileSettingsUseCaseTests.swift:46:42: warning: conformance of 'PPAccountingProfile' to 'PersistentModel' is deprecated: Use BusinessProfile / TaxYearProfile instead. Migration-only legacy model.
        let legacyProfiles = try context.fetch(FetchDescriptor<PPAccountingProfile>())
                                         ^
/Users/yutaro/project-profit-ios/ProjectProfitTests/ProfileSettingsUseCaseTests.swift:46:64: warning: 'PPAccountingProfile' is deprecated: Use BusinessProfile / TaxYearProfile instead. Migration-only legacy model.
        let legacyProfiles = try context.fetch(FetchDescriptor<PPAccountingProfile>())
                                                               ^
/Users/yutaro/project-profit-ios/ProjectProfitTests/ProfileSettingsUseCaseTests.swift:46:48: warning: conformance of 'PPAccountingProfile' to 'PersistentModel' is deprecated: Use BusinessProfile / TaxYearProfile instead. Migration-only legacy model.
        let legacyProfiles = try context.fetch(FetchDescriptor<PPAccountingProfile>())
                                               ^
/Users/yutaro/project-profit-ios/ProjectProfitTests/ProfileSettingsUseCaseTests.swift:46:83: warning: conformance of 'PPAccountingProfile' to 'PersistentModel' is deprecated: Use BusinessProfile / TaxYearProfile instead. Migration-only legacy model.
        let legacyProfiles = try context.fetch(FetchDescriptor<PPAccountingProfile>())
                                                                                  ^
/Users/yutaro/project-profit-ios/ProjectProfitTests/ProfileSettingsUseCaseTests.swift:189:22: warning: 'PPAccountingProfile' is deprecated: Use BusinessProfile / TaxYearProfile instead. Migration-only legacy model.
        let legacy = PPAccountingProfile(
                     ^
/Users/yutaro/project-profit-ios/ProjectProfitTests/ProfileSettingsUseCaseTests.swift:200:17: warning: conformance of 'PPAccountingProfile' to 'PersistentModel' is deprecated: Use BusinessProfile / TaxYearProfile instead. Migration-only legacy model.
        context.insert(legacy)
                ^
/Users/yutaro/project-profit-ios/ProjectProfitTests/ProfileSettingsUseCaseTests.swift:237:42: warning: conformance of 'PPAccountingProfile' to 'PersistentModel' is deprecated: Use BusinessProfile / TaxYearProfile instead. Migration-only legacy model.
        let legacyProfiles = try context.fetch(FetchDescriptor<PPAccountingProfile>())
                                         ^
/Users/yutaro/project-profit-ios/ProjectProfitTests/ProfileSettingsUseCaseTests.swift:237:64: warning: 'PPAccountingProfile' is deprecated: Use BusinessProfile / TaxYearProfile instead. Migration-only legacy model.
        let legacyProfiles = try context.fetch(FetchDescriptor<PPAccountingProfile>())
                                                               ^
/Users/yutaro/project-profit-ios/ProjectProfitTests/ProfileSettingsUseCaseTests.swift:237:48: warning: conformance of 'PPAccountingProfile' to 'PersistentModel' is deprecated: Use BusinessProfile / TaxYearProfile instead. Migration-only legacy model.
        let legacyProfiles = try context.fetch(FetchDescriptor<PPAccountingProfile>())
                                               ^
/Users/yutaro/project-profit-ios/ProjectProfitTests/ProfileSettingsUseCaseTests.swift:237:83: warning: conformance of 'PPAccountingProfile' to 'PersistentModel' is deprecated: Use BusinessProfile / TaxYearProfile instead. Migration-only legacy model.
        let legacyProfiles = try context.fetch(FetchDescriptor<PPAccountingProfile>())
                                                                                  ^
/Users/yutaro/project-profit-ios/ProjectProfitTests/ProfileSettingsUseCaseTests.swift:251:35: warning: conformance of 'PPAccountingProfile' to 'PersistentModel' is deprecated: Use BusinessProfile / TaxYearProfile instead. Migration-only legacy model.
        XCTAssertTrue(try context.fetch(FetchDescriptor<PPAccountingProfile>()).isEmpty)
                                  ^
/Users/yutaro/project-profit-ios/ProjectProfitTests/ProfileSettingsUseCaseTests.swift:251:57: warning: 'PPAccountingProfile' is deprecated: Use BusinessProfile / TaxYearProfile instead. Migration-only legacy model.
        XCTAssertTrue(try context.fetch(FetchDescriptor<PPAccountingProfile>()).isEmpty)
                                                        ^
/Users/yutaro/project-profit-ios/ProjectProfitTests/ProfileSettingsUseCaseTests.swift:251:41: warning: conformance of 'PPAccountingProfile' to 'PersistentModel' is deprecated: Use BusinessProfile / TaxYearProfile instead. Migration-only legacy model.
        XCTAssertTrue(try context.fetch(FetchDescriptor<PPAccountingProfile>()).isEmpty)
                                        ^
/Users/yutaro/project-profit-ios/ProjectProfitTests/ProfileSettingsUseCaseTests.swift:251:76: warning: conformance of 'PPAccountingProfile' to 'PersistentModel' is deprecated: Use BusinessProfile / TaxYearProfile instead. Migration-only legacy model.
        XCTAssertTrue(try context.fetch(FetchDescriptor<PPAccountingProfile>()).isEmpty)
                                                                           ^

SwiftCompile normal arm64 /Users/yutaro/project-profit-ios/ProjectProfitTests/ProfileSettingsViewTests.swift (in target 'ProjectProfitTests' from project 'ProjectProfit')
    cd /Users/yutaro/project-profit-ios
    

SwiftCompile normal arm64 /Users/yutaro/project-profit-ios/ProjectProfitTests/ProfileSettingsWorkflowUseCaseTests.swift (in target 'ProjectProfitTests' from project 'ProjectProfit')
    cd /Users/yutaro/project-profit-ios
    
/Users/yutaro/project-profit-ios/ProjectProfitTests/ProfileSettingsWorkflowUseCaseTests.swift:30:22: warning: 'PPAccountingProfile' is deprecated: Use BusinessProfile / TaxYearProfile instead. Migration-only legacy model.
        let legacy = PPAccountingProfile(
                     ^
/Users/yutaro/project-profit-ios/ProjectProfitTests/ProfileSettingsWorkflowUseCaseTests.swift:39:17: warning: conformance of 'PPAccountingProfile' to 'PersistentModel' is deprecated: Use BusinessProfile / TaxYearProfile instead. Migration-only legacy model.
        context.insert(legacy)
                ^
/Users/yutaro/project-profit-ios/ProjectProfitTests/ProfileSettingsWorkflowUseCaseTests.swift:150:35: warning: conformance of 'PPAccountingProfile' to 'PersistentModel' is deprecated: Use BusinessProfile / TaxYearProfile instead. Migration-only legacy model.
        XCTAssertTrue(try context.fetch(FetchDescriptor<PPAccountingProfile>()).isEmpty)
                                  ^
/Users/yutaro/project-profit-ios/ProjectProfitTests/ProfileSettingsWorkflowUseCaseTests.swift:150:57: warning: 'PPAccountingProfile' is deprecated: Use BusinessProfile / TaxYearProfile instead. Migration-only legacy model.
        XCTAssertTrue(try context.fetch(FetchDescriptor<PPAccountingProfile>()).isEmpty)
                                                        ^
/Users/yutaro/project-profit-ios/ProjectProfitTests/ProfileSettingsWorkflowUseCaseTests.swift:150:41: warning: conformance of 'PPAccountingProfile' to 'PersistentModel' is deprecated: Use BusinessProfile / TaxYearProfile instead. Migration-only legacy model.
        XCTAssertTrue(try context.fetch(FetchDescriptor<PPAccountingProfile>()).isEmpty)
                                        ^
/Users/yutaro/project-profit-ios/ProjectProfitTests/ProfileSettingsWorkflowUseCaseTests.swift:150:76: warning: conformance of 'PPAccountingProfile' to 'PersistentModel' is deprecated: Use BusinessProfile / TaxYearProfile instead. Migration-only legacy model.
        XCTAssertTrue(try context.fetch(FetchDescriptor<PPAccountingProfile>()).isEmpty)
                                                                           ^

SwiftCompile normal arm64 /Users/yutaro/project-profit-ios/ProjectProfitTests/ProjectQueryUseCaseTests.swift (in target 'ProjectProfitTests' from project 'ProjectProfit')
    cd /Users/yutaro/project-profit-ios
    

SwiftCompile normal arm64 /Users/yutaro/project-profit-ios/ProjectProfitTests/ProjectWorkflowUseCaseTests.swift (in target 'ProjectProfitTests' from project 'ProjectProfit')
    cd /Users/yutaro/project-profit-ios
    

SwiftCompile normal arm64 /Users/yutaro/project-profit-ios/ProjectProfitTests/ReceiptAmountExtractionTests.swift (in target 'ProjectProfitTests' from project 'ProjectProfit')
    cd /Users/yutaro/project-profit-ios
    

SwiftCompile normal arm64 /Users/yutaro/project-profit-ios/ProjectProfitTests/ReceiptDateExtractionTests.swift (in target 'ProjectProfitTests' from project 'ProjectProfit')
    cd /Users/yutaro/project-profit-ios
    

SwiftCompile normal arm64 /Users/yutaro/project-profit-ios/ProjectProfitTests/ReceiptEvidenceIntakeUseCaseTests.swift (in target 'ProjectProfitTests' from project 'ProjectProfit')
    cd /Users/yutaro/project-profit-ios
    

SwiftCompile normal arm64 /Users/yutaro/project-profit-ios/ProjectProfitTests/ReceiptImageStoreTests.swift (in target 'ProjectProfitTests' from project 'ProjectProfit')
    cd /Users/yutaro/project-profit-ios
    

SwiftCompile normal arm64 /Users/yutaro/project-profit-ios/ProjectProfitTests/ReceiptReviewViewTests.swift (in target 'ProjectProfitTests' from project 'ProjectProfit')
    cd /Users/yutaro/project-profit-ios
    

SwiftCompile normal arm64 /Users/yutaro/project-profit-ios/ProjectProfitTests/ReceiptStoreNameExtractionTests.swift (in target 'ProjectProfitTests' from project 'ProjectProfit')
    cd /Users/yutaro/project-profit-ios
    

SwiftCompile normal arm64 /Users/yutaro/project-profit-ios/ProjectProfitTests/RecurringPreviewTests.swift (in target 'ProjectProfitTests' from project 'ProjectProfit')
    cd /Users/yutaro/project-profit-ios
    
/Users/yutaro/project-profit-ios/ProjectProfitTests/RecurringPreviewTests.swift:201:9: warning: result of call to 'insertRecurringDirectly(name:type:amount:categoryId:projectId:dayOfMonth:isActive:endDate:skipDates:lastGeneratedDate:)' is unused
        insertRecurringDirectly(
        ^                      ~
/Users/yutaro/project-profit-ios/ProjectProfitTests/RecurringPreviewTests.swift:222:27: warning: 'PPAccountingProfile' is deprecated: Use BusinessProfile / TaxYearProfile instead. Migration-only legacy model.
            let profile = PPAccountingProfile(fiscalYear: year)
                          ^
/Users/yutaro/project-profit-ios/ProjectProfitTests/RecurringPreviewTests.swift:223:21: warning: conformance of 'PPAccountingProfile' to 'PersistentModel' is deprecated: Use BusinessProfile / TaxYearProfile instead. Migration-only legacy model.
            context.insert(profile)
                    ^
/Users/yutaro/project-profit-ios/ProjectProfitTests/RecurringPreviewTests.swift:238:9: warning: result of call to 'insertRecurringDirectly(name:type:amount:categoryId:projectId:dayOfMonth:isActive:endDate:skipDates:lastGeneratedDate:)' is unused
        insertRecurringDirectly(
        ^                      ~

SwiftCompile normal arm64 /Users/yutaro/project-profit-ios/ProjectProfitTests/RecurringProcessingTests.swift (in target 'ProjectProfitTests' from project 'ProjectProfit')
    cd /Users/yutaro/project-profit-ios
    
/Users/yutaro/project-profit-ios/ProjectProfitTests/RecurringProcessingTests.swift:831:13: warning: initialization of immutable value 'projectA' was never used; consider replacing with assignment to '_' or removing it
        let projectA = makeProject(name: "Project A")
        ~~~~^~~~~~~~
        _
/Users/yutaro/project-profit-ios/ProjectProfitTests/RecurringProcessingTests.swift:854:13: warning: initialization of immutable value 'projectB' was never used; consider replacing with assignment to '_' or removing it
        let projectB = mutations(dataStore).addProject(name: "Project B", description: "new")
        ~~~~^~~~~~~~
        _
/Users/yutaro/project-profit-ios/ProjectProfitTests/RecurringProcessingTests.swift:1224:13: warning: initialization of immutable value 'recurring' was never used; consider replacing with assignment to '_' or removing it
        let recurring = mutations(dataStore).addRecurring(
        ~~~~^~~~~~~~~
        _

SwiftCompile normal arm64 /Users/yutaro/project-profit-ios/ProjectProfitTests/RecurringQueryUseCaseTests.swift (in target 'ProjectProfitTests' from project 'ProjectProfit')
    cd /Users/yutaro/project-profit-ios
    

SwiftCompile normal arm64 /Users/yutaro/project-profit-ios/ProjectProfitTests/RecurringWorkflowUseCaseTests.swift (in target 'ProjectProfitTests' from project 'ProjectProfit')
    cd /Users/yutaro/project-profit-ios
    

SwiftCompile normal arm64 /Users/yutaro/project-profit-ios/ProjectProfitTests/RegexReceiptParserLineItemTests.swift (in target 'ProjectProfitTests' from project 'ProjectProfit')
    cd /Users/yutaro/project-profit-ios
    

SwiftCompile normal arm64 /Users/yutaro/project-profit-ios/ProjectProfitTests/ReleasePerformanceGateTests.swift (in target 'ProjectProfitTests' from project 'ProjectProfit')
    cd /Users/yutaro/project-profit-ios
    

SwiftCompile normal arm64 Compiling\ ReportViewModelTests.swift,\ ReportingQueryUseCaseTests.swift,\ SearchIndexTests.swift,\ SettingsMaintenanceUseCaseTests.swift,\ SettingsMaintenanceWorkflowUseCaseTests.swift,\ SettingsOverviewUseCaseTests.swift,\ ShareImportInboxServiceTests.swift,\ ShushiNaiyakushoBuilderTests.swift,\ StatementImportUseCaseTests.swift,\ StatementMatchServiceTests.swift,\ StatementPDFParserTests.swift,\ StatementPrefillTests.swift,\ SubLedgerEnrichmentTests.swift,\ SubLedgerExportTests.swift,\ TaxCategoryTests.swift,\ TaxCodeTests.swift,\ TaxRuleEvaluatorTests.swift,\ TaxStatusMachineTests.swift /Users/yutaro/project-profit-ios/ProjectProfitTests/ReportViewModelTests.swift /Users/yutaro/project-profit-ios/ProjectProfitTests/ReportingQueryUseCaseTests.swift /Users/yutaro/project-profit-ios/ProjectProfitTests/SearchIndexTests.swift /Users/yutaro/project-profit-ios/ProjectProfitTests/SettingsMaintenanceUseCaseTests.swift /Users/yutaro/project-profit-ios/ProjectProfitTests/SettingsMaintenanceWorkflowUseCaseTests.swift /Users/yutaro/project-profit-ios/ProjectProfitTests/SettingsOverviewUseCaseTests.swift /Users/yutaro/project-profit-ios/ProjectProfitTests/ShareImportInboxServiceTests.swift /Users/yutaro/project-profit-ios/ProjectProfitTests/ShushiNaiyakushoBuilderTests.swift /Users/yutaro/project-profit-ios/ProjectProfitTests/StatementImportUseCaseTests.swift /Users/yutaro/project-profit-ios/ProjectProfitTests/StatementMatchServiceTests.swift /Users/yutaro/project-profit-ios/ProjectProfitTests/StatementPDFParserTests.swift /Users/yutaro/project-profit-ios/ProjectProfitTests/StatementPrefillTests.swift /Users/yutaro/project-profit-ios/ProjectProfitTests/SubLedgerEnrichmentTests.swift /Users/yutaro/project-profit-ios/ProjectProfitTests/SubLedgerExportTests.swift /Users/yutaro/project-profit-ios/ProjectProfitTests/TaxCategoryTests.swift /Users/yutaro/project-profit-ios/ProjectProfitTests/TaxCodeTests.swift /Users/yutaro/project-profit-ios/ProjectProfitTests/Core/TaxRuleEvaluatorTests.swift /Users/yutaro/project-profit-ios/ProjectProfitTests/Core/TaxStatusMachineTests.swift (in target 'ProjectProfitTests' from project 'ProjectProfit')

SwiftCompile normal arm64 /Users/yutaro/project-profit-ios/ProjectProfitTests/ReportViewModelTests.swift (in target 'ProjectProfitTests' from project 'ProjectProfit')
    cd /Users/yutaro/project-profit-ios
    

SwiftCompile normal arm64 /Users/yutaro/project-profit-ios/ProjectProfitTests/ReportingQueryUseCaseTests.swift (in target 'ProjectProfitTests' from project 'ProjectProfit')
    cd /Users/yutaro/project-profit-ios
    

SwiftCompile normal arm64 /Users/yutaro/project-profit-ios/ProjectProfitTests/SearchIndexTests.swift (in target 'ProjectProfitTests' from project 'ProjectProfit')
    cd /Users/yutaro/project-profit-ios
    
/Users/yutaro/project-profit-ios/ProjectProfitTests/SearchIndexTests.swift:320:19: warning: value 'entry' was defined but never used; consider replacing with boolean test
        guard let entry = try context.fetch(descriptor).first else {
              ~~~~^~~~~~~~
              (                                              ) != nil

SwiftCompile normal arm64 /Users/yutaro/project-profit-ios/ProjectProfitTests/SettingsMaintenanceUseCaseTests.swift (in target 'ProjectProfitTests' from project 'ProjectProfit')
    cd /Users/yutaro/project-profit-ios
    

SwiftCompile normal arm64 /Users/yutaro/project-profit-ios/ProjectProfitTests/SettingsMaintenanceWorkflowUseCaseTests.swift (in target 'ProjectProfitTests' from project 'ProjectProfit')
    cd /Users/yutaro/project-profit-ios
    

SwiftCompile normal arm64 /Users/yutaro/project-profit-ios/ProjectProfitTests/SettingsOverviewUseCaseTests.swift (in target 'ProjectProfitTests' from project 'ProjectProfit')
    cd /Users/yutaro/project-profit-ios
    

SwiftCompile normal arm64 /Users/yutaro/project-profit-ios/ProjectProfitTests/ShareImportInboxServiceTests.swift (in target 'ProjectProfitTests' from project 'ProjectProfit')
    cd /Users/yutaro/project-profit-ios
    

SwiftCompile normal arm64 /Users/yutaro/project-profit-ios/ProjectProfitTests/ShushiNaiyakushoBuilderTests.swift (in target 'ProjectProfitTests' from project 'ProjectProfit')
    cd /Users/yutaro/project-profit-ios
    

SwiftCompile normal arm64 /Users/yutaro/project-profit-ios/ProjectProfitTests/StatementImportUseCaseTests.swift (in target 'ProjectProfitTests' from project 'ProjectProfit')
    cd /Users/yutaro/project-profit-ios
    

SwiftCompile normal arm64 /Users/yutaro/project-profit-ios/ProjectProfitTests/StatementMatchServiceTests.swift (in target 'ProjectProfitTests' from project 'ProjectProfit')
    cd /Users/yutaro/project-profit-ios
    

SwiftCompile normal arm64 /Users/yutaro/project-profit-ios/ProjectProfitTests/StatementPDFParserTests.swift (in target 'ProjectProfitTests' from project 'ProjectProfit')
    cd /Users/yutaro/project-profit-ios
    

SwiftCompile normal arm64 /Users/yutaro/project-profit-ios/ProjectProfitTests/StatementPrefillTests.swift (in target 'ProjectProfitTests' from project 'ProjectProfit')
    cd /Users/yutaro/project-profit-ios
    

SwiftCompile normal arm64 /Users/yutaro/project-profit-ios/ProjectProfitTests/SubLedgerEnrichmentTests.swift (in target 'ProjectProfitTests' from project 'ProjectProfit')
    cd /Users/yutaro/project-profit-ios
    

SwiftCompile normal arm64 /Users/yutaro/project-profit-ios/ProjectProfitTests/SubLedgerExportTests.swift (in target 'ProjectProfitTests' from project 'ProjectProfit')
    cd /Users/yutaro/project-profit-ios
    

SwiftCompile normal arm64 /Users/yutaro/project-profit-ios/ProjectProfitTests/TaxCategoryTests.swift (in target 'ProjectProfitTests' from project 'ProjectProfit')
    cd /Users/yutaro/project-profit-ios
    

SwiftCompile normal arm64 /Users/yutaro/project-profit-ios/ProjectProfitTests/TaxCodeTests.swift (in target 'ProjectProfitTests' from project 'ProjectProfit')
    cd /Users/yutaro/project-profit-ios
    

SwiftCompile normal arm64 /Users/yutaro/project-profit-ios/ProjectProfitTests/Core/TaxRuleEvaluatorTests.swift (in target 'ProjectProfitTests' from project 'ProjectProfit')
    cd /Users/yutaro/project-profit-ios
    

SwiftCompile normal arm64 /Users/yutaro/project-profit-ios/ProjectProfitTests/Core/TaxStatusMachineTests.swift (in target 'ProjectProfitTests' from project 'ProjectProfit')
    cd /Users/yutaro/project-profit-ios
    

SwiftCompile normal arm64 Compiling\ APBookTests.swift,\ ARBookTests.swift,\ AccountingBootstrapTests.swift,\ AccountingConstantsTests.swift,\ AccountingEngineTests.swift,\ AccountingIntegrationTests.swift,\ AccountingPerformanceTests.swift,\ AccountingReadQueryUseCaseTests.swift,\ AccountingReportServiceTests.swift,\ AllocationCalculatorTests.swift,\ AnnualBlueReturnScenarioTests.swift,\ AppBootstrapWorkflowUseCaseTests.swift,\ AppShellWorkflowUseCaseTests.swift,\ ApprovalQueueQueryUseCaseTests.swift,\ ApprovalQueueWorkflowUseCaseTests.swift,\ BackupRestoreServiceTests.swift,\ BooksWorkspaceViewTests.swift,\ BusinessProfileTests.swift,\ CSVExportServiceTests.swift /Users/yutaro/project-profit-ios/ProjectProfitTests/APBookTests.swift /Users/yutaro/project-profit-ios/ProjectProfitTests/ARBookTests.swift /Users/yutaro/project-profit-ios/ProjectProfitTests/AccountingBootstrapTests.swift /Users/yutaro/project-profit-ios/ProjectProfitTests/AccountingConstantsTests.swift /Users/yutaro/project-profit-ios/ProjectProfitTests/AccountingEngineTests.swift /Users/yutaro/project-profit-ios/ProjectProfitTests/AccountingIntegrationTests.swift /Users/yutaro/project-profit-ios/ProjectProfitTests/AccountingPerformanceTests.swift /Users/yutaro/project-profit-ios/ProjectProfitTests/AccountingReadQueryUseCaseTests.swift /Users/yutaro/project-profit-ios/ProjectProfitTests/AccountingReportServiceTests.swift /Users/yutaro/project-profit-ios/ProjectProfitTests/Core/AllocationCalculatorTests.swift /Users/yutaro/project-profit-ios/ProjectProfitTests/AnnualBlueReturnScenarioTests.swift /Users/yutaro/project-profit-ios/ProjectProfitTests/AppBootstrapWorkflowUseCaseTests.swift /Users/yutaro/project-profit-ios/ProjectProfitTests/AppShellWorkflowUseCaseTests.swift /Users/yutaro/project-profit-ios/ProjectProfitTests/ApprovalQueueQueryUseCaseTests.swift /Users/yutaro/project-profit-ios/ProjectProfitTests/ApprovalQueueWorkflowUseCaseTests.swift /Users/yutaro/project-profit-ios/ProjectProfitTests/BackupRestoreServiceTests.swift /Users/yutaro/project-profit-ios/ProjectProfitTests/BooksWorkspaceViewTests.swift /Users/yutaro/project-profit-ios/ProjectProfitTests/Core/BusinessProfileTests.swift /Users/yutaro/project-profit-ios/ProjectProfitTests/CSVExportServiceTests.swift (in target 'ProjectProfitTests' from project 'ProjectProfit')

SwiftCompile normal arm64 /Users/yutaro/project-profit-ios/ProjectProfitTests/APBookTests.swift (in target 'ProjectProfitTests' from project 'ProjectProfit')
    cd /Users/yutaro/project-profit-ios
    

SwiftCompile normal arm64 /Users/yutaro/project-profit-ios/ProjectProfitTests/ARBookTests.swift (in target 'ProjectProfitTests' from project 'ProjectProfit')
    cd /Users/yutaro/project-profit-ios
    

SwiftCompile normal arm64 /Users/yutaro/project-profit-ios/ProjectProfitTests/AccountingBootstrapTests.swift (in target 'ProjectProfitTests' from project 'ProjectProfit')
    cd /Users/yutaro/project-profit-ios
    

SwiftCompile normal arm64 /Users/yutaro/project-profit-ios/ProjectProfitTests/AccountingConstantsTests.swift (in target 'ProjectProfitTests' from project 'ProjectProfit')
    cd /Users/yutaro/project-profit-ios
    

SwiftCompile normal arm64 /Users/yutaro/project-profit-ios/ProjectProfitTests/AccountingEngineTests.swift (in target 'ProjectProfitTests' from project 'ProjectProfit')
    cd /Users/yutaro/project-profit-ios
    

SwiftCompile normal arm64 /Users/yutaro/project-profit-ios/ProjectProfitTests/AccountingIntegrationTests.swift (in target 'ProjectProfitTests' from project 'ProjectProfit')
    cd /Users/yutaro/project-profit-ios
    

SwiftCompile normal arm64 /Users/yutaro/project-profit-ios/ProjectProfitTests/AccountingPerformanceTests.swift (in target 'ProjectProfitTests' from project 'ProjectProfit')
    cd /Users/yutaro/project-profit-ios
    

SwiftCompile normal arm64 /Users/yutaro/project-profit-ios/ProjectProfitTests/AccountingReadQueryUseCaseTests.swift (in target 'ProjectProfitTests' from project 'ProjectProfit')
    cd /Users/yutaro/project-profit-ios
    

SwiftCompile normal arm64 /Users/yutaro/project-profit-ios/ProjectProfitTests/AccountingReportServiceTests.swift (in target 'ProjectProfitTests' from project 'ProjectProfit')
    cd /Users/yutaro/project-profit-ios
    

SwiftCompile normal arm64 /Users/yutaro/project-profit-ios/ProjectProfitTests/Core/AllocationCalculatorTests.swift (in target 'ProjectProfitTests' from project 'ProjectProfit')
    cd /Users/yutaro/project-profit-ios
    

SwiftCompile normal arm64 /Users/yutaro/project-profit-ios/ProjectProfitTests/AnnualBlueReturnScenarioTests.swift (in target 'ProjectProfitTests' from project 'ProjectProfit')
    cd /Users/yutaro/project-profit-ios
    

SwiftCompile normal arm64 /Users/yutaro/project-profit-ios/ProjectProfitTests/AppBootstrapWorkflowUseCaseTests.swift (in target 'ProjectProfitTests' from project 'ProjectProfit')
    cd /Users/yutaro/project-profit-ios
    

SwiftCompile normal arm64 /Users/yutaro/project-profit-ios/ProjectProfitTests/AppShellWorkflowUseCaseTests.swift (in target 'ProjectProfitTests' from project 'ProjectProfit')
    cd /Users/yutaro/project-profit-ios
    

SwiftCompile normal arm64 /Users/yutaro/project-profit-ios/ProjectProfitTests/ApprovalQueueQueryUseCaseTests.swift (in target 'ProjectProfitTests' from project 'ProjectProfit')
    cd /Users/yutaro/project-profit-ios
    

SwiftCompile normal arm64 /Users/yutaro/project-profit-ios/ProjectProfitTests/ApprovalQueueWorkflowUseCaseTests.swift (in target 'ProjectProfitTests' from project 'ProjectProfit')
    cd /Users/yutaro/project-profit-ios
    

SwiftCompile normal arm64 /Users/yutaro/project-profit-ios/ProjectProfitTests/BackupRestoreServiceTests.swift (in target 'ProjectProfitTests' from project 'ProjectProfit')
    cd /Users/yutaro/project-profit-ios
    
/Users/yutaro/project-profit-ios/ProjectProfitTests/BackupRestoreServiceTests.swift:161:42: warning: conformance of 'PPAccountingProfile' to 'PersistentModel' is deprecated: Use BusinessProfile / TaxYearProfile instead. Migration-only legacy model.
        let legacyProfiles = try context.fetch(FetchDescriptor<PPAccountingProfile>())
                                         ^
/Users/yutaro/project-profit-ios/ProjectProfitTests/BackupRestoreServiceTests.swift:161:64: warning: 'PPAccountingProfile' is deprecated: Use BusinessProfile / TaxYearProfile instead. Migration-only legacy model.
        let legacyProfiles = try context.fetch(FetchDescriptor<PPAccountingProfile>())
                                                               ^
/Users/yutaro/project-profit-ios/ProjectProfitTests/BackupRestoreServiceTests.swift:161:48: warning: conformance of 'PPAccountingProfile' to 'PersistentModel' is deprecated: Use BusinessProfile / TaxYearProfile instead. Migration-only legacy model.
        let legacyProfiles = try context.fetch(FetchDescriptor<PPAccountingProfile>())
                                               ^
/Users/yutaro/project-profit-ios/ProjectProfitTests/BackupRestoreServiceTests.swift:161:83: warning: conformance of 'PPAccountingProfile' to 'PersistentModel' is deprecated: Use BusinessProfile / TaxYearProfile instead. Migration-only legacy model.
        let legacyProfiles = try context.fetch(FetchDescriptor<PPAccountingProfile>())
                                                                                  ^
/Users/yutaro/project-profit-ios/ProjectProfitTests/BackupRestoreServiceTests.swift:239:42: warning: conformance of 'PPAccountingProfile' to 'PersistentModel' is deprecated: Use BusinessProfile / TaxYearProfile instead. Migration-only legacy model.
        let legacyProfiles = try context.fetch(FetchDescriptor<PPAccountingProfile>())
                                         ^
/Users/yutaro/project-profit-ios/ProjectProfitTests/BackupRestoreServiceTests.swift:239:64: warning: 'PPAccountingProfile' is deprecated: Use BusinessProfile / TaxYearProfile instead. Migration-only legacy model.
        let legacyProfiles = try context.fetch(FetchDescriptor<PPAccountingProfile>())
                                                               ^
/Users/yutaro/project-profit-ios/ProjectProfitTests/BackupRestoreServiceTests.swift:239:48: warning: conformance of 'PPAccountingProfile' to 'PersistentModel' is deprecated: Use BusinessProfile / TaxYearProfile instead. Migration-only legacy model.
        let legacyProfiles = try context.fetch(FetchDescriptor<PPAccountingProfile>())
                                               ^
/Users/yutaro/project-profit-ios/ProjectProfitTests/BackupRestoreServiceTests.swift:239:83: warning: conformance of 'PPAccountingProfile' to 'PersistentModel' is deprecated: Use BusinessProfile / TaxYearProfile instead. Migration-only legacy model.
        let legacyProfiles = try context.fetch(FetchDescriptor<PPAccountingProfile>())
                                                                                  ^
/Users/yutaro/project-profit-ios/ProjectProfitTests/BackupRestoreServiceTests.swift:485:29: warning: 'PPAccountingProfile' is deprecated: Use BusinessProfile / TaxYearProfile instead. Migration-only legacy model.
        let legacyProfile = PPAccountingProfile(
                            ^
/Users/yutaro/project-profit-ios/ProjectProfitTests/BackupRestoreServiceTests.swift:506:30: warning: 'LegacyAccountingProfileSnapshot' is deprecated: Legacy profile snapshots are restore-compat only. New backups must use canonical profiles.
        let legacySnapshot = LegacyAccountingProfileSnapshot(legacyProfile)
                             ^
/Users/yutaro/project-profit-ios/ProjectProfitTests/BackupRestoreServiceTests.swift:587:29: warning: 'PPAccountingProfile' is deprecated: Use BusinessProfile / TaxYearProfile instead. Migration-only legacy model.
        let legacyProfile = PPAccountingProfile(
                            ^
/Users/yutaro/project-profit-ios/ProjectProfitTests/BackupRestoreServiceTests.swift:611:30: warning: 'LegacyAccountingProfileSnapshot' is deprecated: Legacy profile snapshots are restore-compat only. New backups must use canonical profiles.
        let legacySnapshot = LegacyAccountingProfileSnapshot(legacyProfile)
                             ^

SwiftCompile normal arm64 /Users/yutaro/project-profit-ios/ProjectProfitTests/BooksWorkspaceViewTests.swift (in target 'ProjectProfitTests' from project 'ProjectProfit')
    cd /Users/yutaro/project-profit-ios
    

SwiftCompile normal arm64 /Users/yutaro/project-profit-ios/ProjectProfitTests/Core/BusinessProfileTests.swift (in target 'ProjectProfitTests' from project 'ProjectProfit')
    cd /Users/yutaro/project-profit-ios
    

SwiftCompile normal arm64 /Users/yutaro/project-profit-ios/ProjectProfitTests/CSVExportServiceTests.swift (in target 'ProjectProfitTests' from project 'ProjectProfit')
    cd /Users/yutaro/project-profit-ios
    

SwiftCompile normal arm64 Compiling\ LedgerCSVImportServiceTests.swift,\ LedgerDataStoreReadOnlyTests.swift,\ LedgerDataStoreTests.swift,\ LedgerImportCoordinatorTests.swift,\ LegacyProfileMigrationRunnerTests.swift,\ LegalReportLineTests.swift,\ LineItemTests.swift,\ MigrationReportRunnerTests.swift,\ ModelsTests.swift,\ MonthlyAmortizationTests.swift,\ MonthlySummaryTests.swift,\ PDFExportServiceTests.swift,\ PPAccountTests.swift,\ PPAccountingProfileTests.swift,\ PPInventoryRecordTests.swift,\ PPJournalEntryTests.swift,\ PlannedEndDateTests.swift,\ PostingIntakeUseCaseTests.swift,\ ProRataDataStoreTests.swift /Users/yutaro/project-profit-ios/ProjectProfitTests/LedgerCSVImportServiceTests.swift /Users/yutaro/project-profit-ios/ProjectProfitTests/LedgerDataStoreReadOnlyTests.swift /Users/yutaro/project-profit-ios/ProjectProfitTests/LedgerDataStoreTests.swift /Users/yutaro/project-profit-ios/ProjectProfitTests/LedgerImportCoordinatorTests.swift /Users/yutaro/project-profit-ios/ProjectProfitTests/LegacyProfileMigrationRunnerTests.swift /Users/yutaro/project-profit-ios/ProjectProfitTests/LegalReportLineTests.swift /Users/yutaro/project-profit-ios/ProjectProfitTests/LineItemTests.swift /Users/yutaro/project-profit-ios/ProjectProfitTests/MigrationReportRunnerTests.swift /Users/yutaro/project-profit-ios/ProjectProfitTests/ModelsTests.swift /Users/yutaro/project-profit-ios/ProjectProfitTests/MonthlyAmortizationTests.swift /Users/yutaro/project-profit-ios/ProjectProfitTests/MonthlySummaryTests.swift /Users/yutaro/project-profit-ios/ProjectProfitTests/PDFExportServiceTests.swift /Users/yutaro/project-profit-ios/ProjectProfitTests/PPAccountTests.swift /Users/yutaro/project-profit-ios/ProjectProfitTests/PPAccountingProfileTests.swift /Users/yutaro/project-profit-ios/ProjectProfitTests/PPInventoryRecordTests.swift /Users/yutaro/project-profit-ios/ProjectProfitTests/PPJournalEntryTests.swift /Users/yutaro/project-profit-ios/ProjectProfitTests/PlannedEndDateTests.swift /Users/yutaro/project-profit-ios/ProjectProfitTests/PostingIntakeUseCaseTests.swift /Users/yutaro/project-profit-ios/ProjectProfitTests/ProRataDataStoreTests.swift (in target 'ProjectProfitTests' from project 'ProjectProfit')

SwiftCompile normal arm64 /Users/yutaro/project-profit-ios/ProjectProfitTests/LedgerCSVImportServiceTests.swift (in target 'ProjectProfitTests' from project 'ProjectProfit')
    cd /Users/yutaro/project-profit-ios
    

SwiftCompile normal arm64 /Users/yutaro/project-profit-ios/ProjectProfitTests/LedgerDataStoreReadOnlyTests.swift (in target 'ProjectProfitTests' from project 'ProjectProfit')
    cd /Users/yutaro/project-profit-ios
    

SwiftCompile normal arm64 /Users/yutaro/project-profit-ios/ProjectProfitTests/LedgerDataStoreTests.swift (in target 'ProjectProfitTests' from project 'ProjectProfit')
    cd /Users/yutaro/project-profit-ios
    

SwiftCompile normal arm64 /Users/yutaro/project-profit-ios/ProjectProfitTests/LedgerImportCoordinatorTests.swift (in target 'ProjectProfitTests' from project 'ProjectProfit')
    cd /Users/yutaro/project-profit-ios
    

SwiftCompile normal arm64 /Users/yutaro/project-profit-ios/ProjectProfitTests/LegacyProfileMigrationRunnerTests.swift (in target 'ProjectProfitTests' from project 'ProjectProfit')
    cd /Users/yutaro/project-profit-ios
    
/Users/yutaro/project-profit-ios/ProjectProfitTests/LegacyProfileMigrationRunnerTests.swift:10:18: warning: conformance of 'PPAccountingProfile' to 'PersistentModel' is deprecated: Use BusinessProfile / TaxYearProfile instead. Migration-only legacy model.
            for: PPAccountingProfile.self,
                 ^
/Users/yutaro/project-profit-ios/ProjectProfitTests/LegacyProfileMigrationRunnerTests.swift:10:18: warning: 'PPAccountingProfile' is deprecated: Use BusinessProfile / TaxYearProfile instead. Migration-only legacy model.
            for: PPAccountingProfile.self,
                 ^
/Users/yutaro/project-profit-ios/ProjectProfitTests/LegacyProfileMigrationRunnerTests.swift:20:18: warning: conformance of 'PPAccountingProfile' to 'PersistentModel' is deprecated: Use BusinessProfile / TaxYearProfile instead. Migration-only legacy model.
            for: PPAccountingProfile.self,
                 ^
/Users/yutaro/project-profit-ios/ProjectProfitTests/LegacyProfileMigrationRunnerTests.swift:20:18: warning: 'PPAccountingProfile' is deprecated: Use BusinessProfile / TaxYearProfile instead. Migration-only legacy model.
            for: PPAccountingProfile.self,
                 ^
/Users/yutaro/project-profit-ios/ProjectProfitTests/LegacyProfileMigrationRunnerTests.swift:38:17: warning: conformance of 'PPAccountingProfile' to 'PersistentModel' is deprecated: Use BusinessProfile / TaxYearProfile instead. Migration-only legacy model.
        context.insert(PPAccountingProfile(fiscalYear: 2025, businessName: "テスト商店", ownerName: "田中太郎"))
/Users/yutaro/project-profit-ios/ProjectProfitTests/LegacyProfileMigrationRunnerTests.swift:38:24: warning: 'PPAccountingProfile' is deprecated: Use BusinessProfile / TaxYearProfile instead. Migration-only legacy model.
        context.insert(PPAccountingProfile(fiscalYear: 2025, businessName: "テスト商店", ownerName: "田中太郎"))
/Users/yutaro/project-profit-ios/ProjectProfitTests/LegacyProfileMigrationRunnerTests.swift:57:22: warning: 'PPAccountingProfile' is deprecated: Use BusinessProfile / TaxYearProfile instead. Migration-only legacy model.
        let legacy = PPAccountingProfile(
                     ^
/Users/yutaro/project-profit-ios/ProjectProfitTests/LegacyProfileMigrationRunnerTests.swift:72:17: warning: conformance of 'PPAccountingProfile' to 'PersistentModel' is deprecated: Use BusinessProfile / TaxYearProfile instead. Migration-only legacy model.
        context.insert(legacy)
                ^
/Users/yutaro/project-profit-ios/ProjectProfitTests/LegacyProfileMigrationRunnerTests.swift:84:42: warning: conformance of 'PPAccountingProfile' to 'PersistentModel' is deprecated: Use BusinessProfile / TaxYearProfile instead. Migration-only legacy model.
        let legacyProfiles = try context.fetch(FetchDescriptor<PPAccountingProfile>())
                                         ^
/Users/yutaro/project-profit-ios/ProjectProfitTests/LegacyProfileMigrationRunnerTests.swift:84:64: warning: 'PPAccountingProfile' is deprecated: Use BusinessProfile / TaxYearProfile instead. Migration-only legacy model.
        let legacyProfiles = try context.fetch(FetchDescriptor<PPAccountingProfile>())
                                                               ^
/Users/yutaro/project-profit-ios/ProjectProfitTests/LegacyProfileMigrationRunnerTests.swift:84:48: warning: conformance of 'PPAccountingProfile' to 'PersistentModel' is deprecated: Use BusinessProfile / TaxYearProfile instead. Migration-only legacy model.
        let legacyProfiles = try context.fetch(FetchDescriptor<PPAccountingProfile>())
                                               ^
/Users/yutaro/project-profit-ios/ProjectProfitTests/LegacyProfileMigrationRunnerTests.swift:84:83: warning: conformance of 'PPAccountingProfile' to 'PersistentModel' is deprecated: Use BusinessProfile / TaxYearProfile instead. Migration-only legacy model.
        let legacyProfiles = try context.fetch(FetchDescriptor<PPAccountingProfile>())
                                                                                  ^
/Users/yutaro/project-profit-ios/ProjectProfitTests/LegacyProfileMigrationRunnerTests.swift:112:22: warning: 'PPAccountingProfile' is deprecated: Use BusinessProfile / TaxYearProfile instead. Migration-only legacy model.
        let legacy = PPAccountingProfile(
                     ^
/Users/yutaro/project-profit-ios/ProjectProfitTests/LegacyProfileMigrationRunnerTests.swift:119:17: warning: conformance of 'PPAccountingProfile' to 'PersistentModel' is deprecated: Use BusinessProfile / TaxYearProfile instead. Migration-only legacy model.
        context.insert(legacy)
                ^
/Users/yutaro/project-profit-ios/ProjectProfitTests/LegacyProfileMigrationRunnerTests.swift:153:42: warning: conformance of 'PPAccountingProfile' to 'PersistentModel' is deprecated: Use BusinessProfile / TaxYearProfile instead. Migration-only legacy model.
        let legacyProfiles = try context.fetch(FetchDescriptor<PPAccountingProfile>())
                                         ^
/Users/yutaro/project-profit-ios/ProjectProfitTests/LegacyProfileMigrationRunnerTests.swift:153:64: warning: 'PPAccountingProfile' is deprecated: Use BusinessProfile / TaxYearProfile instead. Migration-only legacy model.
        let legacyProfiles = try context.fetch(FetchDescriptor<PPAccountingProfile>())
                                                               ^
/Users/yutaro/project-profit-ios/ProjectProfitTests/LegacyProfileMigrationRunnerTests.swift:153:48: warning: conformance of 'PPAccountingProfile' to 'PersistentModel' is deprecated: Use BusinessProfile / TaxYearProfile instead. Migration-only legacy model.
        let legacyProfiles = try context.fetch(FetchDescriptor<PPAccountingProfile>())
                                               ^
/Users/yutaro/project-profit-ios/ProjectProfitTests/LegacyProfileMigrationRunnerTests.swift:153:83: warning: conformance of 'PPAccountingProfile' to 'PersistentModel' is deprecated: Use BusinessProfile / TaxYearProfile instead. Migration-only legacy model.
        let legacyProfiles = try context.fetch(FetchDescriptor<PPAccountingProfile>())
                                                                                  ^
/Users/yutaro/project-profit-ios/ProjectProfitTests/LegacyProfileMigrationRunnerTests.swift:225:22: warning: 'PPAccountingProfile' is deprecated: Use BusinessProfile / TaxYearProfile instead. Migration-only legacy model.
        let legacy = PPAccountingProfile(
                     ^
/Users/yutaro/project-profit-ios/ProjectProfitTests/LegacyProfileMigrationRunnerTests.swift:234:17: warning: conformance of 'PPAccountingProfile' to 'PersistentModel' is deprecated: Use BusinessProfile / TaxYearProfile instead. Migration-only legacy model.
        context.insert(legacy)
                ^
/Users/yutaro/project-profit-ios/ProjectProfitTests/LegacyProfileMigrationRunnerTests.swift:247:42: warning: conformance of 'PPAccountingProfile' to 'PersistentModel' is deprecated: Use BusinessProfile / TaxYearProfile instead. Migration-only legacy model.
        let legacyProfiles = try context.fetch(FetchDescriptor<PPAccountingProfile>())
                                         ^
/Users/yutaro/project-profit-ios/ProjectProfitTests/LegacyProfileMigrationRunnerTests.swift:247:64: warning: 'PPAccountingProfile' is deprecated: Use BusinessProfile / TaxYearProfile instead. Migration-only legacy model.
        let legacyProfiles = try context.fetch(FetchDescriptor<PPAccountingProfile>())
                                                               ^
/Users/yutaro/project-profit-ios/ProjectProfitTests/LegacyProfileMigrationRunnerTests.swift:247:48: warning: conformance of 'PPAccountingProfile' to 'PersistentModel' is deprecated: Use BusinessProfile / TaxYearProfile instead. Migration-only legacy model.
        let legacyProfiles = try context.fetch(FetchDescriptor<PPAccountingProfile>())
                                               ^
/Users/yutaro/project-profit-ios/ProjectProfitTests/LegacyProfileMigrationRunnerTests.swift:247:83: warning: conformance of 'PPAccountingProfile' to 'PersistentModel' is deprecated: Use BusinessProfile / TaxYearProfile instead. Migration-only legacy model.
        let legacyProfiles = try context.fetch(FetchDescriptor<PPAccountingProfile>())
                                                                                  ^
/Users/yutaro/project-profit-ios/ProjectProfitTests/LegacyProfileMigrationRunnerTests.swift:255:17: warning: conformance of 'PPAccountingProfile' to 'PersistentModel' is deprecated: Use BusinessProfile / TaxYearProfile instead. Migration-only legacy model.
        context.insert(PPAccountingProfile(fiscalYear: 2025, businessName: "Legacy", ownerName: "User"))
                ^
/Users/yutaro/project-profit-ios/ProjectProfitTests/LegacyProfileMigrationRunnerTests.swift:255:24: warning: 'PPAccountingProfile' is deprecated: Use BusinessProfile / TaxYearProfile instead. Migration-only legacy model.
        context.insert(PPAccountingProfile(fiscalYear: 2025, businessName: "Legacy", ownerName: "User"))
                       ^
/Users/yutaro/project-profit-ios/ProjectProfitTests/LegacyProfileMigrationRunnerTests.swift:281:22: warning: 'PPAccountingProfile' is deprecated: Use BusinessProfile / TaxYearProfile instead. Migration-only legacy model.
        let legacy = PPAccountingProfile(
                     ^
/Users/yutaro/project-profit-ios/ProjectProfitTests/LegacyProfileMigrationRunnerTests.swift:290:17: warning: conformance of 'PPAccountingProfile' to 'PersistentModel' is deprecated: Use BusinessProfile / TaxYearProfile instead. Migration-only legacy model.
        context.insert(legacy)
                ^
/Users/yutaro/project-profit-ios/ProjectProfitTests/LegacyProfileMigrationRunnerTests.swift:301:35: warning: conformance of 'PPAccountingProfile' to 'PersistentModel' is deprecated: Use BusinessProfile / TaxYearProfile instead. Migration-only legacy model.
        XCTAssertTrue(try context.fetch(FetchDescriptor<PPAccountingProfile>()).isEmpty)
                                  ^
/Users/yutaro/project-profit-ios/ProjectProfitTests/LegacyProfileMigrationRunnerTests.swift:301:57: warning: 'PPAccountingProfile' is deprecated: Use BusinessProfile / TaxYearProfile instead. Migration-only legacy model.
        XCTAssertTrue(try context.fetch(FetchDescriptor<PPAccountingProfile>()).isEmpty)
                                                        ^
/Users/yutaro/project-profit-ios/ProjectProfitTests/LegacyProfileMigrationRunnerTests.swift:301:41: warning: conformance of 'PPAccountingProfile' to 'PersistentModel' is deprecated: Use BusinessProfile / TaxYearProfile instead. Migration-only legacy model.
        XCTAssertTrue(try context.fetch(FetchDescriptor<PPAccountingProfile>()).isEmpty)
                                        ^
/Users/yutaro/project-profit-ios/ProjectProfitTests/LegacyProfileMigrationRunnerTests.swift:301:76: warning: conformance of 'PPAccountingProfile' to 'PersistentModel' is deprecated: Use BusinessProfile / TaxYearProfile instead. Migration-only legacy model.
        XCTAssertTrue(try context.fetch(FetchDescriptor<PPAccountingProfile>()).isEmpty)
                                                                           ^

SwiftCompile normal arm64 /Users/yutaro/project-profit-ios/ProjectProfitTests/LegalReportLineTests.swift (in target 'ProjectProfitTests' from project 'ProjectProfit')
    cd /Users/yutaro/project-profit-ios
    

SwiftCompile normal arm64 /Users/yutaro/project-profit-ios/ProjectProfitTests/LineItemTests.swift (in target 'ProjectProfitTests' from project 'ProjectProfit')
    cd /Users/yutaro/project-profit-ios
    

SwiftCompile normal arm64 /Users/yutaro/project-profit-ios/ProjectProfitTests/MigrationReportRunnerTests.swift (in target 'ProjectProfitTests' from project 'ProjectProfit')
    cd /Users/yutaro/project-profit-ios
    
/Users/yutaro/project-profit-ios/ProjectProfitTests/MigrationReportRunnerTests.swift:33:17: warning: conformance of 'PPAccountingProfile' to 'PersistentModel' is deprecated: Use BusinessProfile / TaxYearProfile instead. Migration-only legacy model.
        context.insert(PPAccountingProfile(
                ^
/Users/yutaro/project-profit-ios/ProjectProfitTests/MigrationReportRunnerTests.swift:33:24: warning: 'PPAccountingProfile' is deprecated: Use BusinessProfile / TaxYearProfile instead. Migration-only legacy model.
        context.insert(PPAccountingProfile(
                       ^
/Users/yutaro/project-profit-ios/ProjectProfitTests/MigrationReportRunnerTests.swift:51:17: warning: conformance of 'PPAccountingProfile' to 'PersistentModel' is deprecated: Use BusinessProfile / TaxYearProfile instead. Migration-only legacy model.
        context.insert(PPAccountingProfile(
                ^
/Users/yutaro/project-profit-ios/ProjectProfitTests/MigrationReportRunnerTests.swift:51:24: warning: 'PPAccountingProfile' is deprecated: Use BusinessProfile / TaxYearProfile instead. Migration-only legacy model.
        context.insert(PPAccountingProfile(
                       ^

SwiftCompile normal arm64 /Users/yutaro/project-profit-ios/ProjectProfitTests/ModelsTests.swift (in target 'ProjectProfitTests' from project 'ProjectProfit')
    cd /Users/yutaro/project-profit-ios
    

SwiftCompile normal arm64 /Users/yutaro/project-profit-ios/ProjectProfitTests/MonthlyAmortizationTests.swift (in target 'ProjectProfitTests' from project 'ProjectProfit')
    cd /Users/yutaro/project-profit-ios
    
/Users/yutaro/project-profit-ios/ProjectProfitTests/MonthlyAmortizationTests.swift:135:13: warning: initialization of immutable value 'recurring' was never used; consider replacing with assignment to '_' or removing it
        let recurring = mutations(dataStore).addRecurring(
        ~~~~^~~~~~~~~
        _
/Users/yutaro/project-profit-ios/ProjectProfitTests/MonthlyAmortizationTests.swift:212:13: warning: initialization of immutable value 'recurring' was never used; consider replacing with assignment to '_' or removing it
        let recurring = mutations(dataStore).addRecurring(
        ~~~~^~~~~~~~~
        _
/Users/yutaro/project-profit-ios/ProjectProfitTests/MonthlyAmortizationTests.swift:385:42: warning: immutable value 'month' was never used; consider replacing with '_' or removing it
        guard let year = today.year, let month = today.month else { return }
                                     ~~~~^~~~~
                                     _
/Users/yutaro/project-profit-ios/ProjectProfitTests/MonthlyAmortizationTests.swift:573:13: warning: initialization of immutable value 'currentYear' was never used; consider replacing with assignment to '_' or removing it
        let currentYear = comps.year!
        ~~~~^~~~~~~~~~~
        _

SwiftCompile normal arm64 /Users/yutaro/project-profit-ios/ProjectProfitTests/MonthlySummaryTests.swift (in target 'ProjectProfitTests' from project 'ProjectProfit')
    cd /Users/yutaro/project-profit-ios
    

SwiftCompile normal arm64 /Users/yutaro/project-profit-ios/ProjectProfitTests/PDFExportServiceTests.swift (in target 'ProjectProfitTests' from project 'ProjectProfit')
    cd /Users/yutaro/project-profit-ios
    

SwiftCompile normal arm64 /Users/yutaro/project-profit-ios/ProjectProfitTests/PPAccountTests.swift (in target 'ProjectProfitTests' from project 'ProjectProfit')
    cd /Users/yutaro/project-profit-ios
    

SwiftCompile normal arm64 /Users/yutaro/project-profit-ios/ProjectProfitTests/PPAccountingProfileTests.swift (in target 'ProjectProfitTests' from project 'ProjectProfit')
    cd /Users/yutaro/project-profit-ios
    
/Users/yutaro/project-profit-ios/ProjectProfitTests/PPAccountingProfileTests.swift:10:23: warning: 'PPAccountingProfile' is deprecated: Use BusinessProfile / TaxYearProfile instead. Migration-only legacy model.
        let profile = PPAccountingProfile(fiscalYear: 2026)
                      ^
/Users/yutaro/project-profit-ios/ProjectProfitTests/PPAccountingProfileTests.swift:28:23: warning: 'PPAccountingProfile' is deprecated: Use BusinessProfile / TaxYearProfile instead. Migration-only legacy model.
        let profile = PPAccountingProfile(
                      ^
/Users/yutaro/project-profit-ios/ProjectProfitTests/PPAccountingProfileTests.swift:57:23: warning: 'PPAccountingProfile' is deprecated: Use BusinessProfile / TaxYearProfile instead. Migration-only legacy model.
        let profile = PPAccountingProfile(fiscalYear: 2026)
                      ^
/Users/yutaro/project-profit-ios/ProjectProfitTests/PPAccountingProfileTests.swift:62:23: warning: 'PPAccountingProfile' is deprecated: Use BusinessProfile / TaxYearProfile instead. Migration-only legacy model.
        let profile = PPAccountingProfile(fiscalYear: 2026, lockedAt: Date())
                      ^
/Users/yutaro/project-profit-ios/ProjectProfitTests/PPAccountingProfileTests.swift:69:23: warning: 'PPAccountingProfile' is deprecated: Use BusinessProfile / TaxYearProfile instead. Migration-only legacy model.
        let profile = PPAccountingProfile(fiscalYear: 2026, bookkeepingMode: .doubleEntry)
                      ^
/Users/yutaro/project-profit-ios/ProjectProfitTests/PPAccountingProfileTests.swift:74:23: warning: 'PPAccountingProfile' is deprecated: Use BusinessProfile / TaxYearProfile instead. Migration-only legacy model.
        let profile = PPAccountingProfile(fiscalYear: 2026, bookkeepingMode: .singleEntry)
                      ^
/Users/yutaro/project-profit-ios/ProjectProfitTests/PPAccountingProfileTests.swift:81:23: warning: 'PPAccountingProfile' is deprecated: Use BusinessProfile / TaxYearProfile instead. Migration-only legacy model.
        let profile = PPAccountingProfile(
                      ^
/Users/yutaro/project-profit-ios/ProjectProfitTests/PPAccountingProfileTests.swift:93:24: warning: 'LegacyAccountingProfileSnapshot' is deprecated: Legacy profile snapshots are restore-compat only. New backups must use canonical profiles.
        let snapshot = LegacyAccountingProfileSnapshot(profile)
                       ^
/Users/yutaro/project-profit-ios/ProjectProfitTests/PPAccountingProfileTests.swift:108:23: warning: 'PPAccountingProfile' is deprecated: Use BusinessProfile / TaxYearProfile instead. Migration-only legacy model.
        let profile = PPAccountingProfile(
                      ^
/Users/yutaro/project-profit-ios/ProjectProfitTests/PPAccountingProfileTests.swift:116:24: warning: 'LegacyAccountingProfileSnapshot' is deprecated: Legacy profile snapshots are restore-compat only. New backups must use canonical profiles.
        let snapshot = LegacyAccountingProfileSnapshot(profile)
                       ^

SwiftCompile normal arm64 /Users/yutaro/project-profit-ios/ProjectProfitTests/PPInventoryRecordTests.swift (in target 'ProjectProfitTests' from project 'ProjectProfit')
    cd /Users/yutaro/project-profit-ios
    

SwiftCompile normal arm64 /Users/yutaro/project-profit-ios/ProjectProfitTests/PPJournalEntryTests.swift (in target 'ProjectProfitTests' from project 'ProjectProfit')
    cd /Users/yutaro/project-profit-ios
    

SwiftCompile normal arm64 /Users/yutaro/project-profit-ios/ProjectProfitTests/PlannedEndDateTests.swift (in target 'ProjectProfitTests' from project 'ProjectProfit')
    cd /Users/yutaro/project-profit-ios
    

SwiftCompile normal arm64 /Users/yutaro/project-profit-ios/ProjectProfitTests/PostingIntakeUseCaseTests.swift (in target 'ProjectProfitTests' from project 'ProjectProfit')
    cd /Users/yutaro/project-profit-ios
    

SwiftCompile normal arm64 /Users/yutaro/project-profit-ios/ProjectProfitTests/ProRataDataStoreTests.swift (in target 'ProjectProfitTests' from project 'ProjectProfit')
    cd /Users/yutaro/project-profit-ios
    
/Users/yutaro/project-profit-ios/ProjectProfitTests/ProRataDataStoreTests.swift:258:67: warning: immutable value 'day' was never used; consider replacing with '_' or removing it
        guard let year = today.year, let month = today.month, let day = today.day else {
                                                              ~~~~^~~
                                                              _
/Users/yutaro/project-profit-ios/ProjectProfitTests/ProRataDataStoreTests.swift:836:19: warning: value 'tx' was defined but never used; consider replacing with boolean test
        guard let tx = yearlyTx.first else { return }
              ~~~~^~~~~
                                      != nil

SwiftEmitModule normal arm64 Emitting\ module\ for\ ProjectProfitTests (in target 'ProjectProfitTests' from project 'ProjectProfit')

EmitSwiftModule normal arm64 (in target 'ProjectProfitTests' from project 'ProjectProfit')
    cd /Users/yutaro/project-profit-ios
    
/Users/yutaro/project-profit-ios/ProjectProfitTests/CounterpartyMatchingTests.swift:7:9: warning: stored property 'counterparties' of 'Sendable'-conforming class 'MockCounterpartyRepository' is mutable; this is an error in the Swift 6 language mode
    var counterparties: [Counterparty] = []
        ^

SwiftCompile normal arm64 Compiling\ TaxYearDefinitionLoaderTests.swift,\ TaxYearProfileTests.swift,\ TaxYearStateUseCaseTests.swift,\ TestHelpers.swift,\ TestMutationDriver.swift,\ TransactionFormQueryUseCaseTests.swift,\ TransactionHistoryTests.swift,\ TransactionHistoryUseCaseTests.swift,\ TransactionLogTests.swift,\ TransactionsViewModelTests.swift,\ UITestBootstrapTests.swift,\ UtilitiesTests.swift,\ WhiteTaxBookkeepingQueryUseCaseTests.swift,\ WithholdingFlowE2ETests.swift,\ WithholdingStatementQueryUseCaseTests.swift,\ WithholdingTaxCalculatorTests.swift,\ WorkflowNavigationTests.swift,\ YearLockTests.swift /Users/yutaro/project-profit-ios/ProjectProfitTests/TaxYearDefinitionLoaderTests.swift /Users/yutaro/project-profit-ios/ProjectProfitTests/Core/TaxYearProfileTests.swift /Users/yutaro/project-profit-ios/ProjectProfitTests/TaxYearStateUseCaseTests.swift /Users/yutaro/project-profit-ios/ProjectProfitTests/TestHelpers.swift /Users/yutaro/project-profit-ios/ProjectProfitTests/TestMutationDriver.swift /Users/yutaro/project-profit-ios/ProjectProfitTests/TransactionFormQueryUseCaseTests.swift /Users/yutaro/project-profit-ios/ProjectProfitTests/TransactionHistoryTests.swift /Users/yutaro/project-profit-ios/ProjectProfitTests/TransactionHistoryUseCaseTests.swift /Users/yutaro/project-profit-ios/ProjectProfitTests/TransactionLogTests.swift /Users/yutaro/project-profit-ios/ProjectProfitTests/TransactionsViewModelTests.swift /Users/yutaro/project-profit-ios/ProjectProfitTests/UITestBootstrapTests.swift /Users/yutaro/project-profit-ios/ProjectProfitTests/UtilitiesTests.swift /Users/yutaro/project-profit-ios/ProjectProfitTests/WhiteTaxBookkeepingQueryUseCaseTests.swift /Users/yutaro/project-profit-ios/ProjectProfitTests/WithholdingFlowE2ETests.swift /Users/yutaro/project-profit-ios/ProjectProfitTests/WithholdingStatementQueryUseCaseTests.swift /Users/yutaro/project-profit-ios/ProjectProfitTests/Core/WithholdingTaxCalculatorTests.swift /Users/yutaro/project-profit-ios/ProjectProfitTests/WorkflowNavigationTests.swift /Users/yutaro/project-profit-ios/ProjectProfitTests/YearLockTests.swift (in target 'ProjectProfitTests' from project 'ProjectProfit')

SwiftCompile normal arm64 /Users/yutaro/project-profit-ios/ProjectProfitTests/TaxYearDefinitionLoaderTests.swift (in target 'ProjectProfitTests' from project 'ProjectProfit')
    cd /Users/yutaro/project-profit-ios
    

SwiftCompile normal arm64 /Users/yutaro/project-profit-ios/ProjectProfitTests/Core/TaxYearProfileTests.swift (in target 'ProjectProfitTests' from project 'ProjectProfit')
    cd /Users/yutaro/project-profit-ios
    

SwiftCompile normal arm64 /Users/yutaro/project-profit-ios/ProjectProfitTests/TaxYearStateUseCaseTests.swift (in target 'ProjectProfitTests' from project 'ProjectProfit')
    cd /Users/yutaro/project-profit-ios
    

SwiftCompile normal arm64 /Users/yutaro/project-profit-ios/ProjectProfitTests/TestHelpers.swift (in target 'ProjectProfitTests' from project 'ProjectProfit')
    cd /Users/yutaro/project-profit-ios
    

SwiftCompile normal arm64 /Users/yutaro/project-profit-ios/ProjectProfitTests/TestMutationDriver.swift (in target 'ProjectProfitTests' from project 'ProjectProfit')
    cd /Users/yutaro/project-profit-ios
    

SwiftCompile normal arm64 /Users/yutaro/project-profit-ios/ProjectProfitTests/TransactionFormQueryUseCaseTests.swift (in target 'ProjectProfitTests' from project 'ProjectProfit')
    cd /Users/yutaro/project-profit-ios
    

SwiftCompile normal arm64 /Users/yutaro/project-profit-ios/ProjectProfitTests/TransactionHistoryTests.swift (in target 'ProjectProfitTests' from project 'ProjectProfit')
    cd /Users/yutaro/project-profit-ios
    

SwiftCompile normal arm64 /Users/yutaro/project-profit-ios/ProjectProfitTests/TransactionHistoryUseCaseTests.swift (in target 'ProjectProfitTests' from project 'ProjectProfit')
    cd /Users/yutaro/project-profit-ios
    

SwiftCompile normal arm64 /Users/yutaro/project-profit-ios/ProjectProfitTests/TransactionLogTests.swift (in target 'ProjectProfitTests' from project 'ProjectProfit')
    cd /Users/yutaro/project-profit-ios
    

SwiftCompile normal arm64 /Users/yutaro/project-profit-ios/ProjectProfitTests/TransactionsViewModelTests.swift (in target 'ProjectProfitTests' from project 'ProjectProfit')
    cd /Users/yutaro/project-profit-ios
    

SwiftCompile normal arm64 /Users/yutaro/project-profit-ios/ProjectProfitTests/UITestBootstrapTests.swift (in target 'ProjectProfitTests' from project 'ProjectProfit')
    cd /Users/yutaro/project-profit-ios
    

SwiftCompile normal arm64 /Users/yutaro/project-profit-ios/ProjectProfitTests/UtilitiesTests.swift (in target 'ProjectProfitTests' from project 'ProjectProfit')
    cd /Users/yutaro/project-profit-ios
    
/Users/yutaro/project-profit-ios/ProjectProfitTests/UtilitiesTests.swift:362:81: warning: immutable value 'currentDay' was never used; consider replacing with '_' or removing it
        guard let currentYear = comps.year, let currentMonth = comps.month, let currentDay = comps.day else {
                                                                            ~~~~^~~~~~~~~~
                                                                            _

SwiftCompile normal arm64 /Users/yutaro/project-profit-ios/ProjectProfitTests/WhiteTaxBookkeepingQueryUseCaseTests.swift (in target 'ProjectProfitTests' from project 'ProjectProfit')
    cd /Users/yutaro/project-profit-ios
    

SwiftCompile normal arm64 /Users/yutaro/project-profit-ios/ProjectProfitTests/WithholdingFlowE2ETests.swift (in target 'ProjectProfitTests' from project 'ProjectProfit')
    cd /Users/yutaro/project-profit-ios
    

SwiftCompile normal arm64 /Users/yutaro/project-profit-ios/ProjectProfitTests/WithholdingStatementQueryUseCaseTests.swift (in target 'ProjectProfitTests' from project 'ProjectProfit')
    cd /Users/yutaro/project-profit-ios
    

SwiftCompile normal arm64 /Users/yutaro/project-profit-ios/ProjectProfitTests/Core/WithholdingTaxCalculatorTests.swift (in target 'ProjectProfitTests' from project 'ProjectProfit')
    cd /Users/yutaro/project-profit-ios
    

SwiftCompile normal arm64 /Users/yutaro/project-profit-ios/ProjectProfitTests/WorkflowNavigationTests.swift (in target 'ProjectProfitTests' from project 'ProjectProfit')
    cd /Users/yutaro/project-profit-ios
    

SwiftCompile normal arm64 /Users/yutaro/project-profit-ios/ProjectProfitTests/YearLockTests.swift (in target 'ProjectProfitTests' from project 'ProjectProfit')
    cd /Users/yutaro/project-profit-ios
    

SwiftDriverJobDiscovery normal arm64 Emitting module for ProjectProfitTests (in target 'ProjectProfitTests' from project 'ProjectProfit')

SwiftDriver\ Compilation\ Requirements ProjectProfitTests normal arm64 com.apple.xcode.tools.swift.compiler (in target 'ProjectProfitTests' from project 'ProjectProfit')
    cd /Users/yutaro/project-profit-ios
    builtin-Swift-Compilation-Requirements -- /Applications/Xcode-26.3.app/Contents/Developer/Toolchains/XcodeDefault.xctoolchain/usr/bin/swiftc -module-name ProjectProfitTests -Onone -enforce-exclusivity\=checked @/Users/yutaro/project-profit-ios/artifacts/release-quality/books/DerivedData/Build/Intermediates.noindex/ProjectProfit.build/Debug-iphonesimulator/ProjectProfitTests.build/Objects-normal/arm64/ProjectProfitTests.SwiftFileList -DDEBUG -Xcc -fmodule-map-file\=/Users/yutaro/project-profit-ios/artifacts/release-quality/books/DerivedData/Build/Intermediates.noindex/GeneratedModuleMaps-iphonesimulator/libxlsxwriter.modulemap -plugin-path /Applications/Xcode-26.3.app/Contents/Developer/Toolchains/XcodeDefault.xctoolchain/usr/lib/swift/host/plugins/testing -enable-bare-slash-regex -enable-experimental-feature DebugDescriptionMacro -sdk /Applications/Xcode-26.3.app/Contents/Developer/Platforms/iPhoneSimulator.platform/Developer/SDKs/iPhoneSimulator26.2.sdk -target arm64-apple-ios17.0-simulator -g -module-cache-path /Users/yutaro/project-profit-ios/artifacts/release-quality/books/DerivedData/ModuleCache.noindex -Xfrontend -serialize-debugging-options -profile-coverage-mapping -profile-generate -enable-testing -index-store-path /Users/yutaro/project-profit-ios/artifacts/release-quality/books/DerivedData/Index.noindex/DataStore -Xcc -D_LIBCPP_HARDENING_MODE\=_LIBCPP_HARDENING_MODE_DEBUG -swift-version 5 -I /Users/yutaro/project-profit-ios/artifacts/release-quality/books/DerivedData/Build/Products/Debug-iphonesimulator -I /Users/yutaro/project-profit-ios/ProjectProfit/Ledger/Bridge/xlsxwriter -Isystem /Applications/Xcode-26.3.app/Contents/Developer/Platforms/iPhoneSimulator.platform/Developer/usr/lib -F /Users/yutaro/project-profit-ios/artifacts/release-quality/books/DerivedData/Build/Products/Debug-iphonesimulator/PackageFrameworks -F /Users/yutaro/project-profit-ios/artifacts/release-quality/books/DerivedData/Build/Products/Debug-iphonesimulator -F /Applications/Xcode-26.3.app/Contents/Developer/Platforms/iPhoneSimulator.platform/Developer/Library/Frameworks -F /Applications/Xcode-26.3.app/Contents/Developer/Platforms/iPhoneSimulator.platform/Developer/SDKs/iPhoneSimulator26.2.sdk/Developer/Library/Frameworks -c -j8 -enable-batch-mode -incremental -Xcc -ivfsstatcache -Xcc /Users/yutaro/project-profit-ios/artifacts/release-quality/books/DerivedData/SDKStatCaches.noindex/iphonesimulator26.2-23C57-91db6bf2b9df79783d042ed3cc29a58e.sdkstatcache -output-file-map /Users/yutaro/project-profit-ios/artifacts/release-quality/books/DerivedData/Build/Intermediates.noindex/ProjectProfit.build/Debug-iphonesimulator/ProjectProfitTests.build/Objects-normal/arm64/ProjectProfitTests-OutputFileMap.json -use-frontend-parseable-output -save-temps -no-color-diagnostics -explicit-module-build -module-cache-path /Users/yutaro/project-profit-ios/artifacts/release-quality/books/DerivedData/Build/Intermediates.noindex/SwiftExplicitPrecompiledModules -clang-scanner-module-cache-path /Users/yutaro/project-profit-ios/artifacts/release-quality/books/DerivedData/ModuleCache.noindex -sdk-module-cache-path /Users/yutaro/project-profit-ios/artifacts/release-quality/books/DerivedData/ModuleCache.noindex -serialize-diagnostics -emit-dependencies -emit-module -emit-module-path /Users/yutaro/project-profit-ios/artifacts/release-quality/books/DerivedData/Build/Intermediates.noindex/ProjectProfit.build/Debug-iphonesimulator/ProjectProfitTests.build/Objects-normal/arm64/ProjectProfitTests.swiftmodule -validate-clang-modules-once -clang-build-session-file /Users/yutaro/project-profit-ios/artifacts/release-quality/books/DerivedData/ModuleCache.noindex/Session.modulevalidation -Xcc -I/Users/yutaro/project-profit-ios/artifacts/release-quality/books/DerivedData/Build/Intermediates.noindex/ProjectProfit.build/Debug-iphonesimulator/ProjectProfitTests.build/swift-overrides.hmap -emit-const-values -Xfrontend -const-gather-protocols-file -Xfrontend /Users/yutaro/project-profit-ios/artifacts/release-quality/books/DerivedData/Build/Intermediates.noindex/ProjectProfit.build/Debug-iphonesimulator/ProjectProfitTests.build/Objects-normal/arm64/ProjectProfitTests_const_extract_protocols.json -Xcc -iquote -Xcc /Users/yutaro/project-profit-ios/artifacts/release-quality/books/DerivedData/Build/Intermediates.noindex/ProjectProfit.build/Debug-iphonesimulator/ProjectProfitTests.build/ProjectProfitTests-generated-files.hmap -Xcc -I/Users/yutaro/project-profit-ios/artifacts/release-quality/books/DerivedData/Build/Intermediates.noindex/ProjectProfit.build/Debug-iphonesimulator/ProjectProfitTests.build/ProjectProfitTests-own-target-headers.hmap -Xcc -I/Users/yutaro/project-profit-ios/artifacts/release-quality/books/DerivedData/Build/Intermediates.noindex/ProjectProfit.build/Debug-iphonesimulator/ProjectProfitTests.build/ProjectProfitTests-all-non-framework-target-headers.hmap -Xcc -ivfsoverlay -Xcc /Users/yutaro/project-profit-ios/artifacts/release-quality/books/DerivedData/Build/Intermediates.noindex/ProjectProfit.build/Debug-iphonesimulator/ProjectProfit-bc30635a8cb06e5d3ecf94d8d93f544c-VFS-iphonesimulator/all-product-headers.yaml -Xcc -iquote -Xcc /Users/yutaro/project-profit-ios/artifacts/release-quality/books/DerivedData/Build/Intermediates.noindex/ProjectProfit.build/Debug-iphonesimulator/ProjectProfitTests.build/ProjectProfitTests-project-headers.hmap -Xcc -I/Users/yutaro/project-profit-ios/artifacts/release-quality/books/DerivedData/SourcePackages/checkouts/libxlsxwriter/include -Xcc -I/Users/yutaro/project-profit-ios/artifacts/release-quality/books/DerivedData/Build/Products/Debug-iphonesimulator/include -Xcc -I/Users/yutaro/project-profit-ios/artifacts/release-quality/books/DerivedData/SourcePackages/checkouts/libxlsxwriter/include -Xcc -I/Users/yutaro/project-profit-ios/artifacts/release-quality/books/DerivedData/Build/Intermediates.noindex/ProjectProfit.build/Debug-iphonesimulator/ProjectProfitTests.build/DerivedSources-normal/arm64 -Xcc -I/Users/yutaro/project-profit-ios/artifacts/release-quality/books/DerivedData/Build/Intermediates.noindex/ProjectProfit.build/Debug-iphonesimulator/ProjectProfitTests.build/DerivedSources/arm64 -Xcc -I/Users/yutaro/project-profit-ios/artifacts/release-quality/books/DerivedData/Build/Intermediates.noindex/ProjectProfit.build/Debug-iphonesimulator/ProjectProfitTests.build/DerivedSources -Xcc -DDEBUG\=1 -emit-objc-header -emit-objc-header-path /Users/yutaro/project-profit-ios/artifacts/release-quality/books/DerivedData/Build/Intermediates.noindex/ProjectProfit.build/Debug-iphonesimulator/ProjectProfitTests.build/Objects-normal/arm64/ProjectProfitTests-Swift.h -working-directory /Users/yutaro/project-profit-ios -experimental-emit-module-separately -disable-cmo

SwiftDriverJobDiscovery normal arm64 Compiling ReportViewModelTests.swift, ReportingQueryUseCaseTests.swift, SearchIndexTests.swift, SettingsMaintenanceUseCaseTests.swift, SettingsMaintenanceWorkflowUseCaseTests.swift, SettingsOverviewUseCaseTests.swift, ShareImportInboxServiceTests.swift, ShushiNaiyakushoBuilderTests.swift, StatementImportUseCaseTests.swift, StatementMatchServiceTests.swift, StatementPDFParserTests.swift, StatementPrefillTests.swift, SubLedgerEnrichmentTests.swift, SubLedgerExportTests.swift, TaxCategoryTests.swift, TaxCodeTests.swift, TaxRuleEvaluatorTests.swift, TaxStatusMachineTests.swift (in target 'ProjectProfitTests' from project 'ProjectProfit')

Copy /Users/yutaro/project-profit-ios/artifacts/release-quality/books/DerivedData/Build/Products/Debug-iphonesimulator/ProjectProfitTests.swiftmodule/arm64-apple-ios-simulator.swiftmodule /Users/yutaro/project-profit-ios/artifacts/release-quality/books/DerivedData/Build/Intermediates.noindex/ProjectProfit.build/Debug-iphonesimulator/ProjectProfitTests.build/Objects-normal/arm64/ProjectProfitTests.swiftmodule (in target 'ProjectProfitTests' from project 'ProjectProfit')
    cd /Users/yutaro/project-profit-ios
    builtin-copy -exclude .DS_Store -exclude CVS -exclude .svn -exclude .git -exclude .hg -resolve-src-symlinks -rename /Users/yutaro/project-profit-ios/artifacts/release-quality/books/DerivedData/Build/Intermediates.noindex/ProjectProfit.build/Debug-iphonesimulator/ProjectProfitTests.build/Objects-normal/arm64/ProjectProfitTests.swiftmodule /Users/yutaro/project-profit-ios/artifacts/release-quality/books/DerivedData/Build/Products/Debug-iphonesimulator/ProjectProfitTests.swiftmodule/arm64-apple-ios-simulator.swiftmodule

Copy /Users/yutaro/project-profit-ios/artifacts/release-quality/books/DerivedData/Build/Products/Debug-iphonesimulator/ProjectProfitTests.swiftmodule/arm64-apple-ios-simulator.abi.json /Users/yutaro/project-profit-ios/artifacts/release-quality/books/DerivedData/Build/Intermediates.noindex/ProjectProfit.build/Debug-iphonesimulator/ProjectProfitTests.build/Objects-normal/arm64/ProjectProfitTests.abi.json (in target 'ProjectProfitTests' from project 'ProjectProfit')
    cd /Users/yutaro/project-profit-ios
    builtin-copy -exclude .DS_Store -exclude CVS -exclude .svn -exclude .git -exclude .hg -resolve-src-symlinks -rename /Users/yutaro/project-profit-ios/artifacts/release-quality/books/DerivedData/Build/Intermediates.noindex/ProjectProfit.build/Debug-iphonesimulator/ProjectProfitTests.build/Objects-normal/arm64/ProjectProfitTests.abi.json /Users/yutaro/project-profit-ios/artifacts/release-quality/books/DerivedData/Build/Products/Debug-iphonesimulator/ProjectProfitTests.swiftmodule/arm64-apple-ios-simulator.abi.json

Copy /Users/yutaro/project-profit-ios/artifacts/release-quality/books/DerivedData/Build/Products/Debug-iphonesimulator/ProjectProfitTests.swiftmodule/Project/arm64-apple-ios-simulator.swiftsourceinfo /Users/yutaro/project-profit-ios/artifacts/release-quality/books/DerivedData/Build/Intermediates.noindex/ProjectProfit.build/Debug-iphonesimulator/ProjectProfitTests.build/Objects-normal/arm64/ProjectProfitTests.swiftsourceinfo (in target 'ProjectProfitTests' from project 'ProjectProfit')
    cd /Users/yutaro/project-profit-ios
    builtin-copy -exclude .DS_Store -exclude CVS -exclude .svn -exclude .git -exclude .hg -resolve-src-symlinks -rename /Users/yutaro/project-profit-ios/artifacts/release-quality/books/DerivedData/Build/Intermediates.noindex/ProjectProfit.build/Debug-iphonesimulator/ProjectProfitTests.build/Objects-normal/arm64/ProjectProfitTests.swiftsourceinfo /Users/yutaro/project-profit-ios/artifacts/release-quality/books/DerivedData/Build/Products/Debug-iphonesimulator/ProjectProfitTests.swiftmodule/Project/arm64-apple-ios-simulator.swiftsourceinfo

SwiftDriverJobDiscovery normal arm64 Compiling ProRataTests.swift, ProfileSettingsUseCaseTests.swift, ProfileSettingsViewTests.swift, ProfileSettingsWorkflowUseCaseTests.swift, ProjectQueryUseCaseTests.swift, ProjectWorkflowUseCaseTests.swift, ReceiptAmountExtractionTests.swift, ReceiptDateExtractionTests.swift, ReceiptEvidenceIntakeUseCaseTests.swift, ReceiptImageStoreTests.swift, ReceiptReviewViewTests.swift, ReceiptStoreNameExtractionTests.swift, RecurringPreviewTests.swift, RecurringProcessingTests.swift, RecurringQueryUseCaseTests.swift, RecurringWorkflowUseCaseTests.swift, RegexReceiptParserLineItemTests.swift, ReleasePerformanceGateTests.swift (in target 'ProjectProfitTests' from project 'ProjectProfit')

SwiftDriverJobDiscovery normal arm64 Compiling CanonicalAccountingReportTests.swift, CanonicalBookServiceTests.swift, CanonicalCSVImportIntegrationTests.swift, CanonicalFlowE2ETests.swift, CanonicalJournalEntryTests.swift, CanonicalPostingSupportTests.swift, CanonicalRepositoriesTests.swift, CanonicalUseCasesTests.swift, CashBookTests.swift, CategoryQueryUseCaseTests.swift, CategoryWorkflowUseCaseTests.swift, ClassificationDictionaryLoaderTests.swift, ClassificationEngineTests.swift, ClassificationLearningServiceTests.swift, ClassificationReviewQueryTests.swift, ClosingEntryTests.swift, ClosingWorkflowUseCaseTests.swift, ConsumptionTaxReportServiceTests.swift, CounterpartyMatchingTests.swift (in target 'ProjectProfitTests' from project 'ProjectProfit')

SwiftDriverJobDiscovery normal arm64 Compiling APBookTests.swift, ARBookTests.swift, AccountingBootstrapTests.swift, AccountingConstantsTests.swift, AccountingEngineTests.swift, AccountingIntegrationTests.swift, AccountingPerformanceTests.swift, AccountingReadQueryUseCaseTests.swift, AccountingReportServiceTests.swift, AllocationCalculatorTests.swift, AnnualBlueReturnScenarioTests.swift, AppBootstrapWorkflowUseCaseTests.swift, AppShellWorkflowUseCaseTests.swift, ApprovalQueueQueryUseCaseTests.swift, ApprovalQueueWorkflowUseCaseTests.swift, BackupRestoreServiceTests.swift, BooksWorkspaceViewTests.swift, BusinessProfileTests.swift, CSVExportServiceTests.swift (in target 'ProjectProfitTests' from project 'ProjectProfit')

SwiftDriverJobDiscovery normal arm64 Compiling LedgerCSVImportServiceTests.swift, LedgerDataStoreReadOnlyTests.swift, LedgerDataStoreTests.swift, LedgerImportCoordinatorTests.swift, LegacyProfileMigrationRunnerTests.swift, LegalReportLineTests.swift, LineItemTests.swift, MigrationReportRunnerTests.swift, ModelsTests.swift, MonthlyAmortizationTests.swift, MonthlySummaryTests.swift, PDFExportServiceTests.swift, PPAccountTests.swift, PPAccountingProfileTests.swift, PPInventoryRecordTests.swift, PPJournalEntryTests.swift, PlannedEndDateTests.swift, PostingIntakeUseCaseTests.swift, ProRataDataStoreTests.swift (in target 'ProjectProfitTests' from project 'ProjectProfit')

SwiftDriverJobDiscovery normal arm64 Compiling EtaxXtxExporterTests.swift, EvidenceInboxQueryUseCaseTests.swift, ExpenseBookTests.swift, ExportCoordinatorTests.swift, FilingDashboardQueryUseCaseTests.swift, FilingPreflightUseCaseTests.swift, FiscalYearDataStoreTests.swift, FiscalYearUtilitiesTests.swift, FixedAssetNTATests.swift, FixedAssetWorkflowUseCaseTests.swift, FormEngineTests.swift, GeneralLedgerEnrichmentTests.swift, GoldenBaselineTests.swift, GoldenFixtureSupport.swift, InputTaxDeductionCalculatorTests.swift, InventoryServiceTests.swift, InventoryViewModelTests.swift, InventoryWorkflowUseCaseTests.swift, JournalValidationTests.swift (in target 'ProjectProfitTests' from project 'ProjectProfit')

SwiftDriverJobDiscovery normal arm64 Compiling TaxYearDefinitionLoaderTests.swift, TaxYearProfileTests.swift, TaxYearStateUseCaseTests.swift, TestHelpers.swift, TestMutationDriver.swift, TransactionFormQueryUseCaseTests.swift, TransactionHistoryTests.swift, TransactionHistoryUseCaseTests.swift, TransactionLogTests.swift, TransactionsViewModelTests.swift, UITestBootstrapTests.swift, UtilitiesTests.swift, WhiteTaxBookkeepingQueryUseCaseTests.swift, WithholdingFlowE2ETests.swift, WithholdingStatementQueryUseCaseTests.swift, WithholdingTaxCalculatorTests.swift, WorkflowNavigationTests.swift, YearLockTests.swift (in target 'ProjectProfitTests' from project 'ProjectProfit')

SwiftDriverJobDiscovery normal arm64 Compiling DashboardViewModelTests.swift, DataRevisionQueryUseCaseTests.swift, DataStoreAccountingTests.swift, DataStoreCRUDTests.swift, DataStoreDocumentsTests.swift, DataStoreFixedAssetTests.swift, DataStoreInventoryTests.swift, DataStoreSummaryTests.swift, DataStoreYearLockGradedTests.swift, DepreciationEngineTests.swift, DepreciationScheduleBuilderTests.swift, DistributionApprovalIntegrationTests.swift, DistributionTemplateApplicationUseCaseTests.swift, DistributionTemplateManagementQueryUseCaseTests.swift, DocumentAndSubLedgerTests.swift, DocumentWorkflowUseCaseTests.swift, EtaxCharacterValidatorTests.swift, EtaxExportViewModelTests.swift, EtaxFieldPopulatorTests.swift (in target 'ProjectProfitTests' from project 'ProjectProfit')

SwiftDriver\ Compilation ProjectProfitTests normal arm64 com.apple.xcode.tools.swift.compiler (in target 'ProjectProfitTests' from project 'ProjectProfit')
    cd /Users/yutaro/project-profit-ios
    builtin-Swift-Compilation -- /Applications/Xcode-26.3.app/Contents/Developer/Toolchains/XcodeDefault.xctoolchain/usr/bin/swiftc -module-name ProjectProfitTests -Onone -enforce-exclusivity\=checked @/Users/yutaro/project-profit-ios/artifacts/release-quality/books/DerivedData/Build/Intermediates.noindex/ProjectProfit.build/Debug-iphonesimulator/ProjectProfitTests.build/Objects-normal/arm64/ProjectProfitTests.SwiftFileList -DDEBUG -Xcc -fmodule-map-file\=/Users/yutaro/project-profit-ios/artifacts/release-quality/books/DerivedData/Build/Intermediates.noindex/GeneratedModuleMaps-iphonesimulator/libxlsxwriter.modulemap -plugin-path /Applications/Xcode-26.3.app/Contents/Developer/Toolchains/XcodeDefault.xctoolchain/usr/lib/swift/host/plugins/testing -enable-bare-slash-regex -enable-experimental-feature DebugDescriptionMacro -sdk /Applications/Xcode-26.3.app/Contents/Developer/Platforms/iPhoneSimulator.platform/Developer/SDKs/iPhoneSimulator26.2.sdk -target arm64-apple-ios17.0-simulator -g -module-cache-path /Users/yutaro/project-profit-ios/artifacts/release-quality/books/DerivedData/ModuleCache.noindex -Xfrontend -serialize-debugging-options -profile-coverage-mapping -profile-generate -enable-testing -index-store-path /Users/yutaro/project-profit-ios/artifacts/release-quality/books/DerivedData/Index.noindex/DataStore -Xcc -D_LIBCPP_HARDENING_MODE\=_LIBCPP_HARDENING_MODE_DEBUG -swift-version 5 -I /Users/yutaro/project-profit-ios/artifacts/release-quality/books/DerivedData/Build/Products/Debug-iphonesimulator -I /Users/yutaro/project-profit-ios/ProjectProfit/Ledger/Bridge/xlsxwriter -Isystem /Applications/Xcode-26.3.app/Contents/Developer/Platforms/iPhoneSimulator.platform/Developer/usr/lib -F /Users/yutaro/project-profit-ios/artifacts/release-quality/books/DerivedData/Build/Products/Debug-iphonesimulator/PackageFrameworks -F /Users/yutaro/project-profit-ios/artifacts/release-quality/books/DerivedData/Build/Products/Debug-iphonesimulator -F /Applications/Xcode-26.3.app/Contents/Developer/Platforms/iPhoneSimulator.platform/Developer/Library/Frameworks -F /Applications/Xcode-26.3.app/Contents/Developer/Platforms/iPhoneSimulator.platform/Developer/SDKs/iPhoneSimulator26.2.sdk/Developer/Library/Frameworks -c -j8 -enable-batch-mode -incremental -Xcc -ivfsstatcache -Xcc /Users/yutaro/project-profit-ios/artifacts/release-quality/books/DerivedData/SDKStatCaches.noindex/iphonesimulator26.2-23C57-91db6bf2b9df79783d042ed3cc29a58e.sdkstatcache -output-file-map /Users/yutaro/project-profit-ios/artifacts/release-quality/books/DerivedData/Build/Intermediates.noindex/ProjectProfit.build/Debug-iphonesimulator/ProjectProfitTests.build/Objects-normal/arm64/ProjectProfitTests-OutputFileMap.json -use-frontend-parseable-output -save-temps -no-color-diagnostics -explicit-module-build -module-cache-path /Users/yutaro/project-profit-ios/artifacts/release-quality/books/DerivedData/Build/Intermediates.noindex/SwiftExplicitPrecompiledModules -clang-scanner-module-cache-path /Users/yutaro/project-profit-ios/artifacts/release-quality/books/DerivedData/ModuleCache.noindex -sdk-module-cache-path /Users/yutaro/project-profit-ios/artifacts/release-quality/books/DerivedData/ModuleCache.noindex -serialize-diagnostics -emit-dependencies -emit-module -emit-module-path /Users/yutaro/project-profit-ios/artifacts/release-quality/books/DerivedData/Build/Intermediates.noindex/ProjectProfit.build/Debug-iphonesimulator/ProjectProfitTests.build/Objects-normal/arm64/ProjectProfitTests.swiftmodule -validate-clang-modules-once -clang-build-session-file /Users/yutaro/project-profit-ios/artifacts/release-quality/books/DerivedData/ModuleCache.noindex/Session.modulevalidation -Xcc -I/Users/yutaro/project-profit-ios/artifacts/release-quality/books/DerivedData/Build/Intermediates.noindex/ProjectProfit.build/Debug-iphonesimulator/ProjectProfitTests.build/swift-overrides.hmap -emit-const-values -Xfrontend -const-gather-protocols-file -Xfrontend /Users/yutaro/project-profit-ios/artifacts/release-quality/books/DerivedData/Build/Intermediates.noindex/ProjectProfit.build/Debug-iphonesimulator/ProjectProfitTests.build/Objects-normal/arm64/ProjectProfitTests_const_extract_protocols.json -Xcc -iquote -Xcc /Users/yutaro/project-profit-ios/artifacts/release-quality/books/DerivedData/Build/Intermediates.noindex/ProjectProfit.build/Debug-iphonesimulator/ProjectProfitTests.build/ProjectProfitTests-generated-files.hmap -Xcc -I/Users/yutaro/project-profit-ios/artifacts/release-quality/books/DerivedData/Build/Intermediates.noindex/ProjectProfit.build/Debug-iphonesimulator/ProjectProfitTests.build/ProjectProfitTests-own-target-headers.hmap -Xcc -I/Users/yutaro/project-profit-ios/artifacts/release-quality/books/DerivedData/Build/Intermediates.noindex/ProjectProfit.build/Debug-iphonesimulator/ProjectProfitTests.build/ProjectProfitTests-all-non-framework-target-headers.hmap -Xcc -ivfsoverlay -Xcc /Users/yutaro/project-profit-ios/artifacts/release-quality/books/DerivedData/Build/Intermediates.noindex/ProjectProfit.build/Debug-iphonesimulator/ProjectProfit-bc30635a8cb06e5d3ecf94d8d93f544c-VFS-iphonesimulator/all-product-headers.yaml -Xcc -iquote -Xcc /Users/yutaro/project-profit-ios/artifacts/release-quality/books/DerivedData/Build/Intermediates.noindex/ProjectProfit.build/Debug-iphonesimulator/ProjectProfitTests.build/ProjectProfitTests-project-headers.hmap -Xcc -I/Users/yutaro/project-profit-ios/artifacts/release-quality/books/DerivedData/SourcePackages/checkouts/libxlsxwriter/include -Xcc -I/Users/yutaro/project-profit-ios/artifacts/release-quality/books/DerivedData/Build/Products/Debug-iphonesimulator/include -Xcc -I/Users/yutaro/project-profit-ios/artifacts/release-quality/books/DerivedData/SourcePackages/checkouts/libxlsxwriter/include -Xcc -I/Users/yutaro/project-profit-ios/artifacts/release-quality/books/DerivedData/Build/Intermediates.noindex/ProjectProfit.build/Debug-iphonesimulator/ProjectProfitTests.build/DerivedSources-normal/arm64 -Xcc -I/Users/yutaro/project-profit-ios/artifacts/release-quality/books/DerivedData/Build/Intermediates.noindex/ProjectProfit.build/Debug-iphonesimulator/ProjectProfitTests.build/DerivedSources/arm64 -Xcc -I/Users/yutaro/project-profit-ios/artifacts/release-quality/books/DerivedData/Build/Intermediates.noindex/ProjectProfit.build/Debug-iphonesimulator/ProjectProfitTests.build/DerivedSources -Xcc -DDEBUG\=1 -emit-objc-header -emit-objc-header-path /Users/yutaro/project-profit-ios/artifacts/release-quality/books/DerivedData/Build/Intermediates.noindex/ProjectProfit.build/Debug-iphonesimulator/ProjectProfitTests.build/Objects-normal/arm64/ProjectProfitTests-Swift.h -working-directory /Users/yutaro/project-profit-ios -experimental-emit-module-separately -disable-cmo

Ld /Users/yutaro/project-profit-ios/artifacts/release-quality/books/DerivedData/Build/Products/Debug-iphonesimulator/ProjectProfit.app/PlugIns/ProjectProfitTests.xctest/ProjectProfitTests normal (in target 'ProjectProfitTests' from project 'ProjectProfit')
    cd /Users/yutaro/project-profit-ios
    /Applications/Xcode-26.3.app/Contents/Developer/Toolchains/XcodeDefault.xctoolchain/usr/bin/clang -Xlinker -reproducible -target arm64-apple-ios17.0-simulator -bundle -isysroot /Applications/Xcode-26.3.app/Contents/Developer/Platforms/iPhoneSimulator.platform/Developer/SDKs/iPhoneSimulator26.2.sdk -O0 -L/Users/yutaro/project-profit-ios/artifacts/release-quality/books/DerivedData/Build/Intermediates.noindex/EagerLinkingTBDs/Debug-iphonesimulator -L/Users/yutaro/project-profit-ios/artifacts/release-quality/books/DerivedData/Build/Products/Debug-iphonesimulator -L/Applications/Xcode-26.3.app/Contents/Developer/Platforms/iPhoneSimulator.platform/Developer/usr/lib -F/Users/yutaro/project-profit-ios/artifacts/release-quality/books/DerivedData/Build/Intermediates.noindex/EagerLinkingTBDs/Debug-iphonesimulator -F/Users/yutaro/project-profit-ios/artifacts/release-quality/books/DerivedData/Build/Products/Debug-iphonesimulator/PackageFrameworks -F/Users/yutaro/project-profit-ios/artifacts/release-quality/books/DerivedData/Build/Products/Debug-iphonesimulator -iframework /Applications/Xcode-26.3.app/Contents/Developer/Platforms/iPhoneSimulator.platform/Developer/Library/Frameworks -iframework /Applications/Xcode-26.3.app/Contents/Developer/Platforms/iPhoneSimulator.platform/Developer/SDKs/iPhoneSimulator26.2.sdk/Developer/Library/Frameworks -filelist /Users/yutaro/project-profit-ios/artifacts/release-quality/books/DerivedData/Build/Intermediates.noindex/ProjectProfit.build/Debug-iphonesimulator/ProjectProfitTests.build/Objects-normal/arm64/ProjectProfitTests.LinkFileList -Xlinker -rpath -Xlinker /usr/lib/swift -Xlinker -rpath -Xlinker /Users/yutaro/project-profit-ios/artifacts/release-quality/books/DerivedData/Build/Products/Debug-iphonesimulator/PackageFrameworks -Xlinker -rpath -Xlinker @loader_path/Frameworks -Xlinker -rpath -Xlinker @executable_path/Frameworks -dead_strip -bundle_loader /Users/yutaro/project-profit-ios/artifacts/release-quality/books/DerivedData/Build/Products/Debug-iphonesimulator/ProjectProfit.app/ProjectProfit -Xlinker -object_path_lto -Xlinker /Users/yutaro/project-profit-ios/artifacts/release-quality/books/DerivedData/Build/Intermediates.noindex/ProjectProfit.build/Debug-iphonesimulator/ProjectProfitTests.build/Objects-normal/arm64/ProjectProfitTests_lto.o -rdynamic -Xlinker -no_deduplicate -Xlinker -objc_abi_version -Xlinker 2 -Xlinker -debug_variant -Xlinker -dependency_info -Xlinker /Users/yutaro/project-profit-ios/artifacts/release-quality/books/DerivedData/Build/Intermediates.noindex/ProjectProfit.build/Debug-iphonesimulator/ProjectProfitTests.build/Objects-normal/arm64/ProjectProfitTests_dependency_info.dat -fobjc-link-runtime -fprofile-instr-generate -L/Applications/Xcode-26.3.app/Contents/Developer/Toolchains/XcodeDefault.xctoolchain/usr/lib/swift/iphonesimulator -L/usr/lib/swift -Xlinker -add_ast_path -Xlinker /Users/yutaro/project-profit-ios/artifacts/release-quality/books/DerivedData/Build/Intermediates.noindex/ProjectProfit.build/Debug-iphonesimulator/ProjectProfitTests.build/Objects-normal/arm64/ProjectProfitTests.swiftmodule @/Users/yutaro/project-profit-ios/artifacts/release-quality/books/DerivedData/Build/Intermediates.noindex/ProjectProfit.build/Debug-iphonesimulator/ProjectProfitTests.build/Objects-normal/arm64/ProjectProfitTests-linker-args.resp -Wl,-no_warn_duplicate_libraries -lz -Xlinker -needed_framework -Xlinker XCTest -framework XCTest -Xlinker -needed-lXCTestSwiftSupport -lXCTestSwiftSupport /Users/yutaro/project-profit-ios/artifacts/release-quality/books/DerivedData/Build/Products/Debug-iphonesimulator/ProjectProfit.app/ProjectProfit.debug.dylib -Xlinker -no_adhoc_codesign -o /Users/yutaro/project-profit-ios/artifacts/release-quality/books/DerivedData/Build/Products/Debug-iphonesimulator/ProjectProfit.app/PlugIns/ProjectProfitTests.xctest/ProjectProfitTests

CopySwiftLibs /Users/yutaro/project-profit-ios/artifacts/release-quality/books/DerivedData/Build/Products/Debug-iphonesimulator/ProjectProfit.app/PlugIns/ProjectProfitTests.xctest (in target 'ProjectProfitTests' from project 'ProjectProfit')
    cd /Users/yutaro/project-profit-ios
    builtin-swiftStdLibTool --copy --verbose --sign - --scan-executable /Users/yutaro/project-profit-ios/artifacts/release-quality/books/DerivedData/Build/Products/Debug-iphonesimulator/ProjectProfit.app/PlugIns/ProjectProfitTests.xctest/ProjectProfitTests --scan-folder /Users/yutaro/project-profit-ios/artifacts/release-quality/books/DerivedData/Build/Products/Debug-iphonesimulator/ProjectProfit.app/PlugIns/ProjectProfitTests.xctest/Frameworks --scan-folder /Users/yutaro/project-profit-ios/artifacts/release-quality/books/DerivedData/Build/Products/Debug-iphonesimulator/ProjectProfit.app/PlugIns/ProjectProfitTests.xctest/PlugIns --scan-folder /Users/yutaro/project-profit-ios/artifacts/release-quality/books/DerivedData/Build/Products/Debug-iphonesimulator/ProjectProfit.app/PlugIns/ProjectProfitTests.xctest/SystemExtensions --scan-folder /Users/yutaro/project-profit-ios/artifacts/release-quality/books/DerivedData/Build/Products/Debug-iphonesimulator/ProjectProfit.app/PlugIns/ProjectProfitTests.xctest/Extensions --platform iphonesimulator --toolchain /Applications/Xcode-26.3.app/Contents/Developer/Toolchains/XcodeDefault.xctoolchain --destination /Users/yutaro/project-profit-ios/artifacts/release-quality/books/DerivedData/Build/Products/Debug-iphonesimulator/ProjectProfit.app/PlugIns/ProjectProfitTests.xctest/Frameworks --strip-bitcode --scan-executable /Applications/Xcode-26.3.app/Contents/Developer/Platforms/iPhoneSimulator.platform/Developer/usr/lib/libXCTestSwiftSupport.dylib --strip-bitcode-tool /Applications/Xcode-26.3.app/Contents/Developer/Toolchains/XcodeDefault.xctoolchain/usr/bin/bitcode_strip --emit-dependency-info /Users/yutaro/project-profit-ios/artifacts/release-quality/books/DerivedData/Build/Intermediates.noindex/ProjectProfit.build/Debug-iphonesimulator/ProjectProfitTests.build/SwiftStdLibToolInputDependencies.dep --filter-for-swift-os

ExtractAppIntentsMetadata (in target 'ProjectProfitTests' from project 'ProjectProfit')
    cd /Users/yutaro/project-profit-ios
    /Applications/Xcode-26.3.app/Contents/Developer/Toolchains/XcodeDefault.xctoolchain/usr/bin/appintentsmetadataprocessor --toolchain-dir /Applications/Xcode-26.3.app/Contents/Developer/Toolchains/XcodeDefault.xctoolchain --module-name ProjectProfitTests --sdk-root /Applications/Xcode-26.3.app/Contents/Developer/Platforms/iPhoneSimulator.platform/Developer/SDKs/iPhoneSimulator26.2.sdk --xcode-version 17C519 --platform-family iOS --deployment-target 17.0 --bundle-identifier com.projectprofit.ProjectProfitTests --output /Users/yutaro/project-profit-ios/artifacts/release-quality/books/DerivedData/Build/Products/Debug-iphonesimulator/ProjectProfit.app/PlugIns/ProjectProfitTests.xctest --target-triple arm64-apple-ios17.0-simulator --binary-file /Users/yutaro/project-profit-ios/artifacts/release-quality/books/DerivedData/Build/Products/Debug-iphonesimulator/ProjectProfit.app/PlugIns/ProjectProfitTests.xctest/ProjectProfitTests --dependency-file /Users/yutaro/project-profit-ios/artifacts/release-quality/books/DerivedData/Build/Intermediates.noindex/ProjectProfit.build/Debug-iphonesimulator/ProjectProfitTests.build/Objects-normal/arm64/ProjectProfitTests_dependency_info.dat --stringsdata-file /Users/yutaro/project-profit-ios/artifacts/release-quality/books/DerivedData/Build/Intermediates.noindex/ProjectProfit.build/Debug-iphonesimulator/ProjectProfitTests.build/Objects-normal/arm64/ExtractedAppShortcutsMetadata.stringsdata --source-file-list /Users/yutaro/project-profit-ios/artifacts/release-quality/books/DerivedData/Build/Intermediates.noindex/ProjectProfit.build/Debug-iphonesimulator/ProjectProfitTests.build/Objects-normal/arm64/ProjectProfitTests.SwiftFileList --metadata-file-list /Users/yutaro/project-profit-ios/artifacts/release-quality/books/DerivedData/Build/Intermediates.noindex/ProjectProfit.build/Debug-iphonesimulator/ProjectProfitTests.build/ProjectProfitTests.DependencyMetadataFileList --static-metadata-file-list /Users/yutaro/project-profit-ios/artifacts/release-quality/books/DerivedData/Build/Intermediates.noindex/ProjectProfit.build/Debug-iphonesimulator/ProjectProfitTests.build/ProjectProfitTests.DependencyStaticMetadataFileList --swift-const-vals-list /Users/yutaro/project-profit-ios/artifacts/release-quality/books/DerivedData/Build/Intermediates.noindex/ProjectProfit.build/Debug-iphonesimulator/ProjectProfitTests.build/Objects-normal/arm64/ProjectProfitTests.SwiftConstValuesFileList --compile-time-extraction --deployment-aware-processing --validate-assistant-intents --no-app-shortcuts-localization
2026-04-07 12:37:42.540 appintentsmetadataprocessor[81307:2106295] Starting appintentsmetadataprocessor export
2026-04-07 12:37:42.545 appintentsmetadataprocessor[81307:2106295] warning: Metadata extraction skipped. No AppIntents.framework dependency found.

AppIntentsSSUTraining (in target 'ProjectProfitTests' from project 'ProjectProfit')
    cd /Users/yutaro/project-profit-ios
    /Applications/Xcode-26.3.app/Contents/Developer/Toolchains/XcodeDefault.xctoolchain/usr/bin/appintentsnltrainingprocessor --infoplist-path /Users/yutaro/project-profit-ios/artifacts/release-quality/books/DerivedData/Build/Products/Debug-iphonesimulator/ProjectProfit.app/PlugIns/ProjectProfitTests.xctest/Info.plist --temp-dir-path /Users/yutaro/project-profit-ios/artifacts/release-quality/books/DerivedData/Build/Intermediates.noindex/ProjectProfit.build/Debug-iphonesimulator/ProjectProfitTests.build/ssu --bundle-id com.projectprofit.ProjectProfitTests --product-path /Users/yutaro/project-profit-ios/artifacts/release-quality/books/DerivedData/Build/Products/Debug-iphonesimulator/ProjectProfit.app/PlugIns/ProjectProfitTests.xctest --extracted-metadata-path /Users/yutaro/project-profit-ios/artifacts/release-quality/books/DerivedData/Build/Products/Debug-iphonesimulator/ProjectProfit.app/PlugIns/ProjectProfitTests.xctest/Metadata.appintents --metadata-file-list /Users/yutaro/project-profit-ios/artifacts/release-quality/books/DerivedData/Build/Intermediates.noindex/ProjectProfit.build/Debug-iphonesimulator/ProjectProfitTests.build/ProjectProfitTests.DependencyMetadataFileList --archive-ssu-assets
2026-04-07 12:37:42.592 appintentsnltrainingprocessor[81308:2106296] Parsing options for appintentsnltrainingprocessor
2026-04-07 12:37:42.594 appintentsnltrainingprocessor[81308:2106296] No AppShortcuts found - Skipping.

CodeSign /Users/yutaro/project-profit-ios/artifacts/release-quality/books/DerivedData/Build/Products/Debug-iphonesimulator/ProjectProfit.app/PlugIns/ProjectProfitTests.xctest (in target 'ProjectProfitTests' from project 'ProjectProfit')
    cd /Users/yutaro/project-profit-ios
    
    Signing Identity:     "Sign to Run Locally"
    
    /usr/bin/codesign --force --sign - --timestamp\=none --generate-entitlement-der /Users/yutaro/project-profit-ios/artifacts/release-quality/books/DerivedData/Build/Products/Debug-iphonesimulator/ProjectProfit.app/PlugIns/ProjectProfitTests.xctest

CodeSign /Users/yutaro/project-profit-ios/artifacts/release-quality/books/DerivedData/Build/Products/Debug-iphonesimulator/ProjectProfit.app/ProjectProfit.debug.dylib (in target 'ProjectProfit' from project 'ProjectProfit')
    cd /Users/yutaro/project-profit-ios
    
    Signing Identity:     "Sign to Run Locally"
    
    /usr/bin/codesign --force --sign - --timestamp\=none --generate-entitlement-der /Users/yutaro/project-profit-ios/artifacts/release-quality/books/DerivedData/Build/Products/Debug-iphonesimulator/ProjectProfit.app/ProjectProfit.debug.dylib

CodeSign /Users/yutaro/project-profit-ios/artifacts/release-quality/books/DerivedData/Build/Products/Debug-iphonesimulator/ProjectProfit.app/__preview.dylib (in target 'ProjectProfit' from project 'ProjectProfit')
    cd /Users/yutaro/project-profit-ios
    
    Signing Identity:     "Sign to Run Locally"
    
    /usr/bin/codesign --force --sign - --timestamp\=none --generate-entitlement-der /Users/yutaro/project-profit-ios/artifacts/release-quality/books/DerivedData/Build/Products/Debug-iphonesimulator/ProjectProfit.app/__preview.dylib

CodeSign /Users/yutaro/project-profit-ios/artifacts/release-quality/books/DerivedData/Build/Products/Debug-iphonesimulator/ProjectProfit.app (in target 'ProjectProfit' from project 'ProjectProfit')
    cd /Users/yutaro/project-profit-ios
    
    Signing Identity:     "Sign to Run Locally"
    
    /usr/bin/codesign --force --sign - --entitlements /Users/yutaro/project-profit-ios/artifacts/release-quality/books/DerivedData/Build/Intermediates.noindex/ProjectProfit.build/Debug-iphonesimulator/ProjectProfit.build/ProjectProfit.app.xcent --timestamp\=none --generate-entitlement-der /Users/yutaro/project-profit-ios/artifacts/release-quality/books/DerivedData/Build/Products/Debug-iphonesimulator/ProjectProfit.app

Validate /Users/yutaro/project-profit-ios/artifacts/release-quality/books/DerivedData/Build/Products/Debug-iphonesimulator/ProjectProfit.app (in target 'ProjectProfit' from project 'ProjectProfit')
    cd /Users/yutaro/project-profit-ios
    builtin-validationUtility /Users/yutaro/project-profit-ios/artifacts/release-quality/books/DerivedData/Build/Products/Debug-iphonesimulator/ProjectProfit.app -shallow-bundle -infoplist-subpath Info.plist

ValidateEmbeddedBinary /Users/yutaro/project-profit-ios/artifacts/release-quality/books/DerivedData/Build/Products/Debug-iphonesimulator/ProjectProfit.app/PlugIns/ProjectProfitShareExtension.appex (in target 'ProjectProfit' from project 'ProjectProfit')
    cd /Users/yutaro/project-profit-ios
    /Applications/Xcode-26.3.app/Contents/Developer/usr/bin/embeddedBinaryValidationUtility /Users/yutaro/project-profit-ios/artifacts/release-quality/books/DerivedData/Build/Products/Debug-iphonesimulator/ProjectProfit.app/PlugIns/ProjectProfitShareExtension.appex -signing-cert - -info-plist-path /Users/yutaro/project-profit-ios/artifacts/release-quality/books/DerivedData/Build/Products/Debug-iphonesimulator/ProjectProfit.app/Info.plist

ProcessInfoPlistFile /Users/yutaro/project-profit-ios/artifacts/release-quality/books/DerivedData/Build/Products/Debug-iphonesimulator/ProjectProfitUITests-Runner.app/PlugIns/ProjectProfitUITests.xctest/Info.plist /Users/yutaro/project-profit-ios/artifacts/release-quality/books/DerivedData/Build/Intermediates.noindex/ProjectProfit.build/Debug-iphonesimulator/ProjectProfitUITests.build/empty-ProjectProfitUITests.plist (in target 'ProjectProfitUITests' from project 'ProjectProfit')
    cd /Users/yutaro/project-profit-ios
    builtin-infoPlistUtility /Users/yutaro/project-profit-ios/artifacts/release-quality/books/DerivedData/Build/Intermediates.noindex/ProjectProfit.build/Debug-iphonesimulator/ProjectProfitUITests.build/empty-ProjectProfitUITests.plist -producttype com.apple.product-type.bundle.ui-testing -expandbuildsettings -format binary -platform iphonesimulator -additionalcontentfile /Users/yutaro/project-profit-ios/artifacts/release-quality/books/DerivedData/Build/Intermediates.noindex/ProjectProfit.build/Debug-iphonesimulator/ProjectProfitUITests.build/ProductTypeInfoPlistAdditions.plist -o /Users/yutaro/project-profit-ios/artifacts/release-quality/books/DerivedData/Build/Products/Debug-iphonesimulator/ProjectProfitUITests-Runner.app/PlugIns/ProjectProfitUITests.xctest/Info.plist

Ld /Users/yutaro/project-profit-ios/artifacts/release-quality/books/DerivedData/Build/Products/Debug-iphonesimulator/ProjectProfitUITests-Runner.app/PlugIns/ProjectProfitUITests.xctest/ProjectProfitUITests normal (in target 'ProjectProfitUITests' from project 'ProjectProfit')
    cd /Users/yutaro/project-profit-ios
    /Applications/Xcode-26.3.app/Contents/Developer/Toolchains/XcodeDefault.xctoolchain/usr/bin/clang -Xlinker -reproducible -target arm64-apple-ios17.0-simulator -bundle -isysroot /Applications/Xcode-26.3.app/Contents/Developer/Platforms/iPhoneSimulator.platform/Developer/SDKs/iPhoneSimulator26.2.sdk -O0 -L/Users/yutaro/project-profit-ios/artifacts/release-quality/books/DerivedData/Build/Intermediates.noindex/EagerLinkingTBDs/Debug-iphonesimulator -L/Users/yutaro/project-profit-ios/artifacts/release-quality/books/DerivedData/Build/Products/Debug-iphonesimulator -L/Applications/Xcode-26.3.app/Contents/Developer/Platforms/iPhoneSimulator.platform/Developer/usr/lib -F/Users/yutaro/project-profit-ios/artifacts/release-quality/books/DerivedData/Build/Intermediates.noindex/EagerLinkingTBDs/Debug-iphonesimulator -F/Users/yutaro/project-profit-ios/artifacts/release-quality/books/DerivedData/Build/Products/Debug-iphonesimulator -iframework /Applications/Xcode-26.3.app/Contents/Developer/Platforms/iPhoneSimulator.platform/Developer/Library/Frameworks -iframework /Applications/Xcode-26.3.app/Contents/Developer/Platforms/iPhoneSimulator.platform/Developer/SDKs/iPhoneSimulator26.2.sdk/Developer/Library/Frameworks -filelist /Users/yutaro/project-profit-ios/artifacts/release-quality/books/DerivedData/Build/Intermediates.noindex/ProjectProfit.build/Debug-iphonesimulator/ProjectProfitUITests.build/Objects-normal/arm64/ProjectProfitUITests.LinkFileList -Xlinker -rpath -Xlinker /usr/lib/swift -Xlinker -rpath -Xlinker @loader_path/Frameworks -Xlinker -rpath -Xlinker @executable_path/Frameworks -dead_strip -Xlinker -object_path_lto -Xlinker /Users/yutaro/project-profit-ios/artifacts/release-quality/books/DerivedData/Build/Intermediates.noindex/ProjectProfit.build/Debug-iphonesimulator/ProjectProfitUITests.build/Objects-normal/arm64/ProjectProfitUITests_lto.o -rdynamic -Xlinker -no_deduplicate -Xlinker -objc_abi_version -Xlinker 2 -Xlinker -debug_variant -Xlinker -dependency_info -Xlinker /Users/yutaro/project-profit-ios/artifacts/release-quality/books/DerivedData/Build/Intermediates.noindex/ProjectProfit.build/Debug-iphonesimulator/ProjectProfitUITests.build/Objects-normal/arm64/ProjectProfitUITests_dependency_info.dat -fobjc-link-runtime -fprofile-instr-generate -L/Applications/Xcode-26.3.app/Contents/Developer/Toolchains/XcodeDefault.xctoolchain/usr/lib/swift/iphonesimulator -L/usr/lib/swift -Xlinker -add_ast_path -Xlinker /Users/yutaro/project-profit-ios/artifacts/release-quality/books/DerivedData/Build/Intermediates.noindex/ProjectProfit.build/Debug-iphonesimulator/ProjectProfitUITests.build/Objects-normal/arm64/ProjectProfitUITests.swiftmodule @/Users/yutaro/project-profit-ios/artifacts/release-quality/books/DerivedData/Build/Intermediates.noindex/ProjectProfit.build/Debug-iphonesimulator/ProjectProfitUITests.build/Objects-normal/arm64/ProjectProfitUITests-linker-args.resp -Xlinker -needed_framework -Xlinker XCTest -framework XCTest -Xlinker -needed-lXCTestSwiftSupport -lXCTestSwiftSupport -Xlinker -sectcreate -Xlinker __TEXT -Xlinker __entitlements -Xlinker /Users/yutaro/project-profit-ios/artifacts/release-quality/books/DerivedData/Build/Intermediates.noindex/ProjectProfit.build/Debug-iphonesimulator/ProjectProfitUITests.build/ProjectProfitUITests.xctest-Simulated.xcent -Xlinker -sectcreate -Xlinker __TEXT -Xlinker __ents_der -Xlinker /Users/yutaro/project-profit-ios/artifacts/release-quality/books/DerivedData/Build/Intermediates.noindex/ProjectProfit.build/Debug-iphonesimulator/ProjectProfitUITests.build/ProjectProfitUITests.xctest-Simulated.xcent.der -Xlinker -no_adhoc_codesign -o /Users/yutaro/project-profit-ios/artifacts/release-quality/books/DerivedData/Build/Products/Debug-iphonesimulator/ProjectProfitUITests-Runner.app/PlugIns/ProjectProfitUITests.xctest/ProjectProfitUITests

ExtractAppIntentsMetadata (in target 'ProjectProfitUITests' from project 'ProjectProfit')
    cd /Users/yutaro/project-profit-ios
    /Applications/Xcode-26.3.app/Contents/Developer/Toolchains/XcodeDefault.xctoolchain/usr/bin/appintentsmetadataprocessor --toolchain-dir /Applications/Xcode-26.3.app/Contents/Developer/Toolchains/XcodeDefault.xctoolchain --module-name ProjectProfitUITests --sdk-root /Applications/Xcode-26.3.app/Contents/Developer/Platforms/iPhoneSimulator.platform/Developer/SDKs/iPhoneSimulator26.2.sdk --xcode-version 17C519 --platform-family iOS --deployment-target 17.0 --bundle-identifier com.projectprofit.ProjectProfitUITests --output /Users/yutaro/project-profit-ios/artifacts/release-quality/books/DerivedData/Build/Products/Debug-iphonesimulator/ProjectProfitUITests-Runner.app/PlugIns/ProjectProfitUITests.xctest --target-triple arm64-apple-ios17.0-simulator --binary-file /Users/yutaro/project-profit-ios/artifacts/release-quality/books/DerivedData/Build/Products/Debug-iphonesimulator/ProjectProfitUITests-Runner.app/PlugIns/ProjectProfitUITests.xctest/ProjectProfitUITests --dependency-file /Users/yutaro/project-profit-ios/artifacts/release-quality/books/DerivedData/Build/Intermediates.noindex/ProjectProfit.build/Debug-iphonesimulator/ProjectProfitUITests.build/Objects-normal/arm64/ProjectProfitUITests_dependency_info.dat --stringsdata-file /Users/yutaro/project-profit-ios/artifacts/release-quality/books/DerivedData/Build/Intermediates.noindex/ProjectProfit.build/Debug-iphonesimulator/ProjectProfitUITests.build/Objects-normal/arm64/ExtractedAppShortcutsMetadata.stringsdata --source-file-list /Users/yutaro/project-profit-ios/artifacts/release-quality/books/DerivedData/Build/Intermediates.noindex/ProjectProfit.build/Debug-iphonesimulator/ProjectProfitUITests.build/Objects-normal/arm64/ProjectProfitUITests.SwiftFileList --metadata-file-list /Users/yutaro/project-profit-ios/artifacts/release-quality/books/DerivedData/Build/Intermediates.noindex/ProjectProfit.build/Debug-iphonesimulator/ProjectProfitUITests.build/ProjectProfitUITests.DependencyMetadataFileList --static-metadata-file-list /Users/yutaro/project-profit-ios/artifacts/release-quality/books/DerivedData/Build/Intermediates.noindex/ProjectProfit.build/Debug-iphonesimulator/ProjectProfitUITests.build/ProjectProfitUITests.DependencyStaticMetadataFileList --swift-const-vals-list /Users/yutaro/project-profit-ios/artifacts/release-quality/books/DerivedData/Build/Intermediates.noindex/ProjectProfit.build/Debug-iphonesimulator/ProjectProfitUITests.build/Objects-normal/arm64/ProjectProfitUITests.SwiftConstValuesFileList --compile-time-extraction --deployment-aware-processing --validate-assistant-intents --no-app-shortcuts-localization
2026-04-07 12:37:44.733 appintentsmetadataprocessor[81317:2106355] Starting appintentsmetadataprocessor export
2026-04-07 12:37:44.736 appintentsmetadataprocessor[81317:2106355] warning: Metadata extraction skipped. No AppIntents.framework dependency found.

CopySwiftLibs /Users/yutaro/project-profit-ios/artifacts/release-quality/books/DerivedData/Build/Products/Debug-iphonesimulator/ProjectProfitUITests-Runner.app/PlugIns/ProjectProfitUITests.xctest (in target 'ProjectProfitUITests' from project 'ProjectProfit')
    cd /Users/yutaro/project-profit-ios
    builtin-swiftStdLibTool --copy --verbose --sign - --scan-executable /Users/yutaro/project-profit-ios/artifacts/release-quality/books/DerivedData/Build/Products/Debug-iphonesimulator/ProjectProfitUITests-Runner.app/PlugIns/ProjectProfitUITests.xctest/ProjectProfitUITests --scan-folder /Users/yutaro/project-profit-ios/artifacts/release-quality/books/DerivedData/Build/Products/Debug-iphonesimulator/ProjectProfitUITests-Runner.app/PlugIns/ProjectProfitUITests.xctest/Frameworks --scan-folder /Users/yutaro/project-profit-ios/artifacts/release-quality/books/DerivedData/Build/Products/Debug-iphonesimulator/ProjectProfitUITests-Runner.app/PlugIns/ProjectProfitUITests.xctest/PlugIns --scan-folder /Users/yutaro/project-profit-ios/artifacts/release-quality/books/DerivedData/Build/Products/Debug-iphonesimulator/ProjectProfitUITests-Runner.app/PlugIns/ProjectProfitUITests.xctest/SystemExtensions --scan-folder /Users/yutaro/project-profit-ios/artifacts/release-quality/books/DerivedData/Build/Products/Debug-iphonesimulator/ProjectProfitUITests-Runner.app/PlugIns/ProjectProfitUITests.xctest/Extensions --platform iphonesimulator --toolchain /Applications/Xcode-26.3.app/Contents/Developer/Toolchains/XcodeDefault.xctoolchain --destination /Users/yutaro/project-profit-ios/artifacts/release-quality/books/DerivedData/Build/Products/Debug-iphonesimulator/ProjectProfitUITests-Runner.app/PlugIns/ProjectProfitUITests.xctest/Frameworks --strip-bitcode --scan-executable /Applications/Xcode-26.3.app/Contents/Developer/Platforms/iPhoneSimulator.platform/Developer/usr/lib/libXCTestSwiftSupport.dylib --strip-bitcode-tool /Applications/Xcode-26.3.app/Contents/Developer/Toolchains/XcodeDefault.xctoolchain/usr/bin/bitcode_strip --emit-dependency-info /Users/yutaro/project-profit-ios/artifacts/release-quality/books/DerivedData/Build/Intermediates.noindex/ProjectProfit.build/Debug-iphonesimulator/ProjectProfitUITests.build/SwiftStdLibToolInputDependencies.dep --filter-for-swift-os

AppIntentsSSUTraining (in target 'ProjectProfitUITests' from project 'ProjectProfit')
    cd /Users/yutaro/project-profit-ios
    /Applications/Xcode-26.3.app/Contents/Developer/Toolchains/XcodeDefault.xctoolchain/usr/bin/appintentsnltrainingprocessor --infoplist-path /Users/yutaro/project-profit-ios/artifacts/release-quality/books/DerivedData/Build/Products/Debug-iphonesimulator/ProjectProfitUITests-Runner.app/PlugIns/ProjectProfitUITests.xctest/Info.plist --temp-dir-path /Users/yutaro/project-profit-ios/artifacts/release-quality/books/DerivedData/Build/Intermediates.noindex/ProjectProfit.build/Debug-iphonesimulator/ProjectProfitUITests.build/ssu --bundle-id com.projectprofit.ProjectProfitUITests --product-path /Users/yutaro/project-profit-ios/artifacts/release-quality/books/DerivedData/Build/Products/Debug-iphonesimulator/ProjectProfitUITests-Runner.app/PlugIns/ProjectProfitUITests.xctest --extracted-metadata-path /Users/yutaro/project-profit-ios/artifacts/release-quality/books/DerivedData/Build/Products/Debug-iphonesimulator/ProjectProfitUITests-Runner.app/PlugIns/ProjectProfitUITests.xctest/Metadata.appintents --metadata-file-list /Users/yutaro/project-profit-ios/artifacts/release-quality/books/DerivedData/Build/Intermediates.noindex/ProjectProfit.build/Debug-iphonesimulator/ProjectProfitUITests.build/ProjectProfitUITests.DependencyMetadataFileList --archive-ssu-assets
2026-04-07 12:37:44.782 appintentsnltrainingprocessor[81318:2106356] Parsing options for appintentsnltrainingprocessor
2026-04-07 12:37:44.794 appintentsnltrainingprocessor[81318:2106356] No AppShortcuts found - Skipping.

CopyPlistFile /Users/yutaro/project-profit-ios/artifacts/release-quality/books/DerivedData/Build/Products/Debug-iphonesimulator/ProjectProfitUITests-Runner.app/Info.plist /Applications/Xcode-26.3.app/Contents/Developer/Platforms/iPhoneSimulator.platform/Developer/Library/Xcode/Agents/XCTRunner.app/Info.plist (in target 'ProjectProfitUITests' from project 'ProjectProfit')
    cd /Users/yutaro/project-profit-ios
    builtin-copyPlist --validate --convert xml1 --macro-expansion WRAPPEDPRODUCTNAME ProjectProfitUITests-Runner --macro-expansion WRAPPEDPRODUCTBUNDLEIDENTIFIER com.projectprofit.ProjectProfitUITests.xctrunner --macro-expansion TESTPRODUCTNAME ProjectProfitUITests --macro-expansion TESTPRODUCTBUNDLEIDENTIFIER com.projectprofit.ProjectProfitUITests --copy-value UIDeviceFamily /Users/yutaro/project-profit-ios/artifacts/release-quality/books/DerivedData/Build/Products/Debug-iphonesimulator/ProjectProfitUITests-Runner.app/PlugIns/ProjectProfitUITests.xctest/Info.plist --outdir /Users/yutaro/project-profit-ios/artifacts/release-quality/books/DerivedData/Build/Products/Debug-iphonesimulator/ProjectProfitUITests-Runner.app -- /Applications/Xcode-26.3.app/Contents/Developer/Platforms/iPhoneSimulator.platform/Developer/Library/Xcode/Agents/XCTRunner.app/Info.plist

CodeSign /Users/yutaro/project-profit-ios/artifacts/release-quality/books/DerivedData/Build/Products/Debug-iphonesimulator/ProjectProfitUITests-Runner.app/PlugIns/ProjectProfitUITests.xctest (in target 'ProjectProfitUITests' from project 'ProjectProfit')
    cd /Users/yutaro/project-profit-ios
    
    Signing Identity:     "Sign to Run Locally"
    
    /usr/bin/codesign --force --sign - --timestamp\=none --generate-entitlement-der /Users/yutaro/project-profit-ios/artifacts/release-quality/books/DerivedData/Build/Products/Debug-iphonesimulator/ProjectProfitUITests-Runner.app/PlugIns/ProjectProfitUITests.xctest

CodeSign /Users/yutaro/project-profit-ios/artifacts/release-quality/books/DerivedData/Build/Products/Debug-iphonesimulator/ProjectProfitUITests-Runner.app (in target 'ProjectProfitUITests' from project 'ProjectProfit')
    cd /Users/yutaro/project-profit-ios
    
    Signing Identity:     "Sign to Run Locally"
    
    /usr/bin/codesign --force --sign - --timestamp\=none --generate-entitlement-der /Users/yutaro/project-profit-ios/artifacts/release-quality/books/DerivedData/Build/Products/Debug-iphonesimulator/ProjectProfitUITests-Runner.app
/Users/yutaro/project-profit-ios/artifacts/release-quality/books/DerivedData/Build/Products/Debug-iphonesimulator/ProjectProfitUITests-Runner.app: replacing existing signature

2026-04-07 12:39:13.555147+0900 ProjectProfit[81570:2109381] [General] Canonical cutover active: FeatureFlags:
  useCanonicalPosting: true
  useLegacyLedger: false
  useCanonicalEvidence: true
  useCanonicalTaxEngine: true
  useCanonicalProfileOnly: true
Test Suite 'Selected tests' started at 2026-04-07 12:39:18.153.
Test Suite 'ProjectProfitTests.xctest' started at 2026-04-07 12:39:18.154.
Test Suite 'AccountingBootstrapTests' started at 2026-04-07 12:39:18.154.
Test Case '-[ProjectProfitTests.AccountingBootstrapTests testFullBootstrap_AllStepsExecute]' started.
2026-04-07 12:39:18.344694+0900 ProjectProfit[81570:2109381] [AccountingBootstrap] 会計ブートストラップ開始
2026-04-07 12:39:18.351330+0900 ProjectProfit[81570:2109381] [AccountingBootstrap] Step 1: canonical プロファイルのみ作成完了（PPAccountingProfile スキップ）
2026-04-07 12:39:18.354839+0900 ProjectProfit[81570:2109381] [AccountingBootstrap] Step 2: デフォルト勘定科目 35 件作成
2026-04-07 12:39:18.355257+0900 ProjectProfit[81570:2109381] [AccountingBootstrap] Step 3: カテゴリ 14 件にアカウントをリンク
2026-04-07 12:39:18.355562+0900 ProjectProfit[81570:2109381] [AccountingBootstrap] Step 4: トランザクション 1 件のフィールドを補完
2026-04-07 12:39:18.630445+0900 ProjectProfit[81570:2109381] [AccountingBootstrap] Step 7: canonical 仕訳 1 件生成
2026-04-07 12:39:18.631888+0900 ProjectProfit[81570:2109381] [AccountingBootstrap] Step 6: 整合性チェック完了 (問題 0 件)
2026-04-07 12:39:18.654463+0900 ProjectProfit[81570:2109381] [AccountingBootstrap] 会計ブートストラップ完了: accounts=35, categories=14, journals=1
Test Case '-[ProjectProfitTests.AccountingBootstrapTests testFullBootstrap_AllStepsExecute]' passed (0.502 seconds).
Test Case '-[ProjectProfitTests.AccountingBootstrapTests testNeedsBootstrap_WhenNoProfile]' started.
Test Case '-[ProjectProfitTests.AccountingBootstrapTests testNeedsBootstrap_WhenNoProfile]' passed (0.051 seconds).
Test Case '-[ProjectProfitTests.AccountingBootstrapTests testNeedsBootstrap_WhenProfileExists]' started.
Test Case '-[ProjectProfitTests.AccountingBootstrapTests testNeedsBootstrap_WhenProfileExists]' passed (0.041 seconds).
Test Case '-[ProjectProfitTests.AccountingBootstrapTests testStep1_CreatesCanonicalProfile]' started.
2026-04-07 12:39:18.796324+0900 ProjectProfit[81570:2109381] [AccountingBootstrap] 会計ブートストラップ開始
2026-04-07 12:39:18.798434+0900 ProjectProfit[81570:2109381] [AccountingBootstrap] Step 1: canonical プロファイルのみ作成完了（PPAccountingProfile スキップ）
2026-04-07 12:39:18.801144+0900 ProjectProfit[81570:2109381] [AccountingBootstrap] Step 2: デフォルト勘定科目 35 件作成
2026-04-07 12:39:18.801512+0900 ProjectProfit[81570:2109381] [AccountingBootstrap] Step 3: カテゴリ 14 件にアカウントをリンク
2026-04-07 12:39:18.801717+0900 ProjectProfit[81570:2109381] [AccountingBootstrap] Step 4: トランザクション 0 件のフィールドを補完
2026-04-07 12:39:18.806296+0900 ProjectProfit[81570:2109381] [AccountingBootstrap] Step 7: canonical 仕訳 0 件生成
2026-04-07 12:39:18.807319+0900 ProjectProfit[81570:2109381] [AccountingBootstrap] Step 6: 整合性チェック完了 (問題 0 件)
2026-04-07 12:39:18.808172+0900 ProjectProfit[81570:2109381] [AccountingBootstrap] 会計ブートストラップ完了: accounts=35, categories=14, journals=0
Test Case '-[ProjectProfitTests.AccountingBootstrapTests testStep1_CreatesCanonicalProfile]' passed (0.058 seconds).
Test Case '-[ProjectProfitTests.AccountingBootstrapTests testStep2_IdempotentOnSecondRun]' started.
2026-04-07 12:39:18.856947+0900 ProjectProfit[81570:2109381] [AccountingBootstrap] 会計ブートストラップ開始
2026-04-07 12:39:18.858025+0900 ProjectProfit[81570:2109381] [AccountingBootstrap] Step 1: canonical プロファイルのみ作成完了（PPAccountingProfile スキップ）
2026-04-07 12:39:18.859450+0900 ProjectProfit[81570:2109381] [AccountingBootstrap] Step 2: デフォルト勘定科目 35 件作成
2026-04-07 12:39:18.859711+0900 ProjectProfit[81570:2109381] [AccountingBootstrap] Step 3: カテゴリ 14 件にアカウントをリンク
2026-04-07 12:39:18.859812+0900 ProjectProfit[81570:2109381] [AccountingBootstrap] Step 4: トランザクション 0 件のフィールドを補完
2026-04-07 12:39:18.865045+0900 ProjectProfit[81570:2109381] [AccountingBootstrap] Step 7: canonical 仕訳 0 件生成
2026-04-07 12:39:18.865904+0900 ProjectProfit[81570:2109381] [AccountingBootstrap] Step 6: 整合性チェック完了 (問題 0 件)
2026-04-07 12:39:18.866721+0900 ProjectProfit[81570:2109381] [AccountingBootstrap] 会計ブートストラップ完了: accounts=35, categories=14, journals=0
2026-04-07 12:39:18.886662+0900 ProjectProfit[81570:2109381] [AccountingBootstrap] 会計ブートストラップ開始
2026-04-07 12:39:18.890616+0900 ProjectProfit[81570:2109381] [AccountingBootstrap] Step 1: canonical プロファイルのみ作成完了（PPAccountingProfile スキップ）
2026-04-07 12:39:18.894397+0900 ProjectProfit[81570:2109381] [AccountingBootstrap] Step 2: デフォルト勘定科目 0 件作成
2026-04-07 12:39:18.894720+0900 ProjectProfit[81570:2109381] [AccountingBootstrap] Step 3: カテゴリ 0 件にアカウントをリンク
2026-04-07 12:39:18.894963+0900 ProjectProfit[81570:2109381] [AccountingBootstrap] Step 4: トランザクション 0 件のフィールドを補完
2026-04-07 12:39:18.900788+0900 ProjectProfit[81570:2109381] [AccountingBootstrap] Step 7: canonical 仕訳 0 件生成
2026-04-07 12:39:18.917397+0900 ProjectProfit[81570:2109381] [AccountingBootstrap] Step 6: 整合性チェック完了 (問題 0 件)
2026-04-07 12:39:18.918062+0900 ProjectProfit[81570:2109381] [AccountingBootstrap] 会計ブートストラップ完了: accounts=0, categories=0, journals=0
Test Case '-[ProjectProfitTests.AccountingBootstrapTests testStep2_IdempotentOnSecondRun]' passed (0.109 seconds).
Test Case '-[ProjectProfitTests.AccountingBootstrapTests testStep2_SeedsDefaultAccounts]' started.
2026-04-07 12:39:18.963183+0900 ProjectProfit[81570:2109381] [AccountingBootstrap] 会計ブートストラップ開始
2026-04-07 12:39:18.964445+0900 ProjectProfit[81570:2109381] [AccountingBootstrap] Step 1: canonical プロファイルのみ作成完了（PPAccountingProfile スキップ）
2026-04-07 12:39:18.966546+0900 ProjectProfit[81570:2109381] [AccountingBootstrap] Step 2: デフォルト勘定科目 35 件作成
2026-04-07 12:39:18.966896+0900 ProjectProfit[81570:2109381] [AccountingBootstrap] Step 3: カテゴリ 14 件にアカウントをリンク
2026-04-07 12:39:18.967021+0900 ProjectProfit[81570:2109381] [AccountingBootstrap] Step 4: トランザクション 0 件のフィールドを補完
2026-04-07 12:39:18.972069+0900 ProjectProfit[81570:2109381] [AccountingBootstrap] Step 7: canonical 仕訳 0 件生成
2026-04-07 12:39:18.972803+0900 ProjectProfit[81570:2109381] [AccountingBootstrap] Step 6: 整合性チェック完了 (問題 0 件)
2026-04-07 12:39:18.973287+0900 ProjectProfit[81570:2109381] [AccountingBootstrap] 会計ブートストラップ完了: accounts=35, categories=14, journals=0
Test Case '-[ProjectProfitTests.AccountingBootstrapTests testStep2_SeedsDefaultAccounts]' passed (0.056 seconds).
Test Case '-[ProjectProfitTests.AccountingBootstrapTests testStep3_DoesNotOverwriteExistingLink]' started.
2026-04-07 12:39:19.021688+0900 ProjectProfit[81570:2109381] [AccountingBootstrap] 会計ブートストラップ開始
2026-04-07 12:39:19.022698+0900 ProjectProfit[81570:2109381] [AccountingBootstrap] Step 1: canonical プロファイルのみ作成完了（PPAccountingProfile スキップ）
2026-04-07 12:39:19.024826+0900 ProjectProfit[81570:2109381] [AccountingBootstrap] Step 2: デフォルト勘定科目 35 件作成
2026-04-07 12:39:19.025776+0900 ProjectProfit[81570:2109381] [AccountingBootstrap] Step 3: カテゴリ 13 件にアカウントをリンク
2026-04-07 12:39:19.026016+0900 ProjectProfit[81570:2109381] [AccountingBootstrap] Step 4: トランザクション 0 件のフィールドを補完
2026-04-07 12:39:19.032149+0900 ProjectProfit[81570:2109381] [AccountingBootstrap] Step 7: canonical 仕訳 0 件生成
2026-04-07 12:39:19.032969+0900 ProjectProfit[81570:2109381] [AccountingBootstrap] Step 6: 整合性チェック完了 (問題 0 件)
2026-04-07 12:39:19.033545+0900 ProjectProfit[81570:2109381] [AccountingBootstrap] 会計ブートストラップ完了: accounts=35, categories=13, journals=0
Test Case '-[ProjectProfitTests.AccountingBootstrapTests testStep3_DoesNotOverwriteExistingLink]' passed (0.057 seconds).
Test Case '-[ProjectProfitTests.AccountingBootstrapTests testStep3_LinksCategoriesFromMapping]' started.
2026-04-07 12:39:19.084181+0900 ProjectProfit[81570:2109381] [AccountingBootstrap] 会計ブートストラップ開始
2026-04-07 12:39:19.085369+0900 ProjectProfit[81570:2109381] [AccountingBootstrap] Step 1: canonical プロファイルのみ作成完了（PPAccountingProfile スキップ）
2026-04-07 12:39:19.087143+0900 ProjectProfit[81570:2109381] [AccountingBootstrap] Step 2: デフォルト勘定科目 35 件作成
2026-04-07 12:39:19.087433+0900 ProjectProfit[81570:2109381] [AccountingBootstrap] Step 3: カテゴリ 14 件にアカウントをリンク
2026-04-07 12:39:19.087554+0900 ProjectProfit[81570:2109381] [AccountingBootstrap] Step 4: トランザクション 0 件のフィールドを補完
2026-04-07 12:39:19.092542+0900 ProjectProfit[81570:2109381] [AccountingBootstrap] Step 7: canonical 仕訳 0 件生成
2026-04-07 12:39:19.093426+0900 ProjectProfit[81570:2109381] [AccountingBootstrap] Step 6: 整合性チェック完了 (問題 0 件)
2026-04-07 12:39:19.093977+0900 ProjectProfit[81570:2109381] [AccountingBootstrap] 会計ブートストラップ完了: accounts=35, categories=14, journals=0
Test Case '-[ProjectProfitTests.AccountingBootstrapTests testStep3_LinksCategoriesFromMapping]' passed (0.060 seconds).
Test Case '-[ProjectProfitTests.AccountingBootstrapTests testStep4_BackfillsTransactionFields]' started.
2026-04-07 12:39:19.143186+0900 ProjectProfit[81570:2109381] [AccountingBootstrap] 会計ブートストラップ開始
2026-04-07 12:39:19.144161+0900 ProjectProfit[81570:2109381] [AccountingBootstrap] Step 1: canonical プロファイルのみ作成完了（PPAccountingProfile スキップ）
2026-04-07 12:39:19.146246+0900 ProjectProfit[81570:2109381] [AccountingBootstrap] Step 2: デフォルト勘定科目 35 件作成
2026-04-07 12:39:19.146617+0900 ProjectProfit[81570:2109381] [AccountingBootstrap] Step 3: カテゴリ 14 件にアカウントをリンク
2026-04-07 12:39:19.146906+0900 ProjectProfit[81570:2109381] [AccountingBootstrap] Step 4: トランザクション 1 件のフィールドを補完
2026-04-07 12:39:19.206933+0900 ProjectProfit[81570:2109381] [AccountingBootstrap] Step 7: canonical 仕訳 1 件生成
2026-04-07 12:39:19.207854+0900 ProjectProfit[81570:2109381] [AccountingBootstrap] Step 6: 整合性チェック完了 (問題 0 件)
2026-04-07 12:39:19.222250+0900 ProjectProfit[81570:2109381] [AccountingBootstrap] 会計ブートストラップ完了: accounts=35, categories=14, journals=1
Test Case '-[ProjectProfitTests.AccountingBootstrapTests testStep4_BackfillsTransactionFields]' passed (0.128 seconds).
Test Case '-[ProjectProfitTests.AccountingBootstrapTests testStep5_LinksUnmappedToSuspense]' started.
2026-04-07 12:39:19.268469+0900 ProjectProfit[81570:2109381] [AccountingBootstrap] 会計ブートストラップ開始
2026-04-07 12:39:19.269287+0900 ProjectProfit[81570:2109381] [AccountingBootstrap] Step 1: canonical プロファイルのみ作成完了（PPAccountingProfile スキップ）
2026-04-07 12:39:19.271232+0900 ProjectProfit[81570:2109381] [AccountingBootstrap] Step 2: デフォルト勘定科目 35 件作成
2026-04-07 12:39:19.271577+0900 ProjectProfit[81570:2109381] [AccountingBootstrap] Step 3: カテゴリ 14 件にアカウントをリンク
2026-04-07 12:39:19.271693+0900 ProjectProfit[81570:2109381] [AccountingBootstrap] Step 4: トランザクション 0 件のフィールドを補完
2026-04-07 12:39:19.271832+0900 ProjectProfit[81570:2109381] [AccountingBootstrap] Step 5: 未マッピングカテゴリ 1 件を仮勘定にリンク
2026-04-07 12:39:19.277590+0900 ProjectProfit[81570:2109381] [AccountingBootstrap] Step 7: canonical 仕訳 0 件生成
2026-04-07 12:39:19.278475+0900 ProjectProfit[81570:2109381] [AccountingBootstrap] Step 6: 整合性チェック完了 (問題 0 件)
2026-04-07 12:39:19.291174+0900 ProjectProfit[81570:2109381] [AccountingBootstrap] 会計ブートストラップ完了: accounts=35, categories=14, journals=0
Test Case '-[ProjectProfitTests.AccountingBootstrapTests testStep5_LinksUnmappedToSuspense]' passed (0.068 seconds).
Test Case '-[ProjectProfitTests.AccountingBootstrapTests testStep7_GeneratesCanonicalJournalEntries]' started.
2026-04-07 12:39:19.338694+0900 ProjectProfit[81570:2109381] [AccountingBootstrap] 会計ブートストラップ開始
2026-04-07 12:39:19.340107+0900 ProjectProfit[81570:2109381] [AccountingBootstrap] Step 1: canonical プロファイルのみ作成完了（PPAccountingProfile スキップ）
2026-04-07 12:39:19.341876+0900 ProjectProfit[81570:2109381] [AccountingBootstrap] Step 2: デフォルト勘定科目 35 件作成
2026-04-07 12:39:19.342218+0900 ProjectProfit[81570:2109381] [AccountingBootstrap] Step 3: カテゴリ 14 件にアカウントをリンク
2026-04-07 12:39:19.342825+0900 ProjectProfit[81570:2109381] [AccountingBootstrap] Step 4: トランザクション 2 件のフィールドを補完
2026-04-07 12:39:19.459185+0900 ProjectProfit[81570:2109381] [AccountingBootstrap] Step 7: canonical 仕訳 2 件生成
2026-04-07 12:39:19.459895+0900 ProjectProfit[81570:2109381] [AccountingBootstrap] Step 6: 整合性チェック完了 (問題 0 件)
2026-04-07 12:39:19.473840+0900 ProjectProfit[81570:2109381] [AccountingBootstrap] 会計ブートストラップ完了: accounts=35, categories=14, journals=2
Test Case '-[ProjectProfitTests.AccountingBootstrapTests testStep7_GeneratesCanonicalJournalEntries]' passed (0.189 seconds).
Test Case '-[ProjectProfitTests.AccountingBootstrapTests testStep7_SkipsAlreadyLinkedTransactions]' started.
2026-04-07 12:39:19.534580+0900 ProjectProfit[81570:2109381] [AccountingBootstrap] 会計ブートストラップ開始
2026-04-07 12:39:19.535661+0900 ProjectProfit[81570:2109381] [AccountingBootstrap] Step 1: canonical プロファイルのみ作成完了（PPAccountingProfile スキップ）
2026-04-07 12:39:19.537459+0900 ProjectProfit[81570:2109381] [AccountingBootstrap] Step 2: デフォルト勘定科目 35 件作成
2026-04-07 12:39:19.537756+0900 ProjectProfit[81570:2109381] [AccountingBootstrap] Step 3: カテゴリ 14 件にアカウントをリンク
2026-04-07 12:39:19.537914+0900 ProjectProfit[81570:2109381] [AccountingBootstrap] Step 4: トランザクション 1 件のフィールドを補完
2026-04-07 12:39:19.543842+0900 ProjectProfit[81570:2109381] [AccountingBootstrap] Step 7: canonical 仕訳 0 件生成
2026-04-07 12:39:19.544753+0900 ProjectProfit[81570:2109381] [AccountingBootstrap] Step 6: 整合性チェック完了 (問題 0 件)
2026-04-07 12:39:19.553382+0900 ProjectProfit[81570:2109381] [AccountingBootstrap] 会計ブートストラップ完了: accounts=35, categories=14, journals=0
Test Case '-[ProjectProfitTests.AccountingBootstrapTests testStep7_SkipsAlreadyLinkedTransactions]' passed (0.071 seconds).
Test Suite 'AccountingBootstrapTests' passed at 2026-04-07 12:39:19.556.
	 Executed 12 tests, with 0 failures (0 unexpected) in 1.390 (1.402) seconds
Test Suite 'AccountingEngineTests' started at 2026-04-07 12:39:19.557.
Test Case '-[ProjectProfitTests.AccountingEngineTests testDeleteJournalEntry]' started.
Test Case '-[ProjectProfitTests.AccountingEngineTests testDeleteJournalEntry]' passed (0.082 seconds).
Test Case '-[ProjectProfitTests.AccountingEngineTests testExpenseJournal_FullDeductible]' started.
Test Case '-[ProjectProfitTests.AccountingEngineTests testExpenseJournal_FullDeductible]' passed (0.068 seconds).
Test Case '-[ProjectProfitTests.AccountingEngineTests testExpenseJournal_PartialDeductible_80Percent]' started.
Test Case '-[ProjectProfitTests.AccountingEngineTests testExpenseJournal_PartialDeductible_80Percent]' passed (0.067 seconds).
Test Case '-[ProjectProfitTests.AccountingEngineTests testExpenseJournal_ZeroDeductible]' started.
Test Case '-[ProjectProfitTests.AccountingEngineTests testExpenseJournal_ZeroDeductible]' passed (0.067 seconds).
Test Case '-[ProjectProfitTests.AccountingEngineTests testExpenseWithPartialDeductibleIsBalanced]' started.
Test Case '-[ProjectProfitTests.AccountingEngineTests testExpenseWithPartialDeductibleIsBalanced]' passed (0.067 seconds).
Test Case '-[ProjectProfitTests.AccountingEngineTests testIncomeEntryIsBalanced]' started.
Test Case '-[ProjectProfitTests.AccountingEngineTests testIncomeEntryIsBalanced]' passed (0.071 seconds).
Test Case '-[ProjectProfitTests.AccountingEngineTests testIncomeJournal_CustomPaymentAccount]' started.
Test Case '-[ProjectProfitTests.AccountingEngineTests testIncomeJournal_CustomPaymentAccount]' passed (0.067 seconds).
Test Case '-[ProjectProfitTests.AccountingEngineTests testIncomeJournal_DebitCash_CreditSales]' started.
Test Case '-[ProjectProfitTests.AccountingEngineTests testIncomeJournal_DebitCash_CreditSales]' passed (0.071 seconds).
Test Case '-[ProjectProfitTests.AccountingEngineTests testRebuildAllJournalEntries]' started.
Test Case '-[ProjectProfitTests.AccountingEngineTests testRebuildAllJournalEntries]' passed (0.075 seconds).
Test Case '-[ProjectProfitTests.AccountingEngineTests testTransferJournal_CashToBank]' started.
Test Case '-[ProjectProfitTests.AccountingEngineTests testTransferJournal_CashToBank]' passed (0.063 seconds).
Test Case '-[ProjectProfitTests.AccountingEngineTests testTransferJournal_MissingToAccount_UsesSuspense]' started.
Test Case '-[ProjectProfitTests.AccountingEngineTests testTransferJournal_MissingToAccount_UsesSuspense]' passed (0.067 seconds).
Test Case '-[ProjectProfitTests.AccountingEngineTests testUnmappedCategoryFallsBackToMapping]' started.
Test Case '-[ProjectProfitTests.AccountingEngineTests testUnmappedCategoryFallsBackToMapping]' passed (0.071 seconds).
Test Case '-[ProjectProfitTests.AccountingEngineTests testUpsertUpdatesExistingEntry]' started.
Test Case '-[ProjectProfitTests.AccountingEngineTests testUpsertUpdatesExistingEntry]' passed (0.068 seconds).
Test Case '-[ProjectProfitTests.AccountingEngineTests testValidateBalancedEntry]' started.
Test Case '-[ProjectProfitTests.AccountingEngineTests testValidateBalancedEntry]' passed (0.068 seconds).
Test Suite 'AccountingEngineTests' passed at 2026-04-07 12:39:20.545.
	 Executed 14 tests, with 0 failures (0 unexpected) in 0.975 (0.988) seconds
Test Suite 'AccountingIntegrationTests' started at 2026-04-07 12:39:20.545.
Test Case '-[ProjectProfitTests.AccountingIntegrationTests testEtaxFieldPopulator_GeneratesDeclarantInfoFields]' started.
Test Case '-[ProjectProfitTests.AccountingIntegrationTests testEtaxFieldPopulator_GeneratesDeclarantInfoFields]' passed (0.069 seconds).
Test Case '-[ProjectProfitTests.AccountingIntegrationTests testEtaxFieldPopulator_SkipsEmptyDeclarantFields]' started.
Test Case '-[ProjectProfitTests.AccountingIntegrationTests testEtaxFieldPopulator_SkipsEmptyDeclarantFields]' passed (0.066 seconds).
Test Case '-[ProjectProfitTests.AccountingIntegrationTests testEtaxXtxExporter_EmptyFormReturnsNoDataError]' started.
Test Case '-[ProjectProfitTests.AccountingIntegrationTests testEtaxXtxExporter_EmptyFormReturnsNoDataError]' passed (0.089 seconds).
Test Case '-[ProjectProfitTests.AccountingIntegrationTests testEtaxXtxExporter_GeneratesValidXmlWithAllSections]' started.
Test Case '-[ProjectProfitTests.AccountingIntegrationTests testEtaxXtxExporter_GeneratesValidXmlWithAllSections]' passed (0.067 seconds).
Test Case '-[ProjectProfitTests.AccountingIntegrationTests testTaxExpenseTransaction_GeneratesCorrectJournalLines]' started.
Test Case '-[ProjectProfitTests.AccountingIntegrationTests testTaxExpenseTransaction_GeneratesCorrectJournalLines]' passed (0.084 seconds).
Test Case '-[ProjectProfitTests.AccountingIntegrationTests testTaxIncomeTransaction_GeneratesCorrectJournalLines]' started.
Test Case '-[ProjectProfitTests.AccountingIntegrationTests testTaxIncomeTransaction_GeneratesCorrectJournalLines]' passed (0.065 seconds).
Test Case '-[ProjectProfitTests.AccountingIntegrationTests testTransactionWithoutTax_BackwardCompatibility]' started.
Test Case '-[ProjectProfitTests.AccountingIntegrationTests testTransactionWithoutTax_BackwardCompatibility]' passed (0.097 seconds).
Test Suite 'AccountingIntegrationTests' passed at 2026-04-07 12:39:21.088.
	 Executed 7 tests, with 0 failures (0 unexpected) in 0.537 (0.543) seconds
Test Suite 'AccountingReportServiceTests' started at 2026-04-07 12:39:21.088.
Test Case '-[ProjectProfitTests.AccountingReportServiceTests testBalanceSheetEquation]' started.
2026-04-07 12:39:21.150348+0900 ProjectProfit[81570:2109381] [AccountingBootstrap] 会計ブートストラップ開始
2026-04-07 12:39:21.151122+0900 ProjectProfit[81570:2109381] [AccountingBootstrap] Step 1: canonical プロファイルのみ作成完了（PPAccountingProfile スキップ）
2026-04-07 12:39:21.153536+0900 ProjectProfit[81570:2109381] [AccountingBootstrap] Step 2: デフォルト勘定科目 35 件作成
2026-04-07 12:39:21.153877+0900 ProjectProfit[81570:2109381] [AccountingBootstrap] Step 3: カテゴリ 14 件にアカウントをリンク
2026-04-07 12:39:21.154020+0900 ProjectProfit[81570:2109381] [AccountingBootstrap] Step 4: トランザクション 0 件のフィールドを補完
2026-04-07 12:39:21.158751+0900 ProjectProfit[81570:2109381] [AccountingBootstrap] Step 7: canonical 仕訳 0 件生成
2026-04-07 12:39:21.159409+0900 ProjectProfit[81570:2109381] [AccountingBootstrap] Step 6: 整合性チェック完了 (問題 0 件)
2026-04-07 12:39:21.160174+0900 ProjectProfit[81570:2109381] [AccountingBootstrap] 会計ブートストラップ完了: accounts=35, categories=14, journals=0
2026-04-07 12:39:21.186179+0900 ProjectProfit[81570:2109381] [DataStore] Bootstrap完了: accounts=35, journals=0
Test Case '-[ProjectProfitTests.AccountingReportServiceTests testBalanceSheetEquation]' passed (0.592 seconds).
Test Case '-[ProjectProfitTests.AccountingReportServiceTests testProfitLossNetIncome]' started.
2026-04-07 12:39:21.728357+0900 ProjectProfit[81570:2109381] [AccountingBootstrap] 会計ブートストラップ開始
2026-04-07 12:39:21.729516+0900 ProjectProfit[81570:2109381] [AccountingBootstrap] Step 1: canonical プロファイルのみ作成完了（PPAccountingProfile スキップ）
2026-04-07 12:39:21.731196+0900 ProjectProfit[81570:2109381] [AccountingBootstrap] Step 2: デフォルト勘定科目 35 件作成
2026-04-07 12:39:21.731563+0900 ProjectProfit[81570:2109381] [AccountingBootstrap] Step 3: カテゴリ 14 件にアカウントをリンク
2026-04-07 12:39:21.731683+0900 ProjectProfit[81570:2109381] [AccountingBootstrap] Step 4: トランザクション 0 件のフィールドを補完
2026-04-07 12:39:21.736574+0900 ProjectProfit[81570:2109381] [AccountingBootstrap] Step 7: canonical 仕訳 0 件生成
2026-04-07 12:39:21.737266+0900 ProjectProfit[81570:2109381] [AccountingBootstrap] Step 6: 整合性チェック完了 (問題 0 件)
2026-04-07 12:39:21.737809+0900 ProjectProfit[81570:2109381] [AccountingBootstrap] 会計ブートストラップ完了: accounts=35, categories=14, journals=0
2026-04-07 12:39:21.765917+0900 ProjectProfit[81570:2109381] [DataStore] Bootstrap完了: accounts=35, journals=0
Test Case '-[ProjectProfitTests.AccountingReportServiceTests testProfitLossNetIncome]' passed (0.460 seconds).
Test Case '-[ProjectProfitTests.AccountingReportServiceTests testProfitLossRevenueMinusExpensesEqualsNetIncome]' started.
2026-04-07 12:39:22.192995+0900 ProjectProfit[81570:2109381] [AccountingBootstrap] 会計ブートストラップ開始
2026-04-07 12:39:22.193822+0900 ProjectProfit[81570:2109381] [AccountingBootstrap] Step 1: canonical プロファイルのみ作成完了（PPAccountingProfile スキップ）
2026-04-07 12:39:22.195315+0900 ProjectProfit[81570:2109381] [AccountingBootstrap] Step 2: デフォルト勘定科目 35 件作成
2026-04-07 12:39:22.195828+0900 ProjectProfit[81570:2109381] [AccountingBootstrap] Step 3: カテゴリ 14 件にアカウントをリンク
2026-04-07 12:39:22.196089+0900 ProjectProfit[81570:2109381] [AccountingBootstrap] Step 4: トランザクション 0 件のフィールドを補完
2026-04-07 12:39:22.200707+0900 ProjectProfit[81570:2109381] [AccountingBootstrap] Step 7: canonical 仕訳 0 件生成
2026-04-07 12:39:22.201761+0900 ProjectProfit[81570:2109381] [AccountingBootstrap] Step 6: 整合性チェック完了 (問題 0 件)
2026-04-07 12:39:22.202600+0900 ProjectProfit[81570:2109381] [AccountingBootstrap] 会計ブートストラップ完了: accounts=35, categories=14, journals=0
2026-04-07 12:39:22.226789+0900 ProjectProfit[81570:2109381] [DataStore] Bootstrap完了: accounts=35, journals=0
Test Case '-[ProjectProfitTests.AccountingReportServiceTests testProfitLossRevenueMinusExpensesEqualsNetIncome]' passed (0.479 seconds).
Test Case '-[ProjectProfitTests.AccountingReportServiceTests testReportFiltersbyFiscalYear]' started.
2026-04-07 12:39:22.669548+0900 ProjectProfit[81570:2109381] [AccountingBootstrap] 会計ブートストラップ開始
2026-04-07 12:39:22.670194+0900 ProjectProfit[81570:2109381] [AccountingBootstrap] Step 1: canonical プロファイルのみ作成完了（PPAccountingProfile スキップ）
2026-04-07 12:39:22.671455+0900 ProjectProfit[81570:2109381] [AccountingBootstrap] Step 2: デフォルト勘定科目 35 件作成
2026-04-07 12:39:22.671739+0900 ProjectProfit[81570:2109381] [AccountingBootstrap] Step 3: カテゴリ 14 件にアカウントをリンク
2026-04-07 12:39:22.671847+0900 ProjectProfit[81570:2109381] [AccountingBootstrap] Step 4: トランザクション 0 件のフィールドを補完
2026-04-07 12:39:22.676289+0900 ProjectProfit[81570:2109381] [AccountingBootstrap] Step 7: canonical 仕訳 0 件生成
2026-04-07 12:39:22.677055+0900 ProjectProfit[81570:2109381] [AccountingBootstrap] Step 6: 整合性チェック完了 (問題 0 件)
2026-04-07 12:39:22.677651+0900 ProjectProfit[81570:2109381] [AccountingBootstrap] 会計ブートストラップ完了: accounts=35, categories=14, journals=0
2026-04-07 12:39:22.708895+0900 ProjectProfit[81570:2109381] [DataStore] Bootstrap完了: accounts=35, journals=0
Test Case '-[ProjectProfitTests.AccountingReportServiceTests testReportFiltersbyFiscalYear]' passed (0.261 seconds).
Test Case '-[ProjectProfitTests.AccountingReportServiceTests testTrialBalanceEmpty]' started.
2026-04-07 12:39:22.933728+0900 ProjectProfit[81570:2109381] [AccountingBootstrap] 会計ブートストラップ開始
2026-04-07 12:39:22.934716+0900 ProjectProfit[81570:2109381] [AccountingBootstrap] Step 1: canonical プロファイルのみ作成完了（PPAccountingProfile スキップ）
2026-04-07 12:39:22.936427+0900 ProjectProfit[81570:2109381] [AccountingBootstrap] Step 2: デフォルト勘定科目 35 件作成
2026-04-07 12:39:22.936827+0900 ProjectProfit[81570:2109381] [AccountingBootstrap] Step 3: カテゴリ 14 件にアカウントをリンク
2026-04-07 12:39:22.937121+0900 ProjectProfit[81570:2109381] [AccountingBootstrap] Step 4: トランザクション 0 件のフィールドを補完
2026-04-07 12:39:22.942034+0900 ProjectProfit[81570:2109381] [AccountingBootstrap] Step 7: canonical 仕訳 0 件生成
2026-04-07 12:39:22.942889+0900 ProjectProfit[81570:2109381] [AccountingBootstrap] Step 6: 整合性チェック完了 (問題 0 件)
2026-04-07 12:39:22.943489+0900 ProjectProfit[81570:2109381] [AccountingBootstrap] 会計ブートストラップ完了: accounts=35, categories=14, journals=0
2026-04-07 12:39:22.968489+0900 ProjectProfit[81570:2109381] [DataStore] Bootstrap完了: accounts=35, journals=0
Test Case '-[ProjectProfitTests.AccountingReportServiceTests testTrialBalanceEmpty]' passed (0.114 seconds).
Test Case '-[ProjectProfitTests.AccountingReportServiceTests testTrialBalanceIsBalanced]' started.
2026-04-07 12:39:23.053221+0900 ProjectProfit[81570:2109381] [AccountingBootstrap] 会計ブートストラップ開始
2026-04-07 12:39:23.053940+0900 ProjectProfit[81570:2109381] [AccountingBootstrap] Step 1: canonical プロファイルのみ作成完了（PPAccountingProfile スキップ）
2026-04-07 12:39:23.055245+0900 ProjectProfit[81570:2109381] [AccountingBootstrap] Step 2: デフォルト勘定科目 35 件作成
2026-04-07 12:39:23.055514+0900 ProjectProfit[81570:2109381] [AccountingBootstrap] Step 3: カテゴリ 14 件にアカウントをリンク
2026-04-07 12:39:23.055608+0900 ProjectProfit[81570:2109381] [AccountingBootstrap] Step 4: トランザクション 0 件のフィールドを補完
2026-04-07 12:39:23.059946+0900 ProjectProfit[81570:2109381] [AccountingBootstrap] Step 7: canonical 仕訳 0 件生成
2026-04-07 12:39:23.060565+0900 ProjectProfit[81570:2109381] [AccountingBootstrap] Step 6: 整合性チェック完了 (問題 0 件)
2026-04-07 12:39:23.061445+0900 ProjectProfit[81570:2109381] [AccountingBootstrap] 会計ブートストラップ完了: accounts=35, categories=14, journals=0
2026-04-07 12:39:23.088585+0900 ProjectProfit[81570:2109381] [DataStore] Bootstrap完了: accounts=35, journals=0
Test Case '-[ProjectProfitTests.AccountingReportServiceTests testTrialBalanceIsBalanced]' passed (0.476 seconds).
Test Case '-[ProjectProfitTests.AccountingReportServiceTests testTrialBalancePLBSConsistency]' started.
2026-04-07 12:39:23.524679+0900 ProjectProfit[81570:2109381] [AccountingBootstrap] 会計ブートストラップ開始
2026-04-07 12:39:23.525762+0900 ProjectProfit[81570:2109381] [AccountingBootstrap] Step 1: canonical プロファイルのみ作成完了（PPAccountingProfile スキップ）
2026-04-07 12:39:23.527501+0900 ProjectProfit[81570:2109381] [AccountingBootstrap] Step 2: デフォルト勘定科目 35 件作成
2026-04-07 12:39:23.527899+0900 ProjectProfit[81570:2109381] [AccountingBootstrap] Step 3: カテゴリ 14 件にアカウントをリンク
2026-04-07 12:39:23.528035+0900 ProjectProfit[81570:2109381] [AccountingBootstrap] Step 4: トランザクション 0 件のフィールドを補完
2026-04-07 12:39:23.533155+0900 ProjectProfit[81570:2109381] [AccountingBootstrap] Step 7: canonical 仕訳 0 件生成
2026-04-07 12:39:23.533961+0900 ProjectProfit[81570:2109381] [AccountingBootstrap] Step 6: 整合性チェック完了 (問題 0 件)
2026-04-07 12:39:23.534503+0900 ProjectProfit[81570:2109381] [AccountingBootstrap] 会計ブートストラップ完了: accounts=35, categories=14, journals=0
2026-04-07 12:39:23.558687+0900 ProjectProfit[81570:2109381] [DataStore] Bootstrap完了: accounts=35, journals=0
Test Case '-[ProjectProfitTests.AccountingReportServiceTests testTrialBalancePLBSConsistency]' passed (0.472 seconds).
Test Suite 'AccountingReportServiceTests' passed at 2026-04-07 12:39:23.950.
	 Executed 7 tests, with 0 failures (0 unexpected) in 2.855 (2.861) seconds
Test Suite 'ClosingEntryTests' started at 2026-04-07 12:39:23.950.
Test Case '-[ProjectProfitTests.ClosingEntryTests testClosingEntry_Basic]' started.
2026-04-07 12:39:24.002291+0900 ProjectProfit[81570:2109381] [AccountingBootstrap] 会計ブートストラップ開始
2026-04-07 12:39:24.003050+0900 ProjectProfit[81570:2109381] [AccountingBootstrap] Step 1: canonical プロファイルのみ作成完了（PPAccountingProfile スキップ）
2026-04-07 12:39:24.004337+0900 ProjectProfit[81570:2109381] [AccountingBootstrap] Step 2: デフォルト勘定科目 35 件作成
2026-04-07 12:39:24.004630+0900 ProjectProfit[81570:2109381] [AccountingBootstrap] Step 3: カテゴリ 14 件にアカウントをリンク
2026-04-07 12:39:24.004871+0900 ProjectProfit[81570:2109381] [AccountingBootstrap] Step 4: トランザクション 0 件のフィールドを補完
2026-04-07 12:39:24.010390+0900 ProjectProfit[81570:2109381] [AccountingBootstrap] Step 7: canonical 仕訳 0 件生成
2026-04-07 12:39:24.011081+0900 ProjectProfit[81570:2109381] [AccountingBootstrap] Step 6: 整合性チェック完了 (問題 0 件)
2026-04-07 12:39:24.011782+0900 ProjectProfit[81570:2109381] [AccountingBootstrap] 会計ブートストラップ完了: accounts=35, categories=14, journals=0
2026-04-07 12:39:24.043735+0900 ProjectProfit[81570:2109381] [DataStore] Bootstrap完了: accounts=35, journals=0
Test Case '-[ProjectProfitTests.ClosingEntryTests testClosingEntry_Basic]' passed (0.191 seconds).
Test Case '-[ProjectProfitTests.ClosingEntryTests testClosingEntry_Delete]' started.
2026-04-07 12:39:24.193771+0900 ProjectProfit[81570:2109381] [AccountingBootstrap] 会計ブートストラップ開始
2026-04-07 12:39:24.194723+0900 ProjectProfit[81570:2109381] [AccountingBootstrap] Step 1: canonical プロファイルのみ作成完了（PPAccountingProfile スキップ）
2026-04-07 12:39:24.196381+0900 ProjectProfit[81570:2109381] [AccountingBootstrap] Step 2: デフォルト勘定科目 35 件作成
2026-04-07 12:39:24.196789+0900 ProjectProfit[81570:2109381] [AccountingBootstrap] Step 3: カテゴリ 14 件にアカウントをリンク
2026-04-07 12:39:24.196960+0900 ProjectProfit[81570:2109381] [AccountingBootstrap] Step 4: トランザクション 0 件のフィールドを補完
2026-04-07 12:39:24.201627+0900 ProjectProfit[81570:2109381] [AccountingBootstrap] Step 7: canonical 仕訳 0 件生成
2026-04-07 12:39:24.202482+0900 ProjectProfit[81570:2109381] [AccountingBootstrap] Step 6: 整合性チェック完了 (問題 0 件)
2026-04-07 12:39:24.203141+0900 ProjectProfit[81570:2109381] [AccountingBootstrap] 会計ブートストラップ完了: accounts=35, categories=14, journals=0
2026-04-07 12:39:24.228205+0900 ProjectProfit[81570:2109381] [DataStore] Bootstrap完了: accounts=35, journals=0
Test Case '-[ProjectProfitTests.ClosingEntryTests testClosingEntry_Delete]' passed (0.154 seconds).
Test Case '-[ProjectProfitTests.ClosingEntryTests testClosingEntry_ExcludesUnapprovedCanonicalEntry]' started.
2026-04-07 12:39:24.344211+0900 ProjectProfit[81570:2109381] [AccountingBootstrap] 会計ブートストラップ開始
2026-04-07 12:39:24.345100+0900 ProjectProfit[81570:2109381] [AccountingBootstrap] Step 1: canonical プロファイルのみ作成完了（PPAccountingProfile スキップ）
2026-04-07 12:39:24.346863+0900 ProjectProfit[81570:2109381] [AccountingBootstrap] Step 2: デフォルト勘定科目 35 件作成
2026-04-07 12:39:24.347182+0900 ProjectProfit[81570:2109381] [AccountingBootstrap] Step 3: カテゴリ 14 件にアカウントをリンク
2026-04-07 12:39:24.347397+0900 ProjectProfit[81570:2109381] [AccountingBootstrap] Step 4: トランザクション 0 件のフィールドを補完
2026-04-07 12:39:24.351961+0900 ProjectProfit[81570:2109381] [AccountingBootstrap] Step 7: canonical 仕訳 0 件生成
2026-04-07 12:39:24.352580+0900 ProjectProfit[81570:2109381] [AccountingBootstrap] Step 6: 整合性チェック完了 (問題 0 件)
2026-04-07 12:39:24.353035+0900 ProjectProfit[81570:2109381] [AccountingBootstrap] 会計ブートストラップ完了: accounts=35, categories=14, journals=0
2026-04-07 12:39:24.378127+0900 ProjectProfit[81570:2109381] [DataStore] Bootstrap完了: accounts=35, journals=0
Test Case '-[ProjectProfitTests.ClosingEntryTests testClosingEntry_ExcludesUnapprovedCanonicalEntry]' passed (0.125 seconds).
Test Case '-[ProjectProfitTests.ClosingEntryTests testClosingEntry_Idempotent]' started.
2026-04-07 12:39:24.469135+0900 ProjectProfit[81570:2109381] [AccountingBootstrap] 会計ブートストラップ開始
2026-04-07 12:39:24.469828+0900 ProjectProfit[81570:2109381] [AccountingBootstrap] Step 1: canonical プロファイルのみ作成完了（PPAccountingProfile スキップ）
2026-04-07 12:39:24.471681+0900 ProjectProfit[81570:2109381] [AccountingBootstrap] Step 2: デフォルト勘定科目 35 件作成
2026-04-07 12:39:24.471986+0900 ProjectProfit[81570:2109381] [AccountingBootstrap] Step 3: カテゴリ 14 件にアカウントをリンク
2026-04-07 12:39:24.472090+0900 ProjectProfit[81570:2109381] [AccountingBootstrap] Step 4: トランザクション 0 件のフィールドを補完
2026-04-07 12:39:24.476962+0900 ProjectProfit[81570:2109381] [AccountingBootstrap] Step 7: canonical 仕訳 0 件生成
2026-04-07 12:39:24.477931+0900 ProjectProfit[81570:2109381] [AccountingBootstrap] Step 6: 整合性チェック完了 (問題 0 件)
2026-04-07 12:39:24.478691+0900 ProjectProfit[81570:2109381] [AccountingBootstrap] 会計ブートストラップ完了: accounts=35, categories=14, journals=0
2026-04-07 12:39:24.503839+0900 ProjectProfit[81570:2109381] [DataStore] Bootstrap完了: accounts=35, journals=0
Test Case '-[ProjectProfitTests.ClosingEntryTests testClosingEntry_Idempotent]' passed (0.137 seconds).
Test Case '-[ProjectProfitTests.ClosingEntryTests testClosingEntry_IgnoresLegacySupplementalEntries]' started.
2026-04-07 12:39:24.612262+0900 ProjectProfit[81570:2109381] [AccountingBootstrap] 会計ブートストラップ開始
2026-04-07 12:39:24.613047+0900 ProjectProfit[81570:2109381] [AccountingBootstrap] Step 1: canonical プロファイルのみ作成完了（PPAccountingProfile スキップ）
2026-04-07 12:39:24.615194+0900 ProjectProfit[81570:2109381] [AccountingBootstrap] Step 2: デフォルト勘定科目 35 件作成
2026-04-07 12:39:24.615622+0900 ProjectProfit[81570:2109381] [AccountingBootstrap] Step 3: カテゴリ 14 件にアカウントをリンク
2026-04-07 12:39:24.615731+0900 ProjectProfit[81570:2109381] [AccountingBootstrap] Step 4: トランザクション 0 件のフィールドを補完
2026-04-07 12:39:24.620031+0900 ProjectProfit[81570:2109381] [AccountingBootstrap] Step 7: canonical 仕訳 0 件生成
2026-04-07 12:39:24.620714+0900 ProjectProfit[81570:2109381] [AccountingBootstrap] Step 6: 整合性チェック完了 (問題 0 件)
2026-04-07 12:39:24.621228+0900 ProjectProfit[81570:2109381] [AccountingBootstrap] 会計ブートストラップ完了: accounts=35, categories=14, journals=0
2026-04-07 12:39:24.645767+0900 ProjectProfit[81570:2109381] [DataStore] Bootstrap完了: accounts=35, journals=0
Test Case '-[ProjectProfitTests.ClosingEntryTests testClosingEntry_IgnoresLegacySupplementalEntries]' passed (0.130 seconds).
Test Case '-[ProjectProfitTests.ClosingEntryTests testClosingEntry_IncludesCanonicalOpeningEntry]' started.
2026-04-07 12:39:24.743320+0900 ProjectProfit[81570:2109381] [AccountingBootstrap] 会計ブートストラップ開始
2026-04-07 12:39:24.744124+0900 ProjectProfit[81570:2109381] [AccountingBootstrap] Step 1: canonical プロファイルのみ作成完了（PPAccountingProfile スキップ）
2026-04-07 12:39:24.746064+0900 ProjectProfit[81570:2109381] [AccountingBootstrap] Step 2: デフォルト勘定科目 35 件作成
2026-04-07 12:39:24.746493+0900 ProjectProfit[81570:2109381] [AccountingBootstrap] Step 3: カテゴリ 14 件にアカウントをリンク
2026-04-07 12:39:24.746739+0900 ProjectProfit[81570:2109381] [AccountingBootstrap] Step 4: トランザクション 0 件のフィールドを補完
2026-04-07 12:39:24.751072+0900 ProjectProfit[81570:2109381] [AccountingBootstrap] Step 7: canonical 仕訳 0 件生成
2026-04-07 12:39:24.751925+0900 ProjectProfit[81570:2109381] [AccountingBootstrap] Step 6: 整合性チェック完了 (問題 0 件)
2026-04-07 12:39:24.752591+0900 ProjectProfit[81570:2109381] [AccountingBootstrap] 会計ブートストラップ完了: accounts=35, categories=14, journals=0
2026-04-07 12:39:24.777302+0900 ProjectProfit[81570:2109381] [DataStore] Bootstrap完了: accounts=35, journals=0
Test Case '-[ProjectProfitTests.ClosingEntryTests testClosingEntry_IncludesCanonicalOpeningEntry]' passed (0.153 seconds).
Test Case '-[ProjectProfitTests.ClosingEntryTests testClosingEntry_NetLoss]' started.
2026-04-07 12:39:24.897731+0900 ProjectProfit[81570:2109381] [AccountingBootstrap] 会計ブートストラップ開始
2026-04-07 12:39:24.898641+0900 ProjectProfit[81570:2109381] [AccountingBootstrap] Step 1: canonical プロファイルのみ作成完了（PPAccountingProfile スキップ）
2026-04-07 12:39:24.899980+0900 ProjectProfit[81570:2109381] [AccountingBootstrap] Step 2: デフォルト勘定科目 35 件作成
2026-04-07 12:39:24.900238+0900 ProjectProfit[81570:2109381] [AccountingBootstrap] Step 3: カテゴリ 14 件にアカウントをリンク
2026-04-07 12:39:24.900331+0900 ProjectProfit[81570:2109381] [AccountingBootstrap] Step 4: トランザクション 0 件のフィールドを補完
2026-04-07 12:39:24.905015+0900 ProjectProfit[81570:2109381] [AccountingBootstrap] Step 7: canonical 仕訳 0 件生成
2026-04-07 12:39:24.905772+0900 ProjectProfit[81570:2109381] [AccountingBootstrap] Step 6: 整合性チェック完了 (問題 0 件)
2026-04-07 12:39:24.906497+0900 ProjectProfit[81570:2109381] [AccountingBootstrap] 会計ブートストラップ完了: accounts=35, categories=14, journals=0
2026-04-07 12:39:24.937968+0900 ProjectProfit[81570:2109381] [DataStore] Bootstrap完了: accounts=35, journals=0
Test Case '-[ProjectProfitTests.ClosingEntryTests testClosingEntry_NetLoss]' passed (0.150 seconds).
Test Case '-[ProjectProfitTests.ClosingEntryTests testClosingEntry_NoRevenueOrExpense]' started.
2026-04-07 12:39:25.046175+0900 ProjectProfit[81570:2109381] [AccountingBootstrap] 会計ブートストラップ開始
2026-04-07 12:39:25.047348+0900 ProjectProfit[81570:2109381] [AccountingBootstrap] Step 1: canonical プロファイルのみ作成完了（PPAccountingProfile スキップ）
2026-04-07 12:39:25.048980+0900 ProjectProfit[81570:2109381] [AccountingBootstrap] Step 2: デフォルト勘定科目 35 件作成
2026-04-07 12:39:25.049281+0900 ProjectProfit[81570:2109381] [AccountingBootstrap] Step 3: カテゴリ 14 件にアカウントをリンク
2026-04-07 12:39:25.049426+0900 ProjectProfit[81570:2109381] [AccountingBootstrap] Step 4: トランザクション 0 件のフィールドを補完
2026-04-07 12:39:25.053650+0900 ProjectProfit[81570:2109381] [AccountingBootstrap] Step 7: canonical 仕訳 0 件生成
2026-04-07 12:39:25.054240+0900 ProjectProfit[81570:2109381] [AccountingBootstrap] Step 6: 整合性チェック完了 (問題 0 件)
2026-04-07 12:39:25.054728+0900 ProjectProfit[81570:2109381] [AccountingBootstrap] 会計ブートストラップ完了: accounts=35, categories=14, journals=0
2026-04-07 12:39:25.081110+0900 ProjectProfit[81570:2109381] [DataStore] Bootstrap完了: accounts=35, journals=0
Test Case '-[ProjectProfitTests.ClosingEntryTests testClosingEntry_NoRevenueOrExpense]' passed (0.125 seconds).
Test Case '-[ProjectProfitTests.ClosingEntryTests testClosingEntry_Regenerate]' started.
2026-04-07 12:39:25.171439+0900 ProjectProfit[81570:2109381] [AccountingBootstrap] 会計ブートストラップ開始
2026-04-07 12:39:25.172391+0900 ProjectProfit[81570:2109381] [AccountingBootstrap] Step 1: canonical プロファイルのみ作成完了（PPAccountingProfile スキップ）
2026-04-07 12:39:25.173756+0900 ProjectProfit[81570:2109381] [AccountingBootstrap] Step 2: デフォルト勘定科目 35 件作成
2026-04-07 12:39:25.174232+0900 ProjectProfit[81570:2109381] [AccountingBootstrap] Step 3: カテゴリ 14 件にアカウントをリンク
2026-04-07 12:39:25.174396+0900 ProjectProfit[81570:2109381] [AccountingBootstrap] Step 4: トランザクション 0 件のフィールドを補完
2026-04-07 12:39:25.180147+0900 ProjectProfit[81570:2109381] [AccountingBootstrap] Step 7: canonical 仕訳 0 件生成
2026-04-07 12:39:25.180976+0900 ProjectProfit[81570:2109381] [AccountingBootstrap] Step 6: 整合性チェック完了 (問題 0 件)
2026-04-07 12:39:25.181707+0900 ProjectProfit[81570:2109381] [AccountingBootstrap] 会計ブートストラップ完了: accounts=35, categories=14, journals=0
2026-04-07 12:39:25.208434+0900 ProjectProfit[81570:2109381] [DataStore] Bootstrap完了: accounts=35, journals=0
Test Case '-[ProjectProfitTests.ClosingEntryTests testClosingEntry_Regenerate]' passed (0.160 seconds).
Test Case '-[ProjectProfitTests.ClosingEntryTests testReports_ExcludeClosingEntries]' started.
2026-04-07 12:39:25.330394+0900 ProjectProfit[81570:2109381] [AccountingBootstrap] 会計ブートストラップ開始
2026-04-07 12:39:25.331368+0900 ProjectProfit[81570:2109381] [AccountingBootstrap] Step 1: canonical プロファイルのみ作成完了（PPAccountingProfile スキップ）
2026-04-07 12:39:25.333069+0900 ProjectProfit[81570:2109381] [AccountingBootstrap] Step 2: デフォルト勘定科目 35 件作成
2026-04-07 12:39:25.333370+0900 ProjectProfit[81570:2109381] [AccountingBootstrap] Step 3: カテゴリ 14 件にアカウントをリンク
2026-04-07 12:39:25.333512+0900 ProjectProfit[81570:2109381] [AccountingBootstrap] Step 4: トランザクション 0 件のフィールドを補完
2026-04-07 12:39:25.338404+0900 ProjectProfit[81570:2109381] [AccountingBootstrap] Step 7: canonical 仕訳 0 件生成
2026-04-07 12:39:25.339167+0900 ProjectProfit[81570:2109381] [AccountingBootstrap] Step 6: 整合性チェック完了 (問題 0 件)
2026-04-07 12:39:25.339743+0900 ProjectProfit[81570:2109381] [AccountingBootstrap] 会計ブートストラップ完了: accounts=35, categories=14, journals=0
2026-04-07 12:39:25.366704+0900 ProjectProfit[81570:2109381] [DataStore] Bootstrap完了: accounts=35, journals=0
Test Case '-[ProjectProfitTests.ClosingEntryTests testReports_ExcludeClosingEntries]' passed (0.150 seconds).
Test Suite 'ClosingEntryTests' passed at 2026-04-07 12:39:25.433.
	 Executed 10 tests, with 0 failures (0 unexpected) in 1.474 (1.483) seconds
Test Suite 'DocumentAndSubLedgerTests' started at 2026-04-07 12:39:25.433.
Test Case '-[ProjectProfitTests.DocumentAndSubLedgerTests testDocumentDeletionFlow_requiresAdminOverrideBeforeQuarantine]' started.
2026-04-07 12:39:25.486108+0900 ProjectProfit[81570:2109381] [AccountingBootstrap] 会計ブートストラップ開始
2026-04-07 12:39:25.486805+0900 ProjectProfit[81570:2109381] [AccountingBootstrap] Step 1: canonical プロファイルのみ作成完了（PPAccountingProfile スキップ）
2026-04-07 12:39:25.488773+0900 ProjectProfit[81570:2109381] [AccountingBootstrap] Step 2: デフォルト勘定科目 35 件作成
2026-04-07 12:39:25.489058+0900 ProjectProfit[81570:2109381] [AccountingBootstrap] Step 3: カテゴリ 14 件にアカウントをリンク
2026-04-07 12:39:25.489152+0900 ProjectProfit[81570:2109381] [AccountingBootstrap] Step 4: トランザクション 0 件のフィールドを補完
2026-04-07 12:39:25.494506+0900 ProjectProfit[81570:2109381] [AccountingBootstrap] Step 7: canonical 仕訳 0 件生成
2026-04-07 12:39:25.495267+0900 ProjectProfit[81570:2109381] [AccountingBootstrap] Step 6: 整合性チェック完了 (問題 0 件)
2026-04-07 12:39:25.496229+0900 ProjectProfit[81570:2109381] [AccountingBootstrap] 会計ブートストラップ完了: accounts=35, categories=14, journals=0
2026-04-07 12:39:25.523569+0900 ProjectProfit[81570:2109381] [DataStore] Bootstrap完了: accounts=35, journals=0
Test Case '-[ProjectProfitTests.DocumentAndSubLedgerTests testDocumentDeletionFlow_requiresAdminOverrideBeforeQuarantine]' passed (0.345 seconds).
Test Case '-[ProjectProfitTests.DocumentAndSubLedgerTests testLegacyReceiptImageBackfill_isIdempotentWhenDocumentAlreadyExists]' started.
2026-04-07 12:39:25.827677+0900 ProjectProfit[81570:2109381] [AccountingBootstrap] 会計ブートストラップ開始
2026-04-07 12:39:25.828881+0900 ProjectProfit[81570:2109381] [AccountingBootstrap] Step 1: canonical プロファイルのみ作成完了（PPAccountingProfile スキップ）
2026-04-07 12:39:25.831033+0900 ProjectProfit[81570:2109381] [AccountingBootstrap] Step 2: デフォルト勘定科目 35 件作成
2026-04-07 12:39:25.831376+0900 ProjectProfit[81570:2109381] [AccountingBootstrap] Step 3: カテゴリ 14 件にアカウントをリンク
2026-04-07 12:39:25.831512+0900 ProjectProfit[81570:2109381] [AccountingBootstrap] Step 4: トランザクション 0 件のフィールドを補完
2026-04-07 12:39:25.837172+0900 ProjectProfit[81570:2109381] [AccountingBootstrap] Step 7: canonical 仕訳 0 件生成
2026-04-07 12:39:25.837763+0900 ProjectProfit[81570:2109381] [AccountingBootstrap] Step 6: 整合性チェック完了 (問題 0 件)
2026-04-07 12:39:25.838467+0900 ProjectProfit[81570:2109381] [AccountingBootstrap] 会計ブートストラップ完了: accounts=35, categories=14, journals=0
2026-04-07 12:39:25.866558+0900 ProjectProfit[81570:2109381] [DataStore] Bootstrap完了: accounts=35, journals=0
2026-04-07 12:39:26.017665+0900 ProjectProfit[81570:2109381] [DataStore] Legacy receipt migration done: migrated=1, alreadyBackfilled=0, missing=0
/Users/yutaro/project-profit-ios/ProjectProfitTests/DocumentAndSubLedgerTests.swift:175: error: -[ProjectProfitTests.DocumentAndSubLedgerTests testLegacyReceiptImageBackfill_isIdempotentWhenDocumentAlreadyExists] : XCTAssertEqual failed: ("2") is not equal to ("1")
/Users/yutaro/project-profit-ios/ProjectProfitTests/DocumentAndSubLedgerTests.swift:176: error: -[ProjectProfitTests.DocumentAndSubLedgerTests testLegacyReceiptImageBackfill_isIdempotentWhenDocumentAlreadyExists] : XCTAssertEqual failed: ("Optional(46AFAEA8-BA44-46E2-8829-AE5436396F0E)") is not equal to ("Optional(15F9B174-30A1-43F7-B718-BBFAF9C42228)")
Test Case '-[ProjectProfitTests.DocumentAndSubLedgerTests testLegacyReceiptImageBackfill_isIdempotentWhenDocumentAlreadyExists]' failed (0.369 seconds).
Test Case '-[ProjectProfitTests.DocumentAndSubLedgerTests testLegacyReceiptImageBackfill_migratesToDocumentRecordAndClearsPath]' started.
2026-04-07 12:39:26.464918+0900 ProjectProfit[81570:2109381] [AccountingBootstrap] 会計ブートストラップ開始
2026-04-07 12:39:26.465728+0900 ProjectProfit[81570:2109381] [AccountingBootstrap] Step 1: canonical プロファイルのみ作成完了（PPAccountingProfile スキップ）
2026-04-07 12:39:26.467521+0900 ProjectProfit[81570:2109381] [AccountingBootstrap] Step 2: デフォルト勘定科目 35 件作成
2026-04-07 12:39:26.467837+0900 ProjectProfit[81570:2109381] [AccountingBootstrap] Step 3: カテゴリ 14 件にアカウントをリンク
2026-04-07 12:39:26.467948+0900 ProjectProfit[81570:2109381] [AccountingBootstrap] Step 4: トランザクション 0 件のフィールドを補完
2026-04-07 12:39:26.478217+0900 ProjectProfit[81570:2109381] [AccountingBootstrap] Step 7: canonical 仕訳 0 件生成
2026-04-07 12:39:26.479052+0900 ProjectProfit[81570:2109381] [AccountingBootstrap] Step 6: 整合性チェック完了 (問題 0 件)
2026-04-07 12:39:26.479729+0900 ProjectProfit[81570:2109381] [AccountingBootstrap] 会計ブートストラップ完了: accounts=35, categories=14, journals=0
2026-04-07 12:39:26.580735+0900 ProjectProfit[81570:2109381] [DataStore] Bootstrap完了: accounts=35, journals=0
2026-04-07 12:39:27.144043+0900 ProjectProfit[81570:2109381] [DataStore] Legacy receipt migration done: migrated=1, alreadyBackfilled=0, missing=0
Test Case '-[ProjectProfitTests.DocumentAndSubLedgerTests testLegacyReceiptImageBackfill_migratesToDocumentRecordAndClearsPath]' passed (1.043 seconds).
Test Case '-[ProjectProfitTests.DocumentAndSubLedgerTests testLegalDocumentTypeRetentionPolicyDefaults]' started.
2026-04-07 12:39:27.243485+0900 ProjectProfit[81570:2109381] [AccountingBootstrap] 会計ブートストラップ開始
2026-04-07 12:39:27.244550+0900 ProjectProfit[81570:2109381] [AccountingBootstrap] Step 1: canonical プロファイルのみ作成完了（PPAccountingProfile スキップ）
2026-04-07 12:39:27.245847+0900 ProjectProfit[81570:2109381] [AccountingBootstrap] Step 2: デフォルト勘定科目 35 件作成
2026-04-07 12:39:27.246253+0900 ProjectProfit[81570:2109381] [AccountingBootstrap] Step 3: カテゴリ 14 件にアカウントをリンク
2026-04-07 12:39:27.246426+0900 ProjectProfit[81570:2109381] [AccountingBootstrap] Step 4: トランザクション 0 件のフィールドを補完
2026-04-07 12:39:27.251030+0900 ProjectProfit[81570:2109381] [AccountingBootstrap] Step 7: canonical 仕訳 0 件生成
2026-04-07 12:39:27.251946+0900 ProjectProfit[81570:2109381] [AccountingBootstrap] Step 6: 整合性チェック完了 (問題 0 件)
2026-04-07 12:39:27.252531+0900 ProjectProfit[81570:2109381] [AccountingBootstrap] 会計ブートストラップ完了: accounts=35, categories=14, journals=0
2026-04-07 12:39:27.279120+0900 ProjectProfit[81570:2109381] [DataStore] Bootstrap完了: accounts=35, journals=0
Test Case '-[ProjectProfitTests.DocumentAndSubLedgerTests testLegalDocumentTypeRetentionPolicyDefaults]' passed (0.115 seconds).
Test Case '-[ProjectProfitTests.DocumentAndSubLedgerTests testSubLedger_cashBookExtractsCashLines]' started.
2026-04-07 12:39:27.359543+0900 ProjectProfit[81570:2109381] [AccountingBootstrap] 会計ブートストラップ開始
2026-04-07 12:39:27.360461+0900 ProjectProfit[81570:2109381] [AccountingBootstrap] Step 1: canonical プロファイルのみ作成完了（PPAccountingProfile スキップ）
2026-04-07 12:39:27.362052+0900 ProjectProfit[81570:2109381] [AccountingBootstrap] Step 2: デフォルト勘定科目 35 件作成
2026-04-07 12:39:27.362351+0900 ProjectProfit[81570:2109381] [AccountingBootstrap] Step 3: カテゴリ 14 件にアカウントをリンク
2026-04-07 12:39:27.362477+0900 ProjectProfit[81570:2109381] [AccountingBootstrap] Step 4: トランザクション 0 件のフィールドを補完
2026-04-07 12:39:27.367004+0900 ProjectProfit[81570:2109381] [AccountingBootstrap] Step 7: canonical 仕訳 0 件生成
2026-04-07 12:39:27.367718+0900 ProjectProfit[81570:2109381] [AccountingBootstrap] Step 6: 整合性チェック完了 (問題 0 件)
2026-04-07 12:39:27.368554+0900 ProjectProfit[81570:2109381] [AccountingBootstrap] 会計ブートストラップ完了: accounts=35, categories=14, journals=0
2026-04-07 12:39:27.395244+0900 ProjectProfit[81570:2109381] [DataStore] Bootstrap完了: accounts=35, journals=0
Test Case '-[ProjectProfitTests.DocumentAndSubLedgerTests testSubLedger_cashBookExtractsCashLines]' passed (0.205 seconds).
Test Suite 'DocumentAndSubLedgerTests' failed at 2026-04-07 12:39:27.515.
	 Executed 5 tests, with 2 failures (0 unexpected) in 2.076 (2.081) seconds
Test Suite 'ProjectProfitTests.xctest' failed at 2026-04-07 12:39:27.515.
	 Executed 55 tests, with 2 failures (0 unexpected) in 9.307 (9.361) seconds
Test Suite 'Selected tests' failed at 2026-04-07 12:39:27.516.
	 Executed 55 tests, with 2 failures (0 unexpected) in 9.307 (9.363) seconds
2026-04-07 12:40:09.327 xcodebuild[81067:2103898] [MT] IDETestOperationsObserverDebug: 144.262 elapsed -- Testing started completed.
2026-04-07 12:40:09.327 xcodebuild[81067:2103898] [MT] IDETestOperationsObserverDebug: 0.000 sec, +0.000 sec -- start
2026-04-07 12:40:09.327 xcodebuild[81067:2103898] [MT] IDETestOperationsObserverDebug: 144.262 sec, +144.262 sec -- end

Test session results, code coverage, and logs:
	/Users/yutaro/project-profit-ios/artifacts/release-quality/books/books.xcresult

** TEST FAILED **

Testing started
